asset,asset_class,fast,slow,mode,is_start,split,oos_end,is_bars,oos_bars,is_sharpe,oos_sharpe,is_calmar,oos_calmar,is_max_dd,oos_max_dd,is_cagr,oos_cagr,oos_vol,bh_is_sharpe,bh_oos_sharpe,oos_beats_bh
crypto/BTC_14_19,crypto,5,20,long,2014-12-21,2017-09-02,2019-07-04,986,658,2.091522467891969,1.5006446687403066,4.438518688245507,1.6289748237302706,-0.328819494768961,-0.6758588918195159,1.4594714725914792,1.100957119168232,0.6193034307762573,1.5488609144655583,1.0301863297499696,True
crypto/BTC_14_19,crypto,5,35,long,2015-01-05,2017-09-08,2019-07-04,977,652,1.9081668305208097,1.5890290897246697,4.108302353980134,2.0356768600729707,-0.3195569327947107,-0.6228113564992352,1.3128364992311814,1.2678426666161506,0.6427561069165618,1.526176451202713,1.0779363662211865,True
crypto/BTC_14_19,crypto,8,21,long,2014-12-22,2017-09-02,2019-07-04,985,658,2.070478523276732,1.3890618408146165,4.57952568376191,1.3448782347951564,-0.3183573506657647,-0.7353870088191032,1.457925663988266,0.9890059823119257,0.63788289655415,1.5496513155969651,1.0301863297499696,True
crypto/BTC_14_19,crypto,9,21,long,2014-12-22,2017-09-02,2019-07-04,985,658,1.9866472301855413,1.2866882631552818,4.309100202643592,1.13577058406853,-0.3183573506657647,-0.7638081799381421,1.3718337242669236,0.8675108626446644,0.6416223241268507,1.5496513155969651,1.0301863297499696,True
crypto/BTC_14_19,crypto,10,20,long,2014-12-21,2017-09-02,2019-07-04,986,658,1.991872174635943,1.312515521672249,4.326681344378626,1.1873917436181318,-0.3183573506657647,-0.7566967083773508,1.3774308099713684,0.8984954239502836,0.6415020949070955,1.5488609144655583,1.0301863297499696,True
crypto/BTC_14_19,crypto,10,30,long,2014-12-31,2017-09-06,2019-07-04,980,654,1.9538859830422968,1.6196565889193846,4.3842264317019,2.3227746034177175,-0.3078689412310778,-0.5671558153542564,1.34976714964537,1.3173751240855351,0.6446500434290282,1.5500052559226014,1.0381570674618616,True
crypto/BTC_14_19,crypto,10,100,long,2015-03-11,2017-10-04,2019-07-04,938,626,1.8338507226556366,1.5170789775706095,4.33165790045618,1.6523784820917333,-0.3628300288764849,-0.6790300878166975,1.5716555611055696,1.122014705801171,0.6201918204187282,1.9293588042303491,1.128740096601528,True
crypto/BTC_14_19,crypto,12,26,long,2014-12-27,2017-09-04,2019-07-04,982,656,1.9026350029397363,1.6138751201832873,4.169967843051546,2.253604199184243,-0.3078689412310778,-0.5827833098460938,1.2838035848079206,1.313362914283649,0.6466866277420029,1.537581012855393,1.0529295881450909,True
crypto/BTC_14_19,crypto,13,48,long,2015-01-18,2017-09-13,2019-07-04,969,647,1.6452166882298906,1.5208730930222492,2.8445283233872725,1.6921526518123367,-0.37982285165246277,-0.7116384530712622,1.0804168593951526,1.2042008954961654,0.6599946078524614,2.0920032797733445,1.1602623505426826,True
crypto/BTC_14_19,crypto,20,50,long,2015-01-20,2017-09-14,2019-07-04,968,646,1.5369790554435045,1.891906039511829,2.8386892488445,2.6089821002383093,-0.3628300288764849,-0.6847482275102358,1.0299617021296172,1.7864958687441146,0.6512190633785107,1.9421812905096176,1.274005923851348,True
crypto/BTC_14_19,crypto,20,60,long,2015-01-30,2017-09-18,2019-07-04,962,642,1.7817686377348403,1.8566092148677356,4.001077542044065,2.6003836374500424,-0.3628300288764849,-0.6369758574602619,1.4517110801169033,1.6563815971903755,0.6310166530711654,2.0160430855552196,1.130372313591886,True
crypto/BTC_14_19,crypto,20,100,long,2015-03-11,2017-10-04,2019-07-04,938,626,1.9244366692431565,1.5827238106324766,4.734701010390723,1.8259110630956077,-0.36283002887648463,-0.6579424533581812,1.717891704321587,1.201344404466969,0.6162693000102989,1.9293588042303491,1.128740096601528,True
crypto/BTC_14_19,crypto,21,55,long,2015-01-25,2017-09-16,2019-07-04,965,644,1.7030420898074792,1.8489604331890612,3.656710512666765,2.5098988362245023,-0.3628300288764849,-0.666212553526254,1.3267643809038283,1.6721261127736988,0.6398779642433313,1.9000946899536635,1.1901694401660783,True
crypto/BTC_14_19,crypto,30,90,long,2015-03-01,2017-09-30,2019-07-04,944,630,1.9220225111568279,1.540375381812807,4.700553048093363,1.779263776248724,-0.36283002887648436,-0.6548349319733383,1.7055017981751617,1.1651240738824582,0.6276820004979058,2.018724024485073,1.1055008569592102,True
crypto/BTC_14_19,crypto,30,200,long,2015-06-19,2017-11-13,2019-07-04,878,586,2.1750682667558796,1.083714693406265,6.5538650053360055,0.985481528365023,-0.36283002887648463,-0.6748591564244583,2.377939029138645,0.6650612329043053,0.681572147740306,2.3675878430063086,0.86062457303028,True
crypto/BTC_14_19,crypto,40,100,long,2015-03-11,2017-10-04,2019-07-04,938,626,1.883475861371649,1.659835699965516,4.558193508261152,2.1031465023894484,-0.3628300288764845,-0.6485908396946566,1.6538494822269982,1.3640815559856525,0.6401532667938729,1.9293588042303491,1.128740096601528,True
crypto/BTC_14_19,crypto,50,150,long,2015-04-30,2017-10-24,2019-07-04,908,606,1.9960150991404568,1.4243175032751427,5.255554094254503,1.7046579918306335,-0.3628300288764849,-0.6485908396946565,1.9068728437802898,1.1056255583136374,0.685666561033972,2.275040797265232,0.9629932990037269,True
crypto/BTC_14_19,crypto,50,200,long,2015-06-19,2017-11-13,2019-07-04,878,586,2.1223411890657253,0.9907125288414622,6.217266126802381,0.8260531024258831,-0.3628300288764849,-0.6847903233638154,2.2558108483204995,0.5656731711259034,0.6884469363241864,2.3675878430063086,0.86062457303028,True
crypto/BTC_14_19,crypto,60,120,long,2015-03-31,2017-10-12,2019-07-04,926,618,2.0048573702932253,1.4419198175330354,5.203706480429461,1.7344813339615126,-0.3628300288764849,-0.6485908396946565,1.888060972558973,1.1249687048288053,0.6819673395495841,2.215556131774882,0.9638818826928053,True
crypto/BTC_14_19,crypto,60,132,long,2015-04-12,2017-10-17,2019-07-04,919,613,2.0250044791521105,1.4018984379973836,5.3415112881519144,1.653617775992889,-0.3628300288764849,-0.6485908396946565,1.9380606949242292,1.0725213418652382,0.6850571214350869,2.2605419566312075,0.9487472157908781,True
crypto/BTC_14_19,crypto,60,180,long,2015-05-30,2017-11-05,2019-07-04,890,594,2.2059760083307243,0.9221558979527635,6.504001953293566,0.7574703487240817,-0.3628300288764849,-0.6550586951653945,2.3598472165262185,0.4961875382616733,0.6957825202501841,2.483791234358736,0.7681691338897815,True
crypto/BTC_14_19,crypto,60,400,long,2016-01-05,2018-02-01,2019-07-04,758,506,2.2500407156659143,0.12068388104702772,6.121844861949977,-0.16531836720273588,-0.5414447837150129,-0.5838301378335783,3.314640967215368,-0.09651784511039539,0.5866453285733679,2.2500407156659143,0.6465916955612043,False
crypto/BTC_14_19,crypto,62,758,long,2016-12-28,2018-06-24,2019-07-04,543,363,1.7642192979794147,0.32379655422032627,3.5170360730631485,0.04594645427540564,-0.6916122137404584,-0.5558486420085209,2.432425104296253,0.025539274214090826,0.5527034818770729,1.7642192979794147,1.2821574612987339,False
crypto/BTC_14_19,crypto,74,758,long,2016-12-28,2018-06-24,2019-07-04,543,363,1.7642192979794147,0.28789194073480084,3.5170360730631485,0.007822094801695895,-0.6916122137404584,-0.5558486420085209,2.432425104296253,0.0043479007731845746,0.5564066310170634,1.7642192979794147,1.2821574612987339,False
crypto/BTC_14_19,crypto,80,144,long,2015-04-24,2017-10-22,2019-07-04,912,608,2.045435400977481,1.0882743084088558,5.442329894351779,1.0370378649580905,-0.3628300288764849,-0.6550586951653945,1.9746407127230132,0.6793206706565533,0.6960605681614415,2.333184319171764,0.9037114794046937,True
crypto/BTC_14_19,crypto,80,300,long,2015-09-27,2017-12-23,2019-07-04,818,546,2.60632805271215,-0.2316419626933955,11.39852290210333,-0.4429189416311932,-0.3628300288764849,-0.6653066117728171,4.135726393719426,-0.29467690034665134,0.6333590973310426,2.88446928867322,0.21852591665450788,False
crypto/BTC_14_19,crypto,100,200,long,2015-06-19,2017-11-13,2019-07-04,878,586,2.17807042429651,0.8297029750149838,6.392941763285606,0.6093843651065713,-0.3628300288764848,-0.663154707379135,2.319551244578602,0.40411611032366823,0.7035214005455933,2.3675878430063086,0.86062457303028,False
crypto/BTC_14_19,crypto,100,250,long,2015-08-08,2017-12-03,2019-07-04,848,566,2.5137680314839805,0.2310334251371638,9.04251884971401,-0.11177813926373044,-0.3628300288764849,-0.6792712468193385,3.2808973753578936,-0.07592767602481983,0.6960929252651011,2.706440423960835,0.4693600011211922,False
crypto/BTC_14_19,crypto,100,300,long,2015-09-27,2017-12-23,2019-07-04,818,546,2.604500359709024,-0.1306796060668305,11.357621554465194,-0.37969770795388824,-0.3628300288764849,-0.6577776478156617,4.120886156574794,-0.2497566652189067,0.6363361665277074,2.88446928867322,0.21852591665450788,False
crypto/BTC_14_19,crypto,100,400,long,2016-01-05,2018-02-01,2019-07-04,758,506,2.2500407156659143,0.21213771485150562,6.121844861949977,-0.09772536545161828,-0.5414447837150129,-0.5323529051284153,3.314640967215368,-0.052024382202905055,0.6001407349840331,2.2500407156659143,0.6465916955612043,False
crypto/BTC_14_19,crypto,116,378,long,2015-12-14,2018-01-23,2019-07-04,771,515,2.3382182043241437,0.08334943605353066,7.842638671420014,-0.25273205422268513,-0.45207633587786283,-0.503588335383689,3.54547135418959,-0.12727291448410222,0.6095439772825659,2.3382182043241437,0.47746058518867684,False
crypto/BTC_14_19,crypto,120,398,long,2016-01-03,2018-01-31,2019-07-04,759,507,2.326284906904786,0.16838927833112158,7.225234840885565,-0.15976116059905168,-0.4913486005089061,-0.4967687913250566,3.5501090274173115,-0.07936435865147916,0.6063578877972169,2.326284906904786,0.5420452993279948,False
crypto/BTC_14_19,crypto,134,750,long,2016-12-20,2018-06-21,2019-07-04,548,366,1.9637192322141983,-0.18497060778439042,4.612907454006533,-0.376346586100243,-0.6792712468193387,-0.6211169847435014,3.133415397745239,-0.2337552567770935,0.5652613531731319,1.9637192322141983,1.1493629502737537,False
crypto/BTC_14_19,crypto,150,400,long,2016-01-05,2018-02-01,2019-07-04,758,506,2.2500407156659143,0.3660738964507949,6.121844861949977,0.08138659028933264,-0.5414447837150129,-0.4898246715315739,3.314640967215368,0.03986515985554714,0.5999051092427108,2.2500407156659143,0.6465916955612043,False
crypto/BTC_14_19,crypto,150,500,long,2016-04-14,2018-03-13,2019-07-04,698,466,2.3106101691839602,-0.30796684035365623,6.121232445241573,-0.4599084580826879,-0.6485908396946568,-0.6147969387755106,3.9701752916254094,-0.2827503121462017,0.5609468549519732,2.3106101691839602,0.6466667131840013,False
crypto/BTC_14_19,crypto,150,710,long,2016-11-10,2018-06-05,2019-07-04,572,382,2.093043235361011,-0.41725099945397126,5.329973934710394,-0.5300953734879162,-0.6631547073791348,-0.6211169847435013,3.5345973050112875,-0.3292512400072947,0.5666748237030589,2.093043235361011,0.9518898764179201,False
crypto/BTC_14_19,crypto,162,678,long,2016-10-09,2018-05-23,2019-07-04,591,395,2.142619947507543,-0.29683993795111474,5.543315167554983,-0.44744867633711644,-0.6631547073791348,-0.6211169847435014,3.6760755478502447,-0.27791797267398066,0.5604445908046347,2.142619947507543,0.9533295261121942,False
crypto/BTC_14_19,crypto,174,698,long,2016-10-29,2018-05-31,2019-07-04,579,387,2.0602678196738884,-0.1766830547434199,5.102188169273517,-0.3914875749314848,-0.6631547073791348,-0.6211169847435013,3.3835401023878626,-0.24315958210598934,0.5879523091188864,2.0602678196738884,0.9676845393681008,False
crypto/BTC_14_19,crypto,200,400,long,2016-01-05,2018-02-01,2019-07-04,758,506,2.2500407156659143,-0.21438246117118262,6.121844861949977,-0.44602981261819985,-0.5414447837150129,-0.6290174561242909,3.314640967215368,-0.28056053808869424,0.6226663202583469,2.2500407156659143,0.6465916955612043,False
crypto/BTC_14_19,crypto,200,600,long,2016-07-23,2018-04-22,2019-07-04,638,426,2.1214684478638937,-0.2790287879588274,5.137199345363258,-0.4144410119561021,-0.6631547073791348,-0.6752040816326532,3.4067579286226546,-0.27983226286872737,0.5759082071693737,2.1214684478638937,0.7191917067256285,False
crypto/BTC_20_26,crypto,5,20,long,2020-01-21,2023-10-06,2026-03-28,1354,904,0.8901009356534891,0.7813787090673113,0.6435350036646725,0.6112099251514924,-0.541665898600552,-0.38496590829693184,0.3485809660409344,0.235294983996044,0.34656989257768406,0.8095476051362724,0.9535716938413779,False
crypto/BTC_20_26,crypto,5,35,long,2020-02-05,2023-10-12,2026-03-28,1345,898,1.005510823118692,1.3622867123329347,0.7584605018460439,1.9596452024588134,-0.5623028633159474,-0.2653849583216693,0.42648451190008085,0.5200603603797914,0.35274104725572153,0.7572546489856319,0.9929693440544685,True
crypto/BTC_20_26,crypto,8,21,long,2020-01-22,2023-10-07,2026-03-28,1354,903,1.093262924715366,1.2351320640525953,0.8366435373106497,1.7233006800741446,-0.5841066370970687,-0.26144418342425807,0.4886890430275195,0.4505469390964533,0.35047778754747205,0.812841934439839,0.9534447001685469,True
crypto/BTC_20_26,crypto,9,21,long,2020-01-22,2023-10-07,2026-03-28,1354,903,1.0670162270999293,1.2058350096879538,0.7623094740852195,1.579269346774008,-0.6130478085743021,-0.278608196908205,0.46733215254337257,0.43999738513710507,0.3539430983662767,0.812841934439839,0.9534447001685469,True
crypto/BTC_20_26,crypto,10,20,long,2020-01-21,2023-10-06,2026-03-28,1354,904,1.1065083781940006,1.182932821889063,0.7906015735605272,1.5402197047938722,-0.6218277804558923,-0.278608196908205,0.49161802171207847,0.4291178347951085,0.35457084815834355,0.8095476051362724,0.9535716938413779,True
crypto/BTC_20_26,crypto,10,30,long,2020-01-31,2023-10-10,2026-03-28,1348,900,1.1254422815859573,1.114566321228187,0.8751358719241162,1.2508701875059953,-0.584910568831743,-0.31866970322052396,0.5118762206521982,0.3986144314199367,0.3580539975892989,0.7768209467723842,0.9723567347826075,True
crypto/BTC_20_26,crypto,10,100,long,2020-04-10,2023-11-07,2026-03-28,1306,872,1.3055991348731233,1.0913281435645255,1.5768134391998425,1.3042326610657748,-0.41116534494593565,-0.3097785081495729,0.6483310416439904,0.4040232480249033,0.3750123577025165,1.0398766919515867,0.7761640606735082,True
crypto/BTC_20_26,crypto,12,26,long,2020-01-27,2023-10-09,2026-03-28,1351,901,1.0508446594547187,1.123366661100071,0.7808617771019148,1.2704443335271731,-0.5898922361493445,-0.3169573346466351,0.4606242998181996,0.40267664977169354,0.35773289953546944,0.7979312077695426,0.966010938652519,True
crypto/BTC_20_26,crypto,13,48,long,2020-02-18,2023-10-18,2026-03-28,1338,892,0.9658811004870096,1.2049463227259418,0.7889306202996014,1.3974120230213252,-0.5084346142857037,-0.317974403219657,0.4011196356302088,0.44434125407217945,0.35790253156127716,0.7607718565486592,0.9499938656816995,True
crypto/BTC_20_26,crypto,20,50,long,2020-02-20,2023-10-18,2026-03-28,1336,892,1.057167726606937,1.005545677919597,0.956933915696192,0.823097705398389,-0.49398409517023273,-0.42816393632584343,0.4727101344828912,0.35242075352414365,0.36661582183768626,0.7831708250761323,0.9499938656816995,True
crypto/BTC_20_26,crypto,20,60,long,2020-03-01,2023-10-22,2026-03-28,1330,888,1.0940309969964488,1.0772076972098925,1.142381435462594,1.0370825864746087,-0.4276105448555366,-0.37606618496749117,0.4884943480510099,0.39001169179172435,0.3681738073318158,0.8548160797722097,0.9050115234294946,True
crypto/BTC_20_26,crypto,20,100,long,2020-04-10,2023-11-07,2026-03-28,1306,872,1.2194058865663178,0.9941709889994846,1.2120146553907274,0.9646207357784166,-0.4904698326029335,-0.3697454829875489,0.5944566251417922,0.3566641598501954,0.37847920583882017,1.0398766919515867,0.7761640606735082,True
crypto/BTC_20_26,crypto,21,55,long,2020-02-25,2023-10-20,2026-03-28,1333,890,0.9801122486221002,1.1696502072797166,0.82108649290261,1.1715609576225239,-0.5065074127898812,-0.36807895966805265,0.4158863951968182,0.43122693846940613,0.36223220143591867,0.8143146320867826,0.9126521631082796,True
crypto/BTC_20_26,crypto,30,90,long,2020-03-31,2023-11-03,2026-03-28,1312,876,1.2457903732272833,0.9891491617942101,1.2968598295998301,0.935885132730534,-0.4778118370809028,-0.3857309686190568,0.6196549776175214,0.36099987876432343,0.38685985136118417,1.0551969789355682,0.7915259431195102,True
crypto/BTC_20_26,crypto,30,200,long,2020-07-19,2023-12-17,2026-03-28,1246,832,1.3110352558403666,0.8474820069126772,1.3133398452244058,1.0540545149727139,-0.5316846203165482,-0.2962392125062625,0.6982825969547324,0.3122522794541872,0.4279045655508018,1.0104158499671116,0.6640399157948798,True
crypto/BTC_20_26,crypto,40,100,long,2020-04-10,2023-11-07,2026-03-28,1306,872,1.2396951862118453,0.7665011472807857,1.2903373599462822,0.5796085417403977,-0.4790508886160279,-0.4373030343185693,0.6181372588967259,0.253464574020037,0.39703753372689277,1.0398766919515867,0.7761640606735082,False
crypto/BTC_20_26,crypto,50,150,long,2020-05-30,2023-11-27,2026-03-28,1276,852,1.158958272641358,0.9939917561430452,1.0072222992170754,1.5097404990448011,-0.5628260023782147,-0.2619401920127455,0.5668909001745406,0.3954617162092134,0.4258676608844979,0.9252573202368549,0.7453288222427348,True
crypto/BTC_20_26,crypto,50,200,long,2020-07-19,2023-12-17,2026-03-28,1246,832,1.2002836645047943,1.0088030018863676,1.0030340137293277,1.4902504343660519,-0.6167718375250356,-0.28144478116207916,0.6186431317479493,0.41942320737684685,0.4444471258455729,1.0104158499671116,0.6640399157948798,True
crypto/BTC_20_26,crypto,60,120,long,2020-04-30,2023-11-15,2026-03-28,1294,864,1.124893005475874,0.9958478517627458,0.9873048329540748,1.489856807489322,-0.5481398643145015,-0.2612360241196703,0.541181137172498,0.38920426889613546,0.41671934886483564,0.9742966731257815,0.7243185183204974,True
crypto/BTC_20_26,crypto,60,132,long,2020-05-12,2023-11-20,2026-03-28,1287,859,1.1836117237311146,0.9929651559714522,1.0605725099449532,1.5098873975887241,-0.5577477939557355,-0.26123602411967056,0.591531977751895,0.3944369806144746,0.42535866901175623,0.9662488726400783,0.7361997595684401,True
crypto/BTC_20_26,crypto,60,180,long,2020-06-29,2023-12-09,2026-03-28,1258,840,1.2829829061912084,0.9461811191434449,1.1869164974055195,1.3536514984216395,-0.5758509305546381,-0.28144478116207916,0.6834869695216201,0.3809781497429989,0.445198913364253,1.0312300775730072,0.6111253997934132,True
crypto/BTC_20_26,crypto,60,400,long,2021-02-04,2024-03-06,2026-03-28,1126,752,0.6705990376445581,0.5114021372031159,0.39147985437011007,0.4286021798110616,-0.6012839497360091,-0.3214698048461444,0.23539055307773743,0.13778265910049406,0.44190915887494736,0.6146259900432723,0.24476462558535514,True
crypto/BTC_20_26,crypto,62,758,long,2022-01-28,2024-07-28,2026-03-28,912,608,0.46120170452230386,0.25563667459125883,0.22497545631871738,0.0241683129505302,-0.4871710126425995,-0.49738817298546806,0.10960152087452045,0.012021033022605243,0.46137005101152817,0.7068453914843673,0.2007140458345823,True
crypto/BTC_20_26,crypto,74,758,long,2022-01-28,2024-07-28,2026-03-28,912,608,0.5056839961685622,0.19207377091433658,0.27944013163388176,-0.03492088912619325,-0.46376903435299105,-0.49738817298546806,0.12959568000731805,-0.017369237241505357,0.461930158971863,0.7068453914843673,0.2007140458345823,False
crypto/BTC_20_26,crypto,80,144,long,2020-05-24,2023-11-25,2026-03-28,1280,854,1.1419855527157343,0.9783120041634313,0.9124421272022962,1.4176335880809987,-0.6236310794978563,-0.28144478116207916,0.5690272687664883,0.39898557496546977,0.4426913730303989,0.9745089008507122,0.7318645126741143,True
crypto/BTC_20_26,crypto,80,300,long,2020-10-27,2024-01-26,2026-03-28,1186,792,1.1389703195847303,1.0134005466891929,1.1078489421436717,1.3230751381959645,-0.5306185040984168,-0.3214698048461444,0.5878451484472886,0.42532870647264226,0.44805023387249543,0.8566200717539251,0.675122353175697,True
crypto/BTC_20_26,crypto,100,200,long,2020-07-19,2023-12-17,2026-03-28,1246,832,1.2706755932108047,0.9925401994064058,1.3090803137037696,1.2799097156720698,-0.5306185040984166,-0.32146980484614446,0.6946222378021801,0.4114523265177845,0.447380943746927,1.0104158499671116,0.6640399157948798,True
crypto/BTC_20_26,crypto,100,250,long,2020-09-07,2024-01-06,2026-03-28,1216,812,1.2621248764789155,0.9391548374281018,1.2844996980258643,1.1856131871894997,-0.5306185040984166,-0.32146980484614457,0.6815793082813519,0.3811388399088239,0.45171367426552805,0.9995235943884998,0.6178145317928407,True
crypto/BTC_20_26,crypto,100,300,long,2020-10-27,2024-01-26,2026-03-28,1186,792,1.0440064524415027,0.961974642387722,0.96184654455231,1.2254933817515936,-0.5335441443978202,-0.3214698048461444,0.513187591655162,0.3939591182719263,0.4495390880941486,0.8566200717539251,0.675122353175697,True
crypto/BTC_20_26,crypto,100,400,long,2021-02-04,2024-03-06,2026-03-28,1126,752,0.7946693264520586,0.5654247766305684,0.6059353389247175,0.5150985278812518,-0.5306185040984169,-0.3214698048461444,0.3215205031206009,0.16558862323452228,0.4442095992900101,0.6146259900432723,0.24476462558535514,True
crypto/BTC_20_26,crypto,116,378,long,2021-01-13,2024-02-27,2026-03-28,1140,760,0.7189461626716264,0.6958993807133439,0.5119036220381671,0.7436263536857409,-0.530618504098417,-0.32146980484614457,0.2716255341684537,0.2390534187978052,0.45663016639587567,0.5313319886176822,0.39056315259951296,True
crypto/BTC_20_26,crypto,120,398,long,2021-02-02,2024-03-06,2026-03-28,1128,752,0.7486755206793876,0.4868726465570411,0.5150081418044422,0.38897567505103964,-0.5614524756285674,-0.32352103865127,0.28915259618497235,0.12584181440259123,0.4492516666949107,0.6343298285079129,0.24476462558535514,True
crypto/BTC_20_26,crypto,134,750,long,2022-01-20,2024-07-24,2026-03-28,916,612,0.02260572523243421,0.3418030807725746,-0.11960853497357879,0.10333160693944063,-0.6354259195177276,-0.49738817298546806,-0.07600236331775459,0.051395919187260886,0.4745469496106526,0.6192137566617427,0.2542864131525604,True
crypto/BTC_20_26,crypto,150,400,long,2021-02-04,2024-03-06,2026-03-28,1126,752,0.5978006752903494,0.30000713674413904,0.3004688325140121,0.06255282376610743,-0.6416476773833478,-0.49738817298546806,0.192795128508702,0.031113034728106143,0.47232833641299005,0.6146259900432723,0.24476462558535514,True
crypto/BTC_20_26,crypto,150,500,long,2021-05-15,2024-04-15,2026-03-28,1066,712,0.33921641032838784,0.2785294405768495,0.07420221241255957,0.04607447992052015,-0.6348195705485479,-0.4973881729854682,0.047105016617493195,0.022916901388923158,0.4610663589735278,0.4756832893339844,0.28324463651873405,False
crypto/BTC_20_26,crypto,150,710,long,2021-12-11,2024-07-08,2026-03-28,940,628,-0.10789177265577184,0.5007841083440897,-0.20072331674560176,0.2690176541892121,-0.6258004507442532,-0.4973881729854682,-0.12561274209427908,0.13380619951800868,0.47449078291546226,0.37287850166563474,0.42660503385330123,True
crypto/BTC_20_26,crypto,162,678,long,2021-11-09,2024-06-26,2026-03-28,960,640,-0.3059611102678666,0.3655721749972323,-0.2819653337791281,0.12705888486195388,-0.7095072463629751,-0.49738817298546817,-0.20005644753944635,0.0631975866030582,0.47561366296984475,0.2102551506553796,0.33985837018189236,True
crypto/BTC_20_26,crypto,174,698,long,2021-11-29,2024-07-04,2026-03-28,948,632,-0.3063446466066198,0.4196666199100563,-0.29722480183321526,0.18250911753577773,-0.6676970174261723,-0.4973881729854681,-0.19845611368912294,0.09077787652431055,0.47814926882391484,0.2658220676289688,0.4196666199100563,False
crypto/BTC_20_26,crypto,200,400,long,2021-02-04,2024-03-06,2026-03-28,1126,752,0.5724693047944408,0.23909627249292617,0.278379248322058,0.002738734190976907,-0.6367119180561891,-0.49738817298546806,0.17724738514617772,0.0013622139955428378,0.4745558107985643,0.6146259900432723,0.24476462558535514,False
crypto/BTC_20_26,crypto,200,600,long,2021-08-23,2024-05-25,2026-03-28,1006,672,0.06698613361556364,0.22414565955235136,-0.09971206658144689,-0.00966653017161085,-0.7185358095700155,-0.49738817298546806,-0.07164669048499923,-0.004808017781166424,0.47086071773047794,0.49893623430556877,0.1831172529028668,True
etf/GLD,etf,5,20,long,2009-01-30,2015-02-12,2019-02-22,1519,1013,0.387286261048953,0.27958272515293286,0.24370969019599337,0.19507267479883336,-0.17221260887095555,-0.11196271778428539,0.04196988155578436,0.02184086683592746,0.09252792854807358,0.3197514823823436,0.1964641957207828,True
etf/GLD,etf,5,35,long,2009-02-23,2015-02-23,2019-02-22,1510,1007,0.14136376765502923,0.1745737314578168,0.03314093127849717,0.0799431022742719,-0.2997354453323987,-0.15104536219957546,0.00993351179549077,0.012075034838375104,0.09390602998068062,0.24429629079350715,0.2302635526942856,False
etf/GLD,etf,8,21,long,2009-02-02,2015-02-12,2019-02-22,1518,1013,0.44017351829332857,0.002940225436942603,0.20120944250837097,-0.02524408789958238,-0.24325151824461877,-0.15862021350782762,0.04894450237531457,-0.004004222612442125,0.09276376346355936,0.34511895760597366,0.1964641957207828,False
etf/GLD,etf,9,21,long,2009-02-02,2015-02-12,2019-02-22,1518,1013,0.4635812533666616,-0.04329700956244695,0.23188265535999988,-0.0520889817932096,-0.22565715020389948,-0.1569734339273116,0.05232597919025055,-0.008176586341857325,0.09208758794996741,0.34511895760597366,0.1964641957207828,False
etf/GLD,etf,10,20,long,2009-01-30,2015-02-12,2019-02-22,1519,1013,0.330563294453207,-0.01607415891253711,0.12964939641884507,-0.03686578807662163,-0.26857036351727304,-0.15534290371048173,0.03481998552600426,-0.00572683856739766,0.09246197837654911,0.3197514823823436,0.1964641957207828,False
etf/GLD,etf,10,30,long,2009-02-13,2015-02-19,2019-02-22,1513,1009,0.26833350904925074,0.004249289247585994,0.09565945989585156,-0.021421407577557085,-0.27893833294022324,-0.18375776637423116,0.026683090273310974,-0.00393635000904392,0.09336747509488545,0.29770410517626794,0.2211509289976245,False
etf/GLD,etf,10,100,long,2009-05-27,2015-03-31,2019-02-22,1471,981,0.2504581306157809,0.09906415539766973,0.06926181065222382,0.032520698529546505,-0.3582607215999193,-0.1512390470655388,0.02481378626358268,0.004918399455514283,0.09303602314136347,0.2775862766061896,0.2666703685440065,False
etf/GLD,etf,12,26,long,2009-02-09,2015-02-17,2019-02-22,1515,1011,0.3425013683187982,0.05779900863180477,0.131782538539399,0.006317786429149719,-0.27889438050403403,-0.16547178949382615,0.03675340944719468,0.001045415426071214,0.09368932710215881,0.34046013249281315,0.21970569344535026,False
etf/GLD,etf,13,48,long,2009-03-12,2015-03-02,2019-02-22,1502,1002,0.1859664638523639,0.2199682221784004,0.045743925767945615,0.15846211725098902,-0.3467063356756867,-0.1009801875060835,0.015859708882425046,0.016001534312615858,0.09084000101804024,0.31339376134957586,0.2265115531412851,False
etf/GLD,etf,20,50,long,2009-03-16,2015-03-03,2019-02-22,1501,1001,0.2309896361801792,0.2283712045275133,0.07735849139791377,0.15702071397261166,-0.28526638109457764,-0.10811298125086534,0.022067776888018878,0.016975977505718453,0.0922896964777266,0.3148946553882629,0.23029408589369887,False
etf/GLD,etf,20,60,long,2009-03-30,2015-03-09,2019-02-22,1495,997,0.2708626434461855,0.1826722410190331,0.09331941276730446,0.087749790191106,-0.29519715328328655,-0.14630711789408302,0.027547624994976264,0.012838418898671195,0.09384350741297386,0.2956509455370312,0.29402888269154837,False
etf/GLD,etf,20,100,long,2009-05-27,2015-03-31,2019-02-22,1471,981,0.43979304547822995,0.042322085986695894,0.15956089492305214,-0.0022596165733868574,-0.32214433824805744,-0.16503568805693608,0.05140163890525446,-0.0003729173759337562,0.09303492765121177,0.2775862766061896,0.2666703685440065,False
etf/GLD,etf,21,55,long,2009-03-23,2015-03-05,2019-02-22,1498,999,0.19895375457872536,0.23801736620135389,0.06180432187857874,0.15170124700912788,-0.28820828416078925,-0.11904299797156412,0.017812517562346305,0.018058971239991357,0.0934804616296515,0.298832245010294,0.23877338112928667,False
etf/GLD,etf,30,90,long,2009-05-12,2015-03-25,2019-02-22,1477,985,0.44557506822550846,-0.03175987131369554,0.15478857156963582,-0.04123393272760117,-0.33876259233123995,-0.17349246324665607,0.0524365777681795,-0.007153776558258435,0.09234165542814225,0.31439788488397796,0.24662533237442608,False
etf/GLD,etf,30,200,long,2009-10-16,2015-05-28,2019-02-22,1411,941,0.6013688995154858,-0.026115827252757517,0.38898517266545984,-0.04284000319663628,-0.18554634997662667,-0.1556809933645101,0.07217477898310397,-0.006669374253391124,0.09256943866448838,0.18958874429928688,0.2696350056895491,False
etf/GLD,etf,40,100,long,2009-05-27,2015-03-31,2019-02-22,1471,981,0.4746884795202587,0.18329936223876184,0.18727230115540983,0.08731174423029382,-0.30201481859090135,-0.14474703790999227,0.056559010060551744,0.01263811635208989,0.09102844674867307,0.2775862766061896,0.2666703685440065,False
etf/GLD,etf,50,150,long,2009-08-06,2015-04-29,2019-02-22,1441,961,0.6947530872388133,0.06072693934708696,0.4614177604331053,0.008672323353515159,-0.18554634997662645,-0.16465721899680033,0.08561438126275213,0.0014279606456308114,0.09002125653911892,0.28517653274190685,0.23757238847792153,False
etf/GLD,etf,50,200,long,2009-10-16,2015-05-28,2019-02-22,1411,941,0.5244216296489171,-0.054654690881369344,0.28126431094487253,-0.048541526248978104,-0.2189252839725066,-0.18585312231739431,0.061575869144937616,-0.009021594215424334,0.09071947476630302,0.18958874429928688,0.2696350056895491,False
etf/GLD,etf,60,120,long,2009-06-24,2015-04-13,2019-02-22,1459,973,0.5606928344701563,0.09959201770988256,0.24803390590129912,0.03345807975158023,-0.27453599500980913,-0.1474465198166254,0.06809423515278253,0.004933277419117608,0.0895768096102544,0.31283827989835006,0.24165123141334352,False
etf/GLD,etf,60,132,long,2009-07-13,2015-04-20,2019-02-22,1452,968,0.7046815118338893,0.11592081150937543,0.4219643880088106,0.04002602092264589,-0.207509556874168,-0.1601150846975435,0.08756164317238778,0.006408769730135096,0.08974843477968654,0.32378063975015386,0.2501378230723389,False
etf/GLD,etf,60,180,long,2009-09-18,2015-05-15,2019-02-22,1423,949,0.5684487920916376,-0.015947231974249815,0.3012572819921666,-0.03075447897931441,-0.2253884270763985,-0.17873040161784334,0.06789990493352546,-0.0054967603795203854,0.09035093418856714,0.2629039327589575,0.2027129171481772,False
etf/GLD,etf,60,400,long,2010-08-04,2015-09-21,2019-02-22,1291,861,0.5102432046454357,-0.2461884438853539,0.29652082691046505,-0.13650826577835812,-0.19031361266187088,-0.1948238429176735,0.05643194979881591,-0.026595064928966867,0.09224388897042386,0.006546111812030942,0.4044591118370683,False
etf/GLD,etf,62,758,long,2012-01-04,2016-04-15,2019-02-22,1076,718,-0.32713262744164173,-0.6748273530169466,-0.14396844813084222,-0.2900028278555403,-0.2436495752338596,-0.18193441381348321,-0.03507785123415766,-0.05276149449015021,0.07602671730378514,-0.31073552170280033,0.25042595890950614,False
etf/GLD,etf,74,758,long,2012-01-04,2016-04-15,2019-02-22,1076,718,-0.3493686227682585,-0.8124373411621614,-0.15520457427555012,-0.3203260675819707,-0.24503193223298192,-0.19380831688881764,-0.038030076726135405,-0.062081856013675385,0.07537749813906747,-0.31073552170280033,0.25042595890950614,False
etf/GLD,etf,80,144,long,2009-07-29,2015-04-24,2019-02-22,1444,964,0.6881469436469263,-0.027497922448847485,0.4041856506297352,-0.03561944681900377,-0.21074472708989517,-0.18067954254865304,0.08517999463561526,-0.006435705357093675,0.0895057706578365,0.2996357897598611,0.2820690333449459,False
etf/GLD,etf,80,300,long,2010-03-12,2015-07-24,2019-02-22,1351,901,0.5686310337024224,-0.3507251966934969,0.3505857163322608,-0.1615560741000083,-0.1903136126618708,-0.2183131874257382,0.0667212342228424,-0.03526982148476156,0.09067641769403265,0.062470612178690675,0.45679125968900736,False
etf/GLD,etf,100,200,long,2009-10-16,2015-05-28,2019-02-22,1411,941,0.5382288536996919,-0.3356229524564412,0.28065720898780055,-0.15049311933512888,-0.23018893006825347,-0.22226658956615622,0.06460418265284402,-0.03344959238779166,0.08946552104479862,0.18958874429928688,0.2696350056895491,False
etf/GLD,etf,100,250,long,2009-12-29,2015-06-25,2019-02-22,1381,921,0.47851293316192606,-0.34805850397198346,0.24590998932854768,-0.16005299645088522,-0.2258018282999192,-0.21678381686303594,0.05552692518759969,-0.03469689947098884,0.08987290789968547,0.1354712794547628,0.3042489783566054,False
etf/GLD,etf,100,300,long,2010-03-12,2015-07-24,2019-02-22,1351,901,0.5934870105413395,-0.3451907460676362,0.3687368064236293,-0.1566732728459707,-0.1903136126618708,-0.21841075227478074,0.07017563375188182,-0.03421912738364044,0.08932952854813574,0.062470612178690675,0.45679125968900736,False
etf/GLD,etf,100,400,long,2010-08-04,2015-09-21,2019-02-22,1291,861,0.24080492515124396,-0.5458685416756169,0.08004182344592142,-0.2277741035495982,-0.28906649956696573,-0.2217649238579163,0.023137409722469592,-0.050512306730481786,0.08788536012381949,0.006546111812030942,0.4044591118370683,False
etf/GLD,etf,116,378,long,2010-07-02,2015-09-08,2019-02-22,1304,870,0.23298188933080488,-0.5642658656830459,0.0767728200679577,-0.23687071890369765,-0.28863968337699186,-0.21751020147568503,0.022159682476374076,-0.051521797792433634,0.08703558583214532,-0.019928114037642622,0.42271594498936566,False
etf/GLD,etf,120,398,long,2010-08-02,2015-09-18,2019-02-22,1292,862,0.28920240643328343,-0.4998743489358408,0.1027608782146071,-0.2137336452974629,-0.28863968337699186,-0.2159216048636211,0.02966086735140581,-0.04614971170598013,0.08696484336894328,0.024867136881912104,0.38939838024128537,False
etf/GLD,etf,134,750,long,2011-12-21,2016-04-12,2019-02-22,1081,721,-0.47234678849271367,-1.2751169453611753,-0.18747339935971596,-0.37567605951493405,-0.2880594592013159,-0.2313729603365485,-0.05400348603419211,-0.08692128201753967,0.06940717227273364,-0.2868327972061283,0.1937736069428058,False
etf/GLD,etf,150,400,long,2010-08-04,2015-09-21,2019-02-22,1291,861,0.35203158532524814,-0.4379564443056966,0.13289687694986696,-0.20158694052338705,-0.2886396833769919,-0.19740087528805406,0.03835931248460066,-0.0397934385059575,0.08456459002104232,0.006546111812030942,0.4044591118370683,False
etf/GLD,etf,150,500,long,2010-12-27,2015-11-16,2019-02-22,1231,821,0.017584257891734414,-0.9931213608389011,-0.021289843415138527,-0.3264236006261015,-0.2903658495349888,-0.23253971614616264,-0.006181843469703585,-0.075906451433002,0.07652282327685399,-0.2193776056225404,0.5358803584881734,False
etf/GLD,etf,150,710,long,2011-10-25,2016-03-18,2019-02-22,1105,737,-0.5377017345315575,-1.2332972767939532,-0.22006306800473932,-0.356509183663114,-0.2947998524391328,-0.23468868421784417,-0.0648745599751,-0.08366867122547397,0.06890678009373453,-0.345128699425256,0.19599934322105184,False
etf/GLD,etf,162,678,long,2011-09-09,2016-03-01,2019-02-22,1124,750,-0.6434347698665283,-1.2834858828884053,-0.265374685484683,-0.357041496751039,-0.30886118607946944,-0.24344385462044613,-0.08196394011426536,-0.08691955822852643,0.06897634736699985,-0.4602034143625716,0.2421113418356385,False
etf/GLD,etf,174,698,long,2011-10-07,2016-03-11,2019-02-22,1112,742,-0.484118415436881,-1.2820852495658814,-0.1839361794383226,-0.3538148509826193,-0.33740996313658644,-0.2435791123223002,-0.06206189952376898,-0.08618190732879333,0.06845025099695425,-0.2931681368911925,0.20424393524403284,False
etf/GLD,etf,200,400,long,2010-08-04,2015-09-21,2019-02-22,1291,861,0.275728612556739,-0.6565980794272983,0.09747902697214636,-0.27464404185283314,-0.2886396833769919,-0.19683982020196994,0.02813631548113758,-0.05406088381785398,0.07978162849653853,0.006546111812030942,0.4044591118370683,False
etf/GLD,etf,200,600,long,2011-05-19,2016-01-14,2019-02-22,1171,781,-0.30060304198921123,-1.1137284524191904,-0.1290199394095216,-0.31690623907513366,-0.3722821360329848,-0.24559520697115977,-0.048031818634222984,-0.0778306533761093,0.07050459350318024,-0.33076442794066857,0.5858991002101939,False
etf/QQQ,etf,5,20,long,2009-01-30,2015-02-12,2019-02-22,1519,1013,0.8664145504646383,0.23305385881413448,0.7437427018906388,0.110799917432867,-0.1505150270799885,-0.1763584221756035,0.11194445291561332,0.019540498615647568,0.1082175945909758,1.3074277433035155,0.8370646527312384,False
etf/QQQ,etf,5,35,long,2009-02-23,2015-02-23,2019-02-22,1510,1007,0.8416780270618169,0.608497925158062,0.6220803023910637,0.425373344290061,-0.17612003589503336,-0.14834256561391895,0.10956080518670734,0.06310097323576051,0.11063908233965901,1.3882923659182422,0.8064023013249249,False
etf/QQQ,etf,8,21,long,2009-02-02,2015-02-12,2019-02-22,1518,1013,0.7726119845762235,0.4540840507149511,0.483889154715585,0.36555379761551376,-0.20587152953642643,-0.12231499285208015,0.09961900040738599,0.04471271014239232,0.10957454008238718,1.29746582497756,0.8370646527312384,False
etf/QQQ,etf,9,21,long,2009-02-02,2015-02-12,2019-02-22,1518,1013,0.6897756445257978,0.5042206511461332,0.5212206641745214,0.3463677522311919,-0.1690169180418674,-0.14544316948072952,0.08809511027851276,0.050376823690420576,0.10934770522593025,1.29746582497756,0.8370646527312384,False
etf/QQQ,etf,10,20,long,2009-01-30,2015-02-12,2019-02-22,1519,1013,0.7049720810290575,0.6058468126237695,0.534700241215968,0.4341385865811313,-0.1690169180418674,-0.14300489883897677,0.09037338684656598,0.06208394465613104,0.10929474624456227,1.3074277433035155,0.8370646527312384,False
etf/QQQ,etf,10,30,long,2009-02-13,2015-02-19,2019-02-22,1513,1009,0.7104115789955695,0.5985490680764155,0.36568721921560704,0.40665805276279604,-0.2504459956742943,-0.15526453077751434,0.09158489972181665,0.0631395717491132,0.11298896078469871,1.2908363410494845,0.8164341456660937,False
etf/QQQ,etf,10,100,long,2009-05-27,2015-03-31,2019-02-22,1471,981,0.8001983109140899,0.6676600025723481,0.40277751484088387,0.40191785758827236,-0.2727079936594211,-0.20499751389637105,0.10984064796338515,0.08239216159615155,0.13162092386197752,1.2577139194871298,0.8583606828713735,False
etf/QQQ,etf,12,26,long,2009-02-09,2015-02-17,2019-02-22,1515,1011,0.7090936086440164,0.6041680829613622,0.3534615968306394,0.45154620255994954,-0.25967072661143076,-0.1406408484464295,0.09178362967824871,0.06350584104079461,0.11239796042698473,1.248914799135169,0.8245814507541889,False
etf/QQQ,etf,13,48,long,2009-03-12,2015-03-02,2019-02-22,1502,1002,0.944383434631595,0.6111207521929768,0.4783775137175276,0.5130047855117039,-0.27595429038862074,-0.13664797577110463,0.13201032733579302,0.07010106550106404,0.12338463608945029,1.4043470364612392,0.7974541236449549,False
etf/QQQ,etf,20,50,long,2009-03-16,2015-03-03,2019-02-22,1501,1001,0.9312467941845102,0.44047247614658647,0.5227729359316143,0.23731316370142128,-0.2505313905953362,-0.20655216178648547,0.13097103060455392,0.04901754698291868,0.12705131097948644,1.4148629470147838,0.8046044839303299,False
etf/QQQ,etf,20,60,long,2009-03-30,2015-03-09,2019-02-22,1495,997,0.8312058470325648,0.4669972695212087,0.401612759489476,0.23555685427318096,-0.2901090705129009,-0.22710088885475319,0.1165115043616131,0.053495170981268964,0.12968861109276789,1.3711151753470148,0.8218720721283066,False
etf/QQQ,etf,20,100,long,2009-05-27,2015-03-31,2019-02-22,1471,981,0.9579855076906775,0.6292076483624296,0.5268874357121048,0.29849971885428417,-0.2635203111266812,-0.2630957779378545,0.13884554098759308,0.07853401574619874,0.13463109862508577,1.2577139194871298,0.8583606828713735,False
etf/QQQ,etf,21,55,long,2009-03-23,2015-03-05,2019-02-22,1498,999,0.7864381843237874,0.5119466446052526,0.3768735860306473,0.2897982581920934,-0.2901090705129008,-0.20375527481459535,0.10933444574421484,0.05904792373872105,0.128185075386402,1.3445657395773913,0.8084901609215943,False
etf/QQQ,etf,30,90,long,2009-05-12,2015-03-25,2019-02-22,1477,985,0.9108493717635956,0.6210277422895484,0.538853286719014,0.29500220437869656,-0.25283831546439645,-0.2712422780978521,0.13624275729648894,0.08001706995956583,0.13976230249362182,1.2622815691504343,0.8577825765066404,False
etf/QQQ,etf,30,200,long,2009-10-16,2015-05-28,2019-02-22,1411,941,0.9427723997689429,0.4912729133756755,0.5391214566221498,0.2933206994425299,-0.28378576189455595,-0.22639647733246462,0.15299499332121957,0.0664067730824834,0.15560166475459308,1.1431896308612113,0.8130889094941391,False
etf/QQQ,etf,40,100,long,2009-05-27,2015-03-31,2019-02-22,1471,981,0.917351137218597,0.6388557499997638,0.5508519599076499,0.3698733144123498,-0.25583838453188146,-0.23126714975882726,0.1409290755389939,0.0855395471959947,0.14500356009707938,1.2577139194871298,0.8583606828713735,False
etf/QQQ,etf,50,150,long,2009-08-06,2015-04-29,2019-02-22,1441,961,1.1016627835387758,0.5178726374898632,0.8405353053340306,0.3115376630253333,-0.2169322497731314,-0.22514939604630319,0.1823392147998572,0.07014251667583052,0.1538321991031641,1.1929443374997508,0.8185959223884047,False
etf/QQQ,etf,50,200,long,2009-10-16,2015-05-28,2019-02-22,1411,941,1.04274618103749,0.6768867506875991,0.890290789538587,0.6393087427380584,-0.19821700433799486,-0.15879687366740872,0.17647077329204697,0.10152022965504535,0.1624109638062033,1.1431896308612113,0.8130889094941391,False
etf/QQQ,etf,60,120,long,2009-06-24,2015-04-13,2019-02-22,1459,973,1.077458539126009,0.5906887328448985,0.7751295508407626,0.38460248434458605,-0.2284522236593719,-0.21216721629370316,0.1770800695136624,0.08160003848303338,0.1525760816152441,1.2591002811737673,0.8366563046463692,False
etf/QQQ,etf,60,132,long,2009-07-13,2015-04-20,2019-02-22,1452,968,1.084464834931357,0.5221073171821452,0.7364572865741342,0.30075915878273235,-0.24238422818314562,-0.23480411652186106,0.1785056309961252,0.0706194885638376,0.15327359368506563,1.2678514631688407,0.8385918951277309,False
etf/QQQ,etf,60,180,long,2009-09-18,2015-05-15,2019-02-22,1423,949,1.0074590584564083,0.6842233879531204,0.7706973074161767,0.636984365310071,-0.2191478643878002,-0.16130675073272213,0.16889666900968306,0.10274987823571283,0.16226680802527882,1.1312348245341293,0.8238123000911883,False
etf/QQQ,etf,60,400,long,2010-08-04,2015-09-21,2019-02-22,1291,861,1.0931430435083167,0.9671800623608128,1.151788594961668,0.7268683222545897,-0.16099271262161394,-0.22796653616378057,0.18542957026951631,0.16570165367155745,0.174295385727162,1.0931430435083167,0.9671800623608128,False
etf/QQQ,etf,62,758,long,2012-01-04,2016-04-15,2019-02-22,1076,718,1.1547446628841285,1.0660810746361162,1.1285821060873,0.7903016627168662,-0.16104390898058651,-0.22796653616378065,0.18175127396984178,0.18016233257404046,0.16881184552053605,1.1547446628841285,1.0660810746361162,False
etf/QQQ,etf,74,758,long,2012-01-04,2016-04-15,2019-02-22,1076,718,1.1547446628841285,1.0660810746361162,1.1285821060873,0.7903016627168662,-0.16104390898058651,-0.22796653616378065,0.18175127396984178,0.18016233257404046,0.16881184552053605,1.1547446628841285,1.0660810746361162,False
etf/QQQ,etf,80,144,long,2009-07-29,2015-04-24,2019-02-22,1444,964,1.1001346438620718,0.6279290096974189,0.880168139132543,0.5172361707383226,-0.21119082265108374,-0.17885404218115727,0.18588343337467528,0.09250977989885223,0.16184041237319477,1.2027521891026458,0.8012062596587413,False
etf/QQQ,etf,80,300,long,2010-03-12,2015-07-24,2019-02-22,1351,901,1.086884782072784,0.830621234161769,1.1560484129417223,0.6250341256537638,-0.16099271262161394,-0.22796653616378065,0.18611536992139957,0.14248686460944576,0.17991808572205906,1.086884782072784,0.830621234161769,False
etf/QQQ,etf,100,200,long,2009-10-16,2015-05-28,2019-02-22,1411,941,1.1431896308612113,0.4566430487250552,1.231329218023995,0.2884599219974107,-0.16099271262161402,-0.22796653616378065,0.19823503093993372,0.06575920923982408,0.17189850949048494,1.1431896308612113,0.8130889094941391,False
etf/QQQ,etf,100,250,long,2009-12-29,2015-06-25,2019-02-22,1381,921,1.0842941825290486,0.8305846045034203,1.1536489690922678,0.6241817796083218,-0.16099271262161394,-0.22796653616378065,0.18572907694729265,0.14229255823385345,0.17966732236322422,1.0842941825290486,0.8305846045034203,False
etf/QQQ,etf,100,300,long,2010-03-12,2015-07-24,2019-02-22,1351,901,1.086884782072784,0.830621234161769,1.1560484129417223,0.6250341256537638,-0.16099271262161394,-0.22796653616378065,0.18611536992139957,0.14248686460944576,0.17991808572205906,1.086884782072784,0.830621234161769,False
etf/QQQ,etf,100,400,long,2010-08-04,2015-09-21,2019-02-22,1291,861,1.0931430435083167,0.9671800623608128,1.151788594961668,0.7268683222545897,-0.16099271262161394,-0.22796653616378057,0.18542957026951631,0.16570165367155745,0.174295385727162,1.0931430435083167,0.9671800623608128,False
etf/QQQ,etf,116,378,long,2010-07-02,2015-09-08,2019-02-22,1304,870,1.1825628108058512,0.9738436572224507,1.2705464801316282,0.7313562205176283,-0.16099271262161402,-0.2279665361637805,0.20454872434823446,0.16672474429323772,0.1739408933322364,1.1825628108058512,0.9738436572224507,False
etf/QQQ,etf,120,398,long,2010-08-02,2015-09-18,2019-02-22,1292,862,1.0954347168358198,0.9718483006877304,1.154612298736656,0.7306356214460145,-0.16099271262161394,-0.2279665361637805,0.18588416599989152,0.1665604718189191,0.17419923221089811,1.0954347168358198,0.9718483006877304,False
etf/QQQ,etf,134,750,long,2011-12-21,2016-04-12,2019-02-22,1081,721,1.1892142972125312,1.0842921954278477,1.1682132140006871,0.8053302973946862,-0.16104390898058651,-0.22796653616378065,0.1881336225054451,0.18358835836481396,0.16862225438432776,1.1892142972125312,1.0842921954278477,False
etf/QQQ,etf,150,400,long,2010-08-04,2015-09-21,2019-02-22,1291,861,1.0931430435083167,0.9671800623608128,1.151788594961668,0.7268683222545897,-0.16099271262161394,-0.22796653616378057,0.18542957026951631,0.16570165367155745,0.174295385727162,1.0931430435083167,0.9671800623608128,False
etf/QQQ,etf,150,500,long,2010-12-27,2015-11-16,2019-02-22,1231,821,1.0067117757609187,0.9172916893411714,1.0541629544489568,0.6822471187034661,-0.16099271262161394,-0.22796653616378065,0.1697125535819524,0.15552951245854885,0.17419798302607897,1.0067117757609187,0.9172916893411714,False
etf/QQQ,etf,150,710,long,2011-10-25,2016-03-18,2019-02-22,1105,737,1.0505191368948226,1.106394803018092,1.047214841488194,0.8213916899593516,-0.16104390898058651,-0.22796653616378065,0.16864757161574406,0.18724981839374744,0.1679436332311257,1.0505191368948226,1.106394803018092,False
etf/QQQ,etf,162,678,long,2011-09-09,2016-03-01,2019-02-22,1124,750,1.0908939948077239,1.1296261326187682,1.1251242718324443,0.8370458749771671,-0.16104390898058651,-0.22796653616378057,0.18119441082483284,0.19081844872872572,0.16700970791613104,1.0908939948077239,1.1296261326187682,False
etf/QQQ,etf,174,698,long,2011-10-07,2016-03-11,2019-02-22,1112,742,1.1008230229677491,1.1249744698704272,1.1186030001472416,0.8351815967197533,-0.16104390898058651,-0.22796653616378065,0.1801441997411234,0.19039345567193772,0.1674483964197657,1.1008230229677491,1.1249744698704272,False
etf/QQQ,etf,200,400,long,2010-08-04,2015-09-21,2019-02-22,1291,861,1.0931430435083167,0.9671800623608128,1.151788594961668,0.7268683222545897,-0.16099271262161394,-0.22796653616378057,0.18542957026951631,0.16570165367155745,0.174295385727162,1.0931430435083167,0.9671800623608128,False
etf/QQQ,etf,200,600,long,2011-05-19,2016-01-14,2019-02-22,1171,781,0.876599642517954,1.0927928950634447,0.9144974212671105,0.8284715215567933,-0.16099271262161394,-0.22796653616378057,0.14722742053526294,0.18886378307963902,0.17189237184874556,0.876599642517954,1.0927928950634447,False
etf/SHY,etf,5,20,long,2009-01-30,2015-02-12,2019-02-22,1519,1013,-0.8374663592896457,-0.9972262526543819,-0.16400470989229626,-0.16947662670520097,-0.04229430110377302,-0.045434992083333355,-0.006936464582621719,-0.007700169192660848,0.007721486533954543,0.9098751112622135,0.8336613141353596,False
etf/SHY,etf,5,35,long,2009-02-23,2015-02-23,2019-02-22,1510,1007,-0.7283749939663982,-0.4112506885042834,-0.14305538092919579,-0.10373305254577188,-0.04357607883736735,-0.030930025489735394,-0.006233792557480254,-0.003208465959368785,0.007741433164122443,0.9358519911005502,0.8259091217522031,False
etf/SHY,etf,8,21,long,2009-02-02,2015-02-12,2019-02-22,1518,1013,-0.7298263540834944,-0.7944756780476492,-0.15842603975349723,-0.14457248181298826,-0.038046532800972754,-0.04168835500373901,-0.006027561518009646,-0.006026988945591456,0.007572928917099354,0.8958784786594558,0.8336613141353596,False
etf/SHY,etf,9,21,long,2009-02-02,2015-02-12,2019-02-22,1518,1013,-0.514191502107357,-0.5947896492355258,-0.12323374029698116,-0.12657859510520736,-0.03499326606377787,-0.03570983540538869,-0.004312351062246766,-0.004520100797052293,0.007568550851328293,0.8958784786594558,0.8336613141353596,False
etf/SHY,etf,10,20,long,2009-01-30,2015-02-12,2019-02-22,1519,1013,-0.481720560280435,-0.6139814502789823,-0.12035087435036101,-0.1282615882212263,-0.033448714556394574,-0.03617718048780663,-0.004025582042757735,-0.004640142626732037,0.007528870124825818,0.9098751112622135,0.8336613141353596,False
etf/SHY,etf,10,30,long,2009-02-13,2015-02-19,2019-02-22,1513,1009,-0.21395445780380878,-0.10989080196229002,-0.07239302014562506,-0.037165468948558704,-0.025546650384908234,-0.02310918145210976,-0.0018493991759679018,-0.0008588635656849939,0.007559238405274725,0.9429448797064884,0.834511412155229,False
etf/SHY,etf,10,100,long,2009-05-27,2015-03-31,2019-02-22,1471,981,0.22469336888598648,0.5102290351832157,0.11153728548369048,0.2779308899049659,-0.017874600916983133,-0.014460994018416697,0.001993684465384583,0.004019156936448941,0.007922881548365462,1.0308580373306773,0.7767142388492209,False
etf/SHY,etf,12,26,long,2009-02-09,2015-02-17,2019-02-22,1515,1011,-0.2203249407328532,-0.15808704496724693,-0.07564709710056697,-0.049391266838910826,-0.02500106959011635,-0.02449150535273736,-0.0018912583389015635,-0.0012096664761636637,0.007479751031760968,0.9477761425158362,0.8476644851116645,False
etf/SHY,etf,13,48,long,2009-03-12,2015-03-02,2019-02-22,1502,1002,-0.32627845902744274,0.018704700518599696,-0.10703898178858273,0.005388401029477485,-0.026746918151087352,-0.02158803412272748,-0.002862962884874952,0.00011632498529129982,0.007874483839565405,0.9623617580392726,0.8468650977765171,False
etf/SHY,etf,20,50,long,2009-03-16,2015-03-03,2019-02-22,1501,1001,-0.2421491201364251,0.20926073841187962,-0.09738441238226445,0.08496057619195899,-0.022035777490535906,-0.01939548357067038,-0.002145941242302169,0.0016478514596858296,0.008021762968428037,0.9685314421583336,0.8538996934422667,False
etf/SHY,etf,20,60,long,2009-03-30,2015-03-09,2019-02-22,1495,997,-0.1730738985651711,0.5530377044805851,-0.07530689556057986,0.28809948452779494,-0.021221988649150748,-0.015280387490291284,-0.0015981620827894066,0.004402271759337885,0.00800056899001337,0.9208988730925853,0.8575835257875077,False
etf/SHY,etf,20,100,long,2009-05-27,2015-03-31,2019-02-22,1471,981,0.35139567598703025,0.6468346359286112,0.20458072757446014,0.47374406767665683,-0.015394677016030688,-0.010678730017553489,0.003149454224713377,0.005058984996136607,0.007849070576671432,1.0308580373306773,0.7767142388492209,False
etf/SHY,etf,21,55,long,2009-03-23,2015-03-05,2019-02-22,1498,999,-0.15932958512905226,0.41113255020866246,-0.06941490017238881,0.19474657262579892,-0.021092426688499276,-0.01681779228440152,-0.0014641286929756067,0.0032752074065198014,0.008031702799326574,0.9476066090554455,0.8386380822717129,False
etf/SHY,etf,30,90,long,2009-05-12,2015-03-25,2019-02-22,1477,985,0.41462056542114945,0.6084664923058912,0.19995169158025197,0.38519750410698106,-0.018947007921833767,-0.012433457722418184,0.0037884862843550965,0.004789336882095154,0.007903720383301447,0.992565367098414,0.7969446643117315,False
etf/SHY,etf,30,200,long,2009-10-16,2015-05-28,2019-02-22,1411,941,0.8819500184381616,0.4403748623038125,0.8252829254922357,0.2742489424856403,-0.009261495920162711,-0.012782687094857118,0.007643354447426288,0.003505638417889406,0.008019649446309386,1.0480303216325857,0.7911456425783149,False
etf/SHY,etf,40,100,long,2009-05-27,2015-03-31,2019-02-22,1471,981,0.5739024673724802,0.6895582921741965,0.3481441787663286,0.6077724679171284,-0.015186300499418772,-0.008808893003321622,0.005287022115868834,0.005353802640246707,0.00778739919689944,1.0308580373306773,0.7767142388492209,False
etf/SHY,etf,50,150,long,2009-08-06,2015-04-29,2019-02-22,1441,961,0.9547338633867896,0.4861043169156188,0.9726597791191749,0.35773626658857405,-0.008654922393523196,-0.010762417224649067,0.008418294903577872,0.0038501069574145195,0.007970451973170188,1.1777264178323938,0.7769309357698292,False
etf/SHY,etf,50,200,long,2009-10-16,2015-05-28,2019-02-22,1411,941,0.9747689249312866,0.595770299993886,0.9797058573803121,0.4587538770125833,-0.008654922393523194,-0.010421919971676161,0.008479278164106704,0.004781096192921311,0.008060480979061934,1.0480303216325857,0.7911456425783149,False
etf/SHY,etf,60,120,long,2009-06-24,2015-04-13,2019-02-22,1459,973,0.8630385766614406,0.559439231872479,0.887304271961834,0.44381268855683886,-0.008654922393523194,-0.009819277014169932,0.007679549613271271,0.004357919731343127,0.007827641183547682,1.1498221733530392,0.7697555878544472,False
etf/SHY,etf,60,132,long,2009-07-13,2015-04-20,2019-02-22,1452,968,0.8665626489718553,0.4638499469423635,0.8887199366994611,0.3271398345267068,-0.008654922393523194,-0.01111610169281699,0.007691802081710682,0.0036365196683701955,0.007892771485422808,1.0558204300230114,0.7624355311839719,False
etf/SHY,etf,60,180,long,2009-09-18,2015-05-15,2019-02-22,1423,949,1.0109649108218963,0.5317813908008401,1.0264424475035903,0.3432569530195217,-0.008654922393523196,-0.012526300943184611,0.00888377972456158,0.00429973989436311,0.008130356471723122,1.0896090112040178,0.7719016545115612,False
etf/SHY,etf,60,400,long,2010-08-04,2015-09-21,2019-02-22,1291,861,0.8376386575946025,0.7417569333447629,0.8220476677316936,0.580675950466291,-0.008061488447616678,-0.01072153925623292,0.006626927776809281,0.006225739998074701,0.008414991591716707,0.8376386575946025,0.8193513112681502,False
etf/SHY,etf,62,758,long,2012-01-04,2016-04-15,2019-02-22,1076,718,0.7461663415306368,0.7675598724991353,0.7745317851845143,0.6310090976085735,-0.0071133718582664,-0.01073528662161803,0.00550953260406436,0.006774063523676584,0.008846718324286828,0.7461663415306368,0.7675598724991353,False
etf/SHY,etf,74,758,long,2012-01-04,2016-04-15,2019-02-22,1076,718,0.7461663415306368,0.7675598724991353,0.7745317851845143,0.6310090976085735,-0.0071133718582664,-0.01073528662161803,0.00550953260406436,0.006774063523676584,0.008846718324286828,0.7461663415306368,0.7675598724991353,False
etf/SHY,etf,80,144,long,2009-07-29,2015-04-24,2019-02-22,1444,964,0.9854207132097209,0.5103355600599236,1.004929023734768,0.3242191106082702,-0.008654922393523196,-0.012632695330953066,0.008697582711423445,0.00409576124478685,0.0080730787012387,1.162945734625496,0.7618526554587104,False
etf/SHY,etf,80,300,long,2010-03-12,2015-07-24,2019-02-22,1351,901,1.030012151417799,0.7133367701588667,1.0572438953103371,0.5616099414524296,-0.008061488447616685,-0.010754975964516219,0.008522959448357547,0.006040101421754241,0.008492514192207914,1.030012151417799,0.8218291959034487,False
etf/SHY,etf,100,200,long,2009-10-16,2015-05-28,2019-02-22,1411,941,1.0480303216325857,0.5608644351167016,1.056552622079692,0.37021117013477883,-0.008654922393523194,-0.01272204594884672,0.009144380948773173,0.004709843517230966,0.008441285586193347,1.0480303216325857,0.7911456425783149,False
etf/SHY,etf,100,250,long,2009-12-29,2015-06-25,2019-02-22,1381,921,1.0985692700138034,0.7075356022681254,1.1415336431168854,0.548646925786236,-0.008061488447616675,-0.010992270390850017,0.009202460276552549,0.006030875357350928,0.008549874053643143,1.0985692700138034,0.8200773565234941,False
etf/SHY,etf,100,300,long,2010-03-12,2015-07-24,2019-02-22,1351,901,1.030012151417799,0.6700781370240215,1.0572438953103371,0.4701960157481999,-0.008061488447616685,-0.012057566486751166,0.008522959448357547,0.0056694197216894185,0.008490763730528105,1.030012151417799,0.8218291959034487,False
etf/SHY,etf,100,400,long,2010-08-04,2015-09-21,2019-02-22,1291,861,0.8376386575946025,0.6244052683465975,0.8220476677316936,0.4173926922171018,-0.008061488447616678,-0.012695906061676025,0.006626927776809281,0.005299178411218378,0.008522531990500577,0.8376386575946025,0.8193513112681502,False
etf/SHY,etf,116,378,long,2010-07-02,2015-09-08,2019-02-22,1304,870,0.8612844555126411,0.6436069735046032,0.8401049703363355,0.4387949232171094,-0.00806148844761668,-0.01257818214411035,0.006772496513151722,0.005519242468135717,0.008609512987219285,0.8612844555126411,0.830082133494527,False
etf/SHY,etf,120,398,long,2010-08-02,2015-09-18,2019-02-22,1292,862,0.8478223290377291,0.6405224527747373,0.8328720503221083,0.47226957093779953,-0.008061488447616678,-0.011557806813438785,0.006714188412014493,0.0054584004647647115,0.008555782668581369,0.8478223290377291,0.7992135574774114,False
etf/SHY,etf,134,750,long,2011-12-21,2016-04-12,2019-02-22,1081,721,0.7436773419441539,0.7740617941772473,0.7705909678887258,0.6360883001593943,-0.0071133718582664,-0.010735286621618031,0.00548150010521393,0.0068285902188689,0.008842326652938142,0.7436773419441539,0.7740617941772473,False
etf/SHY,etf,150,400,long,2010-08-04,2015-09-21,2019-02-22,1291,861,0.8376386575946025,0.687020016892135,0.8220476677316936,0.5485394654312878,-0.008061488447616678,-0.010728596289060728,0.006626927776809281,0.005885058473229471,0.008594750948296833,0.8376386575946025,0.8193513112681502,False
etf/SHY,etf,150,500,long,2010-12-27,2015-11-16,2019-02-22,1231,821,0.8548039071985359,0.7372676737452017,1.1030851943156854,0.52169893979628,-0.005982954900314048,-0.012277474179162258,0.006599708968794904,0.006405145262645153,0.008711484047229986,0.8548039071985359,0.9015569809331163,False
etf/SHY,etf,150,710,long,2011-10-25,2016-03-18,2019-02-22,1105,737,0.6738546701432194,0.8512383141096517,0.686328880785639,0.7019220995533888,-0.007113371858266407,-0.010735286621618033,0.004882112546096044,0.007535334924753536,0.008865244193532382,0.6738546701432194,0.8512383141096517,False
etf/SHY,etf,162,678,long,2011-09-09,2016-03-01,2019-02-22,1124,750,0.6147538715608112,0.8537925705072077,0.6182663650265051,0.7082837286227885,-0.007113371858266397,-0.010735286621618038,0.004397958561892201,0.007603628836193963,0.008918668724440925,0.6147538715608112,0.8537925705072077,False
etf/SHY,etf,174,698,long,2011-10-07,2016-03-11,2019-02-22,1112,742,0.6344272956827246,0.9354372358540213,0.6405575424180155,0.7761912473908922,-0.007113371858266402,-0.010735286621618035,0.004556523995836599,0.008332635513932459,0.00891338471532869,0.6344272956827246,0.9354372358540213,False
etf/SHY,etf,200,400,long,2010-08-04,2015-09-21,2019-02-22,1291,861,0.8376386575946025,0.7081279150429128,0.8220476677316936,0.5607132727238249,-0.008061488447616678,-0.01097086531550113,0.006626927776809281,0.006151509795666936,0.008714048195318493,0.8376386575946025,0.8193513112681502,False
etf/SHY,etf,200,600,long,2011-05-19,2016-01-14,2019-02-22,1171,781,0.7656815620769298,0.9059381968209393,0.7737597184997249,0.7593645615145052,-0.007113371858266402,-0.010735286621618033,0.005504040606636076,0.008151996218157511,0.009006775945750388,0.7656815620769298,0.9059381968209393,False
etf/SPY,etf,5,20,long,2009-01-30,2015-02-12,2019-02-22,1519,1013,0.5787402677211069,0.047858676790671045,0.3747959013288776,0.002884924051354095,-0.17743075826336005,-0.16520947585179355,0.06650032096678223,0.0004766167903964428,0.08409019888399989,1.0752906618339153,0.7422356383328519,False
etf/SPY,etf,5,35,long,2009-02-23,2015-02-23,2019-02-22,1510,1007,0.7538513087220406,0.32676786694892473,0.6158757664676155,0.18478495786710833,-0.14405435497094643,-0.1340190547992844,0.0887195862807296,0.024764705394475447,0.08630304679296708,1.2061692547274891,0.7246851182321306,False
etf/SPY,etf,8,21,long,2009-02-02,2015-02-12,2019-02-22,1518,1013,0.7292284779090041,0.19004650377011312,0.6011561660952572,0.08189835381876343,-0.14539921646695467,-0.15029319872507751,0.08740763552452886,0.012308765565740122,0.08221772758030034,1.0785242322236945,0.7422356383328519,False
etf/SPY,etf,9,21,long,2009-02-02,2015-02-12,2019-02-22,1518,1013,0.8036471274364386,0.2760863426764845,0.8314009533711971,0.12921878803251374,-0.11685199090804047,-0.15340491394121625,0.0971508566442673,0.019822797057716036,0.08388357016693167,1.0785242322236945,0.7422356383328519,False
etf/SPY,etf,10,20,long,2009-01-30,2015-02-12,2019-02-22,1519,1013,0.7387216332008579,0.2890769823777737,0.5725489490040191,0.1205156417054943,-0.15461274062433192,-0.17529402728524845,0.08852336214709225,0.021125672185422145,0.08480906259062072,1.0752906618339153,0.7422356383328519,False
etf/SPY,etf,10,30,long,2009-02-13,2015-02-19,2019-02-22,1513,1009,0.7654815922579743,0.14929998143678264,0.6552466160280506,0.059095141674523205,-0.13795011408802774,-0.1557109588657765,0.09039134543686368,0.009201761174448916,0.08646832291328121,1.0915617086868863,0.734519774841147,False
etf/SPY,etf,10,100,long,2009-05-27,2015-03-31,2019-02-22,1471,981,0.8529658316461203,0.6465213247815821,0.5607888329356974,0.4902147449526388,-0.1887623830337755,-0.12319895096589806,0.10585583648367203,0.060393942326180367,0.09819151132173094,1.1071290351862826,0.775783226412143,False
etf/SPY,etf,12,26,long,2009-02-09,2015-02-17,2019-02-22,1515,1011,0.8196615021661391,0.13723177616858775,0.7300864777242021,0.04550741004797028,-0.13241908391604806,-0.17925282726888053,0.09667738255973307,0.008157331912782935,0.08670844928854127,1.0374297519854419,0.7326580846239594,False
etf/SPY,etf,13,48,long,2009-03-12,2015-03-02,2019-02-22,1502,1002,0.9927900356238187,0.5595870814149665,0.7106496353887768,0.36889203209658633,-0.1781920587005231,-0.1334387421660231,0.12663212154470224,0.04922448875803671,0.09376123965334499,1.2374393064199032,0.7199588962158302,False
etf/SPY,etf,20,50,long,2009-03-16,2015-03-03,2019-02-22,1501,1001,0.9657070525605791,0.7058726605506743,0.6441252652159174,0.5941842285786809,-0.19329667292809155,-0.10970627700603965,0.1245072707151614,0.06518573957307275,0.09602829072954254,1.2291257908725701,0.7279507054712969,False
etf/SPY,etf,20,60,long,2009-03-30,2015-03-09,2019-02-22,1495,997,0.8851970059468993,0.7868578176933513,0.6260649532313751,0.7380900826487293,-0.1807308343906882,-0.10101887175637403,0.11314924138027362,0.0745610274037435,0.09745775241782405,1.2024945184159366,0.7546415826770192,True
etf/SPY,etf,20,100,long,2009-05-27,2015-03-31,2019-02-22,1471,981,0.7455480099192408,0.43900256140093025,0.3343491017291918,0.3233380506555509,-0.27426290852258883,-0.1258944454345172,0.09169955710216308,0.040706464575158405,0.10303538787079808,1.1071290351862826,0.775783226412143,False
etf/SPY,etf,21,55,long,2009-03-23,2015-03-05,2019-02-22,1498,999,0.9569594646686564,0.784469543074773,0.6869601141997193,0.7335435677069174,-0.17840377141433644,-0.10101887175637403,0.12255627518445318,0.07410174359389816,0.0971739285935675,1.1607569069065822,0.7345224301644765,True
etf/SPY,etf,30,90,long,2009-05-12,2015-03-25,2019-02-22,1477,985,0.8687254981074607,0.41937996560999236,0.4559016962946843,0.25232472849043885,-0.24238600957734666,-0.15479047494719375,0.11050419292441194,0.03905746456395674,0.10441232566313503,1.0779094054431306,0.779263735639281,False
etf/SPY,etf,30,200,long,2009-10-16,2015-05-28,2019-02-22,1411,941,0.7119724773259607,0.41063988478165553,0.406454434176945,0.283188483388384,-0.22834740368664985,-0.1461022134821177,0.09281281476123171,0.04137446425568682,0.11485427473395313,0.9689943920542219,0.7427541718413856,False
etf/SPY,etf,40,100,long,2009-05-27,2015-03-31,2019-02-22,1471,981,1.0945816969208768,0.45244411571486387,0.8434657691138642,0.22596058941541383,-0.17141246060876486,-0.19338305802755557,0.1445805429230718,0.04369694977486163,0.10732326912584778,1.1071290351862826,0.775783226412143,False
etf/SPY,etf,50,150,long,2009-08-06,2015-04-29,2019-02-22,1441,961,0.8759026227444147,0.46905185224508034,0.586224928259695,0.2972158241922033,-0.19836644120835634,-0.16076876974126153,0.1162873527664997,0.0477830224030156,0.11323183460529827,1.0379496357623903,0.7481261261759776,False
etf/SPY,etf,50,200,long,2009-10-16,2015-05-28,2019-02-22,1411,941,0.8995230370123947,0.24376293912068023,0.6802391153320948,0.11643854439089647,-0.1815054972772748,-0.1912633504091482,0.12346713889580535,0.02227042611696719,0.12000720731287741,0.9689943920542219,0.7427541718413856,False
etf/SPY,etf,60,120,long,2009-06-24,2015-04-13,2019-02-22,1459,973,1.0320987574765186,0.4577855985852671,0.8133798809840094,0.30022797447784483,-0.17308111290640876,-0.15364971937771876,0.14078069501639465,0.04612994402786177,0.11235236560926601,1.1238811918995797,0.755479535886431,False
etf/SPY,etf,60,132,long,2009-07-13,2015-04-20,2019-02-22,1452,968,0.9880316380493218,0.48359482619140354,0.6484153230897218,0.3125551899400973,-0.20592480972964308,-0.15781069382416874,0.13352480203303602,0.0493245513827916,0.11275583077276688,1.138045694730832,0.7515691946128508,False
etf/SPY,etf,60,180,long,2009-09-18,2015-05-15,2019-02-22,1423,949,0.9190826606123143,0.28132107325402206,0.7266357157212675,0.15141643971060995,-0.17469469642755323,-0.17712752021348485,0.1269394057713447,0.026820018485494975,0.11959673883902364,0.9819699733525308,0.7388248926943666,False
etf/SPY,etf,60,400,long,2010-08-04,2015-09-21,2019-02-22,1291,861,0.9229396370047881,0.801085908947308,0.7394338729235763,0.5209510556762708,-0.18605476662899303,-0.19348912161217147,0.1375751966643685,0.10079836216573505,0.1305566135069948,0.9229396370047881,0.9830264748939282,False
etf/SPY,etf,62,758,long,2012-01-04,2016-04-15,2019-02-22,1076,718,1.0904142009855686,1.0385068123207402,1.1030946073307317,0.6743045855445325,-0.13035098702342202,-0.19348912161217147,0.143789470845775,0.13047060195607094,0.1257370330556063,1.0904142009855686,1.0385068123207402,False
etf/SPY,etf,74,758,long,2012-01-04,2016-04-15,2019-02-22,1076,718,1.0904142009855686,1.0385068123207402,1.1030946073307317,0.6743045855445325,-0.13035098702342202,-0.19348912161217147,0.143789470845775,0.13047060195607094,0.1257370330556063,1.0904142009855686,1.0385068123207402,False
etf/SPY,etf,80,144,long,2009-07-29,2015-04-24,2019-02-22,1444,964,0.9156635478055105,0.3000206668422231,0.728388994859149,0.16865169831246055,-0.17308111290640882,-0.17211940714356597,0.126070377859002,0.029028230327296255,0.11910687655380046,1.0666742124942177,0.7370465837215611,False
etf/SPY,etf,80,300,long,2010-03-12,2015-07-24,2019-02-22,1351,901,0.8405421143375053,0.650060966230512,0.6320409024259748,0.4254413227562834,-0.19694746663244744,-0.19348912161217138,0.12447885454088163,0.08231826783763357,0.13594242743568175,0.9176205888911909,0.8015021522507169,False
etf/SPY,etf,100,200,long,2009-10-16,2015-05-28,2019-02-22,1411,941,0.8992966045822575,0.1664887220087139,0.7360361225697052,0.06411304562196085,-0.17308111290640882,-0.20543324804371843,0.1273939512336825,0.01317095120409452,0.12760930175668206,0.9689943920542219,0.7427541718413856,False
etf/SPY,etf,100,250,long,2009-12-29,2015-06-25,2019-02-22,1381,921,0.8121060623872495,0.6214917188384962,0.506911923674359,0.40052625270297465,-0.23450721706714678,-0.19348912161217147,0.11887450451902785,0.07749747281811319,0.13474888350955744,0.9385280673910864,0.7685141667966064,False
etf/SPY,etf,100,300,long,2010-03-12,2015-07-24,2019-02-22,1351,901,0.9176205888911909,0.6149954987971431,0.7486422839588794,0.40072027854877473,-0.186054766628993,-0.19348912161217138,0.13928846543056564,0.07753501470858706,0.13664607466206702,0.9176205888911909,0.8015021522507169,False
etf/SPY,etf,100,400,long,2010-08-04,2015-09-21,2019-02-22,1291,861,0.9229396370047881,0.9830264748939282,0.7394338729235763,0.6702136408119967,-0.18605476662899303,-0.19348912161217147,0.1375751966643685,0.12967904865320865,0.13308603103491332,0.9229396370047881,0.9830264748939282,False
etf/SPY,etf,116,378,long,2010-07-02,2015-09-08,2019-02-22,1304,870,1.0353924100599798,0.9724194284160551,0.8509540411938117,0.6628693007128841,-0.18605476662899303,-0.19348912161217147,0.15832405554631315,0.1282579987386103,0.13326791518625777,1.0353924100599798,0.9724194284160551,False
etf/SPY,etf,120,398,long,2010-08-02,2015-09-18,2019-02-22,1292,862,0.9177666973561125,0.9944011666717535,0.7344704043125208,0.678803778174068,-0.18605476662899303,-0.19348912161217147,0.1366517196702682,0.1313411467859237,0.1330362932655888,0.9177666973561125,0.9944011666717535,False
etf/SPY,etf,134,750,long,2011-12-21,2016-04-12,2019-02-22,1081,721,1.1178438555993162,1.06042244058796,1.1366529473011098,0.6897054957823636,-0.1303509870234221,-0.19348912161217147,0.14816383358378143,0.13345051055001678,0.12560669212569311,1.1178438555993162,1.06042244058796,False
etf/SPY,etf,150,400,long,2010-08-04,2015-09-21,2019-02-22,1291,861,0.9229396370047881,0.9830264748939282,0.7394338729235763,0.6702136408119967,-0.18605476662899303,-0.19348912161217147,0.1375751966643685,0.12967904865320865,0.13308603103491332,0.9229396370047881,0.9830264748939282,False
etf/SPY,etf,150,500,long,2010-12-27,2015-11-16,2019-02-22,1231,821,0.8641309703498764,0.9278260979220475,0.6888283634172087,0.6232392978615107,-0.18605476662899292,-0.19348912161217147,0.12815980040301989,0.12059002429741018,0.13216192646685673,0.8641309703498764,0.9278260979220475,False
etf/SPY,etf,150,710,long,2011-10-25,2016-03-18,2019-02-22,1105,737,1.0533084832052515,1.062564965183995,1.126048492655557,0.6888108102015974,-0.13035098702342215,-0.19348912161217147,0.14678153245388859,0.13327739862287524,0.1251563596333562,1.0533084832052515,1.062564965183995,False
etf/SPY,etf,162,678,long,2011-09-09,2016-03-01,2019-02-22,1124,750,1.0431682890936205,1.1460212597605897,1.1620665760013462,0.7478442808035618,-0.13035098702342204,-0.19348912161217147,0.15147652516870397,0.1446997329953673,0.12475336029427386,1.0431682890936205,1.1460212597605897,False
etf/SPY,etf,174,698,long,2011-10-07,2016-03-11,2019-02-22,1112,742,1.1112671509985395,1.0938149083447914,1.2154170964550965,0.7099706606222487,-0.13035098702342204,-0.19348912161217147,0.1584308181680636,0.137371599494212,0.12484353891015092,1.1112671509985395,1.0938149083447914,False
etf/SPY,etf,200,400,long,2010-08-04,2015-09-21,2019-02-22,1291,861,0.9229396370047881,0.9830264748939282,0.7394338729235763,0.6702136408119967,-0.18605476662899303,-0.19348912161217147,0.1375751966643685,0.12967904865320865,0.13308603103491332,0.9229396370047881,0.9830264748939282,False
etf/SPY,etf,200,600,long,2011-05-19,2016-01-14,2019-02-22,1171,781,0.6990485728676006,1.1483615083133882,0.5566772865994984,0.7766756586864331,-0.18366771453813224,-0.19348912161217147,0.10224364496501871,0.15027829097679263,0.12922697299076175,0.6990485728676006,1.1483615083133882,False
fut_commodity/BRENT_W,fut_commodity,5,20,long,1990-10-19,2013-01-16,2024-03-28,5125,3417,0.5333791753265762,0.5073375152068356,-0.604671756636337,0.15033702600334367,-0.9999999994135265,-0.8043240384025879,-0.604671756281713,0.12091968387644425,0.6456505996768632,0.6467393659033674,0.4527540275695532,True
fut_commodity/BRENT_W,fut_commodity,5,35,long,1990-11-09,2013-01-23,2024-03-28,5116,3411,0.5792151703319265,0.4732554889777444,-0.5916656841790051,0.11773779420167847,-0.9999999993540061,-0.7979515917383729,-0.5916656837967926,0.09394906029099431,0.656543484695005,0.6483459020718354,0.4505591583494149,True
fut_commodity/BRENT_W,fut_commodity,8,21,long,1990-10-22,2013-01-16,2024-03-28,5124,3417,0.5560908139317808,0.5745362556838493,-0.595103480243214,0.2139938438130356,-0.9999999990485994,-0.7968489904904813,-0.5951034796770323,0.17052077841359514,0.6492511454319257,0.6468025450729913,0.4527540275695532,True
fut_commodity/BRENT_W,fut_commodity,9,21,long,1990-10-22,2013-01-16,2024-03-28,5124,3417,0.5388721645408528,0.5935093043589225,-0.6037669436818788,0.22875228364369304,-0.9999999992989805,-0.8089116710976451,-0.6037669432586263,0.18504039202962225,0.6488165580446474,0.6468025450729913,0.4527540275695532,True
fut_commodity/BRENT_W,fut_commodity,10,20,long,1990-10-19,2013-01-16,2024-03-28,5125,3417,0.5343307335189019,0.5671399926375772,-0.605629478451883,0.2009480596870645,-0.9999999993209643,-0.8211101381310804,-0.6056294780406389,0.1650004890468181,0.6482134234936291,0.6467393659033674,0.4527540275695532,True
fut_commodity/BRENT_W,fut_commodity,10,30,long,1990-11-02,2013-01-21,2024-03-28,5119,3413,0.6259236662631211,0.5607064018652238,-0.568273842273018,0.19933010373529417,-0.9999999986915209,-0.7953743943437847,-0.5682738415294436,0.15854206053294337,0.6589659081183834,0.6478321429942416,0.45123620833475003,True
fut_commodity/BRENT_W,fut_commodity,10,100,long,1991-02-14,2013-02-22,2024-03-28,5077,3385,0.6120048913966548,0.4145847188458683,-0.5403770060462852,0.05680269583796954,-0.9999999955522688,-0.8325233653623337,-0.5403770036428336,0.04728957150067943,0.6759664779415292,0.6890726062610623,0.4486927534354557,False
fut_commodity/BRENT_W,fut_commodity,12,26,long,1990-10-29,2013-01-18,2024-03-28,5121,3415,0.6233735397658579,0.6125253923970515,-0.5689889308718051,0.2669825838800037,-0.9999999979146473,-0.7455333139714908,-0.5689889296852626,0.19904441053273064,0.6549493136729064,0.6475995574260731,0.4513688297289247,True
fut_commodity/BRENT_W,fut_commodity,13,48,long,1990-11-28,2013-01-29,2024-03-28,5108,3406,0.6765964520457879,0.47577243047864826,-0.4993714941873048,0.11424167845399576,-0.9999999931111275,-0.8048754244392337,-0.4993714907471983,0.09195031943431028,0.676366409347848,0.649507254457683,0.44925612783293134,True
fut_commodity/BRENT_W,fut_commodity,20,50,long,1990-11-30,2013-01-30,2024-03-28,5107,3405,0.6313634975942928,0.47303612352189756,-0.5279896075712713,0.10729116244306591,-0.999999994296717,-0.8426484237213709,-0.5279896045599972,0.09040872891188305,0.6720977276775086,0.6500800057233668,0.4480491510094408,True
fut_commodity/BRENT_W,fut_commodity,20,60,long,1990-12-14,2013-02-04,2024-03-28,5101,3401,0.6304108135526996,0.4425306879629368,-0.5291406066312944,0.08012980624647506,-0.9999999933736424,-0.8482561326555758,-0.5291406031250195,0.06797059955707553,0.6734368144491528,0.65269727233655,0.4454707970425425,False
fut_commodity/BRENT_W,fut_commodity,20,100,long,1991-02-14,2013-02-22,2024-03-28,5077,3385,0.6192742806852289,0.39176501697807037,-0.5356875394097159,0.037157066616341834,-0.9999999953073676,-0.8714867322497445,-0.5356875368959312,0.03238189056546181,0.6713807321588797,0.6890726062610623,0.4486927534354557,False
fut_commodity/BRENT_W,fut_commodity,21,55,long,1990-12-07,2013-02-01,2024-03-28,5104,3403,0.6162379831896079,0.4646780258564452,-0.5373408863746619,0.10051987565483808,-0.9999999933736424,-0.8359119998045451,-0.5373408828140491,0.0840257702787399,0.6733795408821194,0.6509613730526101,0.4464549953887534,True
fut_commodity/BRENT_W,fut_commodity,30,90,long,1991-01-31,2013-02-18,2024-03-28,5083,3389,0.6522254249615466,0.42906397526477813,-0.5176346687524991,0.06939275267995716,-0.9999999931111275,-0.8540586342237656,-0.5176346651865799,0.05926547957887176,0.6689876342529093,0.6872113992319794,0.44336817267728923,False
fut_commodity/BRENT_W,fut_commodity,30,200,long,1991-07-23,2013-04-15,2024-03-28,5017,3345,0.5410940437348442,0.4904645102150837,-0.5777703339159204,0.13217429106501036,-0.9999999964171479,-0.8146463563010758,-0.5777703318458547,0.10767530461278853,0.6451991126218473,0.6730213910302084,0.46677726652317664,True
fut_commodity/BRENT_W,fut_commodity,40,100,long,1991-02-14,2013-02-22,2024-03-28,5077,3385,0.6675454591008514,0.4855726248405464,-0.5060330477882464,0.11847348906092457,-0.9999999931111275,-0.8552903654759099,-0.5060330443022493,0.10132923375812439,0.6624457606466188,0.6890726062610623,0.4486927534354557,True
fut_commodity/BRENT_W,fut_commodity,50,150,long,1991-05-13,2013-03-19,2024-03-28,5047,3365,0.6236316804813333,0.3505624936984425,-0.5329867447974982,0.01047049197093253,-0.9999999931111275,-0.8868132908845138,-0.5329867411258205,0.009285371441922556,0.6540608306154074,0.6695570939533941,0.4553428212786281,False
fut_commodity/BRENT_W,fut_commodity,50,200,long,1991-07-23,2013-04-15,2024-03-28,5017,3345,0.48444775217990127,0.3339016985188901,-0.603793641118144,0.004564038942211406,-0.9999999988645913,-0.8804952024016851,-0.6037936404325915,0.004018614392191605,0.6348242397553188,0.6730213910302084,0.46677726652317664,False
fut_commodity/BRENT_W,fut_commodity,60,120,long,1991-03-27,2013-03-05,2024-03-28,5065,3377,0.6129948068112486,0.3641688123119534,-0.5390274254139369,0.019187337516049962,-0.9999999931111275,-0.877005806946985,-0.5390274217006457,0.016827406421427556,0.6591193533942822,0.6851416732427139,0.45414219362553915,False
fut_commodity/BRENT_W,fut_commodity,60,132,long,1991-04-16,2013-03-11,2024-03-28,5058,3372,0.6072433453400532,0.336108824794483,-0.5422070942502452,-0.0011093121764807123,-0.9999999931111275,-0.8923854502899967,-0.5422070905150497,-0.0009899340461209168,0.6564821596033784,0.6712498967052886,0.4538140615122702,False
fut_commodity/BRENT_W,fut_commodity,60,180,long,1991-06-25,2013-04-05,2024-03-28,5029,3353,0.5138171865440594,0.30254383333335944,-0.588502098610271,-0.02029386788462167,-0.9999999987095927,-0.8889838246012812,-0.5885020978508636,-0.018040920288024086,0.6419927980586508,0.6895881246334142,0.45959798678367475,False
fut_commodity/BRENT_W,fut_commodity,60,400,long,1992-05-07,2013-07-17,2024-03-28,4897,3265,0.5408138614034653,0.4987871341555082,-0.5401442020157237,0.16521630682566846,-0.9999999931111275,-0.7258365910166529,-0.5401441982947391,0.11992004092670455,0.5876703167108902,0.6895621071119601,0.463178858007028,True
fut_commodity/BRENT_W,fut_commodity,62,758,long,1994-08-08,2014-01-02,2024-03-28,4682,3122,0.40489478186894173,0.1971390909712332,-0.6049681294504868,-0.06261569592956896,-0.9999999931111275,-0.9233552015648548,-0.6049681252829385,-0.057816528536170815,0.5715322486574583,0.7734364084830053,0.46402866070004994,False
fut_commodity/BRENT_W,fut_commodity,74,758,long,1994-08-08,2014-01-02,2024-03-28,4682,3122,0.5065217273416173,0.24227641729293692,0.005573277624632664,-0.031685332369359866,-0.9882693979316911,-0.8887688372024818,0.005507899722601888,-0.028160936006290126,0.5587768727534375,0.7734364084830053,0.46402866070004994,False
fut_commodity/BRENT_W,fut_commodity,80,144,long,1991-05-02,2013-03-15,2024-03-28,5050,3368,0.5552334623113179,0.33533778850576473,-0.5689382727380291,-0.0002658397652939946,-0.9999999974839433,-0.8698830397706605,-0.5689382713065482,-0.00023124950312585898,0.6517961557307458,0.6707308794030026,0.45508268880339225,False
fut_commodity/BRENT_W,fut_commodity,80,300,long,1991-12-11,2013-05-31,2024-03-28,4957,3305,0.5372322440048996,0.4267134437025279,-0.5369086957211225,0.0996336880670247,-0.9999999931111275,-0.7365532398937975,-0.536908692022427,0.07338551574833503,0.5886602151380589,0.6955287525471971,0.46876965867933235,False
fut_commodity/BRENT_W,fut_commodity,100,200,long,1991-07-23,2013-04-15,2024-03-28,5017,3345,0.5765360379605319,0.3637097522940435,-0.5172653242525507,0.04322573385039176,-0.9999999931111275,-0.7233708684056549,-0.5172653206891759,0.0312682366328296,0.6019947803353164,0.6730213910302084,0.46677726652317664,False
fut_commodity/BRENT_W,fut_commodity,100,250,long,1991-10-02,2013-05-08,2024-03-28,4987,3325,0.5570537286753808,0.4219926507531635,-0.5245473603231106,0.09747822420384256,-0.9999999931111275,-0.7150807053703196,-0.5245473567095706,0.0697047973219299,0.592526501217355,0.659862643265457,0.46416362691804847,False
fut_commodity/BRENT_W,fut_commodity,100,300,long,1991-12-11,2013-05-31,2024-03-28,4957,3305,0.47767897058478254,0.3290141388641412,-0.5639774251884121,0.01745406938129196,-0.9999999931111275,-0.8343043248642028,-0.5639774213032436,0.014562005571291742,0.5835362026734204,0.6955287525471971,0.46876965867933235,False
fut_commodity/BRENT_W,fut_commodity,100,400,long,1992-05-07,2013-07-17,2024-03-28,4897,3265,0.5025250077252094,0.3274054798458722,-0.5521152761907228,0.016595616570028053,-0.9999999931111275,-0.8903676711021998,-0.552115272387271,0.014776200475960956,0.5772259273812655,0.6895621071119601,0.463178858007028,False
fut_commodity/BRENT_W,fut_commodity,116,378,long,1992-04-02,2013-07-07,2024-03-28,4910,3274,0.5094816995432032,0.28378797359422125,-0.544736743463766,-0.009211473905663469,-0.9999999931111275,-0.9070971018426898,-0.544736739711144,-0.008355701283526895,0.5685541631669015,0.7053677041539285,0.46319939939297283,False
fut_commodity/BRENT_W,fut_commodity,120,398,long,1992-05-05,2013-07-16,2024-03-28,4898,3266,0.46292457651762237,0.23632538803357725,-0.564984218280944,-0.036871000292584194,-0.9999999931111275,-0.9184566125725687,-0.5649842143888398,-0.03386441403088907,0.5649815432168128,0.6886769996981836,0.46276523636382544,False
fut_commodity/BRENT_W,fut_commodity,134,750,long,1994-07-27,2013-12-29,2024-03-28,4687,3125,0.5087120723021376,0.21099551726065724,0.10544009353000999,-0.019796700904084863,-0.8906723137119156,-0.7760319159903386,0.09391257206237479,-0.015362871732884645,0.48306826153003685,0.7723868534794488,0.4626239206528108,False
fut_commodity/BRENT_W,fut_commodity,150,400,long,1992-05-07,2013-07-17,2024-03-28,4897,3265,0.3168312787462198,0.20857045889200668,-0.6161661097014408,-0.04225329868011989,-0.9999999931111275,-0.9187218667564441,-0.6161661054567511,-0.03881902944001734,0.5333051078563905,0.6895621071119601,0.463178858007028,False
fut_commodity/BRENT_W,fut_commodity,150,500,long,1992-09-28,2013-09-02,2024-03-28,4837,3225,0.44788310802251097,0.19087396155289987,-0.023154671063775036,-0.05070194728315936,-0.9882693979316911,-0.9080987523069407,-0.022883052831503305,-0.0460423750673693,0.5275885755693236,0.6811978774800433,0.45893895242519667,False
fut_commodity/BRENT_W,fut_commodity,150,710,long,1993-07-29,2013-12-09,2024-03-28,4711,3141,0.49378300464220787,0.13086258284667748,0.09204211999121838,-0.07311702605280011,-0.8907187779785879,-0.8636255665343977,0.08198364464113658,-0.06314573304815982,0.5014250295927609,0.7620905613099819,0.462556144686166,False
fut_commodity/BRENT_W,fut_commodity,162,678,long,1993-06-14,2013-11-24,2024-03-28,4730,3154,0.48036036295016343,0.08074943840733659,0.08052857638113536,-0.09795648809005228,-0.8892159055541377,-0.8814816432762564,0.07160729096973682,-0.08634684609119032,0.5011012803224989,0.7364977845223253,0.46554531743161714,False
fut_commodity/BRENT_W,fut_commodity,174,698,long,1993-07-12,2013-12-03,2024-03-28,4718,3146,0.5350166460436981,0.13039015315591826,0.15013261809672504,-0.07561130536404145,-0.8893513836265975,-0.8525309901421028,0.13352065163180596,-0.06446098102794315,0.5053779607592374,0.7557222678490922,0.4625755405111078,False
fut_commodity/BRENT_W,fut_commodity,200,400,long,1992-05-07,2013-07-17,2024-03-28,4897,3265,0.3482500975214269,0.3723932549078624,-0.09485015875590151,0.08453162115338153,-0.9882762687129026,-0.7550973434986581,-0.0937381609821088,0.06382960257455336,0.4901922280431306,0.6895621071119601,0.463178858007028,False
fut_commodity/BRENT_W,fut_commodity,200,600,long,1993-02-18,2013-10-18,2024-03-28,4777,3185,0.5624250205765905,0.14541697104190301,0.18095480792839858,-0.06706174799359618,-0.8628648407220973,-0.8413414636752101,0.15613954152103535,-0.0564218292135503,0.5029288210580395,0.7227064816235472,0.4631038662440083,False
fut_commodity/COPPER,fut_commodity,5,20,long,1995-10-02,2013-10-25,2024-03-28,4560,3041,0.1377495071084674,-0.24581935260610452,0.007550015632075501,-0.09813971837890295,-0.5577436181127448,-0.48703594782241616,0.004210973035441571,-0.04779757075969399,0.1521880647386784,0.4306057978760134,0.17732301530188938,False
fut_commodity/COPPER,fut_commodity,5,35,long,1995-10-23,2013-11-01,2024-03-28,4551,3035,0.3628970872975481,-0.11008825768132452,0.12770917448538416,-0.06394346973794096,-0.47435552069897097,-0.46146587939020267,0.06057955196105014,-0.02950772949387974,0.15833320864207473,0.43613756415015675,0.16612009617723314,False
fut_commodity/COPPER,fut_commodity,8,21,long,1995-10-03,2013-10-27,2024-03-28,4560,3040,0.3087824308850512,0.006857230965837993,0.08739552510690747,-0.030261812646930782,-0.5334939424649616,-0.36291611304008803,0.0466249832430796,-0.010982499419371497,0.1558212216224937,0.4318817017556229,0.1745102017392927,False
fut_commodity/COPPER,fut_commodity,9,21,long,1995-10-03,2013-10-27,2024-03-28,4560,3040,0.2836700224132389,0.1004344859517383,0.07773378316872225,0.009377674356403047,-0.5174208229993693,-0.3819572178663607,0.04022107806201479,0.003581870407228423,0.15518356021613627,0.4318817017556229,0.1745102017392927,False
fut_commodity/COPPER,fut_commodity,10,20,long,1995-10-02,2013-10-25,2024-03-28,4560,3041,0.28322971526360036,0.10339847239499829,0.07193130271493557,0.010992049567474918,-0.5574797922197857,-0.3691254956636836,0.040100247691620794,0.004057445744953958,0.1549160035190206,0.4306057978760134,0.17732301530188938,False
fut_commodity/COPPER,fut_commodity,10,30,long,1995-10-16,2013-10-30,2024-03-28,4554,3037,0.46599751665855127,0.07091853116253762,0.17755485226804527,-0.00256163921716641,-0.49725922747828605,-0.4480359078790097,0.08829078867382939,-0.0011477063523216281,0.15669608020196224,0.4353586084730596,0.1674843492326122,False
fut_commodity/COPPER,fut_commodity,10,100,long,1996-01-29,2013-12-02,2024-03-28,4512,3009,0.5561061589617599,0.05284078078142551,0.29303359245761573,-0.011405062814202525,-0.40164178502958514,-0.3879501095049444,0.11769453514830876,-0.004424595367680639,0.1608719403935222,0.4500447628600611,0.17857624704248123,False
fut_commodity/COPPER,fut_commodity,12,26,long,1995-10-10,2013-10-29,2024-03-28,4557,3038,0.47363062367459086,0.006250544017090466,0.16394949228147082,-0.023325304608338232,-0.5492954413314001,-0.47842183740939304,0.09005670871880948,-0.01115933508885496,0.15627856484183872,0.4333983910895017,0.17150747489223328,False
fut_commodity/COPPER,fut_commodity,13,48,long,1995-11-09,2013-11-07,2024-03-28,4543,3030,0.5743272930799571,-0.003542125384431301,0.2419653669717603,-0.0318340422834385,-0.4967393387991034,-0.41414423848141013,0.12019371640183463,-0.01318388519925965,0.1594548981545142,0.4313249729763018,0.17779407843579653,False
fut_commodity/COPPER,fut_commodity,20,50,long,1995-11-13,2013-11-08,2024-03-28,4542,3029,0.6210742114455129,0.0972829850338622,0.31157480038851293,0.0070250683693734274,-0.431399083067239,-0.39505675259590645,0.1344130831944625,0.002775300696768886,0.15995482319131682,0.4320463979798193,0.17632300926265898,False
fut_commodity/COPPER,fut_commodity,20,60,long,1995-11-29,2013-11-13,2024-03-28,4536,3025,0.47760038862781984,0.09912831887064376,0.20041296947907936,0.00813166347156959,-0.4704087347908644,-0.38052984591853806,0.09427601140833385,0.0030943406478977802,0.15957597151776798,0.4268036681778954,0.1892892423205327,False
fut_commodity/COPPER,fut_commodity,20,100,long,1996-01-29,2013-12-02,2024-03-28,4512,3009,0.5494041255654202,0.11837082277450811,0.2575252973759765,0.017352546760124512,-0.45230238942878354,-0.35140538006817146,0.11647930734151223,0.006097778289392271,0.16149165964115145,0.4500447628600611,0.17857624704248123,False
fut_commodity/COPPER,fut_commodity,21,55,long,1995-11-20,2013-11-11,2024-03-28,4539,3027,0.5511592059295052,0.06654907822121196,0.26310252325418504,-0.005696919746042301,-0.4359583613343656,-0.3721070643947279,0.11470174490083133,-0.0021198640827921594,0.15971985897136745,0.4328314592534712,0.17495137533576913,False
fut_commodity/COPPER,fut_commodity,30,90,long,1996-01-15,2013-11-27,2024-03-28,4518,3013,0.5172564861087083,0.16303370539898002,0.25351299551692913,0.04273970480181381,-0.42365019383179875,-0.3130313708909781,0.10740082968962694,0.013378868385587496,0.16054757599926386,0.4500727864274948,0.18277315913681147,False
fut_commodity/COPPER,fut_commodity,30,200,long,1996-06-20,2014-01-17,2024-03-28,4452,2969,0.4501430446418811,0.09346246998988815,0.15798164629177688,0.007127689725672567,-0.5554083065124781,-0.32576734825013165,0.08774431862696912,0.0023219685810820603,0.1574479099866087,0.49469640890820893,0.1583236068737968,False
fut_commodity/COPPER,fut_commodity,40,100,long,1996-01-29,2013-12-02,2024-03-28,4512,3009,0.5110344003946077,0.11569222981826324,0.22734961080044463,0.0186736352608614,-0.4649277090479545,-0.30422211099353563,0.10570113370239481,0.005680932738982577,0.16107071889685765,0.4500447628600611,0.17857624704248123,False
fut_commodity/COPPER,fut_commodity,50,150,long,1996-04-10,2013-12-25,2024-03-28,4482,2989,0.4691208761383635,0.06118761442822356,0.16549418441029579,-0.007945749093846878,-0.5635882442151283,-0.3654313588341779,0.09327057681961326,-0.0029036258883199024,0.1589402330135113,0.45541006777485127,0.15182569533247914,False
fut_commodity/COPPER,fut_commodity,50,200,long,1996-06-20,2014-01-17,2024-03-28,4452,2969,0.4802520303001039,0.09889372133345763,0.17112827224802873,0.009778863823592965,-0.561464578651142,-0.3169738237906661,0.09608246327303736,0.003099643858492476,0.15885044208721677,0.49469640890820893,0.1583236068737968,False
fut_commodity/COPPER,fut_commodity,60,120,long,1996-02-27,2013-12-11,2024-03-28,4500,3001,0.46033229209003457,0.019836557016186505,0.17708279812421432,-0.02423018783358476,-0.5127024329087367,-0.39558654801053067,0.09079078142457137,-0.009585136362734554,0.16001616347246075,0.44937681788838046,0.1702416640814167,False
fut_commodity/COPPER,fut_commodity,60,132,long,1996-03-14,2013-12-17,2024-03-28,4493,2996,0.4652547215594995,0.033150778476732604,0.16335703073417882,-0.0186339738240534,-0.5639940904101262,-0.3972222016991658,0.09213239996102221,-0.007401828108795115,0.15945429687048662,0.4485340027823372,0.16172287114443978,False
fut_commodity/COPPER,fut_commodity,60,180,long,1996-05-22,2014-01-08,2024-03-28,4464,2977,0.44832365195983326,0.08676763251594778,0.15325057218753887,0.0036205512972319388,-0.5683917730230702,-0.3129127803002508,0.08710636444247523,0.0011329167726365258,0.1593561882173398,0.45491010900658563,0.1592057819259807,False
fut_commodity/COPPER,fut_commodity,60,400,long,1997-04-09,2014-04-22,2024-03-28,4332,2889,0.49847214054765493,0.015179358929633157,0.2225933503344662,-0.02459171495557897,-0.4580732882800127,-0.4076792227492565,0.1019640679369738,-0.010025531239161702,0.15783099547926482,0.44170869130578855,0.203811106943137,False
fut_commodity/COPPER,fut_commodity,62,758,long,1998-09-10,2014-10-07,2024-03-28,4117,2746,0.4614727545807736,0.13307438145915032,0.1501347033381265,0.022602983811849203,-0.6140227183593016,-0.3718263269228108,0.09218611866374375,0.008404384448255642,0.163820954607397,0.5233284511391385,0.21241597833774847,False
fut_commodity/COPPER,fut_commodity,74,758,long,1998-09-10,2014-10-07,2024-03-28,4117,2746,0.46742672979882116,0.07702883751827243,0.15294641178641105,-0.0017433785859184714,-0.6146979615153163,-0.4128008777480293,0.09401584754618902,-0.0007196682105142632,0.1627335878178672,0.5233284511391385,0.21241597833774847,False
fut_commodity/COPPER,fut_commodity,80,144,long,1996-04-01,2013-12-23,2024-03-28,4486,2991,0.43080739829271175,0.057360341901664114,0.14244276159115582,-0.011330616714911841,-0.5763242149093837,-0.3156590866735194,0.08209321274354739,-0.0035766121236767844,0.15963195045431156,0.45091720654254736,0.16353421447201524,False
fut_commodity/COPPER,fut_commodity,80,300,long,1996-11-12,2014-03-05,2024-03-28,4392,2929,0.5104052422089193,0.056995028742747325,0.23157643628996333,-0.008781909950894874,-0.4562314364908291,-0.37084814563597746,0.10565245018599694,-0.0032567550204315016,0.15568649444213964,0.4860881633186699,0.1734831746901655,False
fut_commodity/COPPER,fut_commodity,100,200,long,1996-06-20,2014-01-17,2024-03-28,4452,2969,0.39040670875661526,0.06325588035266232,0.11517188211067819,-0.006653475636273521,-0.6127028122227947,-0.3365543447828345,0.0705661360582047,-0.002239256133294588,0.1552246291008499,0.49469640890820893,0.1583236068737968,False
fut_commodity/COPPER,fut_commodity,100,250,long,1996-09-03,2014-02-10,2024-03-28,4422,2949,0.5226937527715461,0.05433449741556738,0.24321869809713834,-0.009252096505485922,-0.4491649105275482,-0.37735785344807693,0.1092453047694279,-0.0034913512772046214,0.15391432489588677,0.48436889269418404,0.17819759718621922,False
fut_commodity/COPPER,fut_commodity,100,300,long,1996-11-12,2014-03-05,2024-03-28,4392,2929,0.5115800933578761,0.07873075414307325,0.22643262843203987,0.0006983513345196924,-0.46778768534843745,-0.3781604812879227,0.10592239514158672,0.00026408887677002995,0.15382827386749265,0.4860881633186699,0.1734831746901655,False
fut_commodity/COPPER,fut_commodity,100,400,long,1997-04-09,2014-04-22,2024-03-28,4332,2889,0.5331090329402944,0.06919836516060571,0.23523374531801003,-0.0030870650674979694,-0.4750888770775456,-0.40144551531732503,0.11175693591387874,-0.001239288426839835,0.1542499783028732,0.44170869130578855,0.203811106943137,False
fut_commodity/COPPER,fut_commodity,116,378,long,1997-03-07,2014-04-10,2024-03-28,4345,2898,0.5143419241634405,0.1535411405230128,0.20595595426577765,0.03198260472736697,-0.5167583548787423,-0.37035368520233974,0.10642946010386475,0.011844875523150129,0.15112407418495113,0.4373780132408924,0.20064688628059404,False
fut_commodity/COPPER,fut_commodity,120,398,long,1997-04-07,2014-04-21,2024-03-28,4333,2890,0.5194811784036698,0.13777083422371464,0.21100716578244533,0.025273933721365945,-0.5108248694650359,-0.3730485948649047,0.10778770791700483,0.009428405461464298,0.15167962446499092,0.4482376962938108,0.2007796549640951,False
fut_commodity/COPPER,fut_commodity,134,750,long,1998-08-28,2014-10-03,2024-03-28,4122,2749,0.5106569917918848,0.08631506149566856,0.1766437721195791,0.0020085277478729983,-0.6008389323268905,-0.36558550227625664,0.10613445544252244,0.0007342886255419486,0.16347681316340362,0.5338210965322074,0.21856776700979416,False
fut_commodity/COPPER,fut_commodity,150,400,long,1997-04-09,2014-04-22,2024-03-28,4332,2889,0.5206480665416761,0.175602996804406,0.1984829461770593,0.045031681742843555,-0.5441812454473826,-0.33810594668983646,0.10801069685069793,0.015225479386699544,0.15117480639230577,0.44170869130578855,0.203811106943137,False
fut_commodity/COPPER,fut_commodity,150,500,long,1997-08-29,2014-06-08,2024-03-28,4272,2849,0.4505259569360086,0.12632438003145113,0.1475133521750125,0.019123011642493352,-0.5938361511801826,-0.39682474826211656,0.08759876130329623,0.007588484281045948,0.15481546048724604,0.45935019568502616,0.19974027002505038,False
fut_commodity/COPPER,fut_commodity,150,710,long,1998-07-02,2014-09-15,2024-03-28,4146,2765,0.48530929247695315,0.06819753832839866,0.15695022166193037,-0.0057012083114934406,-0.6265748662265701,-0.3719433615436393,0.09834106414205455,-0.002120526584237406,0.16234623234880052,0.5356216878918411,0.20522120411167077,False
fut_commodity/COPPER,fut_commodity,162,678,long,1998-05-18,2014-08-31,2024-03-28,4165,2778,0.4826335577303662,0.12533375090824672,0.15524309064517622,0.020970502089358,-0.6272409093785376,-0.3381059466898365,0.09737481735101507,0.007090251461483581,0.16491464321864105,0.5356370309096361,0.1922610773618344,False
fut_commodity/COPPER,fut_commodity,174,698,long,1998-06-16,2014-09-09,2024-03-28,4153,2770,0.4723376671385973,0.1686727424626395,0.15162136210519064,0.04235114701254547,-0.6230706784473893,-0.33810594668983646,0.09447082495399842,0.014319174654077126,0.16630240275934435,0.536392645107957,0.19568677254205297,False
fut_commodity/COPPER,fut_commodity,200,400,long,1997-04-09,2014-04-22,2024-03-28,4332,2889,0.4275435816602282,0.15058546338199527,0.1333968864982871,0.030575805383463182,-0.6097877940006694,-0.37256451921945527,0.08134379314434817,0.011391460232437593,0.1507047447377463,0.44170869130578855,0.203811106943137,False
fut_commodity/COPPER,fut_commodity,200,600,long,1998-01-26,2014-07-24,2024-03-28,4212,2809,0.5068932028534537,0.17916961478047072,0.1680218964124921,0.04752672341393264,-0.6187354923927146,-0.3381059466898365,0.10396111080954099,0.016069067812933713,0.1647042926321255,0.5202394368772995,0.17557390078891136,True
fut_commodity/CORN,fut_commodity,5,20,long,1972-11-16,2003-10-15,2024-03-28,7786,5192,0.09522464795937621,0.10263653235923773,0.013998888344834285,0.002688447980550927,-0.28981873575333167,-0.5667924256399491,0.004057140122051922,0.0015237919521032828,0.18881254821135693,-0.11095344993921205,0.1429631643933289,False
fut_commodity/CORN,fut_commodity,5,35,long,1972-12-08,2003-10-23,2024-03-28,7777,5186,0.13497398203607833,0.17641971769032108,0.023489525833047097,0.024449756637540777,-0.2836640497652247,-0.6346493783218472,0.006663134024867003,0.015517022850135712,0.19249236044128548,-0.10045812986878605,0.13795448937234545,True
fut_commodity/CORN,fut_commodity,8,21,long,1972-11-17,2003-10-16,2024-03-28,7786,5191,0.17606658237575665,0.17232724062626262,0.0371046229884774,0.023471204024884982,-0.2505780822198226,-0.6284878579225481,0.00929760526994221,0.014751366740463052,0.19131118203405836,-0.1125318389010187,0.14375640047298802,True
fut_commodity/CORN,fut_commodity,9,21,long,1972-11-17,2003-10-16,2024-03-28,7786,5191,0.2038799465427076,0.17605029141679274,0.04649830097155891,0.024167289189681383,-0.2387250495848982,-0.6407866058634585,0.011100309205048921,0.015486075212776585,0.19041467983615143,-0.1125318389010187,0.14375640047298802,True
fut_commodity/CORN,fut_commodity,10,20,long,1972-11-16,2003-10-15,2024-03-28,7786,5192,0.15426539040909099,0.18839108086999182,0.03108184004121737,0.02807107116649934,-0.25280051866223513,-0.6366549649335954,0.007857505283396378,0.0178715868291561,0.19078423339384726,-0.11095344993921205,0.1429631643933289,True
fut_commodity/CORN,fut_commodity,10,30,long,1972-12-01,2003-10-21,2024-03-28,7780,5188,0.15484893658749416,0.18476531845690794,0.02780132826898515,0.029914795591292374,-0.28632849840289765,-0.5723039702256002,0.007960312576864548,0.017120356285383907,0.19463614175444854,-0.11325285537066711,0.14413191461563848,True
fut_commodity/CORN,fut_commodity,10,100,long,1973-03-16,2003-12-01,2024-03-28,7738,5160,0.1273207432228435,0.33337311778273643,0.01867202701868597,0.0954143205128885,-0.33330680812683655,-0.50448563471844,0.006223513726856272,0.048135154045173226,0.20252285934307818,-0.10890339855727411,0.1389924824103648,True
fut_commodity/CORN,fut_commodity,12,26,long,1972-11-27,2003-10-20,2024-03-28,7783,5189,0.18849286639425966,0.1997718222035258,0.037814380330461646,0.03431719386810174,-0.2688095366980336,-0.5856018847901516,0.01016486605715463,0.02009621340986941,0.19449509713741564,-0.11345729812996397,0.14422932957004836,True
fut_commodity/CORN,fut_commodity,13,48,long,1972-12-29,2003-10-31,2024-03-28,7770,5180,0.10951950894381356,0.2358229229982563,0.016277459363205047,0.04958548479690524,-0.30881987224403223,-0.555425345560173,0.005026802921002408,0.0275410350280898,0.20064934092344475,-0.1000390557480592,0.13781411232943155,True
fut_commodity/CORN,fut_commodity,20,50,long,1973-01-03,2003-10-31,2024-03-28,7768,5180,0.1662728968810575,0.29248167114467777,0.032152429228948606,0.06555170966235685,-0.2728643864461133,-0.6020324823545922,0.008773252874309141,0.039464258490616196,0.20224109282715527,-0.10005193207113681,0.13781411232943155,True
fut_commodity/CORN,fut_commodity,20,60,long,1973-01-17,2003-11-06,2024-03-28,7762,5176,0.17474782163537544,0.3169580839344839,0.03521728850420364,0.08722747485403318,-0.2637617119149612,-0.5116673046502538,0.009288972304871836,0.04463144695001094,0.202325776744124,-0.10418090132215392,0.14044593486358456,True
fut_commodity/CORN,fut_commodity,20,100,long,1973-03-16,2003-12-01,2024-03-28,7738,5160,0.1008060538528792,0.21097754220653123,0.014173547247622745,0.04231901842874788,-0.3143192210331092,-0.5309876556751579,0.00445501833014875,0.02247087638595464,0.20410201191488136,-0.10890339855727411,0.1389924824103648,True
fut_commodity/CORN,fut_commodity,21,55,long,1973-01-10,2003-11-04,2024-03-28,7765,5178,0.13758731160885765,0.28825554911746293,0.022536495302186006,0.06869431255307056,-0.304675767157182,-0.5618450313494775,0.006866323995227749,0.038595558189910735,0.20247496944499604,-0.10704700360823789,0.1413084038876269,True
fut_commodity/CORN,fut_commodity,30,90,long,1973-03-02,2003-11-24,2024-03-28,7744,5164,0.11086832258570586,0.2232386368035647,0.01676929385675512,0.04616392648958622,-0.3048191072154246,-0.541915942268678,0.0051116011820492,0.025016967722426103,0.20337651382422034,-0.11209099579200986,0.14061635229383054,True
fut_commodity/CORN,fut_commodity,30,200,long,1973-08-08,2004-01-29,2024-03-28,7678,5120,-0.10059369838791618,0.16975818355777897,-0.028411530003306568,0.022181227908359444,-0.2894130112389209,-0.6268119428337499,-0.008222666452161902,0.013903458559676977,0.2039209485090524,-0.1930006778505926,0.13028604338526445,True
fut_commodity/CORN,fut_commodity,40,100,long,1973-03-16,2003-12-01,2024-03-28,7738,5160,0.05022578512375516,0.21762387997061847,0.0036510865531188983,0.03988269151548334,-0.31685527346735454,-0.5980730306990835,0.0011568660282414694,0.023852762187101743,0.2041898387716073,-0.10890339855727411,0.1389924824103648,True
fut_commodity/CORN,fut_commodity,50,150,long,1973-05-29,2003-12-30,2024-03-28,7708,5140,-0.050078873291005396,0.18476910709424735,-0.01754953862307931,0.027472936700237288,-0.29908860166386714,-0.6190398504625994,-0.00524886696662282,0.01700684262668335,0.20426920334867046,-0.14388376096874486,0.13950209080894999,True
fut_commodity/CORN,fut_commodity,50,200,long,1973-08-08,2004-01-29,2024-03-28,7678,5120,-0.1345115565628027,0.24454377470544136,-0.031165047028618473,0.05082632255966852,-0.3284111641991978,-0.5794411830072529,-0.010234949376991343,0.029450864471882554,0.20315805765351452,-0.1930006778505926,0.13028604338526445,True
fut_commodity/CORN,fut_commodity,60,120,long,1973-04-13,2003-12-11,2024-03-28,7726,5152,0.02040484000535371,0.17597765462224563,-0.0027377611359592586,0.023472706071192926,-0.27672649347490885,-0.6473973274711615,-0.0007576110391258889,0.015196167179006409,0.2036640763375977,-0.11187955232946577,0.13831674564102958,True
fut_commodity/CORN,fut_commodity,60,132,long,1973-05-02,2003-12-18,2024-03-28,7719,5147,-0.01726243754407741,0.1592377032652152,-0.010638826769382574,0.018089777430133045,-0.2972210745941033,-0.6481090429574782,-0.003162083524816401,0.011724148337557317,0.20399748360410463,-0.11969634879834301,0.13860976793411212,True
fut_commodity/CORN,fut_commodity,60,180,long,1973-07-11,2004-01-16,2024-03-28,7690,5128,-0.06693152066662965,0.25179440293942484,-0.017725366350830486,0.05349565153255106,-0.34635553244155926,-0.5785801922814449,-0.006139278700163591,0.030951524349924563,0.20280009312811614,-0.12543717179274602,0.128575127424507,True
fut_commodity/CORN,fut_commodity,60,400,long,1974-05-29,2004-05-24,2024-03-28,7558,5040,-0.09839291822995946,0.1780744101950116,-0.021581495880416534,0.027999571491617154,-0.3554744851755781,-0.5560542624386445,-0.007671671137409927,0.015569281074369275,0.2058525548958546,-0.1481202731371258,0.12178340420263155,True
fut_commodity/CORN,fut_commodity,62,758,long,1975-10-28,2004-12-16,2024-03-28,7344,4896,-0.2941147482331092,0.20881374780100548,-0.044820156808403,0.03886597685897967,-0.38623694366893024,-0.5666979423554311,-0.01731120038043977,0.02202526911361758,0.20875240795671995,-0.29080079408809645,0.16727297764452273,True
fut_commodity/CORN,fut_commodity,74,758,long,1975-10-28,2004-12-16,2024-03-28,7344,4896,-0.3271907831857678,0.21056715337668938,-0.046497532410516434,0.03921231795741824,-0.407772170071317,-0.5712316334636286,-0.01896039969399768,0.0223993164387112,0.2090101391891461,-0.29080079408809645,0.16727297764452273,True
fut_commodity/CORN,fut_commodity,80,144,long,1973-05-18,2003-12-26,2024-03-28,7712,5142,-0.0025803924888773717,0.16033756720014658,-0.00723460959736541,0.019134705190271134,-0.30498315903854645,-0.6250430206664662,-0.0022064340894150892,0.011960013931689379,0.20362439087643466,-0.12535271630518408,0.1392483049167047,True
fut_commodity/CORN,fut_commodity,80,300,long,1974-01-03,2004-03-26,2024-03-28,7618,5080,-0.08455218294227747,0.16454501917943326,-0.019424976087326056,0.022522733981897167,-0.35111177535499,-0.5671684461466125,-0.006820337840249278,0.012774184035486124,0.2050915769918502,-0.13832584050464458,0.11528306972951426,True
fut_commodity/CORN,fut_commodity,100,200,long,1973-08-08,2004-01-29,2024-03-28,7678,5120,-0.17838297165393516,0.20713826315790287,-0.034466327452650575,0.041054460247479475,-0.37425735358132883,-0.5274155828797833,-0.012899276500096507,0.021652762081239278,0.20399070601835745,-0.1930006778505926,0.13028604338526445,True
fut_commodity/CORN,fut_commodity,100,250,long,1973-10-19,2004-02-27,2024-03-28,7648,5100,-0.1279777492354065,0.17526877365053975,-0.02338435258379872,0.026406216237700186,-0.40419005076096687,-0.568967974264577,-0.009451722657857951,0.015024291360756656,0.20430970932106096,-0.1318957738532162,0.11783257497876323,True
fut_commodity/CORN,fut_commodity,100,300,long,1974-01-03,2004-03-26,2024-03-28,7618,5080,-0.10632915629180328,0.15781375925189037,-0.02169208363323337,0.02026116457937698,-0.3713433748535212,-0.560409839513208,-0.008055211543969711,0.011354555990279347,0.20554457694719894,-0.13832584050464458,0.11528306972951426,True
fut_commodity/CORN,fut_commodity,100,400,long,1974-05-29,2004-05-24,2024-03-28,7558,5040,-0.046862439449143506,0.20833526728983606,-0.015756646666858127,0.042903869974226655,-0.28786204062243687,-0.5110896041317072,-0.004535740462888498,0.02192772192084574,0.20670147086205184,-0.1481202731371258,0.12178340420263155,True
fut_commodity/CORN,fut_commodity,116,378,long,1974-04-26,2004-05-12,2024-03-28,7572,5048,-0.04948895720633047,0.17359978994484568,-0.014918477152619205,0.026789952898982713,-0.30932354295861864,-0.5468584716287785,-0.004614636208395377,0.014650312697344651,0.20528722443828065,-0.15357807532178105,0.12095201632567042,True
fut_commodity/CORN,fut_commodity,120,398,long,1974-05-24,2004-05-24,2024-03-28,7560,5040,-0.03000853215732226,0.10460786441790136,-0.011566022106535751,0.00033825383271869587,-0.3012673953477931,-0.5778155919763898,-0.0034844653545710214,0.00019544833859063597,0.20701984208102067,-0.1416513385328206,0.12178340420263155,False
fut_commodity/CORN,fut_commodity,134,750,long,1975-10-16,2004-12-10,2024-03-28,7348,4900,-0.41593547791115854,0.1487888899438648,-0.048183253227135146,0.01516997601744131,-0.47163581201437177,-0.612406167297966,-0.022724947761273984,0.009290186870843296,0.20878269435483193,-0.2980718866892895,0.16872202721286078,False
fut_commodity/CORN,fut_commodity,150,400,long,1974-05-29,2004-05-24,2024-03-28,7558,5040,-0.04838830863408329,0.10480084145811148,-0.01443043295449905,0.00016143678003323277,-0.31244637254310176,-0.6226433564750089,-0.004508736430859662,0.00010051753857840975,0.20835967096270505,-0.1481202731371258,0.12178340420263155,False
fut_commodity/CORN,fut_commodity,150,500,long,1974-10-18,2004-07-22,2024-03-28,7498,5000,-0.278715969949003,0.20141863730369516,-0.045987616677543953,0.03514396627217045,-0.3721716373083504,-0.582072331450804,-0.017115286594790335,0.020456330384470672,0.20654061561755302,-0.2849255661961128,0.15070774539270484,True
fut_commodity/CORN,fut_commodity,150,710,long,1975-08-20,2004-11-18,2024-03-28,7372,4916,-0.4223390202225432,0.1667109910102824,-0.0502491776089442,0.022067357051844143,-0.46188525389075724,-0.5926841240245369,-0.023209354157708945,0.013078972183808931,0.2086839491398894,-0.30313572381089143,0.16329070551896077,True
fut_commodity/CORN,fut_commodity,162,678,long,1975-07-07,2004-11-02,2024-03-28,7392,4928,-0.3542771008574745,0.17517928726821613,-0.04254666464634955,0.025799840775316347,-0.46703097225417994,-0.5768341882258302,-0.019870610155957175,0.014882230209985279,0.20834734225499466,-0.2570508087231198,0.16436615424915701,True
fut_commodity/CORN,fut_commodity,174,698,long,1975-08-04,2004-11-12,2024-03-28,7380,4920,-0.4664596479881681,0.16899901776809334,-0.04936236449791583,0.023994647711125777,-0.5118688389968776,-0.568719137142781,-0.025267056205688868,0.013646215342316456,0.20692247386881868,-0.28688171445138105,0.1654411660178512,True
fut_commodity/CORN,fut_commodity,200,400,long,1974-05-29,2004-05-24,2024-03-28,7558,5040,-0.0782699478049932,0.17143489836003364,-0.01926844848860179,0.024324881327610782,-0.31849786695178195,-0.5820211675985063,-0.006136959743089958,0.01415759583199113,0.20659818896989296,-0.1481202731371258,0.12178340420263155,True
fut_commodity/CORN,fut_commodity,200,600,long,1975-03-14,2004-09-17,2024-03-28,7438,4960,-0.3530097975114876,0.18196009744217612,-0.04195652654142821,0.028838647319323417,-0.47569251664299883,-0.568719137142781,-0.01995840570009076,0.01640109061981059,0.2056481238921053,-0.24958932859659178,0.15728558988350338,True
fut_commodity/COTTON,fut_commodity,5,20,long,2007-03-22,2017-11-20,2024-03-28,2394,1597,0.58479805478285,0.3238992948525477,0.13338532028595684,0.107984848311446,-0.9253688164224287,-0.43789823046989984,0.12343061596114245,0.047286373993142755,0.21180811132171143,0.7355978925882438,0.20751703057400267,True
fut_commodity/COTTON,fut_commodity,5,35,long,2007-04-13,2017-11-29,2024-03-28,2385,1591,0.6830158144724595,0.3105578906278473,0.23461360633311834,0.10077003996189134,-0.9293143742574987,-0.4449954103551071,0.21802979676175702,0.04484220528434237,0.2170975695516297,0.7390392134110472,0.19638278898189845,True
fut_commodity/COTTON,fut_commodity,8,21,long,2007-03-23,2017-11-21,2024-03-28,2394,1596,0.6318033861479674,0.274109615044576,0.17593134571146524,0.08812379109644206,-0.9373844669060893,-0.41397152918694785,0.16491531071181276,0.03648074055794526,0.21492872963223525,0.7350102696085309,0.21088358502593038,True
fut_commodity/COTTON,fut_commodity,9,21,long,2007-03-23,2017-11-21,2024-03-28,2394,1596,0.6306686635894754,0.2998586140488224,0.17668547001466703,0.103355139310648,-0.9296151188844255,-0.40911274645331946,0.16424948421283528,0.04228390490344465,0.21556402303386304,0.7350102696085309,0.21088358502593038,True
fut_commodity/COTTON,fut_commodity,10,20,long,2007-03-22,2017-11-20,2024-03-28,2394,1597,0.6196800912841974,0.30215507964716887,0.16419670985918175,0.10475376160323573,-0.9296151188844255,-0.4084964391352414,0.15263974395617477,0.04279153860094377,0.2154676505955606,0.7355978925882438,0.20751703057400267,True
fut_commodity/COTTON,fut_commodity,10,30,long,2007-04-05,2017-11-27,2024-03-28,2388,1593,0.6750271751981808,0.2955268378919269,0.21796876020557954,0.09730693262981524,-0.9351342549754457,-0.4255543974891674,0.2038300541827662,0.04140939308680003,0.21673387191878632,0.7360801759366914,0.21026685214575408,True
fut_commodity/COTTON,fut_commodity,10,100,long,2007-07-17,2018-01-08,2024-03-28,2346,1565,0.6315429931052343,0.28566465826086596,0.15461756987536532,0.08039331257483676,-0.9351342549754457,-0.49175031889682347,0.14458818601151366,0.03953343709584798,0.22211565882291792,0.7066079100360457,0.16547842802657622,True
fut_commodity/COTTON,fut_commodity,12,26,long,2007-03-30,2017-11-24,2024-03-28,2391,1594,0.5832889771659151,0.3278886839691577,0.11554672519528485,0.11841990548734378,-0.9351342549754457,-0.4122195044485821,0.10805170078034525,0.04881499475684078,0.2173974004565148,0.7362547312143736,0.2066198309698599,True
fut_commodity/COTTON,fut_commodity,13,48,long,2007-05-02,2017-12-06,2024-03-28,2377,1586,0.6514880368363799,0.32795074788599593,0.18563615416914978,0.11755501632601391,-0.9351342549754457,-0.41750377660581417,0.17359472672547485,0.04907966327506895,0.21965265733370912,0.7393911127459767,0.20170906389469562,True
fut_commodity/COTTON,fut_commodity,20,50,long,2007-05-04,2017-12-07,2024-03-28,2376,1585,0.6381046119834244,0.3274572088961785,0.16834698798068204,0.10641921952742138,-0.9351342549754457,-0.4632201812428531,0.1574270351826754,0.0492955301572151,0.22261417942285114,0.7414142151786559,0.19127766683519723,True
fut_commodity/COTTON,fut_commodity,20,60,long,2007-05-18,2017-12-13,2024-03-28,2370,1581,0.6506849263256346,0.2987733099159424,0.18088110235037547,0.09011573385924439,-0.9351342549754457,-0.4724135356839393,0.1691481148855557,0.04257189245319853,0.22213785625178475,0.741540675744064,0.19228995255520992,True
fut_commodity/COTTON,fut_commodity,20,100,long,2007-07-17,2018-01-08,2024-03-28,2346,1565,0.6156308088003272,0.36639104998559224,0.13262370813235586,0.12417212313685841,-0.9351342549754457,-0.4726886439653303,0.12402097249643154,0.05869475250385762,0.2244769917617995,0.7066079100360457,0.16547842802657622,True
fut_commodity/COTTON,fut_commodity,21,55,long,2007-05-11,2017-12-11,2024-03-28,2373,1583,0.626768482154449,0.30273355199800933,0.15357807643121524,0.09337603294395944,-0.9351342549754457,-0.46571851681833476,0.14361612008406652,0.04348694756904075,0.22204932897392243,0.7403482976905846,0.20002926346483013,True
fut_commodity/COTTON,fut_commodity,30,90,long,2007-07-02,2018-01-02,2024-03-28,2352,1569,0.6503680919236535,0.48524087817476846,0.17355641208859038,0.23597535229365466,-0.9351342549754457,-0.3675813118912054,0.1622985461146754,0.08674012957009095,0.22242170581886772,0.7126812700683284,0.16966656624278978,True
fut_commodity/COTTON,fut_commodity,30,200,long,2007-12-06,2018-03-07,2024-03-28,2286,1525,0.7327819729563421,0.2919501468216283,0.2857966976368337,0.07874288124576592,-0.9351342549754457,-0.5234457769617344,0.2672582819190632,0.041217628653895534,0.22543935046574123,0.7550227718978054,0.14593792490198407,True
fut_commodity/COTTON,fut_commodity,40,100,long,2007-07-17,2018-01-08,2024-03-28,2346,1565,0.6785843336288142,0.4289233496629023,0.20829632669118034,0.1822368171446863,-0.9351342549754457,-0.40240324799693084,0.19478503027447897,0.07333268712364455,0.22297889557321823,0.7066079100360457,0.16547842802657622,True
fut_commodity/COTTON,fut_commodity,50,150,long,2007-09-26,2018-02-06,2024-03-28,2316,1545,0.6589921819152422,0.44530433985478013,0.188193626852184,0.16845048729422665,-0.9351342549754457,-0.4576256156125359,0.17598630703754412,0.07708725794825212,0.22227941698392523,0.7117443493961233,0.18085108619434437,True
fut_commodity/COTTON,fut_commodity,50,200,long,2007-12-06,2018-03-07,2024-03-28,2286,1525,0.6927170973858428,0.3220522829119084,0.23485200393041003,0.09978244752685281,-0.9351342549754457,-0.48492964365455643,0.2196181537249544,0.048387466722176205,0.2262283855190644,0.7550227718978054,0.14593792490198407,True
fut_commodity/COTTON,fut_commodity,60,120,long,2007-08-14,2018-01-19,2024-03-28,2334,1557,0.6668697383473919,0.4297659649701671,0.19482995736254033,0.18000618942591132,-0.9417947610320582,-0.4059583207914623,0.18348983313613976,0.07307501039141284,0.220891753393054,0.7369260733443512,0.12909342586731096,True
fut_commodity/COTTON,fut_commodity,60,132,long,2007-08-30,2018-01-26,2024-03-28,2327,1552,0.6875853097834236,0.4140422000542088,0.2234107328538282,0.15425705999117748,-0.9351342549754457,-0.4503317636763992,0.20891902922078295,0.06946685388536307,0.22146709593469052,0.7398483110768721,0.150033533216025,True
fut_commodity/COTTON,fut_commodity,60,180,long,2007-11-07,2018-02-23,2024-03-28,2298,1533,0.6588740305528957,0.37885408537911447,0.1929069161443017,0.1378553075227558,-0.9351342549754457,-0.4508603957042339,0.18039386530821233,0.062153498499638526,0.2275055574712796,0.7236393027327467,0.15585467689310528,True
fut_commodity/COTTON,fut_commodity,60,400,long,2008-09-24,2018-06-29,2024-03-28,2166,1445,0.7577787451610395,0.297033803852056,0.3272040968886136,0.08827784470482807,-0.9351342549754457,-0.4792913122767646,0.30597975936884725,0.042310804033541476,0.22401440630010852,0.8526712072102131,0.14837278746617075,True
fut_commodity/COTTON,fut_commodity,62,758,long,2010-11-10,2019-01-24,2024-03-28,1951,1302,0.28735497120901027,0.2291763121193394,-0.08850033049789527,0.05274178959179654,-0.8920234996195299,-0.503997227200397,-0.07894437452821755,0.02658171571185221,0.23564291858532208,0.3044973765297323,0.2638001867664301,False
fut_commodity/COTTON,fut_commodity,74,758,long,2010-11-10,2019-01-24,2024-03-28,1951,1302,0.29008911048923636,0.2854551773028051,-0.0864716205778604,0.08005280902175527,-0.8920234996195299,-0.503997227200397,-0.07713471760563519,0.040346393776567575,0.23682439340108685,0.3044973765297323,0.2638001867664301,True
fut_commodity/COTTON,fut_commodity,80,144,long,2007-09-18,2018-02-02,2024-03-28,2320,1547,0.6619536803325454,0.37472834994574694,0.19769682208656322,0.13091681092028334,-0.9351342549754457,-0.46617496951823584,0.18487307043293152,0.06103014034018773,0.22669748046108118,0.7167754761385701,0.17289013731877392,True
fut_commodity/COTTON,fut_commodity,80,300,long,2008-05-02,2018-05-03,2024-03-28,2226,1485,0.7407208847781955,0.2794963877588427,0.3045092121699085,0.08400009962592908,-0.9351342549754457,-0.4563710135286955,0.2847569952556673,0.038335210602796654,0.22598459097508727,0.7687639785853693,0.14410427854122246,True
fut_commodity/COTTON,fut_commodity,100,200,long,2007-12-06,2018-03-07,2024-03-28,2286,1525,0.7228135669647323,0.3610433951078278,0.27655555889636635,0.1266763060977038,-0.9351342549754457,-0.45443161930053194,0.2586165765278715,0.05756571890698939,0.2254390489193163,0.7550227718978054,0.14593792490198407,True
fut_commodity/COTTON,fut_commodity,100,250,long,2008-02-21,2018-04-05,2024-03-28,2256,1505,0.7074182481689832,0.3111267514597436,0.2589775142158392,0.10033373916106621,-0.9351342549754457,-0.4563710135286956,0.2421787448116217,0.04578941023205956,0.22606423511756527,0.7249238360775948,0.14974308465604974,True
fut_commodity/COTTON,fut_commodity,100,300,long,2008-05-02,2018-05-03,2024-03-28,2226,1485,0.7040815778540751,0.23261714093440827,0.2624154509582462,0.05646452557198147,-0.9351342549754457,-0.48528897813169947,0.24539367722588515,0.0274016119155181,0.2274217682316028,0.7687639785853693,0.14410427854122246,True
fut_commodity/COTTON,fut_commodity,100,400,long,2008-09-24,2018-06-29,2024-03-28,2166,1445,0.8569465401999095,0.31593305112291464,0.4663305680457083,0.09324431106155458,-0.9351342549754457,-0.503997227200397,0.4360816883216998,0.04699487422723481,0.22674569644727946,0.8526712072102131,0.14837278746617075,True
fut_commodity/COTTON,fut_commodity,116,378,long,2008-08-22,2018-06-18,2024-03-28,2179,1454,0.8631015117711843,0.21619113635149337,0.4749632543175628,0.0467514803903224,-0.9351342549754457,-0.503997227200397,0.44415440896696723,0.023562616484236222,0.22813699027867565,0.8149524188311762,0.1254108273160932,True
fut_commodity/COTTON,fut_commodity,120,398,long,2008-09-22,2018-06-28,2024-03-28,2167,1446,0.8269217944198018,0.1989606697920889,0.4265466478591987,0.0387736372375164,-0.9351342549754457,-0.503997227200397,0.39887838175808554,0.019541805656182326,0.22850012173860434,0.8381329496088253,0.15261085468940908,True
fut_commodity/COTTON,fut_commodity,134,750,long,2010-10-29,2019-01-18,2024-03-28,1956,1305,0.4811026729208778,0.17558410530690652,0.06100498188687809,0.026971023395151648,-0.9351342549754457,-0.503997227200397,0.0570478482865763,0.013593321005913468,0.23722234480372406,0.4881792451711296,0.2579116647287077,False
fut_commodity/COTTON,fut_commodity,150,400,long,2008-09-24,2018-06-29,2024-03-28,2166,1445,0.8063711046917044,0.15729785054227913,0.399856404515714,0.019433109508867785,-0.9351342549754457,-0.503997227200397,0.3739194209339627,0.009794233308351032,0.22976307042017718,0.8526712072102131,0.14837278746617075,True
fut_commodity/COTTON,fut_commodity,150,500,long,2009-11-02,2018-08-27,2024-03-28,2106,1405,0.7729440763530939,0.15322882843900806,0.3553517290729756,0.01725200606126382,-0.9351342549754457,-0.503997227200397,0.3323015744208934,0.008694963218521408,0.2317159442726664,0.8731464277567966,0.16287381998651385,False
fut_commodity/COTTON,fut_commodity,150,710,long,2010-09-02,2018-12-26,2024-03-28,1980,1321,0.7356540807794905,0.17942749728952206,0.30255785833968013,0.02875094502019985,-0.9351342549754457,-0.503997227200397,0.2829322174454432,0.014490396569571785,0.23772848233852317,0.7457698668290438,0.2587438122049429,False
fut_commodity/COTTON,fut_commodity,162,678,long,2010-07-20,2018-12-06,2024-03-28,1999,1334,0.7509368477664985,0.11477507682813011,0.3229318388864433,-0.0018879693768720698,-0.9351342549754457,-0.5039972272003971,0.3019846245649248,-0.0009515313309827846,0.23748556267759124,0.8995769375887007,0.21650781635095318,False
fut_commodity/COTTON,fut_commodity,174,698,long,2010-08-17,2018-12-18,2024-03-28,1987,1326,0.71840581712125,0.023731851915539007,0.2819677350542059,-0.0435297449865669,-0.9351342549754457,-0.5102868246597045,0.2636776878470287,-0.022212655347441917,0.23702435562468588,0.7824219991639075,0.22622833215663246,False
fut_commodity/COTTON,fut_commodity,200,400,long,2008-09-24,2018-06-29,2024-03-28,2166,1445,0.76491268517434,0.15156840161997712,0.3476679560014163,0.016484462401263052,-0.9351342549754457,-0.503997227200397,0.32511621501422044,0.008308123342125776,0.23175119185323337,0.8526712072102131,0.14837278746617075,True
fut_commodity/COTTON,fut_commodity,200,600,long,2010-03-29,2018-10-23,2024-03-28,2046,1365,0.724814991611924,0.03468971094910481,0.29349232438887757,-0.038221776917534596,-0.9351342549754457,-0.5039972272003971,0.2744547261084048,-0.019263669585109576,0.23497095708933316,0.8304863728083894,0.1971967938912947,False
fut_commodity/CRUDE_W,fut_commodity,5,20,long,2004-02-18,2016-08-18,2024-03-28,3109,2074,0.5331581170478686,0.47779808841293236,0.2582164894771197,0.2317124203564315,-0.5164365771441237,-0.5114718764704487,0.13335243998773536,0.11851438644121341,0.4625269168094846,0.41818522899641747,0.5466964638938633,False
fut_commodity/CRUDE_W,fut_commodity,5,35,long,2004-03-10,2016-08-26,2024-03-28,3100,2068,0.6254899164626587,0.42243922034938264,0.4309544616803208,0.159287483854824,-0.4023849016693748,-0.5630020876380248,0.17340956868721424,0.08967918594487409,0.47819076339719047,0.4029466314189951,0.5654257012401455,False
fut_commodity/CRUDE_W,fut_commodity,8,21,long,2004-02-19,2016-08-19,2024-03-28,3109,2073,0.5346745460314145,0.3792410616617299,0.3310807990839738,0.11669242741811371,-0.403648943560449,-0.5791768681428637,0.1336404147833953,0.06758555464801154,0.4756969548912797,0.41827789857970477,0.5467236953242677,False
fut_commodity/CRUDE_W,fut_commodity,9,21,long,2004-02-19,2016-08-19,2024-03-28,3109,2073,0.5246956092654266,0.41246460076989533,0.28090315360131585,0.14610393164593485,-0.462699093260759,-0.5780575097157231,0.12997363446541654,0.08445647488692533,0.478456076091912,0.41827789857970477,0.5467236953242677,False
fut_commodity/CRUDE_W,fut_commodity,10,20,long,2004-02-18,2016-08-18,2024-03-28,3109,2074,0.5722159624729486,0.37722587590973977,0.3322708657465659,0.11539659016669716,-0.4491661934416541,-0.5741724627441127,0.14924483995894788,0.06625754436828557,0.4790986525095726,0.41818522899641747,0.5466964638938633,False
fut_commodity/CRUDE_W,fut_commodity,10,30,long,2004-03-03,2016-08-24,2024-03-28,3103,2070,0.636849203843594,0.434147758432984,0.4135427300850755,0.17661781655569062,-0.4319773632698828,-0.5404136263240576,0.17864109814157975,0.09544667471829794,0.4819967422003414,0.3985462379259627,0.5699111168640407,False
fut_commodity/CRUDE_W,fut_commodity,10,100,long,2004-06-14,2016-10-04,2024-03-28,3061,2042,0.606920869038567,0.577072186063855,0.26723647245246895,0.3433068814382534,-0.6317593195525255,-0.5101412760800487,0.168829131996189,0.17513501058397254,0.5002918137256233,0.3777341057292966,0.5615409988857082,True
fut_commodity/CRUDE_W,fut_commodity,12,26,long,2004-02-26,2016-08-23,2024-03-28,3106,2071,0.6325877538939991,0.47607026723029344,0.3895759322627292,0.21758771765460522,-0.4522000490347074,-0.5414818073855516,0.176166255671948,0.11781979062051273,0.48333028079421175,0.40473054443369855,0.5625458633250111,False
fut_commodity/CRUDE_W,fut_commodity,13,48,long,2004-03-29,2016-09-06,2024-03-28,3093,2062,0.668404211792216,0.5722498341676966,0.3841352670645475,0.3087722511794697,-0.5142326878455422,-0.5538592107642882,0.19753491087886743,0.17101635534417367,0.4852490935632601,0.3791530151443219,0.5939966287387979,False
fut_commodity/CRUDE_W,fut_commodity,20,50,long,2004-03-31,2016-09-06,2024-03-28,3091,2062,0.6591286368013383,0.5623748758045962,0.4204182801235846,0.3203459878028505,-0.4617724514245754,-0.5169299963124399,0.1941375798363715,0.1655964502936324,0.4875368709040668,0.3792756760886556,0.5939966287387979,False
fut_commodity/CRUDE_W,fut_commodity,20,60,long,2004-04-15,2016-09-12,2024-03-28,3085,2058,0.6773985450470545,0.5788985429743124,0.39197857551935034,0.3365325203970417,-0.5213549835224944,-0.5213406055055414,0.20435998378106174,0.17544806795609966,0.491622953626456,0.3813550748034589,0.5846844269006078,False
fut_commodity/CRUDE_W,fut_commodity,20,100,long,2004-06-14,2016-10-04,2024-03-28,3061,2042,0.585223471875312,0.5696630563650572,0.2458273222082367,0.3017635435872879,-0.6513277411720176,-0.5662708308215975,0.16011415449225658,0.17087989253884286,0.5013899365454764,0.3777341057292966,0.5615409988857082,True
fut_commodity/CRUDE_W,fut_commodity,21,55,long,2004-04-07,2016-09-08,2024-03-28,3088,2060,0.6711041367672194,0.5839230848886909,0.39054505805387296,0.332032781985189,-0.515607259884231,-0.5370217409349739,0.20136786724448533,0.17830882262916883,0.4911370752710146,0.4016891446769591,0.5689904550107272,True
fut_commodity/CRUDE_W,fut_commodity,30,90,long,2004-05-27,2016-09-28,2024-03-28,3067,2046,0.5792564312469505,0.7046886289724726,0.24629978549543086,0.48427734501804176,-0.6462257002772224,-0.5225507446222237,0.15916525135991447,0.25305948724285127,0.5020099965364984,0.34617537543207594,0.5837376293938505,True
fut_commodity/CRUDE_W,fut_commodity,30,200,long,2004-11-04,2016-11-22,2024-03-28,3001,2002,0.12851254299897225,0.38395744203904514,-0.017289119095541792,0.09173666367833025,-0.8365430871032078,-0.7255033715613998,-0.01446309306147955,0.0665552587944228,0.502895402727704,0.19886482118923937,0.5705877494141867,False
fut_commodity/CRUDE_W,fut_commodity,40,100,long,2004-06-14,2016-10-04,2024-03-28,3061,2042,0.47135984410461346,0.671982425478337,0.15190780588502686,0.3997031558019512,-0.739754999692592,-0.5828757890199756,0.11237455889578037,0.23297729231183656,0.5035561924583739,0.3777341057292966,0.5615409988857082,True
fut_commodity/CRUDE_W,fut_commodity,50,150,long,2004-08-24,2016-10-30,2024-03-28,3031,2022,0.28430012220245826,0.554566095432686,0.04597867775988692,0.24746039066158035,-0.8194469045686257,-0.6557309642882183,0.03767708516649765,0.1622674405916573,0.5057014800243738,0.2786615317410152,0.5699615873924707,False
fut_commodity/CRUDE_W,fut_commodity,50,200,long,2004-11-04,2016-11-22,2024-03-28,3001,2002,0.11254248621975105,0.5614381886664433,-0.022860748361752364,0.2665639176160079,-0.8516603442232759,-0.6229157342617946,-0.019469592818971707,0.1660468584694761,0.5002889648630516,0.19886482118923937,0.5705877494141867,False
fut_commodity/CRUDE_W,fut_commodity,60,120,long,2004-07-13,2016-10-14,2024-03-28,3049,2034,0.525660107191782,0.5369739761524116,0.1877797305468439,0.23003441140703845,-0.7193297223340341,-0.6608635686357419,0.13507554143422099,0.15202136203147784,0.5068700555382321,0.37411825804357157,0.549006429503093,False
fut_commodity/CRUDE_W,fut_commodity,60,132,long,2004-07-29,2016-10-21,2024-03-28,3042,2029,0.3741934584687651,0.47153236024017303,0.08947903698480138,0.16101104851256678,-0.8074011295073027,-0.7096878566226955,0.07224547552875435,0.11426758591145636,0.5084620991792648,0.34240826546714476,0.5435571708626763,False
fut_commodity/CRUDE_W,fut_commodity,60,180,long,2004-10-06,2016-11-13,2024-03-28,3013,2010,0.14785359164054032,0.6198734152759408,-0.011216756583856445,0.3192709809816161,-0.8368804945166194,-0.6286830596968779,-0.009387084796770329,0.20072025719594613,0.5007934628610833,0.1623088964953459,0.6126514574344433,True
fut_commodity/CRUDE_W,fut_commodity,60,400,long,2005-08-24,2017-02-26,2024-03-28,2881,1922,-0.1716139627474378,0.5112171295887427,-0.10432574284486902,0.24272077969203346,-0.8412443569335248,-0.5646227254842313,-0.08776344245114412,0.1370456681613736,0.4989029275453056,0.04071659024303937,0.5632282470390458,False
fut_commodity/CRUDE_W,fut_commodity,62,758,long,2007-01-31,2017-08-14,2024-03-28,2667,1778,-0.15740673512613357,0.35111122758159236,-0.09458342098074496,0.07235621312565149,-0.879992222420325,-0.6873832305058223,-0.08323267483296296,0.0497364475254781,0.49153235690949787,0.04689769763130412,0.6642143191321594,False
fut_commodity/CRUDE_W,fut_commodity,74,758,long,2007-01-31,2017-08-14,2024-03-28,2667,1778,-0.15097201494318171,0.25974050178446634,-0.09263617076444679,0.005012510032434732,-0.8784752478019691,-0.7464928887878968,-0.08137858306772291,0.0037418030941905175,0.49103678312644816,0.04689769763130412,0.6642143191321594,False
fut_commodity/CRUDE_W,fut_commodity,80,144,long,2004-08-16,2016-10-27,2024-03-28,3035,2024,0.2640458008069242,0.5088947151795888,0.03621474383444914,0.2010354552196302,-0.8294348215732616,-0.6755358159513105,0.030037769590647703,0.13580665027693603,0.5012815532592854,0.28416576519445885,0.5585425575089281,False
fut_commodity/CRUDE_W,fut_commodity,80,300,long,2005-04-04,2017-01-10,2024-03-28,2941,1962,-0.05891917221682006,0.4171126599274386,-0.07622280353540273,0.1424021342346416,-0.8290193476463792,-0.5970473036094734,-0.06319017886269769,0.08502081027302706,0.49729921518420295,0.11096100115070985,0.5433345720783297,False
fut_commodity/CRUDE_W,fut_commodity,100,200,long,2004-11-04,2016-11-22,2024-03-28,3001,2002,0.16537583882328985,0.5026286352654575,0.00032039218320930137,0.22538524371348392,-0.8018347065998848,-0.5867057440742361,0.0002569015722205267,0.13223481711627263,0.4971941249965523,0.19886482118923937,0.5705877494141867,False
fut_commodity/CRUDE_W,fut_commodity,100,250,long,2005-01-20,2016-12-15,2024-03-28,2971,1982,0.1481020080442111,0.3752722924570469,-0.0034675127690507227,0.10610446531014231,-0.813957002276807,-0.5921194323302568,-0.0028224062988530764,0.06282651576714689,0.49617209552403224,0.22706128443343573,0.5506479600427603,False
fut_commodity/CRUDE_W,fut_commodity,100,300,long,2005-04-04,2017-01-10,2024-03-28,2941,1962,-0.062472624860121395,0.31575468296372045,-0.07741109416280385,0.05000670255096624,-0.8329745885897116,-0.6322177403318552,-0.06448147431254096,0.03161512448821909,0.49761046121144165,0.11096100115070985,0.5433345720783297,False
fut_commodity/CRUDE_W,fut_commodity,100,400,long,2005-08-24,2017-02-26,2024-03-28,2881,1922,-0.14309133912649608,0.3530572898648881,-0.0997546241144334,0.06885381453670487,-0.8117789764655147,-0.7476856454861562,-0.08097870666131689,0.05148100876606027,0.49285778758944765,0.04071659024303937,0.5632282470390458,False
fut_commodity/CRUDE_W,fut_commodity,116,378,long,2005-07-25,2017-02-16,2024-03-28,2895,1930,-0.16711634793697858,0.44973544140135735,-0.10543402694427657,0.15625755439105407,-0.8486224021989445,-0.6595373294636987,-0.08947367721896023,0.10305769013160444,0.4899622417825032,0.09355667791699207,0.5614996502051175,False
fut_commodity/CRUDE_W,fut_commodity,120,398,long,2005-08-22,2017-02-26,2024-03-28,2883,1922,-0.2634806379864487,0.34857865175134395,-0.13267600184996708,0.06844905883273827,-0.8605034666029661,-0.739569616089011,-0.11416815952691821,0.050622844162582364,0.4778564568680516,0.05280975862649909,0.5632282470390458,False
fut_commodity/CRUDE_W,fut_commodity,134,750,long,2007-01-19,2017-08-09,2024-03-28,2671,1782,-0.0057812951971914885,0.4346684841469494,-0.054221590741699334,0.1684343707169777,-0.8416577130810591,-0.5713924554585234,-0.04563602006327579,0.0962421286675851,0.45605794551104634,0.07746110051876275,0.6515500747907881,False
fut_commodity/CRUDE_W,fut_commodity,150,400,long,2005-08-24,2017-02-26,2024-03-28,2881,1922,-0.25064123784375975,0.410384869521965,-0.12987105904852259,0.12269518914516421,-0.8695699769281591,-0.6684996086600098,-0.11293197382045936,0.08202168592800815,0.4794561478120699,0.04071659024303937,0.5632282470390458,False
fut_commodity/CRUDE_W,fut_commodity,150,500,long,2006-01-19,2017-04-13,2024-03-28,2821,1882,-0.15473449801067798,0.4310409472086671,-0.10206054194198387,0.16355694668781728,-0.8580223251881006,-0.5759420238131054,-0.08757022350701867,0.09419931888407368,0.4624602537494022,0.04600683674436425,0.5751131201811964,False
fut_commodity/CRUDE_W,fut_commodity,150,710,long,2006-11-16,2017-07-21,2024-03-28,2695,1798,-0.09474392596947366,0.3998679669467951,-0.08264686558839072,0.1430204302300833,-0.8580145132952676,-0.5523691416486548,-0.07091221015320247,0.07900007228441243,0.4557973564124163,0.0031272524369757434,0.6892499091375945,False
fut_commodity/CRUDE_W,fut_commodity,162,678,long,2006-10-03,2017-07-07,2024-03-28,2715,1810,-0.1519170382983642,0.3458883189168006,-0.0990056490963222,0.08800233709767684,-0.8750037714938633,-0.5997669214427503,-0.08663031635847993,0.05278089080084078,0.45583015019293927,-0.011027373466709452,0.6977572897307888,False
fut_commodity/CRUDE_W,fut_commodity,174,698,long,2006-10-31,2017-07-17,2024-03-28,2703,1802,-0.10285854483665272,0.4210410171006842,-0.08599759599702701,0.16245381347193574,-0.8596974165411123,-0.5509222805012992,-0.07393191110739042,0.08949942539409152,0.45411912213835753,0.010834795025277729,0.6749139564512774,False
fut_commodity/CRUDE_W,fut_commodity,200,400,long,2005-08-24,2017-02-26,2024-03-28,2881,1922,-0.07001662170061704,0.4969244949486021,-0.08082414564847354,0.23752115840508634,-0.8135477846995144,-0.5387989230530155,-0.06575430464254654,0.12797614435096522,0.45738108271963906,0.04071659024303937,0.5632282470390458,False
fut_commodity/CRUDE_W,fut_commodity,200,600,long,2006-06-13,2017-05-31,2024-03-28,2761,1842,-0.0811704028090156,0.4467206900588245,-0.08165290725235928,0.18997150284332037,-0.821722510533663,-0.5387989230530155,-0.067096031939781,0.10235644114274388,0.4518566160948026,-0.017211723829426404,0.6410134730399395,False
fut_commodity/GAS_US,fut_commodity,5,20,long,1990-08-24,2010-10-26,2024-03-28,5050,3368,-0.025595814199675375,-0.11371385811577768,-0.009678398190716794,-0.08636537495166709,-0.4074761971550365,-0.5342723298191514,-0.003943716889305465,-0.04614263009113175,0.2128793858989138,-0.3247462013663216,-0.30228847727549224,True
fut_commodity/GAS_US,fut_commodity,5,35,long,1990-09-17,2010-11-03,2024-03-28,5041,3362,0.13021757460186026,-0.07911904115071987,0.018882973015495144,-0.07617475963067706,-0.3441785826747195,-0.5277507094850791,0.006499114889158093,-0.04020128343994518,0.21681270504627245,-0.3221111773665917,-0.30393902766753805,True
fut_commodity/GAS_US,fut_commodity,8,21,long,1990-08-27,2010-10-27,2024-03-28,5050,3367,-0.007346332321080872,-0.08106528037132857,-0.00650876652832984,-0.07233934312732346,-0.42359766053936093,-0.5501578996183867,-0.0027570982743974183,-0.03979806107470205,0.21398176193145169,-0.32466912070627646,-0.30237253708917206,True
fut_commodity/GAS_US,fut_commodity,9,21,long,1990-08-27,2010-10-27,2024-03-28,5050,3367,-0.013443236555776884,-0.08041610977714858,-0.007628117917766228,-0.07150826581230335,-0.41816313770516345,-0.554259538041735,-0.003189797723278104,-0.039634138375292845,0.2138931387971422,-0.32466912070627646,-0.30237253708917206,True
fut_commodity/GAS_US,fut_commodity,10,20,long,1990-08-24,2010-10-26,2024-03-28,5050,3368,0.022985325613769977,-0.13281050139701975,-0.0018364757017521212,-0.08688842363163425,-0.40184854266305553,-0.5781735540281155,-0.0007379850843852021,-0.05023658869500248,0.21354024347596348,-0.3247462013663216,-0.30228847727549224,True
fut_commodity/GAS_US,fut_commodity,10,30,long,1990-09-10,2010-11-01,2024-03-28,5044,3364,0.04958092078703416,-0.12831379524714678,0.0028160515800373775,-0.08101421541338932,-0.37955072979071863,-0.6243795912943203,0.001068834432331493,-0.05058362270884205,0.21733320580496293,-0.3222185901664251,-0.30374902529607967,True
fut_commodity/GAS_US,fut_commodity,10,100,long,1990-12-18,2010-12-10,2024-03-28,5002,3336,0.16166245624473516,-0.04124245781264006,0.04099384334470055,-0.07126335768278981,-0.20549064900654138,-0.4932747750737846,0.008423851474175003,-0.0351524167319808,0.22756560352110666,-0.30313176217114374,-0.31233990892233965,True
fut_commodity/GAS_US,fut_commodity,12,26,long,1990-09-04,2010-10-29,2024-03-28,5047,3365,0.002447529094856088,-0.09211453457842138,-0.00519922789774259,-0.0696272856678235,-0.4119243084410762,-0.6205520631862709,-0.002141688356205167,-0.043207355775227746,0.21775840124151732,-0.31537007770236924,-0.3071912770841211,True
fut_commodity/GAS_US,fut_commodity,13,48,long,1990-10-04,2010-11-11,2024-03-28,5034,3356,0.09710006942243841,-0.12894258633042607,0.013877156297303395,-0.08343083563214015,-0.3054646529305653,-0.6138555825702907,0.00423898073201899,-0.051214484211293564,0.21884799457705756,-0.32128336223992504,-0.3046490089857406,True
fut_commodity/GAS_US,fut_commodity,20,50,long,1990-10-08,2010-11-11,2024-03-28,5032,3356,0.11554727629698709,-0.12332731112100548,0.021385417242393297,-0.08814998024226453,-0.25470591819752875,-0.5662045697707025,0.005446992334761048,-0.04991092163836732,0.21840932255007867,-0.3213472175212963,-0.3046490089857406,True
fut_commodity/GAS_US,fut_commodity,20,60,long,1990-10-22,2010-11-17,2024-03-28,5026,3352,0.049121420127495354,-0.1413339759844976,0.003551168034852314,-0.09193489265588166,-0.2990983726745491,-0.6067513103817096,0.0010621485803182036,-0.05578161658875801,0.2243592967723922,-0.3181924101810076,-0.3064395854299892,True
fut_commodity/GAS_US,fut_commodity,20,100,long,1990-12-18,2010-12-10,2024-03-28,5002,3336,0.15954150147731513,-0.01389701438316583,0.04104596579287807,-0.06046341595213354,-0.20287837487248223,-0.4833145518882816,0.0083273388351306,-0.029222848786540197,0.22804893358000122,-0.30313176217114374,-0.31233990892233965,True
fut_commodity/GAS_US,fut_commodity,21,55,long,1990-10-15,2010-11-15,2024-03-28,5029,3354,0.07932140576587887,-0.07457213000321777,0.011617011656379562,-0.07127545743717972,-0.26358227190808464,-0.5588706615252714,0.0030620383251712263,-0.03983376204843296,0.21873903635635722,-0.32456459676049554,-0.3031183574405169,True
fut_commodity/GAS_US,fut_commodity,30,90,long,1990-12-04,2010-12-06,2024-03-28,5008,3340,0.15028685280025014,0.027817961363413725,0.04037867851555146,-0.04413210357674323,-0.19118445661399922,-0.46729623803832543,0.00771977571078707,-0.020622765978129835,0.2315092054965515,-0.3066647905152554,-0.3128341490308394,True
fut_commodity/GAS_US,fut_commodity,30,200,long,1991-05-14,2011-02-08,2024-03-28,4942,3296,-0.008056796343940891,0.016976563573361428,-0.010178590394148413,-0.04463481308289163,-0.26623824681438046,-0.5200523199450523,-0.0027099300615797675,-0.023212438094071565,0.2321002467859463,-0.3103927398161131,-0.3077621925206987,True
fut_commodity/GAS_US,fut_commodity,40,100,long,1990-12-18,2010-12-10,2024-03-28,5002,3336,0.02798255347072865,0.0322613305287694,-0.0012716616383456848,-0.042046178131419476,-0.24176172650377997,-0.4672962380383254,-0.0003074391132150782,-0.019648020864701625,0.2316756062441504,-0.30313176217114374,-0.31233990892233965,True
fut_commodity/GAS_US,fut_commodity,50,150,long,1991-03-04,2011-01-10,2024-03-28,4972,3316,-0.014529671677881483,0.007991713337082299,-0.01132107492233381,-0.05313462682614193,-0.2776107542671923,-0.4789728930220664,-0.0031428521483044844,-0.025450045930565098,0.23305653933919968,-0.29966090306843113,-0.31307557139178055,True
fut_commodity/GAS_US,fut_commodity,50,200,long,1991-05-14,2011-02-08,2024-03-28,4942,3296,-0.023818331531008985,-0.04529131645887012,-0.013195969992499846,-0.07296913019828823,-0.2889254819669359,-0.5316928184717434,-0.0038126519901042414,-0.03879716249655948,0.23791450163167918,-0.3103927398161131,-0.3077621925206987,True
fut_commodity/GAS_US,fut_commodity,60,120,long,1991-01-18,2010-12-22,2024-03-28,4990,3328,0.04212086820082488,-0.009613777226142296,0.0023552936130969925,-0.06166632072112709,-0.2549448022528688,-0.4789728930220664,0.0006004698644384576,-0.029536496037824843,0.23348358868635014,-0.3085384569254962,-0.3085472817540547,True
fut_commodity/GAS_US,fut_commodity,60,132,long,1991-02-05,2010-12-30,2024-03-28,4983,3323,-0.0009951494494950814,-0.01792342526219384,-0.008132755086579827,-0.06563977881286698,-0.2755808933838872,-0.4789728930220663,-0.0022412319124320216,-0.031439674755327426,0.2335524718892745,-0.30139404209214266,-0.3119362184223986,True
fut_commodity/GAS_US,fut_commodity,60,180,long,1991-04-16,2011-01-27,2024-03-28,4954,3304,-0.06952962650736899,-0.011561998857126873,-0.0207892038379411,-0.06229602904193237,-0.3295124895279482,-0.5034287226945587,-0.006850302311943948,-0.03136161032952315,0.2392134319291081,-0.30123834093446633,-0.31271466465713976,True
fut_commodity/GAS_US,fut_commodity,60,400,long,1992-02-27,2011-06-07,2024-03-28,4822,3216,-0.06170505488594764,-0.013490113799113815,-0.018867787053465895,-0.057281375848412835,-0.33960567972068983,-0.5801075515724495,-0.006407607647117518,-0.033229358694124016,0.24485366484200974,-0.2799653433167639,-0.3236500647838015,True
fut_commodity/GAS_US,fut_commodity,62,758,long,1993-08-02,2012-01-03,2024-03-28,4608,3072,-0.12416405826308707,-0.10092679038909153,-0.028708221553540844,-0.08751119445958475,-0.37133646252794456,-0.5977282047587723,-0.01066040943716035,-0.05230790916062341,0.24046852107769084,-0.41202651555355124,-0.27915894236290006,True
fut_commodity/GAS_US,fut_commodity,74,758,long,1993-08-02,2012-01-03,2024-03-28,4608,3072,-0.0524117220011204,-0.12048348758559815,-0.018560157224931838,-0.0934308181293056,-0.30846240696627636,-0.6054078337523215,-0.005725110771274999,-0.05656374920937004,0.23989982589080097,-0.41202651555355124,-0.27915894236290006,True
fut_commodity/GAS_US,fut_commodity,80,144,long,1991-02-22,2011-01-06,2024-03-28,4976,3318,-0.0589613853923757,0.05858458116766552,-0.018934173065709766,-0.030934805141794898,-0.325376771679121,-0.47897289302206636,-0.006160740106534409,-0.014816933113839395,0.2384230416027134,-0.2987414267782249,-0.31328453152394276,True
fut_commodity/GAS_US,fut_commodity,80,300,long,1991-10-04,2011-04-07,2024-03-28,4882,3256,-0.0493187995216561,0.006512708639608,-0.016402802642067064,-0.04889658531552264,-0.33735525290101226,-0.5787166035031244,-0.005533571633599926,-0.028297265776700012,0.24408051932156827,-0.31658590571188006,-0.3082687839304693,True
fut_commodity/GAS_US,fut_commodity,100,200,long,1991-05-14,2011-02-08,2024-03-28,4942,3296,0.0026915617175695874,0.019517788605098896,-0.006343216598433735,-0.046823789562381084,-0.3300872014220313,-0.5377510372240124,-0.0020938146149907686,-0.025179541403929313,0.24398437504681017,-0.3103927398161131,-0.3077621925206987,True
fut_commodity/GAS_US,fut_commodity,100,250,long,1991-07-25,2011-03-09,2024-03-28,4912,3276,-0.08044402238275576,-0.004294189327393394,-0.020150716638597375,-0.05315246800179547,-0.3819930574142345,-0.5787166035031243,-0.007697433857865698,-0.030760215749807567,0.24368974756258518,-0.3145658749555983,-0.3055278083827758,True
fut_commodity/GAS_US,fut_commodity,100,300,long,1991-10-04,2011-04-07,2024-03-28,4882,3256,-0.07322940942876653,-0.015307655182722068,-0.0193443965114294,-0.05672552119832645,-0.3707721208367617,-0.5883652673883869,-0.007172362920849933,-0.033375326447598955,0.24374539852553315,-0.31658590571188006,-0.3082687839304693,True
fut_commodity/GAS_US,fut_commodity,100,400,long,1992-02-27,2011-06-07,2024-03-28,4822,3216,-0.16233600222441172,-0.045579066580412,-0.03322722683171824,-0.06602113842087759,-0.3928348671788586,-0.5975672316514329,-0.013052813239159843,-0.039452068916639875,0.24003682270313303,-0.2799653433167639,-0.3236500647838015,True
fut_commodity/GAS_US,fut_commodity,116,378,long,1992-01-27,2011-05-25,2024-03-28,4836,3224,-0.1697912851193482,-0.06144236904726242,-0.0343157112812497,-0.07105309142502304,-0.39367820582604396,-0.6054078337523217,-0.01350934764884692,-0.04301609816102886,0.23974069010876892,-0.29739840896523007,-0.3149258844857973,True
fut_commodity/GAS_US,fut_commodity,120,398,long,1992-02-25,2011-06-07,2024-03-28,4824,3216,-0.17850159824863404,-0.09155578075879907,-0.035478419494773816,-0.08148676736765495,-0.3983339421508821,-0.6109892647678008,-0.014132258698635962,-0.04978754008226832,0.23936266205076545,-0.280310043656072,-0.3236500647838015,True
fut_commodity/GAS_US,fut_commodity,134,750,long,1993-07-21,2011-12-27,2024-03-28,4612,3076,-0.028419948163105415,-0.1117261896707166,-0.01559899916004937,-0.080988607490355,-0.2626851127534623,-0.6361123723371711,-0.004097624853198732,-0.051517855242973705,0.23046747351130586,-0.40260921907561437,-0.2825856656138274,True
fut_commodity/GAS_US,fut_commodity,150,400,long,1992-02-27,2011-06-07,2024-03-28,4822,3216,-0.1680946093790984,-0.13580264951126678,-0.03457296253764303,-0.09480851098602723,-0.3856704765297243,-0.6238507698396157,-0.013333770936937096,-0.059146362565980756,0.2374800062808601,-0.2799653433167639,-0.3236500647838015,True
fut_commodity/GAS_US,fut_commodity,150,500,long,1992-07-21,2011-08-04,2024-03-28,4762,3176,0.025225741691142785,-0.166951404346426,-0.0018312242302843318,-0.10507260041022234,-0.2529180472719108,-0.6293078595464684,-0.0004631496564405211,-0.0661230132611384,0.23756605054368016,-0.333190650399164,-0.3054074040814282,True
fut_commodity/GAS_US,fut_commodity,150,710,long,1993-05-24,2011-12-02,2024-03-28,4636,3092,-0.028136565039524605,-0.1340019193568268,-0.015457598236544258,-0.08744449869637874,-0.2626851127534623,-0.6361123723371711,-0.004060480935664348,-0.055624527513588144,0.22821811870971254,-0.3824187864830853,-0.29181958731205604,True
fut_commodity/GAS_US,fut_commodity,162,678,long,1993-04-07,2011-11-15,2024-03-28,4656,3104,-0.004323533584856716,-0.09947179791075567,-0.009413139458601243,-0.07439614379940652,-0.2626851127534623,-0.6361123723371711,-0.0024726916000467323,-0.04732430752497781,0.22570935691611443,-0.3864477801166912,-0.290043966318787,True
fut_commodity/GAS_US,fut_commodity,174,698,long,1993-05-06,2011-11-28,2024-03-28,4644,3096,-0.0209558556989033,-0.08382890702394365,-0.013140943275038734,-0.06908373394031884,-0.27257590907384305,-0.6361123723371711,-0.003581904559281487,-0.043945017886686165,0.22568000535722152,-0.3875574341607815,-0.29022517095822475,True
fut_commodity/GAS_US,fut_commodity,200,400,long,1992-02-27,2011-06-07,2024-03-28,4822,3216,0.07005332449987177,-0.1377855429659702,0.009662569768641419,-0.09301757256408519,-0.25291804727191075,-0.6361123723371711,0.0024438382775133862,-0.05916962875278519,0.23628674624047338,-0.2799653433167639,-0.3236500647838015,True
fut_commodity/GAS_US,fut_commodity,200,600,long,1992-12-11,2011-09-30,2024-03-28,4702,3136,-0.02265943386624677,-0.09789253554538667,-0.013427145144756193,-0.0733014925399974,-0.27257590907384305,-0.6361123723371711,-0.0036599162940983572,-0.0466279863154732,0.22457069187425518,-0.3501408595299881,-0.30065245654940664,True
fut_commodity/GOLD,fut_commodity,5,20,long,1975-04-29,2004-11-05,2024-03-28,7414,4944,-0.06552253728768682,0.17239490486948414,-0.010908696590915116,0.05233565856931536,-0.4256206213508066,-0.2508991103366368,-0.004642966221152717,0.013130970173923206,0.11245340664536724,-0.18005454715521668,0.4022449203696417,False
fut_commodity/GOLD,fut_commodity,5,35,long,1975-05-20,2004-11-15,2024-03-28,7405,4938,-0.13226872117655739,0.22912344023613845,-0.018107786115996647,0.055687618085001965,-0.4465906434644534,-0.3589739174173093,-0.008086767853259638,0.019990402415612153,0.11570882086365246,-0.17819430752616652,0.4011794128195915,False
fut_commodity/GOLD,fut_commodity,8,21,long,1975-04-30,2004-11-08,2024-03-28,7414,4943,-0.07250167990067745,0.28106327052232244,-0.011904626750980361,0.08464263586813832,-0.4164382328622969,-0.30531824953029524,-0.004957541727063489,0.025842941418890174,0.11394908568060913,-0.18063870822463202,0.4026830504458565,False
fut_commodity/GOLD,fut_commodity,9,21,long,1975-04-30,2004-11-08,2024-03-28,7414,4943,-0.02205400720912871,0.32542705613081496,-0.006301974865815265,0.10260501576113602,-0.38247790427804224,-0.302796489024273,-0.002410366139489919,0.03106843852875218,0.11407232145884366,-0.18063870822463202,0.4026830504458565,False
fut_commodity/GOLD,fut_commodity,10,20,long,1975-04-29,2004-11-05,2024-03-28,7414,4944,-0.027147490242767157,0.3173086182614996,-0.006920872951429148,0.09555232584826658,-0.3854084809956579,-0.3151565157663507,-0.0026673631313742434,0.030113938087710703,0.1140712717873675,-0.18005454715521668,0.4022449203696417,False
fut_commodity/GOLD,fut_commodity,10,30,long,1975-05-13,2004-11-11,2024-03-28,7408,4940,-0.03575146252477636,0.2782565756060354,-0.008004075698798916,0.07940296591384925,-0.39318545471912364,-0.3247327996519829,-0.003147086143238539,0.025784747421875233,0.11558925202837304,-0.17940134319844256,0.40193026594975345,False
fut_commodity/GOLD,fut_commodity,10,100,long,1975-08-21,2004-12-23,2024-03-28,7366,4912,-0.05603947958255848,0.18707807117256173,-0.010116094923782673,0.044495261629804286,-0.43137607119364585,-0.3485541497960507,-0.004363841284043353,0.01550900808732927,0.12253937936745743,-0.174180503030909,0.40088949932502793,False
fut_commodity/GOLD,fut_commodity,12,26,long,1975-05-07,2004-11-10,2024-03-28,7411,4941,-0.025434440838851928,0.27122490607919647,-0.006699918564813931,0.07503194158300235,-0.38930293409056654,-0.3319003142014214,-0.002608297955449921,0.024903124986541174,0.11528465394633523,-0.17995058260187088,0.4022859878530316,False
fut_commodity/GOLD,fut_commodity,13,48,long,1975-06-09,2004-11-23,2024-03-28,7398,4932,0.03039178692456224,0.21595403296213406,0.0005533707938196291,0.052309229910409094,-0.3864649818103107,-0.3564142095855724,0.00021385843376786018,0.01864375283254844,0.11773684510610923,-0.17134060663044254,0.39678370986945816,False
fut_commodity/GOLD,fut_commodity,20,50,long,1975-06-11,2004-11-23,2024-03-28,7396,4932,-0.033492451563811095,0.2568751205520427,-0.007634883782315453,0.08361471510796206,-0.4138732606430799,-0.2823196755274055,-0.003159874245617867,0.0236060792385963,0.11803483994066188,-0.17136377077117299,0.39678370986945816,False
fut_commodity/GOLD,fut_commodity,20,60,long,1975-06-25,2004-12-01,2024-03-28,7390,4928,-0.0491571755339403,0.1910418277498804,-0.0093906087089957,0.05356867624278817,-0.4269788193137939,-0.2952583613504806,-0.004009591019204815,0.015816599567160056,0.11991080748721665,-0.16824354997692553,0.39427763958030326,False
fut_commodity/GOLD,fut_commodity,20,100,long,1975-08-21,2004-12-23,2024-03-28,7366,4912,-0.06703033355895413,0.24163644098191536,-0.011318573177717981,0.06924734984816035,-0.4467513550688531,-0.32406916330395685,-0.005056587904591483,0.022440930726309708,0.12351700358473293,-0.174180503030909,0.40088949932502793,False
fut_commodity/GOLD,fut_commodity,21,55,long,1975-06-18,2004-11-29,2024-03-28,7393,4930,-0.017807210622953987,0.21111998094761183,-0.005761324790917074,0.05595359816296241,-0.40471484265141233,-0.3243541375502799,-0.0023316936562196846,0.0181487810749826,0.11864541191544453,-0.1676167681394972,0.39432170469181066,False
fut_commodity/GOLD,fut_commodity,30,90,long,1975-08-07,2004-12-17,2024-03-28,7372,4916,-0.023249114840697558,0.2743143402943598,-0.006543031503464775,0.07350681104462804,-0.41719873064132906,-0.3630289124076954,-0.002729744437791731,0.02668509766808929,0.12420536057135084,-0.1762217547439619,0.40072295504775685,False
fut_commodity/GOLD,fut_commodity,30,200,long,1976-01-20,2005-02-23,2024-03-28,7306,4872,0.0934783648676102,0.35936656789198906,0.009825562381822611,0.1432062398001967,-0.3701389003512112,-0.26700131577116715,0.0036368228553400493,0.0382362544532938,0.12688678046246527,-0.16152869161622851,0.40685739936836623,False
fut_commodity/GOLD,fut_commodity,40,100,long,1975-08-21,2004-12-23,2024-03-28,7366,4912,-0.007357467355325343,0.24667738369383033,-0.004545383605532001,0.06484504139681188,-0.4149654950047565,-0.3578933868655909,-0.0018861773578560917,0.023207611486944453,0.12453375151416754,-0.174180503030909,0.40088949932502793,False
fut_commodity/GOLD,fut_commodity,50,150,long,1975-11-03,2005-01-25,2024-03-28,7336,4892,0.05851390766665559,0.3309217972623985,0.004438515241226345,0.120740770886199,-0.38465085681173944,-0.28426461440639594,0.001707278690509678,0.034322328679096355,0.12606466314960313,-0.1780858422723512,0.4110807715679091,False
fut_commodity/GOLD,fut_commodity,50,200,long,1976-01-20,2005-02-23,2024-03-28,7306,4872,0.1320499434160074,0.35493339147125597,0.01648786979959279,0.12686744897925128,-0.35113272048943894,-0.2974194050546432,0.0057894305778066766,0.03773284119620922,0.12722848873034487,-0.16152869161622851,0.40685739936836623,False
fut_commodity/GOLD,fut_commodity,60,120,long,1975-09-19,2005-01-06,2024-03-28,7354,4904,0.005824587074554334,0.29438966047559645,-0.0028212249677895345,0.09241783434070433,-0.4221980254316506,-0.31985184293368585,-0.0011911156106992134,0.029560014633814358,0.1260068375452675,-0.17607400629847128,0.4107476939005092,False
fut_commodity/GOLD,fut_commodity,60,132,long,1975-10-07,2005-01-13,2024-03-28,7347,4899,0.07283725164046882,0.3049016676520716,0.006803166623493171,0.10883246986420994,-0.3674089280587071,-0.28407666198882536,0.0024995441565424,0.03091676475502419,0.12596399664331137,-0.17620858997620856,0.4094298580467896,False
fut_commodity/GOLD,fut_commodity,60,180,long,1975-12-18,2005-02-10,2024-03-28,7318,4880,0.1207852807796356,0.3437527096905084,0.015154514894260946,0.12020709703989514,-0.34259799020342907,-0.30035285920940274,0.005191906345281732,0.03610454529319464,0.12654465798903416,-0.1794276609180006,0.41416694267879894,False
fut_commodity/GOLD,fut_commodity,60,400,long,1976-11-03,2005-06-17,2024-03-28,7186,4792,0.16490073234154404,0.30348952575378735,0.02336011848360772,0.09795928563330228,-0.3164647575460736,-0.33092802893921125,0.00739265423216247,0.032417473310921915,0.13540011857438505,-0.1618302982789486,0.4112473428669379,False
fut_commodity/GOLD,fut_commodity,62,758,long,1978-04-11,2006-01-13,2024-03-28,6972,4648,0.23031988110084636,0.3178302078476936,0.032900542165912275,0.09499518608453689,-0.3285742627467536,-0.3729412859501382,0.010810271386133106,0.03542762685743986,0.14083383473880276,-0.1135834602098883,0.3716339036003129,False
fut_commodity/GOLD,fut_commodity,74,758,long,1978-04-11,2006-01-13,2024-03-28,6972,4648,0.25006810492163556,0.29879125617891517,0.0376664689209803,0.0832488856861783,-0.31356425619867856,-0.39147994519222895,0.01181085831083783,0.032590269205739215,0.14044365887921353,-0.1135834602098883,0.3716339036003129,False
fut_commodity/GOLD,fut_commodity,80,144,long,1975-10-24,2005-01-21,2024-03-28,7340,4894,0.12882168654482187,0.3629508227103168,0.016531811514408343,0.12577101773867988,-0.34045263969111345,-0.3059251282800194,0.005628298868956264,0.03847651473561424,0.12594244719381123,-0.1752968722622728,0.40885766376543087,False
fut_commodity/GOLD,fut_commodity,80,300,long,1976-06-11,2005-04-21,2024-03-28,7246,4832,0.1669947000861733,0.2764033014654332,0.023571205603508658,0.08190151139382447,-0.3177750324899234,-0.3467907620964751,0.007490340626481628,0.028402687553117523,0.13378274938271623,-0.16468313860646897,0.41066500907820735,False
fut_commodity/GOLD,fut_commodity,100,200,long,1976-01-20,2005-02-23,2024-03-28,7306,4872,0.17063633258290378,0.25550736865782225,0.023857236086995,0.06521205958247993,-0.3254016537374007,-0.38453233348901567,0.007763184076311767,0.025076145442875734,0.13017936280206444,-0.16152869161622851,0.40685739936836623,False
fut_commodity/GOLD,fut_commodity,100,250,long,1976-03-31,2005-03-23,2024-03-28,7276,4852,0.16428237721564332,0.2572666074292727,0.023448393497619114,0.07085161497881802,-0.3138177807314458,-0.36079730283704503,0.007358522809140494,0.02556307158600632,0.13213191124776963,-0.17041420127260287,0.4125719119289927,False
fut_commodity/GOLD,fut_commodity,100,300,long,1976-06-11,2005-04-21,2024-03-28,7246,4832,0.17564730093167863,0.29725508604160605,0.025806426138859067,0.09429687543430558,-0.3080127199018794,-0.33185306657382757,0.007948707505976937,0.031292707281204535,0.13388400917050197,-0.16468313860646897,0.41066500907820735,False
fut_commodity/GOLD,fut_commodity,100,400,long,1976-11-03,2005-06-17,2024-03-28,7186,4792,0.14248130014072893,0.28498584875137156,0.017816674936022382,0.08532911471643514,-0.34550539175874573,-0.3509161130509716,0.006155757253608639,0.029943361266371878,0.13610820624772102,-0.1618302982789486,0.4112473428669379,False
fut_commodity/GOLD,fut_commodity,116,378,long,1976-10-01,2005-06-07,2024-03-28,7200,4800,0.11140920916499195,0.32032866716506736,0.012520026101580178,0.08622498515047955,-0.359487942552036,-0.4085389276971433,0.004500798423954846,0.03522626297407902,0.13781109193884425,-0.16604987945681046,0.41674288013416955,False
fut_commodity/GOLD,fut_commodity,120,398,long,1976-10-29,2005-06-17,2024-03-28,7188,4792,0.18520643942211154,0.33920084810076806,0.027312507392341052,0.09704254113833374,-0.305713665800345,-0.3923541883349206,0.008349806757111604,0.038075047462289076,0.13854795970272063,-0.16115895853438386,0.4112473428669379,False
fut_commodity/GOLD,fut_commodity,134,750,long,1978-03-30,2006-01-09,2024-03-28,6976,4652,0.24787743016561778,0.23423235546421092,0.0375424112445928,0.05140402702927089,-0.3106618257170413,-0.4537896367350019,0.011662994019065181,0.023326614752329056,0.14104508246253042,-0.11818587564517444,0.374322644353543,False
fut_commodity/GOLD,fut_commodity,150,400,long,1976-11-03,2005-06-17,2024-03-28,7186,4792,0.19653416478694744,0.3811180944641276,0.03054483695005435,0.12296134228494453,-0.294331816767609,-0.35874544134314873,0.00899031735237989,0.0441118210061584,0.13851399934201034,-0.1618302982789486,0.4112473428669379,False
fut_commodity/GOLD,fut_commodity,150,500,long,1977-03-29,2005-08-15,2024-03-28,7126,4752,0.15130068322252424,0.36937745271009204,0.020370041974683475,0.1152585565111957,-0.32156126052504286,-0.3685118106045577,0.006550216374327251,0.04247413934760846,0.1387615185379394,-0.17134973816520108,0.41251778779836284,False
fut_commodity/GOLD,fut_commodity,150,710,long,1978-01-30,2005-12-14,2024-03-28,7000,4668,0.19933787167739636,0.2584823457097529,0.028027195226384027,0.05986581181595538,-0.3229067382879708,-0.4481261216024698,0.009050170193911852,0.026827434065667392,0.14100255877627468,-0.1430903217373091,0.3915452350139955,False
fut_commodity/GOLD,fut_commodity,162,678,long,1977-12-12,2005-11-28,2024-03-28,7020,4680,0.20224899679255065,0.24978892136041758,0.028911014875781463,0.055410573813871704,-0.3172411071756043,-0.461339997451844,0.009171762368763277,0.025563113982096788,0.14094388061014324,-0.13971352475132298,0.393792665691326,False
fut_commodity/GOLD,fut_commodity,174,698,long,1978-01-11,2005-12-08,2024-03-28,7008,4672,0.19112376294927147,0.244901738283881,0.025466047680153488,0.05454921850839786,-0.3375288825817969,-0.45599085157106234,0.008595526617256969,0.024873944600180296,0.14110544418783247,-0.1350481558862302,0.38530055812299724,False
fut_commodity/GOLD,fut_commodity,200,400,long,1976-11-03,2005-06-17,2024-03-28,7186,4792,0.1350429222785589,0.34857226878131614,0.016926592239409972,0.10689570243521049,-0.33614167286519725,-0.3676853825232723,0.005689733031262333,0.03930398723998426,0.13800768392022167,-0.1618302982789486,0.4112473428669379,False
fut_commodity/GOLD,fut_commodity,200,600,long,1977-08-22,2005-10-11,2024-03-28,7066,4712,0.17492295391507506,0.2565532146540898,0.023710317451854465,0.05728340997272129,-0.3256819230843259,-0.462622557418613,0.007722021784659816,0.026500597619239206,0.14059945345952402,-0.14778559809187483,0.40027850712553414,False
fut_commodity/SILVER,fut_commodity,5,20,long,1970-07-14,2004-07-01,2024-03-28,8513,5676,0.1403590517005855,0.17979806216302646,0.013975623513938914,0.034816376342946695,-0.5831974009814971,-0.4531157544723234,0.008150547310425072,0.01577584863462664,0.20568601526787425,-0.10890020926649739,0.18990102948503904,False
fut_commodity/SILVER,fut_commodity,5,35,long,1970-08-04,2004-07-12,2024-03-28,8504,5670,0.22335035275297602,0.12852205959664662,0.028572243010304785,0.008995914603874248,-0.5356857181308423,-0.5594858110330353,0.015305742515584059,0.00503308657813251,0.2059882768891191,-0.09562963325265955,0.18213797250137503,False
fut_commodity/SILVER,fut_commodity,8,21,long,1970-07-15,2004-07-01,2024-03-28,8512,5676,0.13827395103150047,0.16851225589869082,0.01360261497108346,0.026002045500419017,-0.5899264029444046,-0.5147345091235025,0.008024541720528971,0.01338415012686516,0.2054819860301712,-0.10890660543563077,0.18990102948503904,False
fut_commodity/SILVER,fut_commodity,9,21,long,1970-07-15,2004-07-01,2024-03-28,8512,5676,0.0980948312363443,0.17277407662549601,0.0076401622556765865,0.02775131929257836,-0.615222436860111,-0.5151701375748948,0.004700399240943992,0.014296650977842428,0.2049236171928547,-0.10890660543563077,0.18990102948503904,False
fut_commodity/SILVER,fut_commodity,10,20,long,1970-07-14,2004-07-01,2024-03-28,8513,5676,0.09522516308165495,0.170083436713893,0.007278486554813596,0.0253235818283415,-0.6131184162194857,-0.5423191726415512,0.004462574148962133,0.013733463945466783,0.2050289828721532,-0.10890020926649739,0.18990102948503904,False
fut_commodity/SILVER,fut_commodity,10,30,long,1970-07-28,2004-07-08,2024-03-28,8507,5672,0.14330457323109544,0.1593782407052725,0.014520150437505546,0.018569855864030968,-0.5883425240289454,-0.6123216734097776,0.00854282195768201,0.011370725217641814,0.20747378473807418,-0.09801867320448181,0.18353869479505777,False
fut_commodity/SILVER,fut_commodity,10,100,long,1970-11-06,2004-08-17,2024-03-28,8465,5644,0.10167881087535277,-0.10028011125991974,0.007438505216522597,-0.055791280820310804,-0.6766942238199106,-0.825569861744776,0.0050335935138751155,-0.04605959999338796,0.22156983842915257,-0.08996948052810065,0.1801481009759686,False
fut_commodity/SILVER,fut_commodity,12,26,long,1970-07-22,2004-07-06,2024-03-28,8509,5674,0.07770026546091749,0.1802123148768326,0.004838417358869073,0.026092351871246828,-0.6216413536898835,-0.6041842445173288,0.003007760316684001,0.015764587903009573,0.2066777526450006,-0.10831261563168379,0.18957250864530278,False
fut_commodity/SILVER,fut_commodity,13,48,long,1970-08-21,2004-07-19,2024-03-28,8496,5665,0.12917855342644652,0.005737345457868616,0.01208584062731205,-0.027658768179306435,-0.608878605945768,-0.7710551001990338,0.007358809792840488,-0.02132643426987697,0.2117932628588591,-0.09431362849680007,0.181469165640796,False
fut_commodity/SILVER,fut_commodity,20,50,long,1970-08-25,2004-07-20,2024-03-28,8495,5664,0.11808336078482462,-0.06632444384052813,0.01017890820466993,-0.04596095512488965,-0.6324304492364237,-0.7930552338543361,0.006437451488615723,-0.03644957601473801,0.2128240671133485,-0.09405032055394917,0.18132455489014795,False
fut_commodity/SILVER,fut_commodity,20,60,long,1970-09-09,2004-07-26,2024-03-28,8489,5660,0.0979610557596942,-0.07044892481097034,0.007300087388126809,-0.047418917907512945,-0.6466344440233549,-0.8016008869739152,0.004720487949543284,-0.03801104665400565,0.2154207549045135,-0.10218403569671147,0.18631852372925972,False
fut_commodity/SILVER,fut_commodity,20,100,long,1970-11-06,2004-08-17,2024-03-28,8465,5644,0.09907104534384871,-0.0678629754541186,0.007140105940325203,-0.047876411074046804,-0.6753379679920475,-0.8247969741324241,0.00482198463698717,-0.039488318986193885,0.2226469741878339,-0.08996948052810065,0.1801481009759686,False
fut_commodity/SILVER,fut_commodity,21,55,long,1970-09-01,2004-07-22,2024-03-28,8492,5662,0.10672713924775686,-0.04309594430163892,0.008394516690416276,-0.0397388149991646,-0.6514955833232009,-0.8056922301950314,0.005468990547939097,-0.0320172544819847,0.21423014458365186,-0.09816027972105132,0.18383259009900002,False
fut_commodity/SILVER,fut_commodity,30,90,long,1970-10-22,2004-08-11,2024-03-28,8471,5648,0.09782463955123626,-0.08133694951842264,0.00705468036420112,-0.051138904329439606,-0.6684285308924494,-0.8299306963383589,0.004715549631758764,-0.04244174648011253,0.22290706590961437,-0.09385493398587177,0.18277394796167917,False
fut_commodity/SILVER,fut_commodity,30,200,long,1971-04-05,2004-10-13,2024-03-28,8405,5604,0.011984599725008163,0.048782698216124604,-0.003718059646583554,-0.01938318310497795,-0.7333495446515632,-0.77126146168889,-0.0027266373488094016,-0.014949502133728693,0.2269446722417655,-0.08585729811542468,0.17932133015724824,False
fut_commodity/SILVER,fut_commodity,40,100,long,1970-11-06,2004-08-17,2024-03-28,8465,5644,0.03269057898011084,-0.034880992485402586,-0.0012490329853758256,-0.04119103076279413,-0.7190213652290187,-0.8148153348580839,-0.0008980814023610031,-0.033563083524135735,0.22728658773479274,-0.08996948052810065,0.1801481009759686,False
fut_commodity/SILVER,fut_commodity,50,150,long,1971-01-21,2004-09-15,2024-03-28,8435,5624,-0.002086795138138282,0.05885557142699233,-0.005351146551867226,-0.016413355339754424,-0.7248417366977945,-0.7692167424213383,-0.0038787343599798545,-0.012625427726649775,0.22652978220403744,-0.0971038121076147,0.18676689974794877,False
fut_commodity/SILVER,fut_commodity,50,200,long,1971-04-05,2004-10-13,2024-03-28,8405,5604,0.09716479355068249,0.15259465450447393,0.006929740413336237,0.012254744925961953,-0.6733134572219884,-0.7023261570918433,0.004665887475354353,0.008606827909991625,0.22593900091687083,-0.08585729811542468,0.17932133015724824,False
fut_commodity/SILVER,fut_commodity,60,120,long,1970-12-08,2004-08-27,2024-03-28,8453,5636,0.011559907422071915,0.12307507462290701,-0.0036512287089526707,0.002529369940096081,-0.7325733369785773,-0.7251086545375682,-0.0026747927993894405,0.0018340680340908388,0.2267280673299906,-0.09103665848424167,0.18217084780816487,False
fut_commodity/SILVER,fut_commodity,60,132,long,1970-12-24,2004-09-03,2024-03-28,8446,5631,-0.008340783905800479,0.12074050857004164,-0.005930145695161745,0.0017954731767312149,-0.733803121231933,-0.7143605112086703,-0.0043515594204698,0.001282615136391166,0.22689512514713964,-0.09201883945723731,0.18279233783885548,False
fut_commodity/SILVER,fut_commodity,60,180,long,1971-03-08,2004-10-01,2024-03-28,8417,5612,0.060877853309150964,0.16937793698907597,0.002202440910018324,0.018433226224863715,-0.6978654644875211,-0.6772717783090128,0.0015370074486762565,0.012484303905285779,0.22512198409670825,-0.08445213936795344,0.1785702916064549,False
fut_commodity/SILVER,fut_commodity,60,400,long,1972-01-27,2005-02-09,2024-03-28,8285,5524,-0.036589839152441066,0.016845348863840676,-0.009459002433590349,-0.028417425908962828,-0.7579922239000758,-0.7986862372003368,-0.007169850290513377,-0.022696606970148882,0.22982818542259,-0.0889680971149185,0.1856158290507735,False
fut_commodity/SILVER,fut_commodity,62,758,long,1973-07-09,2005-09-02,2024-03-28,8070,5381,-0.11083336740117386,0.0014470767509445674,-0.016820971168854035,-0.03418342727130974,-0.7910997651690197,-0.8120621503326891,-0.013307066341595277,-0.027759067455680877,0.23687446403496165,-0.09783665688417496,0.18461757955601787,False
fut_commodity/SILVER,fut_commodity,74,758,long,1973-07-09,2005-09-02,2024-03-28,8070,5381,-0.028589172150028156,0.026730437705997888,-0.008088352540363018,-0.026872182449170487,-0.7427568026732371,-0.8100760059297281,-0.00600767887177399,-0.021768510229038966,0.23613684163837675,-0.09783665688417496,0.18461757955601787,False
fut_commodity/SILVER,fut_commodity,80,144,long,1971-01-13,2004-09-13,2024-03-28,8439,5626,0.11955970794556452,0.20418913348637815,0.010227216770669182,0.030784762091127665,-0.6419640396313167,-0.6641979076826616,0.006565505392283937,0.020447174569435515,0.22548099746525774,-0.10089057548979492,0.1878485056043779,True
fut_commodity/SILVER,fut_commodity,80,300,long,1971-08-31,2004-12-10,2024-03-28,8345,5564,0.021245795812465627,0.00908904669663068,-0.002755411764861599,-0.029940775994064493,-0.7213095902725947,-0.7963154774455907,-0.001987504931144607,-0.023842303330804948,0.22707590888295492,-0.08600751406812966,0.18286664330721586,False
fut_commodity/SILVER,fut_commodity,100,200,long,1971-04-05,2004-10-13,2024-03-28,8405,5604,0.09787923046354391,0.1291174073829054,0.006942595679623998,0.004649703677295526,-0.6794852568229114,-0.6872955185279889,0.004717391408386947,0.003195720499888325,0.22649293443990318,-0.08585729811542468,0.17932133015724824,False
fut_commodity/SILVER,fut_commodity,100,250,long,1971-06-16,2004-11-10,2024-03-28,8375,5584,0.04990730035776538,0.05862858594435738,0.0008190045991547633,-0.017207736563006032,-0.708914967230912,-0.7356023682386698,0.0005806046185717652,-0.012658051767774386,0.22626579573814296,-0.0732436817524956,0.17294907533735146,False
fut_commodity/SILVER,fut_commodity,100,300,long,1971-08-31,2004-12-10,2024-03-28,8345,5564,-0.032630265153674905,0.07686735357783561,-0.008879975749239034,-0.011357159727393654,-0.7579339741269783,-0.7566682195046512,-0.006730435309771933,-0.008593601829556886,0.22636677549667153,-0.08600751406812966,0.18286664330721586,False
fut_commodity/SILVER,fut_commodity,100,400,long,1972-01-27,2005-02-09,2024-03-28,8285,5524,0.002785738933698885,0.08923078919710077,-0.005077114776699608,-0.008363001297515677,-0.7426909386091709,-0.7591272964455383,-0.003770727138933523,-0.006348582565153605,0.23018454467134228,-0.0889680971149185,0.1856158290507735,False
fut_commodity/SILVER,fut_commodity,116,378,long,1971-12-27,2005-01-27,2024-03-28,8298,5533,0.002452146330436111,0.12667424807816863,-0.005049179448173265,0.003048034349453073,-0.7526136146736605,-0.7219148819104981,-0.0038000811956256397,0.002200421357444557,0.23075152260837703,-0.08258224007007503,0.1825052336775097,False
fut_commodity/SILVER,fut_commodity,120,398,long,1972-01-25,2005-02-08,2024-03-28,8286,5525,-0.04166911712815241,0.08590099831996824,-0.009941232245822483,-0.009679703496409823,-0.7738532949135556,-0.7502246637716407,-0.007693055328930614,-0.007261952301003234,0.2312708223944724,-0.0892901566376852,0.186023014075586,False
fut_commodity/SILVER,fut_commodity,134,750,long,1973-06-26,2005-08-30,2024-03-28,8075,5384,0.022200637950621643,0.043855786216221326,-0.002085247424579589,-0.02277413648453836,-0.7075246795966232,-0.7781167189262514,-0.0014753640159553575,-0.017720936357727625,0.23573039987332847,-0.10362093794666168,0.18862915361500554,False
fut_commodity/SILVER,fut_commodity,150,400,long,1972-01-27,2005-02-09,2024-03-28,8285,5524,-0.04227439019331622,0.054691659677264776,-0.009941659455619185,-0.018911812029746563,-0.7742366881723367,-0.776570650806464,-0.007697197491855794,-0.014686358175869803,0.23284689930296879,-0.0889680971149185,0.1856158290507735,False
fut_commodity/SILVER,fut_commodity,150,500,long,1972-06-20,2005-04-08,2024-03-28,8225,5484,-0.0007408536257560227,0.009819210593087994,-0.005013343422334624,-0.031939126257731855,-0.7551497062289119,-0.7840905183874793,-0.003785824812600639,-0.025043166064268124,0.23335123936803792,-0.07781329263543162,0.17952042855433095,False
fut_commodity/SILVER,fut_commodity,150,710,long,1973-04-30,2005-08-08,2024-03-28,8099,5400,0.025580441828383007,0.07715302314326623,-0.0016760836142968214,-0.013358382707284285,-0.7183787698011137,-0.7463239074121268,-0.001204062884922355,-0.009969680378806993,0.23569685027491102,-0.08954487295161709,0.18417057437388043,False
fut_commodity/SILVER,fut_commodity,162,678,long,1973-03-14,2005-07-20,2024-03-28,8118,5413,0.04334348800652171,0.04662152774471405,0.0003160683211044824,-0.02253169425157961,-0.7071109848128806,-0.7537735285888479,0.0002234953818043443,-0.016983794681098223,0.23524354117572885,-0.08952058887388528,0.18325056936381545,False
fut_commodity/SILVER,fut_commodity,174,698,long,1973-04-11,2005-08-01,2024-03-28,8106,5405,0.034387287016080105,0.016535321427204677,-0.0007141662483903309,-0.031166934822648283,-0.7202992964782979,-0.7703058219228277,-0.0005144134462841007,-0.024008071345375286,0.23565502607692565,-0.08489220957179254,0.1803557651374985,False
fut_commodity/SILVER,fut_commodity,200,400,long,1972-01-27,2005-02-09,2024-03-28,8285,5524,-0.04168108221745134,0.058687797447769106,-0.009384404172180755,-0.018196096970909677,-0.7709187943035761,-0.7427686755347371,-0.007234613549675036,-0.013515490846984222,0.23136559344461755,-0.0889680971149185,0.1856158290507735,False
fut_commodity/SILVER,fut_commodity,200,600,long,1972-11-15,2005-06-06,2024-03-28,8165,5444,0.05232783103762476,0.03394664291446844,0.0012897110906318404,-0.0263078243059991,-0.7213702837332824,-0.7487187731603958,0.0009303592553830517,-0.019697161938906887,0.23417968294074784,-0.07399143698205793,0.1760505574388255,False
fut_commodity/SOYBEAN,fut_commodity,5,20,long,1988-06-13,2012-10-29,2024-03-28,4261,2841,0.1294377651721231,-0.16533467146870043,-0.9872280076297478,-0.07253595324576886,-1.0,-0.4782418163722142,-0.9872280076297478,-0.034689726032546504,0.14743815272617167,0.3605550238412216,0.11265522514755708,False
fut_commodity/SOYBEAN,fut_commodity,5,35,long,1988-07-05,2012-11-06,2024-03-28,4252,2835,0.19097992469868474,-0.2628234058665411,-0.9876735199657348,-0.10228808443048036,-1.0,-0.4882766206840415,-0.9876735199657348,-0.04994488020195887,0.15112044006205802,0.36145946519332717,0.10370454677871233,False
fut_commodity/SOYBEAN,fut_commodity,8,21,long,1988-06-14,2012-10-29,2024-03-28,4260,2841,0.182721216847646,-0.10425314746059584,-0.9872660953364235,-0.062219113266066266,-1.0,-0.41498351978406856,-0.9872660953364235,-0.025819906620995814,0.1469067598607834,0.3605973520134089,0.11265522514755708,False
fut_commodity/SOYBEAN,fut_commodity,9,21,long,1988-06-14,2012-10-29,2024-03-28,4260,2841,0.2244551915922537,-0.04502472691505168,-0.9864197462706341,-0.04376122763549751,-1.0,-0.393895661939553,-0.9864197462706341,-0.017237357726771752,0.14656339241591954,0.3605973520134089,0.11265522514755708,False
fut_commodity/SOYBEAN,fut_commodity,10,20,long,1988-06-13,2012-10-29,2024-03-28,4261,2841,0.20650302317079935,-0.04212968639444275,-0.986961007172848,-0.042963629720550615,-1.0,-0.3908028047810257,-0.986961007172848,-0.016790306998364615,0.14640196517019446,0.3605550238412216,0.11265522514755708,False
fut_commodity/SOYBEAN,fut_commodity,10,30,long,1988-06-27,2012-11-02,2024-03-28,4255,2837,0.13990483590409772,0.005240674204839338,-0.9945670628257446,-0.028307785944318778,-1.0,-0.3708073926691568,-0.9945670628257446,-0.01049673629824945,0.15038749904677565,0.3610635575184901,0.10834659931997223,False
fut_commodity/SOYBEAN,fut_commodity,10,100,long,1988-10-05,2012-12-13,2024-03-28,4213,2809,0.03617576174328919,-0.10727112342406747,-0.9990854781428611,-0.05746616289819943,-1.0,-0.5095791902710612,-0.9990854781428611,-0.02928356075764937,0.15894510103142648,0.3663063435206194,0.12548095804193704,False
fut_commodity/SOYBEAN,fut_commodity,12,26,long,1988-06-21,2012-10-31,2024-03-28,4257,2839,0.1334339244215368,-0.040343780807514266,-0.9946319303167334,-0.046248118147447934,-1.0,-0.36218300213360627,-0.9946319303167334,-0.01675028227367241,0.1475343136628588,0.3612488088978318,0.10355898851143636,False
fut_commodity/SOYBEAN,fut_commodity,13,48,long,1988-07-22,2012-11-13,2024-03-28,4244,2830,-0.026322974395981476,-0.008670501927277417,-0.9962888484915663,-0.03528454473095278,-1.0,-0.37934069639864926,-0.9962888484915663,-0.013384863770348917,0.15537433935170986,0.3597132102299406,0.14062789724035735,False
fut_commodity/SOYBEAN,fut_commodity,20,50,long,1988-07-26,2012-11-14,2024-03-28,4243,2829,-0.05748852480131454,-0.026719731949149162,-0.998334035024266,-0.03483329384983009,-1.0,-0.4733526844472042,-0.998334035024266,-0.016488433151955362,0.15723768530592505,0.35953231439545874,0.1445804775340877,False
fut_commodity/SOYBEAN,fut_commodity,20,60,long,1988-08-09,2012-11-20,2024-03-28,4237,2825,0.008084381476510052,-0.10906761036941394,-0.9980562448423342,-0.051826822554535,-1.0,-0.5715064138508943,-0.9980562448423342,-0.029619361499428943,0.15915774705475377,0.3590791035587312,0.135307515864843,False
fut_commodity/SOYBEAN,fut_commodity,20,100,long,1988-10-05,2012-12-13,2024-03-28,4213,2809,0.14147132715508484,-0.1523106107901748,-0.9988976034247605,-0.06632991104259836,-1.0,-0.5483786526353873,-0.9988976034247605,-0.03637390724696519,0.15940375926306155,0.3663063435206194,0.12548095804193704,False
fut_commodity/SOYBEAN,fut_commodity,21,55,long,1988-08-02,2012-11-16,2024-03-28,4240,2827,-0.025334563880868938,-0.06280282799151163,-0.9982078273572479,-0.041361935132341376,-1.0,-0.5431207192562496,-0.9982078273572479,-0.02246452395890759,0.15923937839644248,0.3592387243461609,0.15203577090305875,False
fut_commodity/SOYBEAN,fut_commodity,30,90,long,1988-09-21,2012-12-07,2024-03-28,4219,2813,0.20295443379840286,-0.08497834495848189,-0.9987424331873391,-0.050346776639340084,-1.0,-0.512626978472837,-0.9987424331873391,-0.025809115984471723,0.1586990652700923,0.36490058947637793,0.11448449798225879,False
fut_commodity/SOYBEAN,fut_commodity,30,200,long,1989-02-28,2013-02-12,2024-03-28,4153,2769,0.18301086838174777,0.07163290954785684,-0.9976099507840478,-0.00464030349466961,-1.0,-0.3993382862804255,-0.9976099507840478,-0.0018530508453824316,0.16508432553049712,0.3658930107437878,0.14380409222755386,False
fut_commodity/SOYBEAN,fut_commodity,40,100,long,1988-10-05,2012-12-13,2024-03-28,4213,2809,0.16858698590083407,-0.11554178922145884,-0.9988152124971968,-0.058341817390395845,-1.0,-0.5213908057677896,-0.9988152124971968,-0.03041888717913573,0.1583104799762415,0.3663063435206194,0.12548095804193704,False
fut_commodity/SOYBEAN,fut_commodity,50,150,long,1988-12-15,2013-01-14,2024-03-28,4183,2789,0.18847576561466942,-0.017653847719642683,-0.9974890208969082,-0.03578759961481481,-1.0,-0.4499727946402339,-0.9974890208969082,-0.01610344621214398,0.16305937660170827,0.36936096779732913,0.13871053253392066,False
fut_commodity/SOYBEAN,fut_commodity,50,200,long,1989-02-28,2013-02-12,2024-03-28,4153,2769,0.06836901200522398,0.038352770463724026,-0.9980557388338649,-0.01984299297276637,-1.0,-0.37633812769110286,-0.9980557388338649,-0.007467674823158607,0.1662594980160815,0.3658930107437878,0.14380409222755386,False
fut_commodity/SOYBEAN,fut_commodity,60,120,long,1988-11-02,2012-12-26,2024-03-28,4201,2801,0.19333526811257548,-0.147856335771308,-0.997404632201365,-0.07598904207476859,-1.0,-0.47652986750832027,-0.997404632201365,-0.03621104815197365,0.16116865763348598,0.3654453531509945,0.1311355683080243,False
fut_commodity/SOYBEAN,fut_commodity,60,132,long,1988-11-18,2013-01-03,2024-03-28,4194,2796,0.16217051464391455,-0.02921637746362225,-0.997583690528649,-0.0400290617862902,-1.0,-0.44725517702666967,-0.997583690528649,-0.01790320511543872,0.1627836795693454,0.37037134545013317,0.13555968067184987,False
fut_commodity/SOYBEAN,fut_commodity,60,180,long,1989-01-30,2013-01-31,2024-03-28,4165,2777,0.08391818395884533,0.03314644703235725,-0.9979659987956842,-0.020887533086816,-1.0,-0.3930525700100361,-0.9979659987956842,-0.00820989856094269,0.16535308558582154,0.36626912974821735,0.1205804360297552,False
fut_commodity/SOYBEAN,fut_commodity,60,400,long,1989-12-12,2013-06-07,2024-03-28,4033,2689,-0.04819426554422772,0.0238604799866651,-0.9981653916023543,-0.025371392198679184,-1.0,-0.40063335971784386,-0.9981653916023543,-0.010164626097275935,0.16843532101663036,0.3907113231677359,0.1230417297296271,False
fut_commodity/SOYBEAN,fut_commodity,62,758,long,1991-05-14,2013-12-31,2024-03-28,3818,2546,-0.12443322548205855,-0.08443229371834361,-0.9986229479603795,-0.05770946768028553,-1.0,-0.5089625315189029,-0.9986229479603795,-0.029371956763166434,0.1737043172091603,0.42395488447670027,0.12320075968830918,False
fut_commodity/SOYBEAN,fut_commodity,74,758,long,1991-05-14,2013-12-31,2024-03-28,3818,2546,-0.11099101153187854,-0.058297009745202105,-0.9985114488088579,-0.049778456150748704,-1.0,-0.5029880570797645,-0.9985114488088579,-0.02503796894369534,0.17407121674781703,0.42395488447670027,0.12320075968830918,False
fut_commodity/SOYBEAN,fut_commodity,80,144,long,1988-12-07,2013-01-09,2024-03-28,4186,2792,0.06753238711398932,0.07252194720630427,-0.9979547868855893,-0.003935817548750782,-1.0,-0.38525182155333304,-0.9979547868855893,-0.0015162808799578128,0.1629698742266191,0.3709844571754595,0.13712427403285934,False
fut_commodity/SOYBEAN,fut_commodity,80,300,long,1989-07-21,2013-04-11,2024-03-28,4093,2729,-0.05782970259397097,0.15098503890836212,-0.9980314607204619,0.031004569880581093,-1.0,-0.364193104813378,-0.9980314607204619,0.011291650568212174,0.16687845691310962,0.38319084173885054,0.16705617868642592,False
fut_commodity/SOYBEAN,fut_commodity,100,200,long,1989-02-28,2013-02-12,2024-03-28,4153,2769,0.0004525729294419763,0.18362514282387096,-0.9978669803223796,0.050187282694115876,-1.0,-0.3349231918939701,-0.9978669803223796,0.016808884912398295,0.16647411326626377,0.3658930107437878,0.14380409222755386,True
fut_commodity/SOYBEAN,fut_commodity,100,250,long,1989-05-10,2013-03-13,2024-03-28,4123,2749,-0.04492952940471968,0.12844499497655287,-0.9978492190204592,0.02063847339640185,-1.0,-0.36362496404751005,-0.9978492190204592,0.007504664146762115,0.16662498262174832,0.3697210887716897,0.15040346312907685,False
fut_commodity/SOYBEAN,fut_commodity,100,300,long,1989-07-21,2013-04-11,2024-03-28,4093,2729,-0.07887470969072678,0.08743263361146597,-0.9980105351618057,0.001610409761138236,-1.0,-0.42270005068636163,-0.9980105351618057,0.0006807202876589439,0.16608839921212595,0.38319084173885054,0.16705617868642592,False
fut_commodity/SOYBEAN,fut_commodity,100,400,long,1989-12-12,2013-06-07,2024-03-28,4033,2689,-0.06636026495717355,-0.11174162489383375,-0.997943740841166,-0.0667982517590506,-1.0,-0.4842602652491163,-0.997943740841166,-0.032347739115015095,0.16779113475613436,0.3907113231677359,0.1230417297296271,False
fut_commodity/SOYBEAN,fut_commodity,116,378,long,1989-11-09,2013-05-24,2024-03-28,4046,2698,-0.07067217350122841,-0.10612699604288182,-0.9979035086193766,-0.06343488520257669,-1.0,-0.49675168009818677,-0.9979035086193766,-0.031511385801215576,0.16807967095709359,0.39105066302190145,0.15921765594995715,False
fut_commodity/SOYBEAN,fut_commodity,120,398,long,1989-12-08,2013-06-06,2024-03-28,4034,2690,-0.12257654784681449,-0.14494610911879707,-0.9980401973116657,-0.07296250503821368,-1.0,-0.5187397091465631,-0.9980401973116657,-0.03784854864212761,0.16819676607762804,0.3907664960619763,0.13389357944068214,False
fut_commodity/SOYBEAN,fut_commodity,134,750,long,1991-05-02,2013-12-26,2024-03-28,3823,2549,-0.06160949772329996,-0.12603743657243302,-0.989851910886117,-0.07021116965090024,-1.0,-0.5241119353141208,-0.989851910886117,-0.03679851200640139,0.17519699921597684,0.4140224907401777,0.11529903205186769,False
fut_commodity/SOYBEAN,fut_commodity,150,400,long,1989-12-12,2013-06-07,2024-03-28,4033,2689,-0.17519812071135576,-0.12532777450623606,-0.9981685916372354,-0.063966678948632,-1.0,-0.5594357188982908,-0.9981685916372354,-0.03578524502316411,0.17214587984209262,0.3907113231677359,0.1230417297296271,False
fut_commodity/SOYBEAN,fut_commodity,150,500,long,1990-05-07,2013-08-05,2024-03-28,3973,2649,-0.09806188177537228,-0.06144721432837343,-0.9953201962312312,-0.045568658728291786,-1.0,-0.5507083304866486,-0.9953201962312312,-0.025095039970773416,0.17203205022285267,0.36764917710681244,0.1919987668185235,False
fut_commodity/SOYBEAN,fut_commodity,150,710,long,1991-03-06,2013-12-03,2024-03-28,3847,2565,-0.05488262546190842,-0.16770545902042217,-0.9892918234329374,-0.08073791348321059,-1.0,-0.5369221682957467,-0.9892918234329374,-0.043349975571079835,0.1738005370966415,0.401495030035647,0.11193608716859017,False
fut_commodity/SOYBEAN,fut_commodity,162,678,long,1991-01-18,2013-11-13,2024-03-28,3866,2578,-0.0971359537319065,-0.18920475069682377,-0.989601251344462,-0.08567669019547378,-1.0,-0.5459621937546743,-0.989601251344462,-0.04677623373276046,0.17338907645749238,0.4086109443373799,0.10259564758075582,False
fut_commodity/SOYBEAN,fut_commodity,174,698,long,1991-02-15,2013-11-25,2024-03-28,3854,2570,0.01899063757854717,-0.1408378716332974,-0.9340017894505938,-0.07617841696720677,-1.0,-0.5142400918227501,-0.9340017894505938,-0.03917399613612815,0.1748114014767717,0.4052594849724625,0.11015405546073793,False
fut_commodity/SOYBEAN,fut_commodity,200,400,long,1989-12-12,2013-06-07,2024-03-28,4033,2689,-0.15248453522304825,-0.15699503779985993,-0.9953375093126133,-0.07381044279708045,-1.0,-0.5601457034415331,-0.9953375093126133,-0.04134460240190167,0.1731323463594626,0.3907113231677359,0.1230417297296271,False
fut_commodity/SOYBEAN,fut_commodity,200,600,long,1990-09-27,2013-10-01,2024-03-28,3913,2609,0.06571346522476548,-0.11146147314216234,-0.9260652742379692,-0.06813505731111284,-1.0,-0.4922889985171387,-0.9260652742379692,-0.03354213912759559,0.17232739558521024,0.39883184948757383,0.11454752796565537,False
fut_commodity/WHEAT,fut_commodity,5,20,long,1974-01-21,2004-02-13,2024-03-28,7578,5052,0.0635738454124222,0.07728489235765866,0.008470023144344599,-0.000277980790575944,-0.23467702842971677,-0.5858576824274817,0.0019877198622457164,-0.00016285718172618169,0.15679149031241268,-0.11445119022785309,0.004286791858404565,True
fut_commodity/WHEAT,fut_commodity,5,35,long,1974-02-11,2004-02-24,2024-03-28,7569,5046,-0.05508972792666546,0.06847144426515908,-0.014592679699822461,-0.0031097122024960184,-0.31238518872000715,-0.513233361160615,-0.004558537001959657,-0.0015960080459292106,0.15733370454379025,-0.10623646165575502,-0.0001406894972198321,True
fut_commodity/WHEAT,fut_commodity,8,21,long,1974-01-22,2004-02-13,2024-03-28,7577,5052,0.08340024391916943,0.03959195241633144,0.010213191900817932,-0.011037725709596184,-0.30196175806075454,-0.5510666934359333,0.0030839933817828425,-0.006082523009839959,0.15702020951830242,-0.1144587419144397,0.004286791858404565,True
fut_commodity/WHEAT,fut_commodity,9,21,long,1974-01-22,2004-02-13,2024-03-28,7577,5052,0.10018522137160613,0.05436049849149202,0.01456871026947208,-0.0068055568459548564,-0.2756633960659067,-0.5528253171332072,0.004016060149182924,-0.0037622841216330624,0.15689141676685067,-0.1144587419144397,0.004286791858404565,True
fut_commodity/WHEAT,fut_commodity,10,20,long,1974-01-21,2004-02-13,2024-03-28,7578,5052,0.1100281562234006,0.03423779713820468,0.016923023013185517,-0.01238688693291001,-0.26989733530769344,-0.5551640298481401,0.0045674788166095446,-0.006876754066947589,0.15667472289757037,-0.11445119022785309,0.004286791858404565,True
fut_commodity/WHEAT,fut_commodity,10,30,long,1974-02-04,2004-02-20,2024-03-28,7572,5048,-0.01059934830835424,0.03364351286777948,-0.007582454224042663,-0.01277010659549821,-0.2797867278842403,-0.5573060812274998,-0.002121470056676933,-0.007116858063594556,0.15785824468524012,-0.11574790415395621,0.004982431211576969,True
fut_commodity/WHEAT,fut_commodity,10,100,long,1974-05-16,2004-03-31,2024-03-28,7530,5020,0.08627205040485146,0.042788086963629686,0.013259978797513223,-0.009181493245726756,-0.24723500967444278,-0.5956757994305187,0.003278330986286088,-0.005469193329114193,0.15589736383619035,-0.07031958885112828,-0.006226105326990457,True
fut_commodity/WHEAT,fut_commodity,12,26,long,1974-01-29,2004-02-18,2024-03-28,7574,5050,-0.029009632539712588,0.06398874048281165,-0.010552136395509221,-0.004560748423615804,-0.2962732408777023,-0.5173912843715806,-0.0031263156480810725,-0.002359691484590242,0.15799998320941344,-0.11866806383260878,0.00657361390980317,True
fut_commodity/WHEAT,fut_commodity,13,48,long,1974-03-04,2004-03-02,2024-03-28,7561,5041,0.04754592026492284,-0.06817431147085426,0.00393034927566492,-0.03290857246692618,-0.27995905962140755,-0.6954775957334454,0.0011003368871988315,-0.02288717485831768,0.15757123492388403,-0.11109607605612648,0.002486911637923672,False
fut_commodity/WHEAT,fut_commodity,20,50,long,1974-03-06,2004-03-03,2024-03-28,7560,5040,0.05420462309578758,0.0400679714399412,0.005258880870589197,-0.009875449590825773,-0.27947237837787964,-0.6038525908055111,0.0014697119445094972,-0.005963315820789368,0.15659184686734087,-0.1133774674875495,0.0037308789946489977,True
fut_commodity/WHEAT,fut_commodity,20,60,long,1974-03-20,2004-03-09,2024-03-28,7554,5036,0.03879684544306986,0.09874037285077172,0.0022772087670586954,0.005311982529469506,-0.26911031690355636,-0.5999625023188581,0.0006128203729587223,0.003186990330654582,0.1570396734059786,-0.10889421809235829,0.005111955734979282,True
fut_commodity/WHEAT,fut_commodity,20,100,long,1974-05-16,2004-03-31,2024-03-28,7530,5020,0.15839522212358803,0.047168622729037914,0.035618142321344366,-0.0076829315359761546,-0.20489268640569996,-0.6162872874815771,0.007297896865000801,-0.004734893036213411,0.15539218130102028,-0.07031958885112828,-0.006226105326990457,True
fut_commodity/WHEAT,fut_commodity,21,55,long,1974-03-13,2004-03-05,2024-03-28,7557,5038,0.04617204884167231,0.07938847523857898,0.0037460614965975285,0.0002604005116438137,-0.2729790200220616,-0.6094173606945058,0.0010225961962835707,0.00015869259252947185,0.1568484160321523,-0.11352186734399124,0.003800219390339064,True
fut_commodity/WHEAT,fut_commodity,30,90,long,1974-05-02,2004-03-25,2024-03-28,7536,5024,0.13256285239586074,0.07492543593742382,0.026594768046192183,-0.0006860525185184893,-0.21753591572179248,-0.627074716363311,0.005785317220337083,-0.00043020618846031683,0.1554014727633287,-0.07012457825770162,-0.004578928810335372,True
fut_commodity/WHEAT,fut_commodity,30,200,long,1974-10-08,2004-05-27,2024-03-28,7470,4980,0.18907612310820768,0.16972137693407788,0.042758122735803615,0.023108464314430203,-0.20479960499452307,-0.6262547842640173,0.008756846646599916,0.014471786333906228,0.16056901885515573,-0.13508870492440117,0.004451648643611822,True
fut_commodity/WHEAT,fut_commodity,40,100,long,1974-05-16,2004-03-31,2024-03-28,7530,5020,0.19961791805827497,0.0665742193063301,0.049969764900067264,-0.0025861155693947223,-0.18943549213107533,-0.7049716934247605,0.009466047005518376,-0.0018231382723483361,0.15655146020460137,-0.07031958885112828,-0.006226105326990457,True
fut_commodity/WHEAT,fut_commodity,50,150,long,1974-07-29,2004-04-29,2024-03-28,7500,5000,0.22676533831795243,0.17542658962717378,0.046809298933617786,0.02422693723902208,-0.23134949402282587,-0.6355955638702043,0.010829307623855677,0.01539853383528429,0.16042048907420167,-0.12175630570837917,0.0009969541961258805,True
fut_commodity/WHEAT,fut_commodity,50,200,long,1974-10-08,2004-05-27,2024-03-28,7470,4980,0.15869540570092064,0.1596030691688525,0.028914395287810354,0.019803172675137454,-0.24511842922079752,-0.6475804097644094,0.007087451154817304,0.012824146675600868,0.15911180498547658,-0.13508870492440117,0.004451648643611822,True
fut_commodity/WHEAT,fut_commodity,60,120,long,1974-06-14,2004-04-13,2024-03-28,7518,5012,0.210295375011451,0.19754307636862836,0.04616440395594403,0.031652003794158425,-0.2146169490741648,-0.5965444346485269,0.009907663532852011,0.018881826708879265,0.1572608488766923,-0.08177065891913787,-0.0028925937988532923,True
fut_commodity/WHEAT,fut_commodity,60,132,long,1974-07-02,2004-04-19,2024-03-28,7510,5008,0.22439357954619613,0.15108199578682582,0.04735866587095386,0.017621125055370262,-0.2255339097204917,-0.649896824286267,0.010680985073022639,0.011451913213836304,0.15908188702800732,-0.09981434558251606,-0.002893526267534075,True
fut_commodity/WHEAT,fut_commodity,60,180,long,1974-09-10,2004-05-17,2024-03-28,7482,4988,0.14379580395450306,0.17113558401884504,0.02506151234908769,0.023174928911977314,-0.25171004707383166,-0.6336064282325696,0.006308234453130276,0.014683783932461657,0.15905655856505205,-0.11534179349746608,0.005671394862140816,True
fut_commodity/WHEAT,fut_commodity,60,400,long,1975-07-25,2004-09-22,2024-03-28,7350,4900,0.15855217935562116,0.16851009484100749,0.024809181792483304,0.02359345181934986,-0.286471916650506,-0.6029209662810697,0.007107133858623528,0.01422498676882828,0.15608993036731705,-0.13421058085542403,0.02164460789031739,True
fut_commodity/WHEAT,fut_commodity,62,758,long,1976-12-27,2005-04-14,2024-03-28,7135,4757,0.0408569396489892,0.12772271898008447,0.002857499864249759,0.012751253026648434,-0.26620207907020743,-0.6040109375992038,0.0007606724048061213,0.007701896296190606,0.15896517216327324,-0.0902231031807751,0.028258628791914667,True
fut_commodity/WHEAT,fut_commodity,74,758,long,1976-12-27,2005-04-14,2024-03-28,7135,4757,0.05453503518063719,0.12220612242679839,0.005662603042366823,0.01115132480421051,-0.2627760917096939,-0.6111805885058589,0.001487996696376576,0.00681547325645736,0.15904376022077543,-0.0902231031807751,0.028258628791914667,True
fut_commodity/WHEAT,fut_commodity,80,144,long,1974-07-19,2004-04-26,2024-03-28,7503,5003,0.197292754356362,0.16222231682154392,0.03670263602069697,0.020953678272937763,-0.24939639696578142,-0.6322071078426007,0.009153505182708329,0.013247064339598323,0.15927322628496088,-0.1101915969910931,0.0019493823972157238,True
fut_commodity/WHEAT,fut_commodity,80,300,long,1975-03-04,2004-07-27,2024-03-28,7410,4940,0.1050286281294788,0.13622638359957462,0.014467764847613526,0.014176911065615075,-0.2909880318182307,-0.6432715575262038,0.004209946417816044,0.009119603662088683,0.15646648183160966,-0.11821016700180541,0.019045062332759072,True
fut_commodity/WHEAT,fut_commodity,100,200,long,1974-10-08,2004-05-27,2024-03-28,7470,4980,0.15022259273774993,0.12116157434500699,0.02671966795522955,0.010225061041032558,-0.24825180520419357,-0.6559121851271487,0.00663320580434238,0.006706742130482143,0.15748787143557424,-0.13508870492440117,0.004451648643611822,True
fut_commodity/WHEAT,fut_commodity,100,250,long,1974-12-19,2004-06-28,2024-03-28,7440,4960,0.1352935172278839,0.12025190549276805,0.021224240188816617,0.010068790790953658,-0.27450867967883397,-0.6550226858396125,0.005826238151418495,0.006595286387047622,0.15660460081915806,-0.13548018157050112,0.012472597380570988,True
fut_commodity/WHEAT,fut_commodity,100,300,long,1975-03-04,2004-07-27,2024-03-28,7410,4940,0.18350481805029403,0.19907580118412474,0.028634393547009095,0.03305786367399288,-0.29400637144832814,-0.576939550738067,0.008418694145379567,0.01907238901643372,0.15600112154264467,-0.11821016700180541,0.019045062332759072,True
fut_commodity/WHEAT,fut_commodity,100,400,long,1975-07-25,2004-09-22,2024-03-28,7350,4900,0.11442413533311276,0.2020419312512895,0.014270284987351304,0.0350207365615692,-0.3304201213849546,-0.5574273412701005,0.004715189297718513,0.01952151607083612,0.15555114767883446,-0.13421058085542403,0.02164460789031739,True
fut_commodity/WHEAT,fut_commodity,116,378,long,1975-06-24,2004-09-09,2024-03-28,7363,4909,0.16818715226341796,0.1962243716696258,0.02585952092945449,0.03301306667623474,-0.2955255768186751,-0.5634220173728297,0.0076421498389316386,0.018600288626387917,0.15557074813766525,-0.11816661771387714,0.023108811933471547,True
fut_commodity/WHEAT,fut_commodity,120,398,long,1975-07-23,2004-09-21,2024-03-28,7351,4901,0.13191210862168234,0.20028817876536523,0.018081555169838854,0.0345202335370529,-0.31450256424125034,-0.5578100581040013,0.005686695466383956,0.019255733475067174,0.15581956905703526,-0.12234619522378326,0.019200115281275444,True
fut_commodity/WHEAT,fut_commodity,134,750,long,1976-12-14,2005-04-11,2024-03-28,7140,4760,0.03873557190533171,0.13639289108866165,0.0025013848113611807,0.015472831853087425,-0.26010395345046017,-0.5862810002944943,0.0006506200785359766,0.009071427336216608,0.15976516010461964,-0.08455502303161118,0.02692592520248719,True
fut_commodity/WHEAT,fut_commodity,150,400,long,1975-07-25,2004-09-22,2024-03-28,7350,4900,0.06823343119403527,0.1729041011799868,0.006622167245412484,0.028153461280289945,-0.33684217109422426,-0.5299212642903901,0.0022306251922937998,0.014919117795801793,0.15601888073622364,-0.13421058085542403,0.02164460789031739,True
fut_commodity/WHEAT,fut_commodity,150,500,long,1975-12-16,2004-11-17,2024-03-28,7290,4860,0.06287581308593819,0.14722493352907326,0.007049972921053281,0.018976579537956652,-0.2756942699968671,-0.5719221763442814,0.001943637137967465,0.010853126668918528,0.1567908143584245,-0.11090056301239443,0.021131048114141973,True
fut_commodity/WHEAT,fut_commodity,150,710,long,1976-10-15,2005-03-17,2024-03-28,7164,4776,0.03152399101574923,0.14089614199679937,0.0010289032752744604,0.016284996895800898,-0.26057551452380684,-0.6004172110473587,0.0002681070003498726,0.00977779241809167,0.16079760880873237,-0.07075869375649027,0.013707558902357907,True
fut_commodity/WHEAT,fut_commodity,162,678,long,1976-08-31,2005-02-28,2024-03-28,7183,4789,0.034970011238548926,0.12836916606545984,0.0017827592442623168,0.012861641568749619,-0.2527866017989325,-0.6030617029080401,0.0004506576511827041,0.007756363466642981,0.1604775318785303,-0.09646854829435238,0.019886978122651555,True
fut_commodity/WHEAT,fut_commodity,174,698,long,1976-09-29,2005-03-10,2024-03-28,7171,4781,-0.0002125305855804532,0.11706735420056265,-0.005352748093904339,0.009402400028251772,-0.26371328993454063,-0.6193766736659329,-0.0014115908100343548,0.005823627253975056,0.16298777722972338,-0.08126074301550444,0.018517569690282995,True
fut_commodity/WHEAT,fut_commodity,200,400,long,1975-07-25,2004-09-22,2024-03-28,7350,4900,0.08590642354102586,0.1254065492626122,0.012344311604636829,0.012645123984232867,-0.2584846313974108,-0.5865048275352316,0.003190814834979331,0.0074164262615341175,0.1562816840878875,-0.13421058085542403,0.02164460789031739,True
fut_commodity/WHEAT,fut_commodity,200,600,long,1976-05-11,2005-01-12,2024-03-28,7230,4820,0.027537869761462188,0.09758339314261975,0.00021820001095163862,0.004191699960918619,-0.24808162968438177,-0.6376309671386743,5.413141431403246e-05,0.002672757700035682,0.16239566028771857,-0.127961267228322,0.02814816971345865,True
fut_equity/BOVESPA,fut_equity,5,20,long,2013-01-14,2019-09-13,2024-03-28,1562,1042,-0.10049079948019407,0.11245232449106317,-0.0964533492455131,0.02562283272260466,-0.1267395413584942,-0.2455391774103957,-0.012224453245866993,0.006291409269632517,0.1026462395540788,0.2205563417217178,-0.1462198510497208,True
fut_equity/BOVESPA,fut_equity,5,35,long,2013-02-04,2019-09-23,2024-03-28,1553,1036,0.09773894921813799,0.15821290034481691,0.03936342899798507,0.04558180448540272,-0.12010975103734323,-0.24105675698807857,0.004727931656924124,0.010987801966915834,0.10185201051610068,0.22559864594775528,-0.15122819563960826,True
fut_equity/BOVESPA,fut_equity,8,21,long,2013-01-15,2019-09-13,2024-03-28,1561,1042,0.2926152182064352,0.2358961154215904,0.21203571035316995,0.09263605542734728,-0.10085415059610113,-0.201300115147126,0.021384681463709882,0.018647648624300555,0.09915079792319305,0.22062694532204086,-0.1462198510497208,True
fut_equity/BOVESPA,fut_equity,9,21,long,2013-01-15,2019-09-13,2024-03-28,1561,1042,0.36047488528319055,0.06100305832481209,0.2686297354592426,0.004362922101991794,-0.10178729672778544,-0.24392888821064074,0.027343094593096435,0.0010642427376884901,0.10095849882396908,0.22062694532204086,-0.1462198510497208,True
fut_equity/BOVESPA,fut_equity,10,20,long,2013-01-14,2019-09-13,2024-03-28,1562,1042,0.3399047546853797,0.03157210960299757,0.260486751676401,-0.007312909296430029,-0.09766152982906372,-0.26295155312805046,0.025439534668920752,-0.0019229408573808349,0.10120393273238078,0.2205563417217178,-0.1462198510497208,True
fut_equity/BOVESPA,fut_equity,10,30,long,2013-01-28,2019-09-19,2024-03-28,1556,1038,0.20105519997311158,0.2904909309249395,0.12569187335209692,0.1328952885258533,-0.1092963203885344,-0.18627825546474006,0.013737659260125875,0.02475550250607924,0.10213850756184635,0.22415159173769986,-0.14983418984843958,True
fut_equity/BOVESPA,fut_equity,10,100,long,2013-05-07,2019-10-29,2024-03-28,1514,1010,0.009734225223764223,-0.20006018492347366,-0.022079540642935738,-0.1310620747603629,-0.17515934154978505,-0.20646516815794402,-0.003867437800738341,-0.027059753304527357,0.10794464712787719,0.2699641686110251,-0.1726066845153626,False
fut_equity/BOVESPA,fut_equity,12,26,long,2013-01-22,2019-09-17,2024-03-28,1558,1040,0.15170368702770756,0.24903493049726388,0.07923012811133114,0.09554994906962919,-0.11816779204046667,-0.21361972673781524,0.00936244930199931,0.02041135401006635,0.10204121433935404,0.22786155346196885,-0.15355024873357154,True
fut_equity/BOVESPA,fut_equity,13,48,long,2013-02-21,2019-09-30,2024-03-28,1545,1031,0.18337233606398834,-0.29908762367418296,0.09084932832912058,-0.14943730757371992,-0.13987275972731011,-0.246467544569362,0.012707346272766592,-0.03683144626475127,0.10646971169850053,0.22843106137926072,-0.15399091056446515,False
fut_equity/BOVESPA,fut_equity,20,50,long,2013-02-25,2019-10-01,2024-03-28,1544,1030,0.1130333391956351,-0.17905272642026196,0.04337025230559933,-0.1313713984870714,-0.14358139912151033,-0.1868689539716925,0.006227161506290861,-0.024549235817077422,0.10686203337318534,0.21955390786570436,-0.14515272952914113,False
fut_equity/BOVESPA,fut_equity,20,60,long,2013-03-11,2019-10-07,2024-03-28,1538,1026,-0.1248895607095813,-0.10017572488951702,-0.1077701234134164,-0.07610895416787122,-0.15203567112203517,-0.2127033596371254,-0.016384903040063317,-0.016188630249974207,0.1063592945684849,0.18772906890013324,-0.11559430556524317,True
fut_equity/BOVESPA,fut_equity,20,100,long,2013-05-07,2019-10-29,2024-03-28,1514,1010,0.22157898995177072,-0.27608992638185215,0.14815993202112127,-0.14473002076648264,-0.11676136886708977,-0.2360949459131122,0.017299356474041086,-0.03417002642486632,0.10566611988149349,0.2699641686110251,-0.1726066845153626,False
fut_equity/BOVESPA,fut_equity,21,55,long,2013-03-04,2019-10-03,2024-03-28,1541,1028,-0.016407424108886192,-0.14985080372490403,-0.03971271811630138,-0.0963785471582071,-0.15235587376828935,-0.2242138593812676,-0.006050465868322871,-0.021609406019901113,0.107298265801924,0.1954848794711171,-0.1214893932589041,False
fut_equity/BOVESPA,fut_equity,30,90,long,2013-04-23,2019-10-23,2024-03-28,1520,1014,0.23686780558863604,-0.061818212707777986,0.16664184727163867,-0.055645162872820446,-0.11330231996105518,-0.2197520868274115,0.018880907898472493,-0.012228140663153494,0.10676259488591812,0.287159437579129,-0.1758093278474149,True
fut_equity/BOVESPA,fut_equity,30,200,long,2013-09-25,2019-12-30,2024-03-28,1454,970,0.16742824562134764,-0.8949928474619817,0.07631720729563352,-0.26991301681324703,-0.15688009961888072,-0.3773842021032323,0.011972651083173757,-0.10186090848734355,0.11283274852261485,0.36656853679996265,-0.24292566197225118,False
fut_equity/BOVESPA,fut_equity,40,100,long,2013-05-07,2019-10-29,2024-03-28,1514,1010,0.3062605744943517,-0.37177097141590904,0.20321767704949964,-0.18632153302559648,-0.12842034052477105,-0.25131832359092565,0.026097283287349695,-0.046826015328884196,0.11202597049781526,0.2699641686110251,-0.1726066845153626,False
fut_equity/BOVESPA,fut_equity,50,150,long,2013-07-17,2019-11-28,2024-03-28,1484,990,0.14852098815820683,-0.4657348145231755,0.06842378213920372,-0.19639269179658456,-0.1457109672301103,-0.29782256698882914,0.009970095477045719,-0.05849017560870478,0.1150697292827087,0.37215977363005115,-0.17549396005893025,False
fut_equity/BOVESPA,fut_equity,50,200,long,2013-09-25,2019-12-30,2024-03-28,1454,970,0.23506474192840499,-0.8630574010963249,0.12079453948523332,-0.2677374309516131,-0.15646834233186585,-0.36796459184040237,0.018900521355995573,-0.09851789450050824,0.1127096330315636,0.36656853679996265,-0.24292566197225118,False
fut_equity/BOVESPA,fut_equity,60,120,long,2013-06-05,2019-11-08,2024-03-28,1502,1002,0.10778583254643835,-0.4889831813059058,0.03919737948568756,-0.20548312432568658,-0.14771524107696934,-0.29592604838277886,0.005790050360313791,-0.060807808991047686,0.11472205060789316,0.3051738247265171,-0.17209996407271544,False
fut_equity/BOVESPA,fut_equity,60,132,long,2013-06-21,2019-11-18,2024-03-28,1495,997,0.08264032049761154,-0.48001951553983985,0.020868431571347934,-0.20223564378665562,-0.15618477728977784,-0.29745602667371196,0.0032593313373579457,-0.06015621105257874,0.11528320447428393,0.3597055601012269,-0.1641430620315178,False
fut_equity/BOVESPA,fut_equity,60,180,long,2013-08-28,2019-12-16,2024-03-28,1466,978,0.20030987491579774,-0.8346860992314297,0.09362100634622665,-0.2565771473724609,-0.16277073772828088,-0.3749298399728755,0.015238760269839377,-0.09619842880505365,0.11337431569911262,0.388441735482136,-0.2170324318148233,False
fut_equity/BOVESPA,fut_equity,60,400,long,2014-09-16,2020-05-04,2024-03-28,1334,890,-0.04474538672880269,-0.36867871261105295,-0.041325418985174556,-0.15067224359971573,-0.3189288860359914,-0.23405723106521226,-0.013179869841912332,-0.035265928135332615,0.08708434494327241,-0.021086148741813363,0.1230128837690399,False
fut_equity/BOVESPA,fut_equity,62,758,long,2016-03-11,2020-12-22,2024-03-28,1119,747,0.10976568199688205,-0.5752003431120057,0.017241746997846124,-0.2327108736636762,-0.32234297848997545,-0.24020637488108504,0.005557756081656312,-0.05589863535816183,0.0925348666389438,0.4953105232977748,-0.2921033139814769,False
fut_equity/BOVESPA,fut_equity,74,758,long,2016-03-11,2020-12-22,2024-03-28,1119,747,0.12005350167875492,-0.6166335908168454,0.021914502961225782,-0.23342815130883965,-0.31892888603599134,-0.25809954811615105,0.006989168017456172,-0.060247700370400045,0.09363631078648706,0.4953105232977748,-0.2921033139814769,False
fut_equity/BOVESPA,fut_equity,80,144,long,2013-07-09,2019-11-26,2024-03-28,1488,992,0.07771138167707194,-0.7219110193973631,0.01655111035915607,-0.22960904212768926,-0.16813464671338155,-0.36690407065617453,0.0027828150929508954,-0.08424449221611426,0.11295736440921272,0.38315693981720217,-0.17012609205945325,False
fut_equity/BOVESPA,fut_equity,80,300,long,2014-02-28,2020-02-28,2024-03-28,1394,930,0.3285530193686788,-0.6765751326716251,0.21489275738075056,-0.2610805598803928,-0.14154332218565124,-0.28713295500904584,0.03041663479330656,-0.07496483265387333,0.10666499424995896,0.324325455357968,-0.13756205998031587,False
fut_equity/BOVESPA,fut_equity,100,200,long,2013-09-25,2019-12-30,2024-03-28,1454,970,0.3466384128632063,-0.8733416057388396,0.2152578491584941,-0.2662914544176849,-0.14154332218565127,-0.3617276041409585,0.030468311096431052,-0.09632496980972043,0.10906275800508748,0.36656853679996265,-0.24292566197225118,False
fut_equity/BOVESPA,fut_equity,100,250,long,2013-12-06,2020-01-29,2024-03-28,1424,950,0.4315378718970652,-0.8014251520575759,0.287236489378894,-0.2756210034629932,-0.14154332218565127,-0.3278140754892805,0.04065640695963219,-0.09035244443564888,0.11044758613664751,0.38596291069151084,-0.24082490372491647,False
fut_equity/BOVESPA,fut_equity,100,300,long,2014-02-28,2020-02-28,2024-03-28,1394,930,0.2740576082458007,-0.725009969394248,0.1711324843923787,-0.26482593076214644,-0.14154332218565124,-0.3019344123912807,0.02422266037478139,-0.07996006179064268,0.10696061107755758,0.324325455357968,-0.13756205998031587,False
fut_equity/BOVESPA,fut_equity,100,400,long,2014-09-16,2020-05-04,2024-03-28,1334,890,-0.06449007220198998,-0.12603500179895888,-0.049150471975044574,-0.0723890604154416,-0.3189288860359914,-0.19284097087488636,-0.01567550527514418,-0.013959576691234564,0.08372227181121428,-0.021086148741813363,0.1230128837690399,False
fut_equity/BOVESPA,fut_equity,116,378,long,2014-08-07,2020-04-17,2024-03-28,1347,899,-0.033051671723412133,-0.16175334657018092,-0.03701997928539383,-0.08961151210164006,-0.3189288860359914,-0.18041261381914017,-0.01180674075456613,-0.016167047126542395,0.08063374956300633,0.013571762774174398,0.11343816172885413,False
fut_equity/BOVESPA,fut_equity,120,398,long,2014-09-12,2020-04-30,2024-03-28,1335,891,0.024827855297741192,-0.23232562858656092,-0.014612790957697347,-0.11114212105847557,-0.3189288860359914,-0.1948510381745227,-0.004660441142015223,-0.021656157673162448,0.08032533010036841,0.020662360272472795,0.10011372105707361,False
fut_equity/BOVESPA,fut_equity,134,750,long,2016-03-01,2020-12-16,2024-03-28,1124,750,0.28834407438090276,-0.5942799564370181,0.09665243589921292,-0.2686912627670237,-0.31892888603599134,-0.2897768194717185,0.030825253714001036,-0.07786049954446791,0.12317257238531937,0.5566797917906797,-0.288337649964855,False
fut_equity/BOVESPA,fut_equity,150,400,long,2014-09-16,2020-05-04,2024-03-28,1334,890,0.036138790238638516,-0.280980848875777,-0.009667860789273595,-0.13033371917933548,-0.31892888603599134,-0.19315309527390473,-0.0030833600718740677,-0.025174361278048528,0.07947580866152308,-0.021086148741813363,0.1230128837690399,False
fut_equity/BOVESPA,fut_equity,150,500,long,2015-02-09,2020-07-02,2024-03-28,1274,850,0.050800419907559055,-0.4921323114400321,-0.004944166387738253,-0.22701716513924514,-0.3189288860359914,-0.2242976604574682,-0.0015768374784179524,-0.0509194190244194,0.09667245174433342,0.26802270633417324,-0.064998977722134,False
fut_equity/BOVESPA,fut_equity,150,710,long,2015-12-22,2020-11-23,2024-03-28,1148,766,0.29241722872047904,-0.4409430639304168,0.09806554533756595,-0.20908178237849584,-0.3189288860359914,-0.2897768194717185,0.03127593513302192,-0.06058705390711853,0.12377586694519678,0.47599530361749454,-0.18332353305317442,False
fut_equity/BOVESPA,fut_equity,162,678,long,2015-11-03,2020-11-03,2024-03-28,1167,779,0.17681614817306668,-0.2376540913593628,0.046449807810441036,-0.12901502171216842,-0.3189288860359914,-0.28977681947171857,0.014814185461569852,-0.037385562655826876,0.12592548858859517,0.3001998927766858,-0.04152416933636613,False
fut_equity/BOVESPA,fut_equity,174,698,long,2015-12-04,2020-11-16,2024-03-28,1155,771,0.315778337700752,-0.4467030427554586,0.10800433066786044,-0.20605923071508733,-0.31892888603599134,-0.29737842820225535,0.03444570086696359,-0.06127757014661857,0.12381804466604188,0.4388301836444056,-0.16931738913814257,False
fut_equity/BOVESPA,fut_equity,200,400,long,2014-09-16,2020-05-04,2024-03-28,1334,890,0.020874838490116718,-0.20075430412755615,-0.015691095678138887,-0.10674591429662035,-0.3189288860359914,-0.20368594802974682,-0.0050043436653129944,-0.021742642751809222,0.08951466060699688,-0.021086148741813363,0.1230128837690399,False
fut_equity/BOVESPA,fut_equity,200,600,long,2015-07-10,2020-09-10,2024-03-28,1214,810,0.23478006506014293,-0.2851475844184696,0.06993591296863634,-0.14898183254313865,-0.31892888603599134,-0.2907190099473463,0.022304582816997227,-0.043311850857082605,0.12641545805132093,0.2542423825193405,-0.08038673105839583,False
fut_equity/CAC,fut_equity,5,20,long,2009-05-15,2018-04-16,2024-03-28,2290,1527,-0.0014667950562171992,0.3796511825199601,-0.04286336452657722,0.21005299436393046,-0.5263319638390793,-0.19198757711898057,-0.022560358828023718,0.04032756545451789,0.12464287205118331,0.5320227277840155,0.5382620235338684,False
fut_equity/CAC,fut_equity,5,35,long,2009-06-05,2018-04-24,2024-03-28,2281,1521,-0.053306412801408604,0.25466637857124724,-0.061367336030844356,0.1060292361088549,-0.5903903270526046,-0.22921372554510214,-0.03623068158959729,0.0243033562252119,0.1250740010688146,0.5405286947045101,0.5215887560246043,False
fut_equity/CAC,fut_equity,8,21,long,2009-05-18,2018-04-16,2024-03-28,2289,1527,0.007644721362422797,0.3998795472553723,-0.040072788985296134,0.22489884791943904,-0.55269423593253,-0.18842426373703855,-0.02214799948991375,0.042376399834528504,0.12263871499989977,0.5321390053041913,0.5382620235338684,False
fut_equity/CAC,fut_equity,9,21,long,2009-05-18,2018-04-16,2024-03-28,2289,1527,0.018760724110171743,0.3951735966357844,-0.03755603914935742,0.23328039032943607,-0.5286194153351738,-0.1796143285260648,-0.019852851457438217,0.041900500667319956,0.12308308614233765,0.5321390053041913,0.5382620235338684,False
fut_equity/CAC,fut_equity,10,20,long,2009-05-15,2018-04-16,2024-03-28,2290,1527,-0.03482934452458822,0.386117314143746,-0.05511052782317659,0.2264989201624532,-0.5705906534776419,-0.18005100989782472,-0.0314455520841241,0.04078135931601647,0.1232339651270407,0.5320227277840155,0.5382620235338684,False
fut_equity/CAC,fut_equity,10,30,long,2009-05-29,2018-04-20,2024-03-28,2284,1523,-0.1134652573617499,0.15445748166305304,-0.0803856553771226,0.0603040321297775,-0.6215879456434107,-0.18943810177634093,-0.04996675438506482,0.011423881376124524,0.12190526726200852,0.5399254960743989,0.5218134042779823,False
fut_equity/CAC,fut_equity,10,100,long,2009-09-04,2018-05-31,2024-03-28,2242,1495,-0.005858559835672731,0.37983278986543756,-0.05263772884512979,0.18874016670970475,-0.5322625546459857,-0.22909246210542938,-0.028017092025871472,0.04323894948971546,0.13590189777693398,0.4181829274322834,0.5077544793929167,False
fut_equity/CAC,fut_equity,12,26,long,2009-05-25,2018-04-18,2024-03-28,2286,1525,-0.1124934755633179,0.03968173641260059,-0.08137169058388206,-0.012656045849328735,-0.6121320385459313,-0.2069297860776816,-0.049810218837040496,-0.002618912860190925,0.12176470368700232,0.5375623961213111,0.5265424374024342,False
fut_equity/CAC,fut_equity,13,48,long,2009-06-24,2018-05-02,2024-03-28,2273,1516,-0.1046381495950559,0.2198025463221595,-0.07506389560966478,0.11327838993324128,-0.6673547634672475,-0.17996839875976495,-0.050094248299518,0.02038653045036971,0.13112937828896049,0.5514799652945184,0.498628961065599,False
fut_equity/CAC,fut_equity,20,50,long,2009-06-26,2018-05-03,2024-03-28,2272,1515,-0.15073664349876997,0.44565747350495954,-0.08278687752141443,0.2960532298376402,-0.7249320383631662,-0.17359756418875108,-0.060014859871320755,0.051394119570026826,0.13215688895953545,0.551829928666184,0.4982474986066192,False
fut_equity/CAC,fut_equity,20,60,long,2009-07-10,2018-05-09,2024-03-28,2266,1511,-0.01829323741370565,0.44605360340496947,-0.049684803624642095,0.23961635392951408,-0.635981580251758,-0.21582855017577943,-0.031598619923698154,0.05171605026701345,0.1329839213650415,0.5606576633884335,0.49390778712066263,False
fut_equity/CAC,fut_equity,20,100,long,2009-09-04,2018-05-31,2024-03-28,2242,1495,0.0054565930643676866,0.4526969281007724,-0.051941172773840326,0.2524720530783756,-0.5255237567411167,-0.20816816336903338,-0.02729632024564798,0.052556643591334565,0.13270210935755822,0.4181829274322834,0.5077544793929167,False
fut_equity/CAC,fut_equity,21,55,long,2009-07-03,2018-05-07,2024-03-28,2269,1513,-0.08461711097125783,0.47595439265379763,-0.06899376488551007,0.3670793106803127,-0.6723113039612798,-0.1518510733380397,-0.04638528803537523,0.05574138732699323,0.13251412160250803,0.5531837730073675,0.49621598264000405,False
fut_equity/CAC,fut_equity,30,90,long,2009-08-21,2018-05-25,2024-03-28,2248,1499,-0.00827756943048742,0.4363200060712866,-0.05227192480543767,0.2578492367851224,-0.5937296723915789,-0.19630250830028512,-0.031035392790009757,0.05061645194423367,0.13378773005547429,0.42495135909645776,0.49020797232069824,False
fut_equity/CAC,fut_equity,30,200,long,2010-01-26,2018-07-26,2024-03-28,2182,1455,0.12276431836637057,0.17094532236576995,0.003222251818360672,0.052463094862264165,-0.4537943592670942,-0.2704566225244323,0.0014622396993102104,0.014188991443626864,0.14261979394691812,0.40301084292901357,0.5045525698514185,False
fut_equity/CAC,fut_equity,40,100,long,2009-09-04,2018-05-31,2024-03-28,2242,1495,0.1003236447374851,0.2874558119941124,-0.012770673628732779,0.12109008752746649,-0.4677401726449871,-0.2511460294460646,-0.005973357087896254,0.030411294687799642,0.13707490153480936,0.4181829274322834,0.5077544793929167,False
fut_equity/CAC,fut_equity,50,150,long,2009-11-13,2018-06-28,2024-03-28,2212,1475,0.0830892425541031,0.2087625384598763,-0.016236075470915882,0.06197328412224133,-0.49348820095740936,-0.3197438873355794,-0.008012311674751001,0.019815578776197783,0.14477802236865686,0.3787875265493991,0.5317870848695784,False
fut_equity/CAC,fut_equity,50,200,long,2010-01-26,2018-07-26,2024-03-28,2182,1455,0.0281217669062524,0.08826703138184976,-0.038125475923254055,0.004125401292996582,-0.5736197455091204,-0.34734406791842193,-0.02186952579651109,0.0014329336669053503,0.15543741917515838,0.40301084292901357,0.5045525698514185,False
fut_equity/CAC,fut_equity,60,120,long,2009-10-02,2018-06-12,2024-03-28,2230,1487,0.30494377131306805,0.1993505974848864,0.1155223773148989,0.05980627620656306,-0.39298143040051936,-0.3086783954458958,0.04539814908047748,0.01846090537703594,0.1453656392579262,0.41993820695274525,0.500992551375415,False
fut_equity/CAC,fut_equity,60,132,long,2009-10-20,2018-06-19,2024-03-28,2223,1482,0.15561765350579673,0.1555154164597033,0.01973301616359142,0.037479500084342025,-0.4455025934984629,-0.3197438873355794,0.008791109878427066,0.011983841052361695,0.14468512103580486,0.3708058795535925,0.5079266884902899,False
fut_equity/CAC,fut_equity,60,180,long,2009-12-28,2018-07-16,2024-03-28,2194,1463,-0.027217430001242854,0.14351683285963143,-0.05963197620908514,0.029004110026486524,-0.5881332865865339,-0.3470829010788535,-0.03507155015349924,0.010066830651203205,0.15692815662753543,0.3618347096819245,0.5122621336715194,False
fut_equity/CAC,fut_equity,60,400,long,2010-11-04,2018-11-15,2024-03-28,2062,1375,0.3009886871292109,0.12140821967657976,0.1099182168020906,0.01498729038039741,-0.39156731088641933,-0.37613946959229566,0.04304038057062505,0.005637311454308397,0.17613498907304556,0.3754143340093981,0.5962990736913603,False
fut_equity/CAC,fut_equity,62,758,long,2012-03-23,2019-06-12,2024-03-28,1847,1232,0.4804554237542526,0.23235005380405693,0.2922806693210526,0.06717721522767515,-0.2918011870532913,-0.3910393112610306,0.08528784626061366,0.026268931975064108,0.19244440561163365,0.6050781096173447,0.5531201456465374,False
fut_equity/CAC,fut_equity,74,758,long,2012-03-23,2019-06-12,2024-03-28,1847,1232,0.5458503033728167,0.3001408192044135,0.3453224686771702,0.10615102261676092,-0.2918011870532913,-0.3761394695922956,0.10076550627617126,0.039927589343748224,0.19404982791822797,0.6050781096173447,0.5531201456465374,False
fut_equity/CAC,fut_equity,80,144,long,2009-11-05,2018-06-25,2024-03-28,2215,1478,0.08736444623123053,0.14843948532464982,-0.01468604967584179,0.03127257026142616,-0.5429269882054217,-0.3470829010788535,-0.007973452719139993,0.01085417441052807,0.15632972784796711,0.4196455837769883,0.5320672566179302,False
fut_equity/CAC,fut_equity,80,300,long,2010-06-17,2018-09-20,2024-03-28,2122,1415,0.36147624905163683,-0.03119097504752507,0.1492796347101832,-0.053927485591222867,-0.3915673108864194,-0.37754141930657414,0.05845302513357343,-0.020359859449745107,0.17281879353954333,0.4358403666933794,0.515689569274253,False
fut_equity/CAC,fut_equity,100,200,long,2010-01-26,2018-07-26,2024-03-28,2182,1455,0.288543751067995,0.06590586248091646,0.0962000529505806,-0.008487888172031478,-0.4344695049568639,-0.3806197206279891,0.041795989382262845,-0.003230657624760234,0.1675771399653591,0.40301084292901357,0.5045525698514185,False
fut_equity/CAC,fut_equity,100,250,long,2010-04-08,2018-08-23,2024-03-28,2152,1435,0.2816876766645721,-0.01336853170145661,0.10201858741947661,-0.04496613018252539,-0.39156731088641933,-0.3764582310372678,0.03994714393627555,-0.016927869825105003,0.17058539784143834,0.36424709779384745,0.518389922726415,False
fut_equity/CAC,fut_equity,100,300,long,2010-06-17,2018-09-20,2024-03-28,2122,1415,0.35248025478883005,0.047883965141009066,0.14061455240820012,-0.01975185259987494,-0.4017000709445173,-0.3761394695922956,0.05648487567820553,-0.007429451360382165,0.1772818165659303,0.4358403666933794,0.515689569274253,False
fut_equity/CAC,fut_equity,100,400,long,2010-11-04,2018-11-15,2024-03-28,2062,1375,0.2481392982148673,0.23626519411820368,0.07362056286828485,0.0707860377384298,-0.4184342532364635,-0.3761394695922956,0.030805365246638884,0.026625422689473207,0.18351585300568765,0.3754143340093981,0.5962990736913603,False
fut_equity/CAC,fut_equity,116,378,long,2010-10-05,2018-11-02,2024-03-28,2075,1384,0.3188965596046594,0.20924785230334422,0.1161123372944447,0.057279453783816596,-0.40856824496360933,-0.3761394695922956,0.047439813867013916,0.021545063364781184,0.18332091876726134,0.41414517312193905,0.5871335657185615,False
fut_equity/CAC,fut_equity,120,398,long,2010-11-02,2018-11-14,2024-03-28,2063,1376,0.2788067347757928,0.2963494773845844,0.0896977601288921,0.10163097186485695,-0.42427095127826264,-0.3761394695922956,0.038056154017414474,0.03822741985139681,0.18534891724380528,0.3871638297691211,0.5976783465818657,False
fut_equity/CAC,fut_equity,134,750,long,2012-03-13,2019-06-07,2024-03-28,1852,1235,0.653667210661817,0.27003330649916757,0.4262236604515978,0.09156866469400034,-0.29180118705329094,-0.3761394695922956,0.12437257006997507,0.03444258896927605,0.20165438098872643,0.5794211035681457,0.5554592744905932,False
fut_equity/CAC,fut_equity,150,400,long,2010-11-04,2018-11-15,2024-03-28,2062,1375,0.1696437356605368,0.4025841152949058,0.02597790069580733,0.15788547560374483,-0.4734219955045397,-0.37613946959229566,0.012298509586427878,0.05938695904991991,0.18761441135510296,0.3754143340093981,0.5962990736913603,False
fut_equity/CAC,fut_equity,150,500,long,2011-03-24,2019-01-15,2024-03-28,2002,1335,0.18833412466145666,0.5063477935571449,0.034389670676939835,0.21480387846695517,-0.4820166211694737,-0.3761394695922956,0.016576392862829466,0.08079621691292845,0.18935258475715164,0.35167466106839734,0.6641923444702723,False
fut_equity/CAC,fut_equity,150,710,long,2012-01-17,2019-05-16,2024-03-28,1876,1251,0.6107721178661426,0.40164538377925024,0.3860182468705836,0.1670561822733152,-0.29180118705329117,-0.3761394695922956,0.11264058266106669,0.06283642379239864,0.20439741465705263,0.6586722308323797,0.5449706019195769,False
fut_equity/CAC,fut_equity,162,678,long,2011-12-01,2019-04-26,2024-03-28,1895,1264,0.6061027544293038,0.41455701346963986,0.3794707925211024,0.17455686658523953,-0.29180118705329133,-0.3761394695922956,0.1107300277097109,0.06565772721106511,0.20445070374266439,0.68498722057662,0.522911371180374,False
fut_equity/CAC,fut_equity,174,698,long,2011-12-30,2019-05-09,2024-03-28,1883,1256,0.5849565602688775,0.3901841523448971,0.3640479080339358,0.16157761219044028,-0.29180118705329133,-0.37613946959229566,0.1062296117085699,0.060775717347301854,0.20658732973018457,0.6710420735431075,0.5590652566956811,False
fut_equity/CAC,fut_equity,200,400,long,2010-11-04,2018-11-15,2024-03-28,2062,1375,0.27985966520350936,0.4021641240197671,0.08634969495241225,0.15835253456788934,-0.44908917492442896,-0.37613946959229566,0.038778713261154944,0.05956263836096155,0.1887595613285764,0.3754143340093981,0.5962990736913603,False
fut_equity/CAC,fut_equity,200,600,long,2011-08-15,2019-03-12,2024-03-28,1942,1295,0.5359111659279782,0.44869695214540173,0.34257002661446506,0.19310531345656765,-0.29180118705329106,-0.3761394695922956,0.09996234041497841,0.07263453017900734,0.20258974174613648,0.5615578718754848,0.5801340826253948,False
fut_equity/DAX,fut_equity,5,20,long,2000-04-10,2014-08-15,2024-03-28,3650,2434,0.21334869049321137,0.2043709702109938,0.06333179915405701,0.06000909829409962,-0.2699460241795094,-0.29106824821573674,0.01709616738577291,0.017466743117469534,0.12024670687719838,0.11723351947328109,0.4165183192544632,False
fut_equity/DAX,fut_equity,5,35,long,2000-05-04,2014-08-25,2024-03-28,3641,2428,0.2719586515358641,0.28328483069132815,0.08782169104890455,0.07985177614862582,-0.26842275323322407,-0.34277695357013244,0.02357334010494455,0.02737134856539012,0.12148181031186091,0.12591609486950514,0.40495477550961545,False
fut_equity/DAX,fut_equity,8,21,long,2000-04-11,2014-08-15,2024-03-28,3649,2434,0.32889719985946475,0.2978258031754767,0.13070160395231453,0.12973279582840858,-0.22873826124327357,-0.21954739919531674,0.029896457629759395,0.02848249791446414,0.11753178591926884,0.11724957862684439,0.4165183192544632,False
fut_equity/DAX,fut_equity,9,21,long,2000-04-11,2014-08-15,2024-03-28,3649,2434,0.33330969790785253,0.339219650091656,0.12953910449163233,0.17327274549990632,-0.234702848576154,-0.1933330134949761,0.030403196826190172,0.03349934204404495,0.11753145229679231,0.11724957862684439,0.4165183192544632,False
fut_equity/DAX,fut_equity,10,20,long,2000-04-10,2014-08-15,2024-03-28,3650,2434,0.3011194891477005,0.33171113732819996,0.11339847682566408,0.15335827981311115,-0.23657869026559722,-0.21329953208359603,0.026827663125529286,0.0327112493252818,0.11809025385630387,0.11723351947328109,0.4165183192544632,False
fut_equity/DAX,fut_equity,10,30,long,2000-04-26,2014-08-21,2024-03-28,3644,2430,0.28756535673600914,0.369613832668789,0.12379291226282685,0.16552452800019124,-0.2043669696021905,-0.2302002580181886,0.02529918233738377,0.03810378905398291,0.12102837062315312,0.12109230432302169,0.41155409529113685,False
fut_equity/DAX,fut_equity,10,100,long,2000-08-03,2014-09-30,2024-03-28,3602,2402,0.30279555417092846,0.33733077444139475,0.13375122291040029,0.10588451506976765,-0.20548307543697902,-0.32669228800318784,0.02748361262708598,0.034591654492250413,0.12348174787311299,0.1390767219744908,0.4081863046251815,False
fut_equity/DAX,fut_equity,12,26,long,2000-04-18,2014-08-19,2024-03-28,3646,2432,0.2661684124260086,0.3689659515410544,0.11278925546789835,0.1559853607073246,-0.2045264052426814,-0.24407893762959426,0.023068380970847697,0.038072741127212845,0.12122453313090269,0.11995478545470059,0.4129556443874542,False
fut_equity/DAX,fut_equity,13,48,long,2000-05-23,2014-09-01,2024-03-28,3633,2423,0.20312246497184927,0.3182605195670988,0.060379212078228196,0.10307740290902541,-0.2687424218775014,-0.30971446606712494,0.01622645568495833,0.03192456280555472,0.12228873959114804,0.12726199193674806,0.4037168746581421,False
fut_equity/DAX,fut_equity,20,50,long,2000-05-25,2014-09-02,2024-03-28,3632,2422,0.051254595037868826,0.22159140600517918,-0.0011565019694366981,0.06442382791641518,-0.3232860509445748,-0.31162862731716573,-0.0003738809546088135,0.020076309060109765,0.12511894277370544,0.1290243809462497,0.4013215383434744,False
fut_equity/DAX,fut_equity,20,60,long,2000-06-08,2014-09-08,2024-03-28,3626,2418,0.19291392243502528,0.26046843300541994,0.05168790700873372,0.08415222844132457,-0.2947066134885661,-0.2979805003076025,0.015232768032855835,0.02507572313294555,0.12529269829133868,0.1397628655155062,0.38798526430756847,False
fut_equity/DAX,fut_equity,20,100,long,2000-08-03,2014-09-30,2024-03-28,3602,2402,0.4659669595652619,0.118891373478556,0.22542662340640862,0.017021141624093166,-0.20817000900428453,-0.41360583362177994,0.04692706222431754,0.007040043470627431,0.1265473420682216,0.1390767219744908,0.4081863046251815,False
fut_equity/DAX,fut_equity,21,55,long,2000-06-01,2014-09-04,2024-03-28,3629,2420,0.13306300474065294,0.27965629052692675,0.02697679676782759,0.10105002020579008,-0.31940115539191855,-0.27197694047745513,0.008616420056417107,0.02748327533075581,0.12491589753198115,0.13188260662961104,0.3975044162999066,False
fut_equity/DAX,fut_equity,30,90,long,2000-07-20,2014-09-24,2024-03-28,3608,2406,0.49513832740990443,0.10885555758876554,0.2509947116582943,0.015078685709853745,-0.20038340416099176,-0.3817413352953889,0.050295174748495576,0.005756157617379068,0.12684267045639488,0.1257745374332044,0.39835494133894545,False
fut_equity/DAX,fut_equity,30,200,long,2000-12-22,2014-11-26,2024-03-28,3542,2362,0.4625416076541742,0.20952610152508447,0.2044124182794491,0.056328055235961065,-0.23189026080776737,-0.3403379561717114,0.04740124898716788,0.019170575194134256,0.1330355848035846,0.19954342501853425,0.3866418596287441,False
fut_equity/DAX,fut_equity,40,100,long,2000-08-03,2014-09-30,2024-03-28,3602,2402,0.5836627373340182,0.22532954806484934,0.4507104958790572,0.06308429955499875,-0.13531383476250694,-0.3322806050233149,0.06098736556510631,0.02096168922360702,0.12932770102527652,0.1390767219744908,0.4081863046251815,False
fut_equity/DAX,fut_equity,50,150,long,2000-10-13,2014-10-29,2024-03-28,3572,2382,0.43564015507482884,0.11695215514813968,0.14870664142654974,0.016826036513480098,-0.29603588364267697,-0.3984752916137698,0.04402250199824337,0.00670475980641292,0.13223851282047588,0.1447474682733667,0.4333898159197071,False
fut_equity/DAX,fut_equity,50,200,long,2000-12-22,2014-11-26,2024-03-28,3542,2362,0.3861352748138055,0.033473115993435165,0.12597739018517012,-0.010560905228313846,-0.3073249363788662,-0.44135669053040627,0.038715993423833014,-0.004661126180573864,0.13533696307962395,0.19954342501853425,0.3866418596287441,False
fut_equity/DAX,fut_equity,60,120,long,2000-08-31,2014-10-13,2024-03-28,3590,2394,0.4161716862422239,0.1689673869356453,0.15355468965120098,0.0370977161316924,-0.2738395947930449,-0.3657244441252769,0.04204935399265664,0.01356754161058052,0.12996366654648636,0.10185005407234307,0.4517210612908108,False
fut_equity/DAX,fut_equity,60,132,long,2000-09-18,2014-10-20,2024-03-28,3583,2389,0.46207877312114765,0.1852516661004863,0.1637396573564493,0.041305258840187986,-0.2876140582354181,-0.3811949210966412,0.04709382734636521,0.015745354884461802,0.130501588435538,0.1228962709995874,0.44590194952838125,False
fut_equity/DAX,fut_equity,60,180,long,2000-11-24,2014-11-14,2024-03-28,3554,2370,0.40504680718297836,0.08560339237105433,0.13826100775092506,0.006113819754260291,-0.296136549047988,-0.40702352599082775,0.04094413770325606,0.0024884684736513995,0.13326149271209203,0.15143221481520125,0.42644098547724674,False
fut_equity/DAX,fut_equity,60,400,long,2001-10-05,2015-03-25,2024-03-28,3422,2282,0.43041242925354173,-0.07796905463536334,0.1465247588769139,-0.04610897536907101,-0.30924698101028264,-0.46339728402476543,0.045312339325945236,-0.021366773955192313,0.1437694470831852,0.3798933950472132,0.28756855020507244,False
fut_equity/DAX,fut_equity,62,758,long,2003-03-10,2015-10-16,2024-03-28,3207,2139,0.24053260172444554,0.08334792851560187,0.05862591356848147,0.0022070332306682104,-0.3940632055206927,-0.4420370122609463,0.02310231542737488,0.0009755903752451997,0.15309532795993355,0.49660917341286603,0.4216386756314362,False
fut_equity/DAX,fut_equity,74,758,long,2003-03-10,2015-10-16,2024-03-28,3207,2139,0.28594959338569415,0.12665146662266882,0.07272665082993969,0.018758476623501656,-0.40194859333468236,-0.40365854841170196,0.029232374999036866,0.007572019444257522,0.1556041765393358,0.49660917341286603,0.4216386756314362,False
fut_equity/DAX,fut_equity,80,144,long,2000-10-05,2014-10-27,2024-03-28,3576,2384,0.37827164343348163,0.06310262275322588,0.12655106090507912,-0.001096881120237344,-0.2979836348544652,-0.42119638552508315,0.03771014512318428,-0.00046200236319467343,0.13251927264270225,0.12770689791479828,0.44187251737674904,False
fut_equity/DAX,fut_equity,80,300,long,2001-05-18,2015-01-28,2024-03-28,3482,2322,0.44333951136929767,0.01555474232245764,0.14583243774698576,-0.01705155625558821,-0.3188928858206738,-0.46212024167984667,0.04650492691940005,-0.007879869297849925,0.1419109377102489,0.23492658798987395,0.3573568366634798,False
fut_equity/DAX,fut_equity,100,200,long,2000-12-22,2014-11-26,2024-03-28,3542,2362,0.4148534799212073,0.01846207111655033,0.1257120110967838,-0.016052884569713113,-0.3387878746912011,-0.44144478378638335,0.04258970506263607,-0.0070864621580247755,0.1387567825939545,0.19954342501853425,0.3866418596287441,False
fut_equity/DAX,fut_equity,100,250,long,2001-03-06,2014-12-29,2024-03-28,3512,2342,0.4244761789709912,0.09335776477187953,0.13246751778849633,0.007097847834980239,-0.3282923200822637,-0.4401159276850227,0.043488068750324,0.003123875884459458,0.14218769666822548,0.20091794864397602,0.3915410207652364,False
fut_equity/DAX,fut_equity,100,300,long,2001-05-18,2015-01-28,2024-03-28,3482,2322,0.40692531700532547,0.0518711435258663,0.1243092092868436,-0.006811948125190656,-0.3347625159536011,-0.4333938021862506,0.04161406365706652,-0.00295225609827188,0.14409559789448884,0.23492658798987395,0.3573568366634798,False
fut_equity/DAX,fut_equity,100,400,long,2001-10-05,2015-03-25,2024-03-28,3422,2282,0.40140279009991797,-0.07932870963413981,0.1132456823052134,-0.05015181281169527,-0.36640840276908276,-0.4466826729679922,0.04149416957394822,-0.02240194580091844,0.14761811932991012,0.3798933950472132,0.28756855020507244,False
fut_equity/DAX,fut_equity,116,378,long,2001-09-05,2015-03-12,2024-03-28,3435,2291,0.3701344516049859,-0.062429623295516636,0.091312094973474,-0.0442633858363633,-0.41177871064473026,-0.4551018873158843,0.03760037673444628,-0.02014435043312012,0.1485350165061026,0.3458418246540287,0.2884275667790484,False
fut_equity/DAX,fut_equity,120,398,long,2001-10-03,2015-03-24,2024-03-28,3423,2283,0.4073177827611193,-0.12596887768550344,0.10974838603641789,-0.06463169257989783,-0.3862953841184115,-0.4561090018511692,0.04239529494031376,-0.02947909679056882,0.14901671525856375,0.3872908110233561,0.28080746239773546,False
fut_equity/DAX,fut_equity,134,750,long,2003-02-26,2015-10-13,2024-03-28,3212,2142,0.29297131566241064,0.14214304408328543,0.07748744923337378,0.02437387562368366,-0.3886421229671487,-0.40839162293406434,0.03011488677336754,0.0099540866231492,0.15913908462789667,0.4835581005994293,0.4225629003639039,False
fut_equity/DAX,fut_equity,150,400,long,2001-10-05,2015-03-25,2024-03-28,3422,2282,0.4286967369358804,-0.08572275736978861,0.12191976221110144,-0.055835093930478676,-0.3679950644178803,-0.4281232920516711,0.04486587074868693,-0.02390430422553081,0.1501638529523505,0.3798933950472132,0.28756855020507244,False
fut_equity/DAX,fut_equity,150,500,long,2002-03-01,2015-05-26,2024-03-28,3362,2242,0.40378797588489096,-0.12911353779174897,0.10517250334599018,-0.0751787570119289,-0.40851762175573564,-0.41390473034442027,0.042964820941001056,-0.031116843148651128,0.15337373955672806,0.3524893081240477,0.2966576764816323,False
fut_equity/DAX,fut_equity,150,710,long,2002-12-30,2015-09-21,2024-03-28,3236,2158,0.27280125745156336,0.15414418609632166,0.06841707344907415,0.029734217499678306,-0.39742511611450054,-0.39954245957692097,0.027190663359712604,0.011880082393416596,0.15971555387021094,0.4351504806187463,0.43444221137216016,False
fut_equity/DAX,fut_equity,162,678,long,2002-11-11,2015-09-02,2024-03-28,3255,2171,0.33289310457816096,0.1282890501620541,0.09757087258770775,0.01973328444081535,-0.358190810326713,-0.3899481245461928,0.034948989916475506,0.007694957258832512,0.16017957133259556,0.4299842200554366,0.4178118627052988,False
fut_equity/DAX,fut_equity,174,698,long,2002-12-09,2015-09-14,2024-03-28,3243,2163,0.3189176243046699,0.14023884485142066,0.09032367976783842,0.024333038895381864,-0.3679810708371492,-0.39447685247491804,0.03323740440292093,0.009598820594599993,0.16147324693250442,0.4315059505476474,0.4164540690065151,False
fut_equity/DAX,fut_equity,200,400,long,2001-10-05,2015-03-25,2024-03-28,3422,2282,0.3915734272152472,-0.16845511854444245,0.09858739410814293,-0.07738189785774911,-0.4101883743797215,-0.47357805765509625,0.04043940292355208,-0.03664636888513788,0.15240545297932465,0.3798933950472132,0.28756855020507244,False
fut_equity/DAX,fut_equity,200,600,long,2002-07-24,2015-07-21,2024-03-28,3302,2202,0.4496996528323631,0.015722645928025167,0.1471157892970845,-0.027152146892932275,-0.34069931984059937,-0.3881628400635674,0.05012224935132961,-0.010539454451783758,0.16173725440603914,0.4456875473229619,0.31168675460297784,False
fut_equity/EUROSTX200-LARGE,fut_equity,5,20,long,2013-04-11,2020-02-07,2024-03-28,1531,1021,0.19329789875560965,0.30613889859918675,0.04375517537921256,0.19550417519712537,-0.3846946458931891,-0.15523780066687795,0.01683238169850056,0.03034963817879373,0.12203591713039924,0.6330542884284451,0.4141771200120984,False
fut_equity/EUROSTX200-LARGE,fut_equity,5,35,long,2013-05-03,2020-02-20,2024-03-28,1522,1015,0.04733076971740414,0.20805254843549648,-0.006882659948996449,0.10012830436916234,-0.36486896091695453,-0.18292615278802418,-0.0025112689839350737,0.01831608550343918,0.12467316765560377,0.6383951518410751,0.40947730493800455,False
fut_equity/EUROSTX200-LARGE,fut_equity,8,21,long,2013-04-12,2020-02-07,2024-03-28,1530,1021,0.16025739421096918,0.4299398912818499,0.0391365805808475,0.30209933823373275,-0.31575955376831993,-0.1516845636285549,0.012357749220226302,0.04582380629245896,0.12139653298484455,0.6332613318228961,0.4141771200120984,True
fut_equity/EUROSTX200-LARGE,fut_equity,9,21,long,2013-04-12,2020-02-07,2024-03-28,1530,1021,0.15897320715637284,0.35197665767449215,0.03840075481329673,0.2342966501821992,-0.3170249785049919,-0.153134784514921,0.012173998469260861,0.0358789670382189,0.12100015663477728,0.6332613318228961,0.4141771200120984,False
fut_equity/EUROSTX200-LARGE,fut_equity,10,20,long,2013-04-11,2020-02-07,2024-03-28,1531,1021,0.13983172046911305,0.3222165569659483,0.030074488556904328,0.21119895997209492,-0.32273095162358273,-0.15216356726286964,0.009705968311562283,0.03213678715156198,0.12090791439312329,0.6330542884284451,0.4141771200120984,False
fut_equity/EUROSTX200-LARGE,fut_equity,10,30,long,2013-04-25,2020-02-18,2024-03-28,1525,1017,0.10790450473565912,0.14625981475750643,0.01768589144061956,0.05339473724607406,-0.31454145457409616,-0.19647528174695333,0.005562946019172034,0.010490746044226944,0.12446217807556981,0.6477716885430421,0.39395483858758945,False
fut_equity/EUROSTX200-LARGE,fut_equity,10,100,long,2013-08-02,2020-03-30,2024-03-28,1483,989,0.11203800376918031,0.5804160875240381,0.016794737386954407,0.5151075572748232,-0.32797722727375217,-0.13300672970294958,0.005508291400964128,0.06851277163839903,0.12841830372056626,0.3091048393246175,0.9714435719360388,False
fut_equity/EUROSTX200-LARGE,fut_equity,12,26,long,2013-04-19,2020-02-11,2024-03-28,1527,1019,0.08904768199865733,0.09659804371806877,0.009536750479989553,0.02081092965498628,-0.3234285871251327,-0.20440732762349928,0.0030844577335079524,0.004253906516136378,0.12482943182715017,0.6438974461856911,0.39897297345038596,False
fut_equity/EUROSTX200-LARGE,fut_equity,13,48,long,2013-05-22,2020-02-27,2024-03-28,1514,1010,-0.08523872792795614,0.41624463766464825,-0.06027178814107747,0.3130877231938488,-0.36248862871141246,-0.14564852052581032,-0.021847837833243944,0.04560076367797851,0.126370863706187,0.5567599813903218,0.5405881131670274,False
fut_equity/EUROSTX200-LARGE,fut_equity,20,50,long,2013-05-24,2020-02-28,2024-03-28,1513,1009,0.09980891472197924,0.5042876742470621,0.011254003343058027,0.3785039266219799,-0.33996483624598817,-0.14936754947044895,0.0038259654036345257,0.056536203984467764,0.124447878697565,0.5143569010626294,0.6098368928545593,False
fut_equity/EUROSTX200-LARGE,fut_equity,20,60,long,2013-06-07,2020-03-05,2024-03-28,1507,1005,0.04183640790406976,0.44529615488678775,-0.012632268003197666,0.3279777207757309,-0.3930862028170828,-0.14953835026712825,-0.004965570262344703,0.049045247289175635,0.12515575498274387,0.5122841187695532,0.5867586276172514,False
fut_equity/EUROSTX200-LARGE,fut_equity,20,100,long,2013-08-02,2020-03-30,2024-03-28,1483,989,0.15262101712826306,0.5162473224899318,0.034068318773682646,0.32917376417957195,-0.34253012069250394,-0.18154488314347914,0.011669425341340214,0.059759812551879544,0.12845200266126008,0.3091048393246175,0.9714435719360388,False
fut_equity/EUROSTX200-LARGE,fut_equity,21,55,long,2013-05-31,2020-03-03,2024-03-28,1510,1007,0.08049285364205339,0.41079047460481644,0.002095655357206235,0.2979642435542562,-0.38538058763877636,-0.14953835026712825,0.0008076248930484887,0.044557081419696276,0.1252574447163388,0.5355156717625642,0.577201742744007,False
fut_equity/EUROSTX200-LARGE,fut_equity,30,90,long,2013-07-19,2020-03-24,2024-03-28,1489,993,0.10016081042987199,0.4894189888752043,0.009837538556953657,0.32871657551648714,-0.3227441919698565,-0.1636519605083812,0.003175008432536316,0.053795112034874464,0.12244038615607457,0.2980020414104036,1.0143132478913843,False
fut_equity/EUROSTX200-LARGE,fut_equity,30,200,long,2013-12-20,2020-05-29,2024-03-28,1423,949,-0.058305368701096316,0.3469920723194329,-0.05996119928077489,0.17483092747322793,-0.4198986960313016,-0.2156824284218568,-0.025177629390470396,0.03770795900067132,0.13179349223108572,0.3385724895930369,0.843210726004593,False
fut_equity/EUROSTX200-LARGE,fut_equity,40,100,long,2013-08-02,2020-03-30,2024-03-28,1483,989,0.15080229504159195,0.594018118691134,0.03792974675484365,0.6013912619063799,-0.29689359128373266,-0.11262158930019828,0.011261098730528036,0.06772963970714829,0.12315208547958328,0.3091048393246175,0.9714435719360388,False
fut_equity/EUROSTX200-LARGE,fut_equity,50,150,long,2013-10-11,2020-04-30,2024-03-28,1453,969,0.024937883966085553,0.41409518062350575,-0.027302621980837504,0.25450627090986194,-0.40411367666873643,-0.18179376962163896,-0.011033362951372904,0.04626765438104988,0.12958628424665064,0.3449218780657765,0.8792919527142754,False
fut_equity/EUROSTX200-LARGE,fut_equity,50,200,long,2013-12-20,2020-05-29,2024-03-28,1423,949,-0.05843982935833983,0.43819754919356707,-0.05809698081227526,0.31335167527601565,-0.44085387927586445,-0.1615474990571606,-0.025612279365307012,0.05062117946621183,0.13293104352802976,0.3385724895930369,0.843210726004593,False
fut_equity/EUROSTX200-LARGE,fut_equity,60,120,long,2013-08-30,2020-04-09,2024-03-28,1471,981,0.160078237039622,0.4987699327614939,0.03864935435863669,0.3457856618270207,-0.32779922723715116,-0.1628256606567699,0.012669228491975926,0.056302778832623065,0.12574544037438454,0.3810953010677915,0.8963533250813037,False
fut_equity/EUROSTX200-LARGE,fut_equity,60,132,long,2013-09-17,2020-04-20,2024-03-28,1464,976,0.02337470957770912,0.4793411678111931,-0.028726739805512706,0.2861523377254194,-0.4017150414406556,-0.1889732365929609,-0.011539963471426468,0.05407513341861453,0.12667958893247697,0.3274246395462677,0.89823399020028,False
fut_equity/EUROSTX200-LARGE,fut_equity,60,180,long,2013-11-22,2020-05-19,2024-03-28,1435,957,0.010941660713137501,0.4611757393338915,-0.03480703940877557,0.330386956897655,-0.39413979158197604,-0.1615474990571606,-0.013718839258160429,0.053373186607922084,0.13159780108115757,0.30140372182757774,0.8888461108299037,False
fut_equity/EUROSTX200-LARGE,fut_equity,60,400,long,2014-10-08,2020-09-24,2024-03-28,1303,869,0.008738203807437594,0.5575662289149036,-0.042398927011071716,0.3419605009857863,-0.4024027874326084,-0.21533128473104682,-0.01706144641340697,0.07363479400454176,0.14683483691700433,0.3013623841302084,0.9397363951607681,False
fut_equity/EUROSTX200-LARGE,fut_equity,62,758,long,2016-04-11,2021-05-12,2024-03-28,1088,726,0.38585953673304124,0.6113998712871795,0.15381593675744318,0.4229406711252429,-0.37033029700499553,-0.1958023971116901,0.05696270154348554,0.08281279724234954,0.1481378236651269,0.5912562273073696,0.6113998712871795,False
fut_equity/EUROSTX200-LARGE,fut_equity,74,758,long,2016-04-11,2021-05-12,2024-03-28,1088,726,0.4833213233021888,0.6113998712871795,0.21185638993929323,0.4229406711252429,-0.3703302970049954,-0.1958023971116901,0.07845683980862458,0.08281279724234954,0.1481378236651269,0.5912562273073696,0.6113998712871795,False
fut_equity/EUROSTX200-LARGE,fut_equity,80,144,long,2013-10-03,2020-04-27,2024-03-28,1456,972,0.14264407259035294,0.41079598888505925,0.025719517895881894,0.2839082721936476,-0.3703302970049954,-0.1615474990571606,0.009524716701207237,0.045864671334523384,0.12972577960426523,0.34490530945644743,0.8891778460822206,False
fut_equity/EUROSTX200-LARGE,fut_equity,80,300,long,2014-05-21,2020-07-29,2024-03-28,1363,909,-0.08252656265565164,0.3962724838288634,-0.07523338907248567,0.21413782119137062,-0.44204512985505157,-0.22018483694107002,-0.033256553241982546,0.04714990124193795,0.14168651358715312,0.2953504446381797,0.8231676330088713,False
fut_equity/EUROSTX200-LARGE,fut_equity,100,200,long,2013-12-20,2020-05-29,2024-03-28,1423,949,0.09369407707502118,0.712441693699517,-0.0006604111698895562,0.48815383033985477,-0.4069943532552371,-0.17646881229723918,-0.0002687836169717344,0.08614392665842217,0.12743712132060053,0.3385724895930369,0.843210726004593,False
fut_equity/EUROSTX200-LARGE,fut_equity,100,250,long,2014-03-07,2020-06-30,2024-03-28,1393,929,0.007347691257674618,0.6597621325533227,-0.03834977625638185,0.4171757007541455,-0.43580457798494937,-0.19510902894385954,-0.016713008057229722,0.08139474587311546,0.13183501544723525,0.3231418093724771,0.8472142079518693,False
fut_equity/EUROSTX200-LARGE,fut_equity,100,300,long,2014-05-21,2020-07-29,2024-03-28,1363,909,-0.025574936112662237,0.4562290388718613,-0.05608980228850648,0.3000291771024447,-0.41454678875036455,-0.1860948590928546,-0.023251847420343207,0.05583388743662456,0.14093652350200048,0.2953504446381797,0.8231676330088713,False
fut_equity/EUROSTX200-LARGE,fut_equity,100,400,long,2014-10-08,2020-09-24,2024-03-28,1303,869,-0.0553538874267835,0.7560284112983559,-0.06852223107163863,0.5297237153645377,-0.44406045690050644,-0.2043804290693182,-0.030428013237513925,0.1082651602343976,0.15112581793749974,0.3013623841302084,0.9397363951607681,False
fut_equity/EUROSTX200-LARGE,fut_equity,116,378,long,2014-09-08,2020-09-11,2024-03-28,1316,878,-0.07313427205515088,0.6119471552756995,-0.07553430599589259,0.40875785377193824,-0.45047095495374617,-0.206860324843914,-0.03402601095373821,0.08455578241376424,0.15144175096328333,0.2726853536063451,0.8565661646107687,False
fut_equity/EUROSTX200-LARGE,fut_equity,120,398,long,2014-10-06,2020-09-23,2024-03-28,1304,870,0.012108953341303384,0.7752723188737239,-0.0442011876910629,0.5713274313246035,-0.40254522783826135,-0.19580239711169012,-0.017792977169820666,0.11186728058902187,0.15166741461310715,0.2869662529639599,0.9151594819680718,False
fut_equity/EUROSTX200-LARGE,fut_equity,134,750,long,2016-03-29,2021-05-07,2024-03-28,1093,729,0.6037190478428928,0.555082666646061,0.28463835048297076,0.37777282665200046,-0.3703302970049954,-0.19580239711169004,0.10541020487337055,0.07396882502212064,0.14848215916221327,0.6037190478428928,0.555082666646061,False
fut_equity/EUROSTX200-LARGE,fut_equity,150,400,long,2014-10-08,2020-09-24,2024-03-28,1303,869,0.0751616870014802,0.9397363951607681,-0.015425695224575146,0.7201376639288727,-0.37613287823240044,-0.19580239711169015,-0.0058021111435552445,0.141004680847686,0.15285523145453522,0.3013623841302084,0.9397363951607681,False
fut_equity/EUROSTX200-LARGE,fut_equity,150,500,long,2015-03-04,2020-11-23,2024-03-28,1243,829,0.05782522769577127,0.832478456606669,-0.02786467122749194,0.6069933803851161,-0.3703302970049954,-0.19580239711169012,-0.01031913197162364,0.11885075891033367,0.14814067598870914,0.1812680788620348,0.832478456606669,False
fut_equity/EUROSTX200-LARGE,fut_equity,150,710,long,2016-01-13,2021-04-13,2024-03-28,1117,745,0.493122567220407,0.6260277988969923,0.22459446085309284,0.4375584601848921,-0.37033029700499553,-0.19580239711169012,0.08317413339340271,0.08567499538070189,0.14913042099250812,0.493122567220407,0.6260277988969923,False
fut_equity/EUROSTX200-LARGE,fut_equity,162,678,long,2015-11-13,2021-03-19,2024-03-28,1136,758,0.3637656455034301,0.6949669035988784,0.14965947608584793,0.4924777065432329,-0.37033029700499553,-0.19580239711169006,0.05542343822848409,0.09642831546523245,0.14835839075648286,0.3637656455034301,0.6949669035988784,False
fut_equity/EUROSTX200-LARGE,fut_equity,174,698,long,2015-12-11,2021-04-01,2024-03-28,1124,750,0.44805928576411075,0.6442716380978358,0.19935139657610518,0.45184751903525966,-0.37033029700499553,-0.19580239711169012,0.07382586190238968,0.08847282735607387,0.1488351244117991,0.44805928576411075,0.6442716380978358,False
fut_equity/EUROSTX200-LARGE,fut_equity,200,400,long,2014-10-08,2020-09-24,2024-03-28,1303,869,0.19571812581177056,0.9397363951607681,0.05128750602930412,0.7201376639288727,-0.37033029700499553,-0.19580239711169015,0.018993317340477694,0.141004680847686,0.15285523145453522,0.3013623841302084,0.9397363951607681,False
fut_equity/EUROSTX200-LARGE,fut_equity,200,600,long,2015-07-28,2021-02-03,2024-03-28,1183,789,0.2130505575669482,0.7833304209188875,0.06135525699225287,0.5655554681346823,-0.37033029700499553,-0.19580239711169004,0.022721710544758834,0.11073711636039482,0.14813752720903262,0.2130505575669482,0.7833304209188875,False
fut_equity/FTSE100,fut_equity,5,20,long,1984-06-19,2008-04-10,2024-03-28,6019,4014,0.0973172913169366,0.09697058876864054,0.0058366927452640684,0.0052691787776050335,-0.546713106744244,-0.422442625417099,0.0031909964238749093,0.0022259257166035305,0.1665080270166797,0.25709312844672905,0.3395616566709738,False
fut_equity/FTSE100,fut_equity,5,35,long,1984-07-10,2008-04-18,2024-03-28,6010,4008,0.08112246566836236,0.02011643093727149,0.0011151382030646,-0.020845328006539137,-0.5674528640616943,-0.49939939229047026,0.0006327883671536185,-0.010410144138561166,0.16586009956051648,0.26088430356040543,0.33491794815545817,False
fut_equity/FTSE100,fut_equity,8,21,long,1984-06-20,2008-04-11,2024-03-28,6019,4013,0.053046781824883975,-0.030726668454167622,-0.0057733055811827905,-0.03747589186263728,-0.6299008542434019,-0.5026155388483726,-0.00363661011739524,-0.01883596558236278,0.1663956141356506,0.2533797240475239,0.34474630048848465,False
fut_equity/FTSE100,fut_equity,9,21,long,1984-06-20,2008-04-11,2024-03-28,6019,4013,0.045982263350164705,-0.03246541164045451,-0.007412597905900541,-0.03435931166828924,-0.6318488871908092,-0.5478099837459517,-0.00468364173803618,-0.018822373966527618,0.16492203719994708,0.2533797240475239,0.34474630048848465,False
fut_equity/FTSE100,fut_equity,10,20,long,1984-06-19,2008-04-10,2024-03-28,6019,4014,0.0686459938203717,-0.0532904120070964,-0.002122836812890767,-0.03943298607757029,-0.580769356695917,-0.5624290948970702,-0.0012328785701929816,-0.022178258668696625,0.16488521051986826,0.25709312844672905,0.3395616566709738,False
fut_equity/FTSE100,fut_equity,10,30,long,1984-07-03,2008-04-16,2024-03-28,6013,4010,0.08039877418820307,0.16127668067804143,0.0007871081007062189,0.028250698349819,-0.6207546814852983,-0.46151098443625227,0.000488601038348387,0.013038007606436575,0.16579016504864622,0.26037240992807514,0.3354389113337878,False
fut_equity/FTSE100,fut_equity,10,100,long,1984-10-10,2008-05-28,2024-03-28,5971,3982,0.26322229335516967,0.10204945229332492,0.07294261402657164,0.006236615903708304,-0.4034157651281903,-0.4569142768337979,0.02942620044797966,0.002849598845533043,0.17014821480784703,0.2553092579929934,0.3370061219068259,False
fut_equity/FTSE100,fut_equity,12,26,long,1984-06-27,2008-04-15,2024-03-28,6016,4011,0.0674816383275866,0.1596464587193927,-0.0022584987527915134,0.027896164606759234,-0.6366027915002226,-0.4574005497833164,-0.0014377666106268486,0.012759721027977566,0.1663031429061367,0.2540588322061181,0.3440012867508711,False
fut_equity/FTSE100,fut_equity,13,48,long,1984-07-27,2008-04-28,2024-03-28,6003,4002,0.14664248149539857,-0.017738888542591414,0.01911398041432752,-0.03192414891737186,-0.5573760023036809,-0.5362432004770173,0.010653673991448728,-0.017119107787956393,0.1686303729143835,0.2628545129345179,0.3326610870201821,False
fut_equity/FTSE100,fut_equity,20,50,long,1984-07-31,2008-04-28,2024-03-28,6001,4002,0.2174820406736707,-0.011174442605664373,0.04408628516145562,-0.029387694143296967,-0.5006990849990284,-0.5584904748705298,0.02207396264134707,-0.01641274725743981,0.1708034024323042,0.26289831573763806,0.3326610870201821,False
fut_equity/FTSE100,fut_equity,20,60,long,1984-08-14,2008-05-02,2024-03-28,5995,3998,0.18993126051901993,0.07836962546733098,0.03515501511690625,-0.0027061744357214815,-0.5011194223494292,-0.5342229761983807,0.017616860868069514,-0.0014457005611631032,0.17305532240336674,0.26682056726171205,0.3260243359934663,False
fut_equity/FTSE100,fut_equity,20,100,long,1984-10-10,2008-05-28,2024-03-28,5971,3982,0.22089799783586028,0.2485542748088198,0.051465620316318315,0.08684652300230554,-0.4421560330221922,-0.32776283513258,0.022755834516089646,0.028465062600642483,0.1739950609570057,0.2553092579929934,0.3370061219068259,False
fut_equity/FTSE100,fut_equity,21,55,long,1984-08-07,2008-04-30,2024-03-28,5998,4000,0.19560179020623789,0.07899528423646006,0.03698310858169824,-0.0023522676578128184,-0.5010371943855145,-0.5453553584432147,0.01852991296342893,-0.0012828217716808908,0.17247195515655037,0.26241905403462157,0.33349900436246915,False
fut_equity/FTSE100,fut_equity,30,90,long,1984-09-26,2008-05-21,2024-03-28,5977,3986,0.2340965546667083,0.2758867425151659,0.0558443889719311,0.10191043456974241,-0.44788219271035,-0.32838432164832443,0.02501170738331819,0.033465788925070815,0.17492904831607847,0.26108844056766156,0.32857702378356246,False
fut_equity/FTSE100,fut_equity,30,200,long,1985-03-04,2008-07-23,2024-03-28,5911,3942,0.25040008551562903,0.20266106872520712,0.05671010400191378,0.05126863257869891,-0.4980612585216842,-0.3955128404042497,0.028245105770088777,0.02027740249484306,0.17385988297980667,0.20903967611753332,0.3831728790836623,False
fut_equity/FTSE100,fut_equity,40,100,long,1984-10-10,2008-05-28,2024-03-28,5971,3982,0.20815877465875682,0.3647947331204638,0.04653556526213951,0.1630444372375941,-0.4461584125526703,-0.3038611965567545,0.020762233924597355,0.049542877790938,0.17432104575662044,0.2553092579929934,0.3370061219068259,True
fut_equity/FTSE100,fut_equity,50,150,long,1984-12-19,2008-06-25,2024-03-28,5941,3962,0.17057008034787985,0.268616902524299,0.028109605691481458,0.07830612966459491,-0.5173634623908403,-0.40833698361146653,0.014542882926986118,0.03197528878552906,0.17313273532938042,0.22466230807163806,0.36505437299069077,False
fut_equity/FTSE100,fut_equity,50,200,long,1985-03-04,2008-07-23,2024-03-28,5911,3942,0.1828471925262854,0.24838869758784346,0.029634536771211608,0.08271165362736686,-0.562081402714794,-0.34591294153203084,0.016657021997165764,0.028611031405220942,0.17640353944249973,0.20903967611753332,0.3831728790836623,False
fut_equity/FTSE100,fut_equity,60,120,long,1984-11-07,2008-06-09,2024-03-28,5959,3974,0.17183649066611512,0.29443452801858594,0.02789982837126742,0.10348757403822577,-0.5288759815119246,-0.3570687445408045,0.014755549113868298,0.03695217813740283,0.17598684274689783,0.24342735096654888,0.3493297903169004,False
fut_equity/FTSE100,fut_equity,60,132,long,1984-11-23,2008-06-16,2024-03-28,5952,3969,0.17191969925480405,0.2605130225121174,0.027913953643606822,0.0726630279889154,-0.5292051830438012,-0.4200782397506981,0.01477220894744113,0.030524156892539286,0.17307448727097288,0.23828577989457972,0.35607325062542416,False
fut_equity/FTSE100,fut_equity,60,180,long,1985-02-04,2008-07-11,2024-03-28,5923,3950,0.1750447770362579,0.2953336232936284,0.027332719148437563,0.11644360992312752,-0.5604198411664936,-0.31914078974072935,0.015317798123815757,0.037161905631128346,0.17637496716343462,0.19990658707063333,0.394935946372256,False
fut_equity/FTSE100,fut_equity,60,400,long,1985-12-16,2008-11-13,2024-03-28,5791,3862,0.11416834470220559,0.2549139390223604,0.007228387424927196,0.08490290405437109,-0.5904696388575741,-0.35502678621309747,0.004268143312319391,0.030142805166582333,0.18089634401522509,0.12314558615885189,0.5249518231404816,False
fut_equity/FTSE100,fut_equity,62,758,long,1987-05-21,2009-06-12,2024-03-28,5577,3718,0.09013190158224292,0.2690439099511316,-0.0010221789468128051,0.09616597225531938,-0.6038831119877027,-0.3499220649896505,-0.0006172766034096292,0.033650595593318795,0.1912063486901401,0.09428325345519734,0.5214256610959382,False
fut_equity/FTSE100,fut_equity,74,758,long,1987-05-21,2009-06-12,2024-03-28,5577,3718,0.09687412197276844,0.28038242788981993,0.0010113553101781226,0.10584741271409603,-0.5771310484124113,-0.3391467063428548,0.0005836845504805593,0.035897801396898486,0.1912861851325774,0.09428325345519734,0.5214256610959382,False
fut_equity/FTSE100,fut_equity,80,144,long,1984-12-11,2008-06-23,2024-03-28,5945,3964,0.18295500195496459,0.28689139992990975,0.02940766445458052,0.09867892604423352,-0.567183066524989,-0.3594238662036468,0.016679529304686896,0.03546756111164215,0.17505833389531072,0.22892934062205106,0.36399921393498597,False
fut_equity/FTSE100,fut_equity,80,300,long,1985-07-26,2008-09-18,2024-03-28,5851,3902,0.14718115186102576,0.26451372072036294,0.01764175293901188,0.09408180503823466,-0.5856849351458732,-0.33789171101474885,0.01033250892594469,0.03178946207972513,0.17923429151162323,0.1825909266583954,0.4323910315624866,False
fut_equity/FTSE100,fut_equity,100,200,long,1985-03-04,2008-07-23,2024-03-28,5911,3942,0.2137305570994908,0.271229296692442,0.040381887316418646,0.10213441134328217,-0.5499975239051023,-0.32037571916397584,0.02220993803464511,0.03272138548549336,0.17593827714510793,0.20903967611753332,0.3831728790836623,False
fut_equity/FTSE100,fut_equity,100,250,long,1985-05-16,2008-08-20,2024-03-28,5881,3922,0.1489436065192621,0.22208533374827358,0.0177297054495095,0.06800449213698116,-0.6019020758653193,-0.3520286425369223,0.010671546514540432,0.023939529053394283,0.17846173142866725,0.19762859778115227,0.39054360494644846,False
fut_equity/FTSE100,fut_equity,100,300,long,1985-07-26,2008-09-18,2024-03-28,5851,3902,0.15848554593144074,0.267531971919395,0.01988891102753815,0.0884260933074324,-0.6186191814201376,-0.3659735208322067,0.012303661859193599,0.03236160870115826,0.17938303150035223,0.1825909266583954,0.4323910315624866,False
fut_equity/FTSE100,fut_equity,100,400,long,1985-12-16,2008-11-13,2024-03-28,5791,3862,0.19598796508365635,0.21167607319436144,0.030503464973843396,0.060585792136614545,-0.629734561498974,-0.36637412586380885,0.019209086139502583,0.02219706663381858,0.18360504170439193,0.12314558615885189,0.5249518231404816,False
fut_equity/FTSE100,fut_equity,116,378,long,1985-11-14,2008-11-03,2024-03-28,5805,3870,0.1943729725487723,0.25529675790467427,0.030649053423157657,0.08030470121028895,-0.6170262298318667,-0.37851074437421617,0.01891126988160644,0.030396192231855485,0.18325494596349792,0.13649268474794812,0.498016022357673,False
fut_equity/FTSE100,fut_equity,120,398,long,1985-12-12,2008-11-13,2024-03-28,5793,3862,0.2077367541901785,0.210767721149299,0.03669556905663901,0.06344501521782735,-0.584339824022641,-0.3469143564671948,0.021442682364967106,0.022009986625343956,0.18298101275541173,0.12198381681787623,0.5249518231404816,False
fut_equity/FTSE100,fut_equity,134,750,long,1987-05-11,2009-06-08,2024-03-28,5581,3722,0.08205767950406924,0.2669794740154952,-0.004356020271333552,0.09934083314153892,-0.6052168830391846,-0.3323968899469984,-0.0026363370110719956,0.033020583980991246,0.18840282032270014,0.09075266767601427,0.5265166104352764,False
fut_equity/FTSE100,fut_equity,150,400,long,1985-12-16,2008-11-13,2024-03-28,5791,3862,0.22324325524497476,0.2803287669285114,0.042890584523603455,0.10701726174543703,-0.5695398242755093,-0.3262309870178556,0.024427895972646992,0.03491234692716212,0.18099841049004917,0.12314558615885189,0.5249518231404816,False
fut_equity/FTSE100,fut_equity,150,500,long,1986-05-14,2009-01-13,2024-03-28,5731,3822,0.15368495718399247,0.238929390454461,0.01924061110140277,0.0821033815688766,-0.5834794190192365,-0.3320316292282853,0.01122650058702156,0.027260919547465668,0.18233839834382687,0.11302892871795461,0.5248749095710313,False
fut_equity/FTSE100,fut_equity,150,710,long,1987-03-11,2009-05-14,2024-03-28,5605,3738,0.08671863504190822,0.2470068224328918,-0.0029093843450816942,0.08761825764712912,-0.6179647406413707,-0.3320316292282853,-0.0017978969422344734,0.029092032836719947,0.18760271626891187,0.09969735666732205,0.5313451595773494,False
fut_equity/FTSE100,fut_equity,162,678,long,1987-01-26,2009-04-27,2024-03-28,5625,3750,0.12332384993121852,0.23563893019521462,0.008675656747340676,0.08090592533217786,-0.6006022610463779,-0.33203162922828516,0.005210619058515074,0.026863326202265003,0.1868695768584953,0.0985045149437359,0.5586729442199367,False
fut_equity/FTSE100,fut_equity,174,698,long,1987-02-23,2009-05-08,2024-03-28,5613,3742,0.08851410878617896,0.24659736487888875,-0.0024577680179511466,0.08746328112329664,-0.6047876526814588,-0.3320316292282853,-0.0014864277504122356,0.02904057572901971,0.18802804776926485,0.11154366521376527,0.5137439967077548,False
fut_equity/FTSE100,fut_equity,200,400,long,1985-12-16,2008-11-13,2024-03-28,5791,3862,0.19444710484415992,0.22348173055251383,0.03366191395265264,0.07323434113634751,-0.5627042644550849,-0.3320316292282853,0.018941702530877763,0.024316117602961495,0.18103011981647518,0.12314558615885189,0.5249518231404816,False
fut_equity/FTSE100,fut_equity,200,600,long,1986-10-03,2009-03-10,2024-03-28,5671,3782,0.1432470635706283,0.21462616636531956,0.014927337678135923,0.06841899757014765,-0.6074044376416766,-0.33203162922828505,0.009066931147875561,0.0227172712333822,0.18219302308538818,0.07959182532874612,0.6041119067066557,False
fut_equity/HANG,fut_equity,5,20,long,1994-01-07,2012-03-23,2024-03-28,4439,2960,0.42490311178811446,0.01131798242090852,0.07532713667474963,-0.018554998147909414,-0.8852960586528008,-0.45688972662784266,0.0666868172077567,-0.008477588031378458,0.14210054139236655,0.4411173566819182,0.12283241518124347,False
fut_equity/HANG,fut_equity,5,35,long,1994-01-28,2012-04-02,2024-03-28,4430,2954,0.4936826869626353,-0.05467953913168767,0.12529454408548266,-0.03561219635857434,-0.881461470031861,-0.4980621545741249,0.11044231301656136,-0.017737087247468343,0.14211078382534734,0.44087449559201586,0.1271101864930699,False
fut_equity/HANG,fut_equity,8,21,long,1994-01-10,2012-03-23,2024-03-28,4438,2960,0.5099884374307816,0.1058298129820889,0.15106704504453813,0.011419258242090322,-0.8346724831455554,-0.42926276355864385,0.12609150560878613,0.004901862350789513,0.1428971352305511,0.44116707961228246,0.12283241518124347,False
fut_equity/HANG,fut_equity,9,21,long,1994-01-10,2012-03-23,2024-03-28,4438,2960,0.5474165160710016,0.1257102121033641,0.18322025478364368,0.0176587601608802,-0.8398165921129849,-0.4394893291229455,0.15387140997847246,0.007760836656248237,0.14287366183240507,0.44116707961228246,0.12283241518124347,True
fut_equity/HANG,fut_equity,10,20,long,1994-01-07,2012-03-23,2024-03-28,4439,2960,0.5530229397600065,0.1896395029833661,0.18958246936536088,0.04204239830543131,-0.8345931055153011,-0.40413241583688814,0.15822422185889598,0.016990695994750647,0.14249928046324278,0.4411173566819182,0.12283241518124347,True
fut_equity/HANG,fut_equity,10,30,long,1994-01-21,2012-03-29,2024-03-28,4433,2956,0.5384265700952162,0.021642084638303014,0.17352883483858828,-0.013030492933325366,-0.8288785641379242,-0.5516417746868396,0.14383433145753605,-0.007188164246783928,0.14349425392811258,0.44108218638760355,0.12493157282721506,False
fut_equity/HANG,fut_equity,10,100,long,1994-05-06,2012-05-14,2024-03-28,4391,2928,0.48959893794630993,0.10457161054721635,0.12063569830622475,0.01293053519985521,-0.8500453371742043,-0.366343025104263,0.1025458128419604,0.004737011381332114,0.1425157353804424,0.4675572836655887,0.14951512039074388,False
fut_equity/HANG,fut_equity,12,26,long,1994-01-17,2012-03-27,2024-03-28,4435,2958,0.5442407744156955,0.03194606845984437,0.17393083801104722,-0.010676462774693791,-0.8531244348923259,-0.5409149434990576,0.14838464788852335,-0.005775058258543284,0.14399742687422584,0.4436650063894304,0.10884791546554491,False
fut_equity/HANG,fut_equity,13,48,long,1994-02-18,2012-04-12,2024-03-28,4422,2949,0.48895810514852306,0.0737508487237172,0.11772424288048303,0.0004800468846875924,-0.888685962362951,-0.4483705080115671,0.10461988207769185,0.000215238865556746,0.1442216768070563,0.44091107343847075,0.1294124298478838,False
fut_equity/HANG,fut_equity,20,50,long,1994-02-22,2012-04-13,2024-03-28,4421,2948,0.43031328547020775,0.018459334853533724,0.06370152754765417,-0.017308917104142646,-0.9487157183865951,-0.4575238544609951,0.0604346404696962,-0.007919242470033188,0.14573665508421424,0.4424093070896771,0.12076215156354964,False
fut_equity/HANG,fut_equity,20,60,long,1994-03-08,2012-04-19,2024-03-28,4415,2944,0.46331565728021606,0.05760152898202381,0.08996050602980481,-0.004867652909994951,-0.9316141625153148,-0.43335541947753997,0.08380848148441053,-0.00210942376868193,0.14423603149211345,0.44182855081424843,0.1128477128036365,False
fut_equity/HANG,fut_equity,20,100,long,1994-05-06,2012-05-14,2024-03-28,4391,2928,0.43892336974543306,0.06750312386727361,0.06940925995798265,-0.0025168925150614117,-0.9300802240469553,-0.4069643531975617,0.06455618005265387,-0.0010242855344597516,0.14829194899416415,0.4675572836655887,0.14951512039074388,False
fut_equity/HANG,fut_equity,21,55,long,1994-03-01,2012-04-17,2024-03-28,4418,2946,0.46919510764207795,0.10302320182830463,0.09441384365574358,0.011069713626923404,-0.9368662871455469,-0.40354377789153945,0.08845314716089664,0.004467114057186126,0.14381961278534547,0.4418317100033711,0.12516689157141805,False
fut_equity/HANG,fut_equity,30,90,long,1994-04-22,2012-05-08,2024-03-28,4397,2932,0.47083549905165045,-0.02244782212681685,0.09460986591374122,-0.03596887486001402,-0.930949777111926,-0.3934895238011149,0.08807703358498659,-0.014153375440328811,0.14764694412527524,0.46058061858366556,0.12923046720091694,False
fut_equity/HANG,fut_equity,30,200,long,1994-09-29,2012-07-10,2024-03-28,4331,2888,0.47976067620173185,0.04288553881436389,0.10768341630819765,-0.01060525655512834,-0.9070552768105362,-0.46016730166307446,0.09767481098733644,-0.0048801922924180405,0.15028787515286007,0.4548095783569937,0.14850243531798724,False
fut_equity/HANG,fut_equity,40,100,long,1994-05-06,2012-05-14,2024-03-28,4391,2928,0.45161302873121945,0.08971506112792613,0.07994733944467036,0.005649174920210498,-0.9266945301577191,-0.3980620014880008,0.07408676216403848,0.002248721875494808,0.1486651027111219,0.4675572836655887,0.14951512039074388,False
fut_equity/HANG,fut_equity,50,150,long,1994-07-19,2012-06-11,2024-03-28,4361,2908,0.4723563630398755,0.15281098456270303,0.09756611806377588,0.028293472021693918,-0.9317559229951444,-0.4134004350262515,0.09090780838956673,0.01169653364217134,0.15002344129544076,0.4602640028456888,0.1601018857868212,False
fut_equity/HANG,fut_equity,50,200,long,1994-09-29,2012-07-10,2024-03-28,4331,2888,0.585996334875744,0.0550207786317191,0.2428043582124859,-0.007540462454523575,-0.747407348019241,-0.42803968422827593,0.1814737614591079,-0.0032276171679694416,0.1519542039582576,0.4548095783569937,0.14850243531798724,False
fut_equity/HANG,fut_equity,60,120,long,1994-06-03,2012-05-24,2024-03-28,4379,2920,0.42912675402013434,0.15056415220040753,0.06203953661036289,0.028447774381747414,-0.9521783096633968,-0.39918626130692214,0.05907270110195576,0.011355960697952588,0.14972688010441268,0.4531029208895625,0.1771052561282099,False
fut_equity/HANG,fut_equity,60,132,long,1994-06-23,2012-05-31,2024-03-28,4372,2915,0.4605064012794991,0.12924219491411681,0.08794670837584724,0.01964071384348645,-0.9387487917782048,-0.41365826460030314,0.08255986622869672,0.008124543604007755,0.15008901085819512,0.45967474237206307,0.17152939312076,False
fut_equity/HANG,fut_equity,60,180,long,1994-08-31,2012-06-27,2024-03-28,4343,2896,0.5607303849578166,0.029504607142111307,0.2046777244016798,-0.015878003031820243,-0.7907727361716406,-0.44833123877275677,0.1618535641585013,-0.007118604768493558,0.15223132352867677,0.44478370343195656,0.15510734458892886,False
fut_equity/HANG,fut_equity,60,400,long,1995-07-24,2012-11-02,2024-03-28,4211,2808,0.3628273606176962,0.0660813888226769,0.02585745889129323,-0.004878496091809148,-0.9090068270806206,-0.42770548403860476,0.023504606663142042,-0.0020865595323276732,0.15790949294324963,0.49112539508315606,0.06996105107007856,False
fut_equity/HANG,fut_equity,62,758,long,1996-12-27,2013-06-06,2024-03-28,3996,2665,0.12440734897561162,0.12418564580025111,-0.1089544355660869,0.017011947771035082,-0.9580763096101557,-0.3958233282644774,-0.10438666354281403,0.006733725786992564,0.16765370782616312,0.43089655302489727,0.07717906368142573,True
fut_equity/HANG,fut_equity,74,758,long,1996-12-27,2013-06-06,2024-03-28,3996,2665,0.09532626447952781,0.11426877797691129,-0.12460775538648607,0.012286113834455015,-0.9634695545412557,-0.4086965989546496,-0.12005577857460349,0.005021292938511434,0.16838563394973183,0.43089655302489727,0.07717906368142573,True
fut_equity/HANG,fut_equity,80,144,long,1994-07-11,2012-06-07,2024-03-28,4365,2910,0.5475916177435896,-0.006212174903381813,0.19227653965881786,-0.028826196330845624,-0.7912566081329193,-0.43874450382050606,0.15214008259397097,-0.012647335206209356,0.15310651115717422,0.47576595878594397,0.1722668137465414,False
fut_equity/HANG,fut_equity,80,300,long,1995-02-27,2012-09-04,2024-03-28,4271,2848,0.4142020570010565,0.16601678576220252,0.06402902265899842,0.03589574594758136,-0.9016446247836762,-0.38363773892501624,0.05773142411063813,0.013770962812356928,0.15586097653081735,0.5033769702958133,0.15008279470459615,True
fut_equity/HANG,fut_equity,100,200,long,1994-09-29,2012-07-10,2024-03-28,4331,2888,0.5374756706931643,0.10367248507804666,0.1743050395718534,0.009954855588149358,-0.8285323037823625,-0.41551071116936744,0.14441735599734357,0.004136349125020291,0.15248590815548127,0.4548095783569937,0.14850243531798724,False
fut_equity/HANG,fut_equity,100,250,long,1994-12-09,2012-08-07,2024-03-28,4301,2868,0.41430080351172666,0.11269885274877717,0.06480098367934164,0.012641823027074754,-0.9023133677734183,-0.4278225008982988,0.05847079381873708,0.005408456343356824,0.1552255817393797,0.5092846561039812,0.1313440184375973,False
fut_equity/HANG,fut_equity,100,300,long,1995-02-27,2012-09-04,2024-03-28,4271,2848,0.3783735998947603,0.09739968614853876,0.03946446887982889,0.006689387498262101,-0.9085041153927367,-0.43809578223737794,0.035853632389113134,0.0029305924487400717,0.15678181630926472,0.5033769702958133,0.15008279470459615,False
fut_equity/HANG,fut_equity,100,400,long,1995-07-24,2012-11-02,2024-03-28,4211,2808,0.3425376303333745,0.04643238469306331,0.015133635301733582,-0.013156823355527647,-0.9337671242469302,-0.4222267170680926,0.01413129111510159,-0.005555162332449245,0.16126644873304694,0.49112539508315606,0.06996105107007856,False
fut_equity/HANG,fut_equity,116,378,long,1995-06-22,2012-10-19,2024-03-28,4224,2817,0.3072845974950494,0.09015092224868589,-0.006325107879901106,0.0033995203724774227,-0.936328931205166,-0.41878973619239596,-0.005922381500945176,0.0014236842399704954,0.16208126959883587,0.488208985994251,0.08564533714463865,True
fut_equity/HANG,fut_equity,120,398,long,1995-07-20,2012-11-01,2024-03-28,4212,2809,0.3182361102825369,0.08830487719498076,0.001012075918520665,0.002346895273773631,-0.9185608934955618,-0.4449286203444522,0.0009296533600016835,0.0010442008762530169,0.1631879189224747,0.483706523676698,0.07713104570126217,True
fut_equity/HANG,fut_equity,134,750,long,1996-12-16,2013-06-03,2024-03-28,4001,2668,0.14766919598477385,0.00985288213743755,-0.07936152465686555,-0.0286219111836859,-0.9126963715625706,-0.45267276867917516,-0.07243297559599467,-0.012956359780408544,0.17129632576312886,0.4408299663779052,0.06596490483918324,False
fut_equity/HANG,fut_equity,150,400,long,1995-07-24,2012-11-02,2024-03-28,4211,2808,0.24986129763680978,0.09062203528208108,-0.038565677305545366,0.002791859045616683,-0.9359189589246801,-0.41885489397151116,-0.03609434855403118,0.0011693838245351801,0.16658625498730892,0.49112539508315606,0.06996105107007856,True
fut_equity/HANG,fut_equity,150,500,long,1995-12-13,2013-01-02,2024-03-28,4151,2768,0.2560857487083444,-0.021443928495953283,-0.025616725449330496,-0.03874828421757953,-0.9218325292130667,-0.45709472995308587,-0.023614330811113065,-0.017711636510579935,0.16851718086442016,0.4859885894087735,0.04121531747919014,False
fut_equity/HANG,fut_equity,150,710,long,1996-10-18,2013-05-09,2024-03-28,4025,2684,0.08446555459958696,-0.010080091439654736,-0.11005616252820992,-0.03707182594136544,-0.946246063037299,-0.43906843642505733,-0.10414021050531175,-0.016277068651497202,0.1710500554017403,0.4490102842416682,0.04249478469561439,False
fut_equity/HANG,fut_equity,162,678,long,1996-09-04,2013-04-19,2024-03-28,4044,2697,0.15156266176592073,-0.0014303348061234487,-0.07404179336188574,-0.03266482144086017,-0.9368829658912894,-0.4531412634668609,-0.0693684949647935,-0.014801778458630786,0.17094208635880534,0.47308486235480585,0.07571445132457842,False
fut_equity/HANG,fut_equity,174,698,long,1996-10-02,2013-05-02,2024-03-28,4032,2689,0.10749027186461481,-0.001129151703774165,-0.09500464038775162,-0.03385132790195277,-0.9553526919608099,-0.43817849600941594,-0.0907629389432072,-0.014832923947999243,0.17142366628958855,0.45954273086410974,0.05648959935847196,False
fut_equity/HANG,fut_equity,200,400,long,1995-07-24,2012-11-02,2024-03-28,4211,2808,0.21374216548080355,0.008263539386677012,-0.04830317659574901,-0.028787733899458514,-0.9283346568332607,-0.4477460884465225,-0.04484151286897104,-0.012889595248721906,0.16921044968603957,0.49112539508315606,0.06996105107007856,False
fut_equity/HANG,fut_equity,200,600,long,1996-05-14,2013-03-04,2024-03-28,4091,2728,0.08063773519496141,-0.029691218728845375,-0.1059966746397534,-0.044035631114063084,-0.9630010463234185,-0.44713227534708644,-0.1020749085848855,-0.019689751936375982,0.17164514062247915,0.4715778524946453,0.06179298359899974,False
fut_equity/IBEX,fut_equity,5,20,long,1997-06-09,2013-08-14,2024-03-28,4076,2718,0.3817200502843767,-0.11806749029397746,0.07282657916054634,-0.051731164944815014,-0.9386526337074237,-0.6078088754211851,0.068358860332949,-0.03144266118933585,0.16042242161537185,0.3889613216953883,0.3941934975316429,False
fut_equity/IBEX,fut_equity,5,35,long,1997-06-30,2013-08-22,2024-03-28,4067,2712,0.32308550009619746,0.03468534202199454,0.03836582112191289,-0.017553868984343413,-0.9287619094035385,-0.46056394312597126,0.035632713281022424,-0.00808467911654589,0.16563697139392577,0.3859449475595364,0.4108437346294043,False
fut_equity/IBEX,fut_equity,8,21,long,1997-06-10,2013-08-14,2024-03-28,4075,2718,0.4310769900151525,0.07909602520839983,0.10645136133853982,0.00017672780598716956,-0.881057879531063,-0.4052000102599738,0.09378981069412887,7.161010879922377e-05,0.1570848089112511,0.38900906069593344,0.3941934975316429,False
fut_equity/IBEX,fut_equity,9,21,long,1997-06-10,2013-08-14,2024-03-28,4075,2718,0.5258850118232539,0.044352108540002086,0.1746640081272427,-0.012586369962501048,-0.8331709435153645,-0.40734654816201027,0.1455249764495501,-0.005127014358114812,0.15468509427165225,0.38900906069593344,0.3941934975316429,False
fut_equity/IBEX,fut_equity,10,20,long,1997-06-09,2013-08-14,2024-03-28,4076,2718,0.4087560705419069,0.02950157262086944,0.09037037794725053,-0.018458778337739064,-0.892572072872791,-0.4065808214319056,0.08066207557067497,-0.007504985259187413,0.1554181813169898,0.3889613216953883,0.3941934975316429,False
fut_equity/IBEX,fut_equity,10,30,long,1997-06-23,2013-08-20,2024-03-28,4070,2714,0.34859474113028277,-0.042354795142614685,0.050787654393050566,-0.03589725020103212,-0.9297355293138346,-0.5290277236977137,0.047219086739730964,-0.018990640560859317,0.15776075222893957,0.3834356332007774,0.420725860513423,False
fut_equity/IBEX,fut_equity,10,100,long,1997-10-02,2013-09-27,2024-03-28,4028,2686,0.44715880379964074,-0.02210566533728302,0.11292711237022929,-0.028974642463580617,-0.9040474432674924,-0.5694001683949507,0.10209146721388661,-0.01649816629794629,0.16136002506940916,0.37865990437804314,0.36286872654364366,False
fut_equity/IBEX,fut_equity,12,26,long,1997-06-17,2013-08-16,2024-03-28,4072,2716,0.3811863384952294,-0.059562823370372164,0.06977074147355217,-0.042693209673252235,-0.9178486811540755,-0.5070889173951104,0.06403898304464181,-0.021649253473331933,0.1577422940616896,0.3899075978803526,0.3911188605052144,False
fut_equity/IBEX,fut_equity,13,48,long,1997-07-17,2013-08-29,2024-03-28,4059,2707,0.379521122451007,-0.05888698592450252,0.07334743614260364,-0.037730751820483015,-0.8998653262917525,-0.5940226006444818,0.0660028145571275,-0.022412919320674834,0.161812935302372,0.3824666769194037,0.42895526354628905,False
fut_equity/IBEX,fut_equity,20,50,long,1997-07-21,2013-08-30,2024-03-28,4058,2706,0.366205619674157,0.008350318600738,0.06484559455171489,-0.019320364360077405,-0.9042994325482644,-0.6219352353490978,0.058639834356370595,-0.012016015355315062,0.16380241113377647,0.3797824206371235,0.4413422117934813,False
fut_equity/IBEX,fut_equity,20,60,long,1997-08-05,2013-09-05,2024-03-28,4052,2702,0.35272938120792935,-0.02388967268811538,0.055511221552977004,-0.027772974178316735,-0.9242529557934486,-0.6289550238282335,0.05130641060004398,-0.017467951636104116,0.16508871055326216,0.38534510240405545,0.42162922806281994,False
fut_equity/IBEX,fut_equity,20,100,long,1997-10-02,2013-09-27,2024-03-28,4028,2686,0.4704842409468553,0.021848458180831275,0.13485385498453908,-0.018389400470221823,-0.8515497793377913,-0.5362315862602953,0.11483477045493476,-0.009860977384522868,0.16398938141327585,0.37865990437804314,0.36286872654364366,False
fut_equity/IBEX,fut_equity,21,55,long,1997-07-29,2013-09-03,2024-03-28,4055,2704,0.34899370554006737,-0.06252601195139727,0.05376181146319876,-0.03606480867792802,-0.919766981926433,-0.6525603393947741,0.04944833907240423,-0.023534463791076304,0.1642929329232741,0.38301247799439503,0.4280214885967045,False
fut_equity/IBEX,fut_equity,30,90,long,1997-09-18,2013-09-23,2024-03-28,4034,2690,0.41589753108609334,0.13268527231840477,0.0928887614250528,0.018944168880491986,-0.9084051020144304,-0.437775401955418,0.08438062479831918,0.0082932911463687,0.16412239414894514,0.38512526626244237,0.37318032860766015,False
fut_equity/IBEX,fut_equity,30,200,long,1998-02-27,2013-11-22,2024-03-28,3968,2646,0.40032410217546305,0.150325628107301,0.09206704873771437,0.02240283752483396,-0.8731828672992534,-0.4899708545109857,0.08039136960057755,0.010976737445513671,0.17534816767888892,0.3284615754494586,0.3198273403753872,False
fut_equity/IBEX,fut_equity,40,100,long,1997-10-02,2013-09-27,2024-03-28,4028,2686,0.4016909485585925,0.04656479600237575,0.08449972140165542,-0.01251129498534644,-0.9117678737373227,-0.4967630119016162,0.0770441313137835,-0.006215148579710285,0.16696696349198867,0.37865990437804314,0.36286872654364366,False
fut_equity/IBEX,fut_equity,50,150,long,1997-12-15,2013-10-25,2024-03-28,3998,2666,0.5381595677029034,0.15428999355587592,0.1847908458546967,0.02499041690588686,-0.8200229757326918,-0.4682912425789761,0.15153273930592956,0.011702793385424409,0.17435200443600626,0.40325365027052207,0.31003626808077683,False
fut_equity/IBEX,fut_equity,50,200,long,1998-02-27,2013-11-22,2024-03-28,3968,2646,0.37883723327145347,0.042864445912788235,0.07913649478084026,-0.015012336719662145,-0.8802091669786392,-0.5684624796520596,0.06965666814865283,-0.00853395015703081,0.1796942049675051,0.3284615754494586,0.3198273403753872,False
fut_equity/IBEX,fut_equity,60,120,long,1997-10-31,2013-10-09,2024-03-28,4016,2678,0.5358507549764011,0.10655755818136285,0.18849396494427903,0.006909840043957784,-0.7995794170752718,-0.49147521611646744,0.15071589461235335,0.003396015128934373,0.17318106945558906,0.4269024848824906,0.34411939707738515,False
fut_equity/IBEX,fut_equity,60,132,long,1997-11-18,2013-10-16,2024-03-28,4009,2673,0.5562339720689539,0.10618243779486258,0.1977990516010763,0.006914945192325424,-0.81714650792791,-0.465256692799123,0.16163080428727197,0.0032172245310685224,0.17482794664160284,0.4279287122326774,0.30275644908692745,False
fut_equity/IBEX,fut_equity,60,180,long,1998-01-30,2013-11-12,2024-03-28,3980,2654,0.4071008615960692,0.1041848361559227,0.09133282312908148,0.004911505057097201,-0.910187359818908,-0.5095690597710735,0.08312998114866596,0.0025027510140058933,0.17903078122662433,0.36832986820114305,0.3154115418312999,False
fut_equity/IBEX,fut_equity,60,400,long,1998-12-16,2014-03-19,2024-03-28,3848,2566,0.45409764370823463,0.02421983426033332,0.14731721366935163,-0.02307699164855253,-0.6913718930321834,-0.5218757651568721,0.10185098089080628,-0.012043322674107097,0.1809575415856572,0.3359240063121147,0.2925795282814774,False
fut_equity/IBEX,fut_equity,62,758,long,2000-05-25,2014-10-09,2024-03-28,3633,2423,0.1520302469172862,-0.04315015537022896,-0.0004893763033603061,-0.04495068038256386,-0.8382413225591224,-0.5388350538459895,-0.0004102154397578373,-0.02422100228435266,0.18187987131473804,0.33917430718725267,0.2731561444257062,False
fut_equity/IBEX,fut_equity,74,758,long,2000-05-25,2014-10-09,2024-03-28,3633,2423,0.1236430291176288,-0.07316623821030832,-0.010828837045253423,-0.052706768699675166,-0.8215570513341396,-0.5626758305244374,-0.0088965074322763,-0.029656824852349144,0.18237063365755718,0.33917430718725267,0.2731561444257062,False
fut_equity/IBEX,fut_equity,80,144,long,1997-12-04,2013-10-23,2024-03-28,4002,2668,0.43017637448541246,0.16415998686958727,0.10289426250772138,0.029089204292918558,-0.9192640726640984,-0.4582772583907462,0.09458699880661679,0.01333092079212704,0.1788098611814528,0.39896209829090434,0.30915496769205464,False
fut_equity/IBEX,fut_equity,80,300,long,1998-07-27,2014-01-22,2024-03-28,3908,2606,0.3744875690435548,0.0027216021162894998,0.0957039553198052,-0.029890015624463428,-0.7373890464961099,-0.531862808406144,0.07057104835917746,-0.015897387653330642,0.1809471075451782,0.29657955708782047,0.2691820931118331,False
fut_equity/IBEX,fut_equity,100,200,long,1998-02-27,2013-11-22,2024-03-28,3968,2646,0.37216190917284014,-0.019580066600774822,0.07674231745599147,-0.03432417983598928,-0.8778976676911884,-0.5762490050486776,0.06737190150783169,-0.019779274479600706,0.1805793488109304,0.3284615754494586,0.3198273403753872,False
fut_equity/IBEX,fut_equity,100,250,long,1998-05-15,2013-12-20,2024-03-28,3938,2626,0.3355279607455094,0.09464318421326136,0.06555817927140209,0.0009543482332110323,-0.8028429020706773,-0.5061963007732964,0.05263291890072218,0.0004830875453009557,0.18249355361173242,0.3030031260378589,0.32216939094022,False
fut_equity/IBEX,fut_equity,100,300,long,1998-07-27,2014-01-22,2024-03-28,3908,2606,0.3210116629412924,0.006333036249665798,0.06259665986520001,-0.030946997664671683,-0.762206621766045,-0.5098182777442095,0.04771158864969227,-0.01577734505075699,0.18399776240543692,0.29657955708782047,0.2691820931118331,False
fut_equity/IBEX,fut_equity,100,400,long,1998-12-16,2014-03-19,2024-03-28,3848,2566,0.3280524659504269,0.051625107825442454,0.06826674418089497,-0.014168003326473607,-0.7998533467506586,-0.5096812087930278,0.054603383804859885,-0.007221165061620707,0.18166131808699776,0.3359240063121147,0.2925795282814774,False
fut_equity/IBEX,fut_equity,116,378,long,1998-11-13,2014-03-06,2024-03-28,3861,2575,0.3657990741429198,-0.010911275199314806,0.08954519518943538,-0.03523282551255221,-0.7641015849310807,-0.5235458975380588,0.06842162556721056,-0.018446001255770964,0.18171137033997833,0.3517768203220378,0.27423666384182754,False
fut_equity/IBEX,fut_equity,120,398,long,1998-12-14,2014-03-18,2024-03-28,3849,2567,0.2726626428075377,-0.026190952568686927,0.04264819306345791,-0.03837621518431116,-0.8150648850627877,-0.5503074809877734,0.03476104457740291,-0.021118718307923015,0.1814684897585639,0.336456395088056,0.29633314464680655,False
fut_equity/IBEX,fut_equity,134,750,long,2000-05-15,2014-10-06,2024-03-28,3638,2426,0.1306372528800209,-0.09577659616584872,-0.0026325805828045384,-0.06243218161626987,-0.7987457396791934,-0.5660905562310009,-0.002102762524877293,-0.03534226841786908,0.18861065517798808,0.33517334564163953,0.2501863692908678,False
fut_equity/IBEX,fut_equity,150,400,long,1998-12-16,2014-03-19,2024-03-28,3848,2566,0.22807402851844955,-0.1021714961003757,0.024894792174927533,-0.05772641746193075,-0.7836077709382087,-0.594585395524534,0.019507752604164923,-0.034323284758816464,0.1807272562340134,0.3359240063121147,0.2925795282814774,False
fut_equity/IBEX,fut_equity,150,500,long,1999-05-17,2014-05-19,2024-03-28,3788,2526,0.16068235640863948,-0.09968004968949885,-0.0003000235227156096,-0.05781510597866524,-0.8318197132020093,-0.5987017000669155,-0.00024956548061915487,-0.03461400223897577,0.1833880781718118,0.3382011632292339,0.26632884031514664,False
fut_equity/IBEX,fut_equity,150,710,long,2000-03-15,2014-09-12,2024-03-28,3662,2442,0.08919188051869568,-0.09345490892178267,-0.017971686398193517,-0.0636814842594633,-0.7785591680585616,-0.5497551382528183,-0.013992021210786913,-0.035009223183205915,0.1889402524160812,0.3069466962552208,0.2325177738371828,False
fut_equity/IBEX,fut_equity,162,678,long,2000-01-31,2014-08-26,2024-03-28,3681,2455,0.14551842119044317,-0.10262483127760183,0.0014461256495190825,-0.06481696700576968,-0.7880905288233901,-0.5645756192674196,0.0011396779278745623,-0.036594079286318325,0.18863792720807485,0.3360853591387019,0.23787717077006398,False
fut_equity/IBEX,fut_equity,174,698,long,2000-02-28,2014-09-05,2024-03-28,3669,2447,0.0940897760395469,-0.08145924622624517,-0.01550470208529823,-0.058928141035332955,-0.7654227393414541,-0.5623181543037481,-0.011867651542802128,-0.033136363503539386,0.19015143122651088,0.30590839915250345,0.21783404716916838,False
fut_equity/IBEX,fut_equity,200,400,long,1998-12-16,2014-03-19,2024-03-28,3848,2566,0.1987269801743957,-0.09515482214959892,0.012510503973973842,-0.05502739360995213,-0.8054754902549154,-0.6122592684531137,0.010076904321772648,-0.033691031756510836,0.18294394483565923,0.3359240063121147,0.2925795282814774,False
fut_equity/IBEX,fut_equity,200,600,long,1999-10-04,2014-07-14,2024-03-28,3728,2486,0.159285224655127,-0.05686695575339721,0.006118764954528954,-0.04851557777464484,-0.8075931347833148,-0.589882998664867,0.004941472570630325,-0.028618514499666074,0.19022107555513101,0.35405775880705376,0.25168862277920256,False
fut_equity/KOSPI,fut_equity,5,20,long,2014-04-10,2020-04-20,2024-03-29,1484,990,-0.15893290150059855,0.7432804793642881,-0.0963487429118528,0.35733181755934734,-0.23464142087326592,-0.3098594000241268,-0.02260740593619015,0.11072262259847011,0.15796547594824614,0.030744918588054584,0.7530765066773606,False
fut_equity/KOSPI,fut_equity,5,35,long,2014-05-02,2020-04-28,2024-03-29,1475,984,-0.2780826391645085,0.6864410130220043,-0.10686769654791735,0.3834681701620689,-0.32305935340096625,-0.27232015699269796,-0.03452460894622085,0.10442611230023723,0.16424468941038567,0.04948538479023893,0.7344986528362216,False
fut_equity/KOSPI,fut_equity,8,21,long,2014-04-11,2020-04-20,2024-03-29,1483,990,-0.010783171226564274,0.655831867383864,-0.026283475423186004,0.3165182042646464,-0.25115405726649304,-0.30277459442448323,-0.00660120149159732,0.09583367092419405,0.15860221902890315,0.030755275673913854,0.7530765066773606,False
fut_equity/KOSPI,fut_equity,9,21,long,2014-04-11,2020-04-20,2024-03-29,1483,990,0.11271210909028623,0.6905403790213017,0.030174952618907378,0.3583711914533199,-0.208697832402638,-0.2844563477888648,0.006297447204418275,0.10194096027355543,0.15870574358390657,0.030755275673913854,0.7530765066773606,False
fut_equity/KOSPI,fut_equity,10,20,long,2014-04-10,2020-04-20,2024-03-29,1484,990,0.08770878709845857,0.7134021651146594,0.018788485252500358,0.38612030637672545,-0.19596813680024167,-0.2741823581248224,0.003681944448231313,0.10586737612224949,0.15857965151003803,0.030744918588054584,0.7530765066773606,False
fut_equity/KOSPI,fut_equity,10,30,long,2014-04-24,2020-04-24,2024-03-29,1478,986,0.008243430877965835,0.6718363723159874,-0.019065760108415195,0.37056728447128656,-0.24476638803954115,-0.27436742284143,-0.004666657236965158,0.10167159082973395,0.16405110682528243,0.021971308228476753,0.7672210068912667,False
fut_equity/KOSPI,fut_equity,10,100,long,2014-08-07,2020-06-08,2024-03-29,1436,958,0.2580382289500146,0.8025472693945357,0.12091508741771032,0.6584244278061063,-0.18396888494563346,-0.19144920959221362,0.02224461380533996,0.12605483627968458,0.1647650544914956,0.17653522867208798,0.5824990449610696,True
fut_equity/KOSPI,fut_equity,12,26,long,2014-04-18,2020-04-22,2024-03-29,1480,988,0.02443538520493962,0.7486895820370014,-0.011876095779337448,0.47181704293654936,-0.24575273034079267,-0.24463047812579655,-0.002918582963560942,0.11542082880146755,0.16370724980136275,0.011357286815577046,0.778531240606616,False
fut_equity/KOSPI,fut_equity,13,48,long,2014-05-23,2020-05-08,2024-03-29,1467,979,-0.09303283971620264,0.883783835924476,-0.05773013086594054,0.6195975460346177,-0.2665096631450068,-0.23009776196519607,-0.015385637730398973,0.14256800866169309,0.1664047989322065,0.05093728469861201,0.7385854159315037,True
fut_equity/KOSPI,fut_equity,20,50,long,2014-05-27,2020-05-11,2024-03-29,1466,978,-0.006543314627169952,0.923259135655674,-0.02970996703945888,0.8014170011829433,-0.22069882581453062,-0.18550328489589785,-0.006556954840596982,0.14866548629085563,0.16476468855850954,0.04253980056741586,0.7498105559023964,True
fut_equity/KOSPI,fut_equity,20,60,long,2014-06-12,2020-05-15,2024-03-29,1460,974,-0.02816324100158241,0.8417799303689535,-0.04613831473334746,0.5890817639878682,-0.1867483680319457,-0.2265862717214623,-0.008616254980196913,0.13347784064111343,0.1649233185498272,0.04335320357640126,0.7554250013674613,True
fut_equity/KOSPI,fut_equity,20,100,long,2014-08-07,2020-06-08,2024-03-29,1436,958,0.2698597872300991,0.7598410235866793,0.1297935035391402,0.5073041149429229,-0.18248854863112984,-0.23404002961757828,0.02368582808260711,0.11872947008636102,0.16561535892844645,0.17653522867208798,0.5824990449610696,True
fut_equity/KOSPI,fut_equity,21,55,long,2014-06-03,2020-05-13,2024-03-29,1463,976,0.022992199672766372,0.8788923947595453,-0.018811001997057313,0.674878040443765,-0.171830050117068,-0.20765640853302278,-0.0032322954159066243,0.14014275007635632,0.16456621953419615,0.04804713118257523,0.7439781166178003,True
fut_equity/KOSPI,fut_equity,30,90,long,2014-07-24,2020-06-02,2024-03-29,1442,962,0.18256460574254918,0.9595349019033631,0.08263635078606121,0.9829084564887693,-0.17002247597277031,-0.15884471146297413,0.014050036966000512,0.15612981016547584,0.16540102105834123,0.12755852185987274,0.6525767523067204,True
fut_equity/KOSPI,fut_equity,30,200,long,2015-01-06,2020-08-03,2024-03-29,1376,918,0.06525303174710102,0.810633873363278,0.0014150042027064338,0.5710011758022413,-0.3359455081700706,-0.21525513201393057,0.00047536430594099843,0.12291093347742102,0.15840193423160556,0.31996563712587844,0.57160220461434,True
fut_equity/KOSPI,fut_equity,40,100,long,2014-08-07,2020-06-08,2024-03-29,1436,958,-0.03341402264795997,0.8780129372464043,-0.04185155408293497,0.8291339010990555,-0.2363013207414294,-0.17089612452976718,-0.009889577504878896,0.14169577041407586,0.16668557158936356,0.17653522867208798,0.5824990449610696,True
fut_equity/KOSPI,fut_equity,50,150,long,2014-10-24,2020-07-06,2024-03-29,1406,938,-0.0054104754529815035,0.8287941352806437,-0.02023689280389234,0.5666266916305952,-0.35098067656804866,-0.22330428056885887,-0.007102758327945209,0.1265301657256827,0.15891382278368468,0.27292497651177605,0.6061475084748107,True
fut_equity/KOSPI,fut_equity,50,200,long,2015-01-06,2020-08-03,2024-03-29,1376,918,0.11320562827039082,0.8238063138041927,0.021334251450715,0.6127812914824213,-0.2979348440076218,-0.20622728303362034,0.006356216877988152,0.1263722208362527,0.15989489151794112,0.31996563712587844,0.57160220461434,True
fut_equity/KOSPI,fut_equity,60,120,long,2014-09-05,2020-06-18,2024-03-29,1424,950,-0.048011329900150536,0.8225862833701739,-0.03618296634565272,0.5306477667426251,-0.3207197270883243,-0.24046114461583407,-0.011604591091623763,0.12760016937876778,0.16184506459073825,0.15987125889968964,0.6422245580605135,True
fut_equity/KOSPI,fut_equity,60,132,long,2014-09-26,2020-06-25,2024-03-29,1417,945,-0.15960987784440833,0.9341363393699988,-0.07204394986018878,0.7066998897722583,-0.3376961910463677,-0.20659533587171308,-0.024328967455721245,0.14600090108800232,0.15943673213677945,0.15810132942140742,0.667151361957321,True
fut_equity/KOSPI,fut_equity,60,180,long,2014-12-05,2020-07-22,2024-03-29,1388,926,-0.051114904079320754,0.7874002869907766,-0.03602100823090629,0.5158172985469189,-0.35996900317783737,-0.23307039607977775,-0.012966446426340011,0.12022174207713138,0.16044304461945946,0.24377981775560892,0.5925953101008334,True
fut_equity/KOSPI,fut_equity,60,400,long,2015-10-27,2020-11-30,2024-03-29,1256,838,0.2668691498289569,0.3026800226370159,0.07122881657256579,0.11427897028563208,-0.36245528756126383,-0.3166360564609285,0.025817261193457845,0.03618484248765817,0.1586793433999475,0.48860187231263524,0.3558278632211703,False
fut_equity/KOSPI,fut_equity,62,758,long,2017-04-10,2021-06-29,2024-03-29,1041,695,0.2955893527455671,-0.9034730753847323,0.08284919488611704,-0.27957619334437284,-0.44887383352764704,-0.3870534110548831,0.03718883571321049,-0.10821091928367901,0.11891543424952443,0.7163695141365122,-0.21992221842271478,False
fut_equity/KOSPI,fut_equity,74,758,long,2017-04-10,2021-06-29,2024-03-29,1041,695,0.31486816058532185,-0.828055024479346,0.09305103475665685,-0.269940905571687,-0.4377878647735737,-0.3717071985688712,0.0407366138210884,-0.10033897778919597,0.1191094084982642,0.7163695141365122,-0.21992221842271478,False
fut_equity/KOSPI,fut_equity,80,144,long,2014-10-16,2020-07-02,2024-03-29,1410,940,-0.023532705599839682,0.8455674588348838,-0.02951539179748389,0.5583713730117578,-0.3130352600019806,-0.23419359457071445,-0.009239358345385695,0.13076699895100877,0.16050406715421578,0.24145593681250513,0.6450781230892325,True
fut_equity/KOSPI,fut_equity,80,300,long,2015-06-03,2020-09-29,2024-03-29,1316,878,-0.06379057868914605,0.601216627668907,-0.039384325296548554,0.304319572313366,-0.37649104548004214,-0.28601473852705456,-0.014827845806423635,0.08703988290387245,0.1599250984539984,0.3148517509068548,0.5399510392571104,True
fut_equity/KOSPI,fut_equity,100,200,long,2015-01-06,2020-08-03,2024-03-29,1376,918,-0.28457730801306363,0.5601683945761323,-0.09288666894835255,0.2584605746196508,-0.41438021819619175,-0.3167042971512906,-0.03849039814633576,0.0818555746262352,0.1644548792479331,0.31996563712587844,0.57160220461434,False
fut_equity/KOSPI,fut_equity,100,250,long,2015-03-20,2020-09-01,2024-03-29,1346,898,-0.2486354733668139,0.5443837084975262,-0.08822278273594758,0.2578034706948238,-0.41197593027653057,-0.30287007125547016,-0.03634566298922624,0.07808095553924879,0.162055937735857,0.2845398568144163,0.5296340235526883,True
fut_equity/KOSPI,fut_equity,100,300,long,2015-06-03,2020-09-29,2024-03-29,1316,878,-0.2006999243138786,0.52523846677787,-0.07322775768085102,0.23297678772737157,-0.4304504675230111,-0.3165595493566591,-0.031520922529384085,0.07375102693353877,0.15950893697966959,0.3148517509068548,0.5399510392571104,False
fut_equity/KOSPI,fut_equity,100,400,long,2015-10-27,2020-11-30,2024-03-29,1256,838,0.10152702571101334,0.17367375623909564,0.011944472161167752,0.041769778902802916,-0.4018257177991612,-0.3625799906547689,0.00479959609989333,0.015144886044230046,0.15572230027261272,0.48860187231263524,0.3558278632211703,False
fut_equity/KOSPI,fut_equity,116,378,long,2015-09-22,2020-11-17,2024-03-29,1269,847,-0.04912202898251535,0.3813141852804973,-0.03155646501743036,0.16013783293362255,-0.44040988603343323,-0.30210199869604387,-0.013897779161944528,0.04837795939610053,0.15520192516928574,0.5220395088785186,0.3841322881796366,False
fut_equity/KOSPI,fut_equity,120,398,long,2015-10-23,2020-11-27,2024-03-29,1257,839,0.016574766463608864,0.353763859909508,-0.013919535071347211,0.15213680825429443,-0.4265980452804139,-0.28776633015080244,-0.005938046452648887,0.04377985099219462,0.1545909638013355,0.5107253330180447,0.3299682678904162,True
fut_equity/KOSPI,fut_equity,134,750,long,2017-03-29,2021-06-24,2024-03-29,1046,698,0.1134600730259151,-0.5535876055215471,0.008896099377590616,-0.21726403557999796,-0.49142075635775717,-0.30079177255400813,0.004371727884769353,-0.06535123437434467,0.11096639203956368,0.6960233742969907,-0.2233964700222753,False
fut_equity/KOSPI,fut_equity,150,400,long,2015-10-27,2020-11-30,2024-03-29,1256,838,-0.0550969274408463,0.38469667273987324,-0.03298136127629245,0.19416760386924226,-0.4421990118042607,-0.24894596744677355,-0.014584325364335831,0.0483372419920504,0.15275940030417962,0.48860187231263524,0.3558278632211703,True
fut_equity/KOSPI,fut_equity,150,500,long,2016-03-24,2021-01-28,2024-03-29,1196,798,0.33447277898447336,-0.32989614405369483,0.09420642703850743,-0.17045908431393617,-0.41609365546961335,-0.2874739447610863,0.03919869659518398,-0.04900254538808983,0.12761707474098952,0.7559575621755359,-0.03913516770531497,False
fut_equity/KOSPI,fut_equity,150,710,long,2017-01-31,2021-06-02,2024-03-29,1070,714,0.17715929565140437,-0.47160372524146565,0.03305091013133822,-0.18354729134384784,-0.4776408899074772,-0.29298866803774426,0.015786466127384442,-0.05377727641276976,0.10543064734966846,0.7200518468398269,-0.16827715271561722,False
fut_equity/KOSPI,fut_equity,162,678,long,2016-12-12,2021-05-13,2024-03-29,1089,727,0.23256205708655858,-0.32768666501463184,0.0553093989678758,-0.13398493424194755,-0.45867292120051273,-0.2929886680377442,0.025368923594440217,-0.03925606742067295,0.10530845631881233,0.7210296036701986,-0.06807515590069878,False
fut_equity/KOSPI,fut_equity,174,698,long,2017-01-11,2021-05-26,2024-03-29,1077,719,0.21160974451273715,-0.5886973920746857,0.047888630611842384,-0.22644036940976456,-0.4540117007643774,-0.2929886680377443,0.021741998631359588,-0.0663444622233417,0.10689855217949311,0.6979190149605522,-0.12574282988280652,False
fut_equity/KOSPI,fut_equity,200,400,long,2015-10-27,2020-11-30,2024-03-29,1256,838,0.00890257926574303,0.17274370329132543,-0.014598510202874383,0.0475981043805151,-0.4058564540880781,-0.31455121222076404,-0.005924899585907226,0.014972041432301485,0.15443906385258402,0.48860187231263524,0.3558278632211703,False
fut_equity/KOSPI,fut_equity,200,600,long,2016-08-18,2021-03-30,2024-03-29,1136,758,0.26787383084703165,-0.47040120723873374,0.06854169142211039,-0.19134714097387687,-0.4461713560689525,-0.2929886680377442,0.030581339409062682,-0.05606254396676665,0.10982612694120958,0.7213409242563861,-0.06580478084608532,False
fut_equity/NIKKEI,fut_equity,5,20,long,2011-07-08,2019-06-25,2024-03-29,1950,1300,0.6221537735281851,0.840185101501354,0.30564150183460453,0.4411030069330759,-0.4518506004278091,-0.3016654362016363,0.13810429611962338,0.13306553099631974,0.16487687888393127,0.7566753174829158,0.9002794726853388,False
fut_equity/NIKKEI,fut_equity,5,35,long,2011-08-01,2019-07-03,2024-03-29,1941,1294,0.5946629663474284,0.666522634340323,0.26472919265555106,0.3158735396077516,-0.4999848387657817,-0.32568731248013316,0.13236058270648127,0.10287600419843551,0.16813791641266812,0.7693746825411499,0.8760579619502178,False
fut_equity/NIKKEI,fut_equity,8,21,long,2011-07-11,2019-06-25,2024-03-29,1949,1300,0.5351177631982246,0.7888428128196849,0.21317485663070418,0.389228564623919,-0.5303808853524612,-0.32106611850620065,0.11306386919467687,0.12496810445554156,0.16695569447564446,0.7568696825911555,0.9002794726853388,False
fut_equity/NIKKEI,fut_equity,9,21,long,2011-07-11,2019-06-25,2024-03-29,1949,1300,0.4417448748687527,0.7138050198780808,0.1482974812184893,0.3388601003416231,-0.5768987428933389,-0.3244856195449953,0.08555263048919501,0.10995522959843083,0.16529489303744102,0.7568696825911555,0.9002794726853388,False
fut_equity/NIKKEI,fut_equity,10,20,long,2011-07-08,2019-06-25,2024-03-29,1950,1300,0.42724616277880884,0.7738546642789981,0.14784514514247812,0.41310092984870056,-0.5510588835277466,-0.29352150565723567,0.08147138061721164,0.12125400691759468,0.16563015478686063,0.7566753174829158,0.9002794726853388,False
fut_equity/NIKKEI,fut_equity,10,30,long,2011-07-25,2019-07-01,2024-03-29,1944,1296,0.46243261178789224,0.7850496825722885,0.18279915443284436,0.41606400350503575,-0.5123603995003881,-0.30587696404062037,0.09365904779354528,0.12726439423870636,0.17130008334875235,0.7725465777402051,0.8659484490665039,False
fut_equity/NIKKEI,fut_equity,10,100,long,2011-11-04,2019-08-09,2024-03-29,1902,1268,0.5556048018930502,0.5634946454823171,0.2687745427332175,0.24156816854323154,-0.5035431340633113,-0.37095512975656936,0.13533957560431772,0.08961095130701127,0.1815728101650987,0.7720419865496844,0.9418427767314346,False
fut_equity/NIKKEI,fut_equity,12,26,long,2011-07-19,2019-06-27,2024-03-29,1946,1298,0.4135806850718089,0.8983430887925492,0.1475334415968041,0.5088074800269854,-0.5351635500495628,-0.295191705437297,0.07895452035597553,0.15019574776841924,0.17231380566238005,0.7612474599080711,0.8916683167018362,True
fut_equity/NIKKEI,fut_equity,13,48,long,2011-08-18,2019-07-10,2024-03-29,1933,1289,0.5616060727905202,0.7009632302281604,0.24323033670178118,0.3413588503782675,-0.5256861972542084,-0.33420488367414974,0.12786283075762006,0.11408379488181039,0.1763238172925149,0.7689338409365355,0.8829279579032719,False
fut_equity/NIKKEI,fut_equity,20,50,long,2011-08-22,2019-07-11,2024-03-29,1932,1288,0.47137938942420204,0.6310740358673134,0.19245981674768547,0.2810899517129069,-0.5305990426156884,-0.35987908369817223,0.10211899450831273,0.1011583942592044,0.17775114282133045,0.7716569322714112,0.8770178825495092,False
fut_equity/NIKKEI,fut_equity,20,60,long,2011-09-05,2019-07-18,2024-03-29,1926,1284,0.3724049424136762,0.5450666289202234,0.12650677169233593,0.21819723798855212,-0.5471851941726166,-0.39042935418230573,0.06922263243262171,0.08519060671223327,0.17960919929755792,0.7733358963703932,0.9125631920273595,False
fut_equity/NIKKEI,fut_equity,20,100,long,2011-11-04,2019-08-09,2024-03-29,1902,1268,0.665164970273431,0.5670595433899069,0.35350473525144493,0.24479252125957845,-0.5035431340633113,-0.3698155347569662,0.1780048822947337,0.09052807715411702,0.18208851375266122,0.7720419865496844,0.9418427767314346,False
fut_equity/NIKKEI,fut_equity,21,55,long,2011-08-29,2019-07-16,2024-03-29,1929,1286,0.4065854322229085,0.5494707736798601,0.14767710136048828,0.2255534486034226,-0.544550651385604,-0.38080594554617403,0.08041766174059176,0.08589209426662671,0.17921563299889914,0.7696934552846492,0.884141375573172,False
fut_equity/NIKKEI,fut_equity,30,90,long,2011-10-20,2019-08-05,2024-03-29,1908,1272,0.6385855981664997,0.48490762449617597,0.3343113561132283,0.1981953424224694,-0.5035431340633113,-0.3738090371302491,0.16834018801021072,0.0740872101146433,0.18131160718652276,0.7774073840878201,0.9438329317939418,False
fut_equity/NIKKEI,fut_equity,30,200,long,2012-04-02,2019-10-09,2024-03-29,1842,1228,0.4661090464543082,0.6523532124720953,0.2100265022878771,0.4004992371812319,-0.5035431340633112,-0.2815902287129871,0.10575740319839283,0.11277667179723996,0.19217465318025753,0.6772903454759738,0.9103380995162986,False
fut_equity/NIKKEI,fut_equity,40,100,long,2011-11-04,2019-08-09,2024-03-29,1902,1268,0.6234509301906522,0.5516357414059356,0.32626934764021664,0.26279226629753916,-0.5035431340633113,-0.33760333491509215,0.16429068985954673,0.08871954549194419,0.18520490291257163,0.7720419865496844,0.9418427767314346,False
fut_equity/NIKKEI,fut_equity,50,150,long,2012-01-20,2019-09-09,2024-03-29,1872,1248,0.5427590428536735,0.5841891315268471,0.2680149881251185,0.33431424326698483,-0.5035431340633112,-0.2929890932506875,0.1349571070964633,0.09795042699558365,0.19140445519731825,0.803832518896142,0.9148842724778676,False
fut_equity/NIKKEI,fut_equity,50,200,long,2012-04-02,2019-10-09,2024-03-29,1842,1228,0.42250525251188253,0.4683578545645112,0.17745304750744995,0.21419003097248124,-0.5035431340633112,-0.35112751879858506,0.089355263690987,0.07520801412675943,0.19601810664988292,0.6772903454759738,0.9103380995162986,False
fut_equity/NIKKEI,fut_equity,60,120,long,2011-12-05,2019-08-22,2024-03-29,1890,1260,0.5209417422010745,0.5622074029387486,0.2501299860974355,0.3103930275959312,-0.5035431340633112,-0.29953178131325214,0.1259512371227151,0.09297257646302269,0.19049277140234214,0.7884928793766437,0.9479683447250594,False
fut_equity/NIKKEI,fut_equity,60,132,long,2011-12-21,2019-08-28,2024-03-29,1882,1256,0.5438438241062494,0.4821356717810451,0.2683786143183562,0.22802937958068964,-0.5035431340633112,-0.33968877601517455,0.1351402085694337,0.0774590208452641,0.19389289395068013,0.8097036940687362,0.9586960971112081,False
fut_equity/NIKKEI,fut_equity,60,180,long,2012-03-02,2019-09-27,2024-03-29,1854,1236,0.564974911017394,0.47061590474879983,0.28676749287043857,0.22174071739033957,-0.5035431340633112,-0.34238467141013307,0.1443998021074589,0.0759206226619386,0.1968133593618199,0.7242854962836515,0.8827426617824617,False
fut_equity/NIKKEI,fut_equity,60,400,long,2013-01-24,2020-02-10,2024-03-29,1722,1148,0.6415104407041142,0.45230921718181716,0.3521409118328397,0.22424881589316062,-0.5035431340633112,-0.3396248074941718,0.17731813837622024,0.07616046092851064,0.2122934800828064,0.7281286318372243,0.8230458026885967,False
fut_equity/NIKKEI,fut_equity,62,758,long,2014-07-09,2020-09-10,2024-03-29,1507,1005,0.4323309102447966,1.0695852924478595,0.2265065268971639,1.0506349916213724,-0.37854545842397896,-0.21091811907392885,0.08574301706031023,0.22159795626603285,0.2072759658658941,0.5434319889251115,1.0695852924478595,False
fut_equity/NIKKEI,fut_equity,74,758,long,2014-07-09,2020-09-10,2024-03-29,1507,1005,0.45931744769559624,1.0695852924478595,0.23144974279901634,1.0506349916213724,-0.4099431193056957,-0.21091811907392885,0.09488122952552974,0.22159795626603285,0.2072759658658941,0.5434319889251115,1.0695852924478595,False
fut_equity/NIKKEI,fut_equity,80,144,long,2012-01-12,2019-09-04,2024-03-29,1875,1251,0.5638642380982335,0.4928928554828278,0.284752963045901,0.23331167007876288,-0.5035431340633112,-0.3444223662670805,0.14338539944594722,0.08035775748625192,0.19590722817964934,0.8245126334060034,0.9485603780422645,False
fut_equity/NIKKEI,fut_equity,80,300,long,2012-08-24,2019-12-09,2024-03-29,1782,1188,0.7252464073743157,0.4226247282016246,0.4232662058038801,0.2024390565728724,-0.5035431340633113,-0.33437284164550346,0.2131327918135723,0.06769012260630618,0.20465111445947645,0.8391459923256908,0.8128022217789242,False
fut_equity/NIKKEI,fut_equity,100,200,long,2012-04-02,2019-10-09,2024-03-29,1842,1228,0.463109766513845,0.4932536053707532,0.2091701266266692,0.2422880794555912,-0.5035431340633112,-0.33437284164550346,0.10532618111401267,0.08101455362439755,0.19772156369629015,0.6772903454759738,0.9103380995162986,False
fut_equity/NIKKEI,fut_equity,100,250,long,2012-06-14,2019-11-11,2024-03-29,1812,1208,0.6385667796301784,0.390621083767575,0.34763391573578284,0.18221088941211616,-0.5035431340633113,-0.33437284164550346,0.17504867143629715,0.060926372871483864,0.20567248431152485,0.8729684661269805,0.8110794772410742,False
fut_equity/NIKKEI,fut_equity,100,300,long,2012-08-24,2019-12-09,2024-03-29,1782,1188,0.7186191116316076,0.3696243559894281,0.41967488001646613,0.17210237054055538,-0.5035431340633113,-0.3364566071742307,0.2113244043711355,0.057904979678717536,0.21488202668110698,0.8391459923256908,0.8128022217789242,False
fut_equity/NIKKEI,fut_equity,100,400,long,2013-01-24,2020-02-10,2024-03-29,1722,1148,0.7038002411315288,0.5560528927421504,0.4058096877961141,0.3186444487359179,-0.5035431340633112,-0.3256418812554582,0.20434268202610914,0.1037639777379727,0.22199213221508254,0.7281286318372243,0.8230458026885967,False
fut_equity/NIKKEI,fut_equity,116,378,long,2012-12-17,2020-01-28,2024-03-29,1735,1157,0.7255134604058694,0.6869002238820352,0.42830570989215905,0.41839377958943047,-0.5035431340633113,-0.32827152280508515,0.21567039949630917,0.1373467631579975,0.2239858614378469,0.7769542884518935,0.8450051800062517,False
fut_equity/NIKKEI,fut_equity,120,398,long,2013-01-22,2020-02-07,2024-03-29,1723,1149,0.6313283955214826,0.6486158881953934,0.34604477149477314,0.39256008362420425,-0.5035431340633112,-0.32564188125545823,0.17424846876470043,0.12783400413718587,0.22439217789477975,0.7218528674192222,0.8104521645431331,False
fut_equity/NIKKEI,fut_equity,134,750,long,2014-06-27,2020-09-07,2024-03-29,1512,1008,0.5483226172010381,1.0805289621822112,0.3262318627318453,1.06394074787338,-0.37854545842397885,-0.21091811907392885,0.12349359003033492,0.22440438134756246,0.20730806401599128,0.5483226172010381,1.0805289621822112,False
fut_equity/NIKKEI,fut_equity,150,400,long,2013-01-24,2020-02-10,2024-03-29,1722,1148,0.6253973033668839,0.609274582852101,0.3420744450532631,0.3686698676201342,-0.5035431340633112,-0.3256418812554582,0.17224923814508805,0.12005434925402123,0.22934986238211755,0.7281286318372243,0.8230458026885967,False
fut_equity/NIKKEI,fut_equity,150,500,long,2013-06-20,2020-04-09,2024-03-29,1662,1108,0.41643353686298473,1.2008993231816514,0.23319829725142968,1.2479152926441552,-0.3582837656660676,-0.21091811907392904,0.08355116408615722,0.26320794628809696,0.21362675875071188,0.5101937770579703,1.2008993231816514,False
fut_equity/NIKKEI,fut_equity,150,710,long,2014-04-30,2020-08-14,2024-03-29,1536,1024,0.6068428000405008,1.0503653453310864,0.3766571477860861,1.0248608900235499,-0.37854545842397874,-0.21091811907392882,0.14258185267735227,0.21616173123619975,0.20670826472658096,0.6068428000405008,1.0503653453310864,False
fut_equity/NIKKEI,fut_equity,162,678,long,2014-03-13,2020-07-27,2024-03-29,1555,1037,0.5462457182391779,1.0761444300859544,0.32503184278822617,1.0584545199860131,-0.37854545842397885,-0.21091811907392882,0.12303932793065969,0.2232472364807481,0.20726546089508338,0.5462457182391779,1.0761444300859544,False
fut_equity/NIKKEI,fut_equity,174,698,long,2014-04-11,2020-08-06,2024-03-29,1543,1029,0.5844704784498312,1.108830199596307,0.3573460174429433,1.0947355644207233,-0.3785454584239788,-0.21091811907392885,0.1352717119889221,0.23089956613095483,0.2066730618902537,0.5844704784498312,1.108830199596307,False
fut_equity/NIKKEI,fut_equity,200,400,long,2013-01-24,2020-02-10,2024-03-29,1722,1148,0.6033785377789429,0.8230458026885967,0.324906986797065,0.5508390929278845,-0.5035431340633112,-0.3256418812554582,0.16360468241086096,0.17937627849008644,0.2337486369663683,0.7281286318372243,0.8230458026885967,False
fut_equity/NIKKEI,fut_equity,200,600,long,2013-11-14,2020-06-10,2024-03-29,1602,1068,0.5195209248388224,1.0118553886835189,0.30622098494497274,0.9963667882289351,-0.37854545842397885,-0.21091811907392885,0.11591856312503702,0.2101518088809786,0.21044007219179614,0.5195209248388224,1.0118553886835189,False
fut_equity/TOPIX,fut_equity,5,20,long,2010-04-09,2018-12-26,2024-03-29,2139,1427,0.27829118581157825,0.4505900511760209,0.06407339227146368,0.23968357131341628,-0.5777388327225721,-0.24651127369907463,0.037017686859490896,0.05908470244921323,0.15360915077076612,0.5480808426728402,0.9713485335609341,False
fut_equity/TOPIX,fut_equity,5,35,long,2010-05-06,2019-01-09,2024-03-29,2130,1421,0.41351346793380156,0.5665133197400364,0.13645679464861146,0.24984425647499506,-0.5982037413197476,-0.31467178268327894,0.08162896508729989,0.07861893757816506,0.15473725188028312,0.5703765287507494,0.9109381361761869,False
fut_equity/TOPIX,fut_equity,8,21,long,2010-04-12,2018-12-27,2024-03-29,2139,1426,0.3161547544377811,0.7648472680349181,0.08092177798043364,0.4590492727378358,-0.6059752902154887,-0.2420620949488754,0.04903659789644661,0.11111842864367821,0.15309855805863273,0.5604917272618382,0.9346217780220435,False
fut_equity/TOPIX,fut_equity,9,21,long,2010-04-12,2018-12-27,2024-03-29,2139,1426,0.34353998495837385,0.7401762560438897,0.09248497484427849,0.44358479843786713,-0.6277686095687424,-0.24181237569285735,0.05805916406399282,0.10726429393149793,0.15361393187890957,0.5604917272618382,0.9346217780220435,False
fut_equity/TOPIX,fut_equity,10,20,long,2010-04-09,2018-12-26,2024-03-29,2139,1427,0.3691102628606077,0.8200199970165712,0.10583467447923631,0.5263354624992008,-0.6286883370714117,-0.22996050159498843,0.06653702550284525,0.12103636696354644,0.15376479292863998,0.5480808426728402,0.9713485335609341,False
fut_equity/TOPIX,fut_equity,10,30,long,2010-04-23,2019-01-07,2024-03-29,2133,1423,0.505331483145762,0.6473635269689964,0.21070777944888644,0.4221802740787488,-0.5470219196509575,-0.22055174889662682,0.11526177399952042,0.0931125977977253,0.15645100197596642,0.5657085126432781,0.9238842146707421,False
fut_equity/TOPIX,fut_equity,10,100,long,2010-08-06,2019-02-18,2024-03-29,2091,1395,0.3821298455399894,0.45300450578450274,0.1257573313429458,0.23230879459240944,-0.5803893847765873,-0.27390832252036357,0.07298822016927776,0.06363131223353458,0.16697318171439723,0.5874853310795426,0.8731262006114527,False
fut_equity/TOPIX,fut_equity,12,26,long,2010-04-19,2019-01-04,2024-03-29,2136,1424,0.47757878091126044,0.6399905155249299,0.18981830801085695,0.40367705347022487,-0.5547928756325553,-0.22738282901531257,0.10530984494904944,0.09178923042662533,0.15633094632675218,0.5546142655232035,0.956028656055848,False
fut_equity/TOPIX,fut_equity,13,48,long,2010-05-25,2019-01-17,2024-03-29,2122,1416,0.2454774328903882,0.500684090476643,0.036586276662324495,0.2643178071616484,-0.6307899773104768,-0.26661746259510316,0.023078256625702495,0.07047174306414047,0.1623681911107333,0.572196960171666,0.9105258652244438,False
fut_equity/TOPIX,fut_equity,20,50,long,2010-05-27,2019-01-18,2024-03-29,2121,1415,0.14283445735085012,0.510817933727172,-0.024696633962703364,0.2341845195589355,-0.6693553774548996,-0.31270549607114656,-0.016530824747970803,0.07323078636086004,0.1650372122924798,0.5770460793687601,0.895991075895164,False
fut_equity/TOPIX,fut_equity,20,60,long,2010-06-10,2019-01-24,2024-03-29,2115,1411,0.22225672396339372,0.32357873770807555,0.019085418293034284,0.1210457838770639,-0.6217155558620576,-0.3374778444679111,0.011865701442913693,0.040850270224760156,0.16670504149018153,0.5746620490816924,0.9034322996980413,False
fut_equity/TOPIX,fut_equity,20,100,long,2010-08-06,2019-02-18,2024-03-29,2091,1395,0.5106443587406463,0.5872388789024001,0.22050125306008184,0.2763360891196901,-0.5730170606386359,-0.3144146908632941,0.1263509798956241,0.08688412603493906,0.16510693337097598,0.5874853310795426,0.8731262006114527,False
fut_equity/TOPIX,fut_equity,21,55,long,2010-06-03,2019-01-22,2024-03-29,2118,1413,0.20018978988550512,0.3913954986380377,0.00611280521878233,0.15415623052795768,-0.6327427318652709,-0.3394769923338133,0.003867833073492616,0.05233249348914904,0.16522127118045757,0.57629845935335,0.9005231248460086,False
fut_equity/TOPIX,fut_equity,30,90,long,2010-07-23,2019-02-12,2024-03-29,2097,1399,0.5697495198562788,0.5509687212003013,0.2665280227911367,0.3002881184140534,-0.5730170606386359,-0.2684049192355151,0.1527251041976045,0.0805988081703088,0.16560286670420535,0.5946072682935563,0.8927555507487527,False
fut_equity/TOPIX,fut_equity,30,200,long,2011-01-05,2019-04-16,2024-03-29,2031,1355,0.5042992902423138,0.5749459720102373,0.2198698038669136,0.28010610956680987,-0.5730170606386359,-0.3097468613478917,0.1259891487350122,0.08676198828268801,0.1698228998867783,0.5639561581840835,0.866573953846796,False
fut_equity/TOPIX,fut_equity,40,100,long,2010-08-06,2019-02-18,2024-03-29,2091,1395,0.5517391890774379,0.5532571941545291,0.2533843453656639,0.29891656859889926,-0.5730170606386359,-0.27134358301511163,0.1451935527932777,0.08110909274620773,0.16584333964282338,0.5874853310795426,0.8731262006114527,False
fut_equity/TOPIX,fut_equity,50,150,long,2010-10-20,2019-03-18,2024-03-29,2061,1375,0.3999859293264,0.7297406037551311,0.14058558042903332,0.41028103474099237,-0.5730170606386359,-0.27812477270302016,0.08055793606562121,0.11410931953169842,0.16731979396550564,0.6270059812276431,0.8756057556003557,False
fut_equity/TOPIX,fut_equity,50,200,long,2011-01-05,2019-04-16,2024-03-29,2031,1355,0.48713621458287826,0.6648396719671784,0.2071199371308748,0.37384662278132236,-0.5730170606386359,-0.27838834857621214,0.11868325757439294,0.10407454393688646,0.17097369763603765,0.5639561581840835,0.866573953846796,False
fut_equity/TOPIX,fut_equity,60,120,long,2010-09-03,2019-02-28,2024-03-29,2079,1387,0.450757307735672,0.7116901637901536,0.17810897729649908,0.4089741772896754,-0.5730170606386359,-0.2702723581482189,0.10205948264379344,0.11053441531780833,0.1669626391560407,0.6229815745984142,0.8760228055428645,False
fut_equity/TOPIX,fut_equity,60,132,long,2010-09-22,2019-03-07,2024-03-29,2072,1382,0.42039977639408954,0.7685607180048186,0.1556476465863157,0.43568911351527057,-0.5730170606386359,-0.2775240928991228,0.08918875694221183,0.1209142260143484,0.16664747372005376,0.6044556351319714,0.8835059531077779,False
fut_equity/TOPIX,fut_equity,60,180,long,2010-12-03,2019-04-04,2024-03-29,2043,1363,0.49210568101772917,0.6654573054011895,0.21083687322574524,0.30852490754945777,-0.5730170606386359,-0.3369142555952632,0.12081312537005724,0.10394643955962297,0.17054563998305844,0.5865299516075291,0.8699647700076126,False
fut_equity/TOPIX,fut_equity,60,400,long,2011-10-27,2019-08-16,2024-03-29,1911,1275,0.46263899486112026,0.5981393872113375,0.18779076401809502,0.2904604201125699,-0.5730170606386359,-0.34303925530027357,0.10760731161273251,0.09963932620962059,0.1887083480818957,0.7074373521015404,1.0294413839793077,False
fut_equity/TOPIX,fut_equity,62,758,long,2013-04-11,2020-03-23,2024-03-29,1696,1132,0.2454392704130567,1.2589568712228283,0.026208322346834345,1.367327468970734,-0.5730170606386359,-0.17978197880155028,0.015017815835452893,0.2458208380412739,0.18877966641410648,0.2816986467260005,1.355321910162772,False
fut_equity/TOPIX,fut_equity,74,758,long,2013-04-11,2020-03-23,2024-03-29,1696,1132,0.2666405296720291,1.1469115079336643,0.04139621594078163,1.2533429746023057,-0.5730170606386359,-0.17978197880155034,0.023720737979948933,0.22532848009102377,0.19355169420871526,0.2816986467260005,1.355321910162772,False
fut_equity/TOPIX,fut_equity,80,144,long,2010-10-12,2019-03-14,2024-03-29,2065,1377,0.4752393887870874,0.5817451155291022,0.19746009163128,0.23626534777524819,-0.5730170606386359,-0.37714475407845943,0.11314800129999178,0.08910623648395767,0.17240624560218729,0.6174785275295128,0.8947389869813718,False
fut_equity/TOPIX,fut_equity,80,300,long,2011-06-03,2019-06-19,2024-03-29,1971,1315,0.4044540922184677,0.5810412293083514,0.14427846528863025,0.2816994736406097,-0.5730170606386359,-0.33643610977916716,0.08267402209314437,0.09477387503848578,0.18563313375143656,0.6524376531698662,0.9459210245077647,False
fut_equity/TOPIX,fut_equity,100,200,long,2011-01-05,2019-04-16,2024-03-29,2031,1355,0.4113533055354568,0.2877432375473362,0.14904424916405834,0.10501913986572137,-0.5730170606386359,-0.34222862631625517,0.08540489756108118,0.035940555973160496,0.17808115743721256,0.5639561581840835,0.866573953846796,False
fut_equity/TOPIX,fut_equity,100,250,long,2011-03-18,2019-05-22,2024-03-29,2001,1335,0.4047663172105208,0.5676089684416706,0.14468103130370008,0.27170968422784864,-0.5730170606386359,-0.33643610977916716,0.08290469928781269,0.09141294915094332,0.18411099235430237,0.6349857227207085,0.9405359546932613,False
fut_equity/TOPIX,fut_equity,100,300,long,2011-06-03,2019-06-19,2024-03-29,1971,1315,0.5138133629723487,0.5858857038413146,0.2249158411461787,0.2843311474235003,-0.5730170606386359,-0.33643610977916716,0.1288806141846497,0.09565926512820931,0.1854080517074269,0.6524376531698662,0.9459210245077647,False
fut_equity/TOPIX,fut_equity,100,400,long,2011-10-27,2019-08-16,2024-03-29,1911,1275,0.5412670391407064,0.6179577475550473,0.24683076764478692,0.3084951302997864,-0.5730170606386359,-0.33643610977916716,0.14143824095099392,0.10378890152387742,0.18877107382174887,0.7074373521015404,1.0294413839793077,False
fut_equity/TOPIX,fut_equity,116,378,long,2011-09-26,2019-08-02,2024-03-29,1924,1284,0.5556827341383933,0.6569423159328921,0.25752622512564693,0.33418452387794795,-0.5730170606386359,-0.33643610977916716,0.14756692055886184,0.1124317411619,0.18969422536641253,0.7521415780233133,0.9857136521564799,False
fut_equity/TOPIX,fut_equity,120,398,long,2011-10-25,2019-08-15,2024-03-29,1912,1276,0.5412405366096869,0.659491988260371,0.24679494915591854,0.3367009573867552,-0.5730170606386359,-0.33643610977916716,0.14141771634578604,0.11327836026212106,0.19028571001340364,0.7195191745486861,1.029036828537044,False
fut_equity/TOPIX,fut_equity,134,750,long,2013-04-01,2020-03-17,2024-03-29,1701,1135,0.44720043049488023,1.2434492933116037,0.17762353343226406,1.4409808799740798,-0.5730170606386359,-0.17978197880155028,0.10178131502760443,0.25906239401693926,0.20165491819990564,0.44720043049488023,1.4038230725397596,False
fut_equity/TOPIX,fut_equity,150,400,long,2011-10-27,2019-08-16,2024-03-29,1911,1275,0.552833487069623,0.7585277192125621,0.2561416942982665,0.4056904888694042,-0.5730170606386359,-0.33643610977916716,0.14677356077379272,0.13648892984963085,0.19343043346630803,0.7074373521015404,1.0294413839793077,False
fut_equity/TOPIX,fut_equity,150,500,long,2012-03-26,2019-10-16,2024-03-29,1851,1235,0.5482170199833559,0.6690570017847357,0.25551448189399656,0.35770101437448676,-0.5730170606386359,-0.33643610977916716,0.14641415736550187,0.12034353774021428,0.19979802543588535,0.6715635202232093,0.9118592581959762,False
fut_equity/TOPIX,fut_equity,150,710,long,2013-01-31,2020-02-21,2024-03-29,1725,1151,0.588096870271979,0.7584404448028842,0.2954626002729544,0.5533620090822542,-0.5730170606386359,-0.2688654927458019,0.16930511073705656,0.1487799492387072,0.21284927882582919,0.6129869486265498,0.9242045825079946,False
fut_equity/TOPIX,fut_equity,162,678,long,2012-12-10,2020-02-03,2024-03-29,1744,1164,0.6081886274052112,0.7388492172734008,0.31151872458752905,0.4313347693664535,-0.5730170606386359,-0.3337904199339049,0.17850554389704265,0.14397541379892254,0.21280124195022349,0.7890453677123732,0.9163061651301062,False
fut_equity/TOPIX,fut_equity,174,698,long,2013-01-15,2020-02-14,2024-03-29,1732,1156,0.5790790198251494,0.794899515215394,0.28666413545197555,0.5200885250528853,-0.5730170606386359,-0.3063651340101925,0.1642634402872068,0.15933699067499055,0.2152503130755586,0.6552192186851098,0.8951203118371834,False
fut_equity/TOPIX,fut_equity,200,400,long,2011-10-27,2019-08-16,2024-03-29,1911,1275,0.48713236680525795,0.6042162193077633,0.20641459318687616,0.3096742228031824,-0.5730170606386359,-0.33643610977916716,0.11827908346086358,0.10418559081878975,0.195914588164883,0.7074373521015404,1.0294413839793077,False
fut_equity/TOPIX,fut_equity,200,600,long,2012-08-17,2019-12-13,2024-03-29,1791,1195,0.5845009013796137,0.7199435750353813,0.2885998539518677,0.4089463475600548,-0.5730170606386359,-0.3364361097791672,0.16537264001223884,0.13758431828150408,0.20969925697272052,0.8258780881879315,0.8286462414597368,False
fut_rates/BOBL,fut_rates,5,20,long,2008-04-04,2017-12-12,2024-03-28,2472,1648,0.48182550161661053,-0.4150004289670488,0.2613427313838151,-0.0931473536273403,-0.05602188892852762,-0.11038576376014933,0.01464091346986212,-0.010282141772390676,0.02419913926761315,1.1615919014660547,-0.3308686162612759,False
fut_rates/BOBL,fut_rates,5,35,long,2008-04-25,2017-12-20,2024-03-28,2463,1642,0.6988900171905496,-0.5255522411263568,0.41101270347218954,-0.09402285235155253,-0.054807315201844266,-0.1243473770286944,0.022526502791162445,-0.011691495070671768,0.021919586850038947,1.1475875112177054,-0.30704291074117473,False
fut_rates/BOBL,fut_rates,8,21,long,2008-04-07,2017-12-12,2024-03-28,2471,1648,0.5675202479278062,-0.6378066299066179,0.2871049525794294,-0.11021665214680215,-0.06120366058946076,-0.12895886198269949,0.017571874071224625,-0.014213414032394657,0.022062520684324106,1.1618280670530317,-0.3308686162612759,False
fut_rates/BOBL,fut_rates,9,21,long,2008-04-07,2017-12-12,2024-03-28,2471,1648,0.5798158237863741,-0.5834134128055823,0.28202639512887745,-0.1015384057820814,-0.06419756116325376,-0.12714110104949902,0.01810540675093808,-0.012909704709944647,0.021861812766815054,1.1618280670530317,-0.3308686162612759,False
fut_rates/BOBL,fut_rates,10,20,long,2008-04-04,2017-12-12,2024-03-28,2472,1648,0.5782907665804208,-0.5650850605232046,0.27773142749436885,-0.09683565959586674,-0.06530865747482396,-0.12988471719560007,0.018138266668223643,-0.012577472261058547,0.021971155025902807,1.1615919014660547,-0.3308686162612759,False
fut_rates/BOBL,fut_rates,10,30,long,2008-04-18,2017-12-18,2024-03-28,2466,1644,0.6976356731407962,-0.5950580760845031,0.455766177883515,-0.09721035556710783,-0.049140966605049505,-0.13357411279093942,0.02239679052708486,-0.012984786998968188,0.021572378110110233,1.159573285991886,-0.3259710005750345,False
fut_rates/BOBL,fut_rates,10,100,long,2008-07-28,2018-01-30,2024-03-28,2424,1616,1.0385702018262797,-0.23728511380879297,0.9242147415463611,-0.049815947892004234,-0.03920646112998233,-0.08616493419617155,0.03623518934019407,-0.004292387872034456,0.017484174456340436,1.1756275564532193,-0.2680595787747526,True
fut_rates/BOBL,fut_rates,12,26,long,2008-04-14,2017-12-14,2024-03-28,2468,1646,0.66621171893067,-0.6309796988768883,0.43340608687983945,-0.10417692771699692,-0.04914096660504958,-0.1312138524251541,0.021297994041787408,-0.01366945601956398,0.02144817958748429,1.1627338780343768,-0.3314092712160674,False
fut_rates/BOBL,fut_rates,13,48,long,2008-05-15,2017-12-29,2024-03-28,2455,1637,0.9920204535340911,-0.3546129722041517,0.9669490762438804,-0.06497997334406964,-0.034341316355854974,-0.1122369471310816,0.03320630412729283,-0.007293153832797435,0.02007340956691837,1.1467046000487287,-0.3036030820564307,False
fut_rates/BOBL,fut_rates,20,50,long,2008-05-19,2018-01-02,2024-03-28,2454,1636,1.0186347831856706,-0.1653001762108955,0.9286589890735665,-0.03818275570023623,-0.036966359505114496,-0.08477325854169256,0.03432914204774965,-0.003236876620810411,0.018570567657521405,1.1454432284964688,-0.30136425289979896,True
fut_rates/BOBL,fut_rates,20,60,long,2008-06-02,2018-01-08,2024-03-28,2448,1632,1.0325420452485234,-0.31455440918448874,1.0464383906877675,-0.06134127399171203,-0.033646967153923464,-0.09435907803433659,0.035209478160075844,-0.005788106059309577,0.017942426577118063,1.142155477150983,-0.3084413455054893,False
fut_rates/BOBL,fut_rates,20,100,long,2008-07-28,2018-01-30,2024-03-28,2424,1616,1.0882385756381532,-0.2890049805534112,0.9884161113859544,-0.06654258203017699,-0.03863219278790272,-0.07249292322181042,0.03818468176973132,-0.004823866290094642,0.016273258518952918,1.1756275564532193,-0.2680595787747526,False
fut_rates/BOBL,fut_rates,21,55,long,2008-05-26,2018-01-04,2024-03-28,2451,1634,0.9887882257684202,-0.3029948010290358,0.8414235190812899,-0.060821505104873476,-0.039953753614057834,-0.0918437337806026,0.03361802796644735,-0.005586074122987561,0.01795559285946388,1.1493018564443684,-0.30657160458551724,True
fut_rates/BOBL,fut_rates,30,90,long,2008-07-14,2018-01-24,2024-03-28,2430,1620,1.07797608569949,-0.35637241791392027,1.1410007704762521,-0.07315121500147542,-0.033097591264168384,-0.07915252861046083,0.0377643771333242,-0.0057901036382942556,0.015937939913040045,1.1750013254600233,-0.2910790503006067,False
fut_rates/BOBL,fut_rates,30,200,long,2008-12-15,2018-03-27,2024-03-28,2364,1576,0.9736891779176888,0.025039093753279205,0.7513296695453482,0.005528430418492673,-0.04445609981442342,-0.049096946714226965,0.03340118678284577,0.0002714290536700462,0.01586278035722456,1.059496839122959,-0.3237389908607517,True
fut_rates/BOBL,fut_rates,40,100,long,2008-07-28,2018-01-30,2024-03-28,2424,1616,0.8952092436421384,-0.02521844110400293,0.6525697938922758,-0.010484869837003509,-0.048220062654028645,-0.04872767874470927,0.031466956347612096,-0.0005109033690975992,0.015500966338361911,1.1756275564532193,-0.2680595787747526,True
fut_rates/BOBL,fut_rates,50,150,long,2008-10-06,2018-02-27,2024-03-28,2394,1596,1.0181292282666752,0.016208361552677995,0.823064868034825,0.002615534722839474,-0.04367836092961074,-0.05020959960011905,0.03595012437450752,0.00013132495117397836,0.015869822033402894,1.0894664512317074,-0.2854063925329875,True
fut_rates/BOBL,fut_rates,50,200,long,2008-12-15,2018-03-27,2024-03-28,2364,1576,0.9632147063819319,-0.15542209301563478,0.7432248632149077,-0.04076280762675323,-0.04456470739162007,-0.06477704288201522,0.03312159855534921,-0.0026404941376295308,0.016170418134936793,1.059496839122959,-0.3237389908607517,True
fut_rates/BOBL,fut_rates,60,120,long,2008-08-25,2018-02-09,2024-03-28,2412,1608,1.0128947268129151,0.04811734181454108,0.8940089341796288,0.011861963826370319,-0.039701991295229874,-0.05393505199094193,0.03549393492265736,0.0006397756356899556,0.01592763599362886,1.1179512297143266,-0.2696384307605499,True
fut_rates/BOBL,fut_rates,60,132,long,2008-09-10,2018-02-15,2024-03-28,2404,1604,1.0440481499302137,0.023664385404920843,0.9189130951886352,0.004563226193413988,-0.039987359747315265,-0.054773750739542465,0.03674490851382691,0.000249945014086209,0.01590458780824511,1.1144308152414482,-0.26831684297011027,True
fut_rates/BOBL,fut_rates,60,180,long,2008-11-17,2018-03-15,2024-03-28,2376,1584,0.9405070326782025,-0.15016075959730718,0.7101903180706436,-0.03790782197650138,-0.04614856396324959,-0.06698916456637578,0.032774263319563665,-0.0025394133247367274,0.016072603562327325,1.0406788531767988,-0.30568992445953375,True
fut_rates/BOBL,fut_rates,60,400,long,2009-10-01,2018-07-20,2024-03-28,2244,1496,1.1038468541622224,0.03601502598441474,0.661323544596074,0.01104264528304601,-0.05509080656851612,-0.03827549229374182,0.03643284747454776,0.000422662684433752,0.01475572825399972,1.1038468541622224,-0.3829955969916537,True
fut_rates/BOBL,fut_rates,62,758,long,2011-02-25,2019-02-05,2024-03-28,2029,1353,1.1249705727319796,-0.10021422612845318,1.214546681010163,-0.04331694790445656,-0.028319955661727816,-0.03970844119646856,0.03439590815530649,-0.0017200484786746052,0.015914787261367663,1.1249705727319796,-0.45612932427906194,True
fut_rates/BOBL,fut_rates,74,758,long,2011-02-25,2019-02-05,2024-03-28,2029,1353,1.1249705727319796,-0.0903459812504034,1.214546681010163,-0.039764174265579245,-0.028319955661727816,-0.03932417086481448,0.03439590815530649,-0.0015636931831178973,0.01591892414724757,1.1249705727319796,-0.45612932427906194,True
fut_rates/BOBL,fut_rates,80,144,long,2008-09-26,2018-02-22,2024-03-28,2397,1599,1.0129161075621835,-0.0939357901362433,0.7000004263317985,-0.024789995899113997,-0.05051538256058863,-0.06660095389937104,0.03536078932872594,-0.0016510373740424886,0.01619482994888995,1.1476380171612328,-0.27929503620352003,True
fut_rates/BOBL,fut_rates,80,300,long,2009-05-14,2018-05-25,2024-03-28,2304,1536,1.0255438972673108,0.16368001526632012,0.6231187652105707,0.07746958111218072,-0.05509080656851615,-0.030480168410030428,0.03432811536342818,0.0023612858789537807,0.015106292427288701,1.1046144055874876,-0.3627101509259008,True
fut_rates/BOBL,fut_rates,100,200,long,2008-12-15,2018-03-27,2024-03-28,2364,1576,0.9557245990658448,0.11782166880320108,0.6605688896150604,0.041365858364596414,-0.05058842953225077,-0.04269096677355602,0.03341714272348862,0.00176594848500261,0.016071039773887914,1.059496839122959,-0.3237389908607517,True
fut_rates/BOBL,fut_rates,100,250,long,2009-03-02,2018-04-26,2024-03-28,2334,1556,0.8744275800530549,0.27143009534355333,0.5091962747155715,0.1312879449848648,-0.05837791161083817,-0.03062330593806259,0.029725815117913706,0.004020470905251044,0.015208603694716695,0.9945074189623403,-0.3137101834288853,True
fut_rates/BOBL,fut_rates,100,300,long,2009-05-14,2018-05-25,2024-03-28,2304,1536,1.1046144055874876,0.10638138191964297,0.6761125581623786,0.04226494456732395,-0.05509080656851615,-0.0356466819554079,0.03724758616026822,0.0015066050368543417,0.015243717504736375,1.1046144055874876,-0.3627101509259008,True
fut_rates/BOBL,fut_rates,100,400,long,2009-10-01,2018-07-20,2024-03-28,2244,1496,1.1038468541622224,0.10681976153378152,0.661323544596074,0.045746013695080724,-0.05509080656851612,-0.03265529762924889,0.03643284747454776,0.0014938496925645567,0.015031907581505253,1.1038468541622224,-0.3829955969916537,True
fut_rates/BOBL,fut_rates,116,378,long,2009-09-01,2018-07-09,2024-03-28,2257,1505,1.1303614618423141,0.1329843476270857,0.6783860968905634,0.06456071979391191,-0.05509080656851614,-0.02925965802634456,0.03737283724256868,0.0018890245831045167,0.015042127811602704,1.1303614618423141,-0.3849392084718014,True
fut_rates/BOBL,fut_rates,120,398,long,2009-09-29,2018-07-19,2024-03-28,2245,1497,1.1203839592950304,0.21504863757197648,0.671645279728533,0.1288477904882334,-0.05509080656851614,-0.025015724653783957,0.03700148018818153,0.00322322084910209,0.015524578566055963,1.1203839592950304,-0.3892058703790781,True
fut_rates/BOBL,fut_rates,134,750,long,2011-02-15,2019-02-01,2024-03-28,2034,1356,1.1446750775194057,-0.04487615877643813,1.2399679516044277,-0.021310912582463912,-0.02831995566172783,-0.04201137735209135,0.035115837411400876,-0.0008953007902193229,0.01681148703377535,1.1446750775194057,-0.45711486198604084,True
fut_rates/BOBL,fut_rates,150,400,long,2009-10-01,2018-07-20,2024-03-28,2244,1496,1.1038468541622224,0.20908768053618287,0.661323544596074,0.12516896941003122,-0.05509080656851612,-0.02501572465378395,0.03643284747454776,0.0031311924739592474,0.015528727891336955,1.1038468541622224,-0.3829955969916537,True
fut_rates/BOBL,fut_rates,150,500,long,2010-02-24,2018-09-14,2024-03-28,2184,1456,1.044162838710137,0.2451101582497832,0.6171017037189827,0.14858033797362039,-0.05509080656851616,-0.02501572465378395,0.03399663059268424,0.0037168448237142474,0.01563450381532081,1.044162838710137,-0.3748179644260671,True
fut_rates/BOBL,fut_rates,150,710,long,2010-12-17,2019-01-11,2024-03-28,2058,1372,1.0676503755059032,0.013814768846139996,0.8826956498205785,0.0021746817275345477,-0.03753585084365374,-0.04201137735209137,0.033132732252007246,9.136137467615185e-05,0.016683519901033613,1.0676503755059032,-0.4478555848875006,True
fut_rates/BOBL,fut_rates,162,678,long,2010-11-03,2018-12-20,2024-03-28,2077,1385,0.9518958031316551,0.042894405881096866,0.6070095746095467,0.01375929953839489,-0.04923272192270279,-0.042011377352091366,0.029884733591169926,0.0005780471250079643,0.0167358704267483,0.9518958031316551,-0.43070140874787,True
fut_rates/BOBL,fut_rates,174,698,long,2010-12-01,2019-01-06,2024-03-28,2065,1377,0.9979086304720474,-0.01095966803125933,0.8017091818638603,-0.007758512531869496,-0.038782645848118476,-0.042011377352091366,0.031092403273410903,-0.0003259457976672992,0.016828951615835294,0.9979086304720474,-0.4417289701482795,True
fut_rates/BOBL,fut_rates,200,400,long,2009-10-01,2018-07-20,2024-03-28,2244,1496,1.1038468541622224,0.20240700360376696,0.661323544596074,0.121512863964341,-0.05509080656851612,-0.02501572465378395,0.03643284747454776,0.0030397323468246604,0.015595963453044178,1.1038468541622224,-0.3829955969916537,True
fut_rates/BOBL,fut_rates,200,600,long,2010-07-16,2018-11-09,2024-03-28,2124,1416,0.9393402609449687,0.08781335926844734,0.543919674575348,0.03151999142493634,-0.05509080656851613,-0.042011377352091345,0.029964973580840736,0.001324198253887684,0.016647154312079485,0.9393402609449687,-0.39464149331150133,True
fut_rates/BUND,fut_rates,5,20,long,2007-01-03,2017-06-13,2024-03-28,2566,1712,0.45326020111596593,-0.4947139366402231,0.2537653010781465,-0.11653917687884198,-0.13184764873708477,-0.21345074423101434,0.033458358278212016,-0.02487537403685864,0.04853525532852129,0.937973792103782,-0.16723317413545646,False
fut_rates/BUND,fut_rates,5,35,long,2007-01-24,2017-06-21,2024-03-28,2557,1706,0.5139314659049686,-0.4697291395665107,0.2687015976586589,-0.10314401419156063,-0.14605865188422332,-0.21496632649285394,0.0392461931131607,-0.022172489830486582,0.04552450131383582,0.9388895202749157,-0.16664365595766445,False
fut_rates/BUND,fut_rates,8,21,long,2007-01-04,2017-06-14,2024-03-28,2566,1711,0.49196792791919,-0.5462626602693587,0.2423639352646533,-0.11983287547029566,-0.15184147171481818,-0.21792479571106807,0.03680089662117988,-0.02611455490633404,0.04646145351401194,0.9409969692007286,-0.17372830028925346,False
fut_rates/BUND,fut_rates,9,21,long,2007-01-04,2017-06-14,2024-03-28,2566,1711,0.5323632174743423,-0.5919366313253394,0.3254102876319327,-0.12405600185274826,-0.1244787772898799,-0.22524312742864708,0.04050667472197111,-0.027942761833607055,0.04608025398223732,0.9409969692007286,-0.17372830028925346,False
fut_rates/BUND,fut_rates,10,20,long,2007-01-03,2017-06-13,2024-03-28,2566,1712,0.533069388653832,-0.5512969256742134,0.3291144784034278,-0.11433383959441977,-0.12340811368370914,-0.22722083366550982,0.040615396965764855,-0.025979030348822735,0.04583710179908036,0.937973792103782,-0.16723317413545646,False
fut_rates/BUND,fut_rates,10,30,long,2007-01-17,2017-06-19,2024-03-28,2560,1708,0.49408125471065156,-0.40761379819077265,0.2430172701114313,-0.08922547406477703,-0.15786088037113127,-0.21639594491177117,0.03836292020517955,-0.019308030770448157,0.045309811860553925,0.9357191536958197,-0.16093920308419896,False
fut_rates/BUND,fut_rates,10,100,long,2007-04-27,2017-08-01,2024-03-28,2518,1680,0.8499759529178015,0.17743935045227965,0.7414193644116309,0.051533338192253045,-0.10325371459756344,-0.12145582738689763,0.07655430345006542,0.0062590242281489045,0.03958042674660427,0.97187588943684,-0.13468881935973787,True
fut_rates/BUND,fut_rates,12,26,long,2007-01-11,2017-06-16,2024-03-28,2563,1709,0.4468161565344159,-0.3991759834876128,0.2158498677439349,-0.08519558745358163,-0.1572914882822092,-0.22058572754005573,0.03395134694296154,-0.01879293064165075,0.044988603660076544,0.9362211489539376,-0.16308981316565932,False
fut_rates/BUND,fut_rates,13,48,long,2007-02-12,2017-06-29,2024-03-28,2550,1700,0.8561217521120137,0.01622275678670113,0.8686467740156497,-0.0014032553113378923,-0.08463965748557967,-0.15923548946623794,0.07352196542863831,-0.0002234480463469874,0.04285830870689893,0.9161398422750947,-0.11918650272973474,True
fut_rates/BUND,fut_rates,20,50,long,2007-02-14,2017-06-29,2024-03-28,2548,1700,0.9540260529902775,-0.12651113140114945,0.9630109595331775,-0.03273705100486324,-0.08749966882751033,-0.18382110575140545,0.08426314003641598,-0.006017760914754119,0.041047421024248264,0.9165001865328296,-0.11918650272973474,False
fut_rates/BUND,fut_rates,20,60,long,2007-02-28,2017-07-05,2024-03-28,2542,1696,0.8848628895613073,-0.10841388549396862,0.671603195962017,-0.029789226748754602,-0.11753532792045153,-0.1753638520371526,0.07893710186981893,-0.00522395355186979,0.04067611853859855,0.9209980870058476,-0.11541734061902527,True
fut_rates/BUND,fut_rates,20,100,long,2007-04-27,2017-08-01,2024-03-28,2518,1680,0.8693810131717097,0.2749887126932864,0.9426821356438029,0.1146044365481318,-0.08357921816658188,-0.08669728470934905,0.07878863587671274,0.00993589346436791,0.038673684956726864,0.97187588943684,-0.13468881935973787,True
fut_rates/BUND,fut_rates,21,55,long,2007-02-21,2017-07-03,2024-03-28,2545,1698,0.926149593195538,-0.13669632122168596,0.9960434426855377,-0.03469999396418883,-0.08225251537609882,-0.18481029620810355,0.08192707858475459,-0.006412916162941143,0.04093211920483624,0.9141898911750415,-0.1133027023295665,False
fut_rates/BUND,fut_rates,30,90,long,2007-04-13,2017-07-25,2024-03-28,2524,1684,0.8282254445804779,0.29249598133343213,0.8062648099845451,0.137315968387892,-0.09280894253452708,-0.07796421464786892,0.07482858441746704,0.010705731633973595,0.039008206987478665,0.9627412236923529,-0.11186642272606616,True
fut_rates/BUND,fut_rates,30,200,long,2007-09-18,2017-09-27,2024-03-28,2458,1640,0.8621396307023365,-0.03802500750190964,0.8001404837275369,-0.017319851219556027,-0.10235620910771952,-0.13398736890071408,0.08189934666796761,-0.002320641294660136,0.040029466716575805,0.9933089687265227,-0.15398979419282052,True
fut_rates/BUND,fut_rates,40,100,long,2007-04-27,2017-08-01,2024-03-28,2518,1680,0.7014774751357277,0.17728480195014606,0.5536431223306084,0.06308646032536866,-0.11324835164250538,-0.09850801748863167,0.06269917100215136,0.006214522137027284,0.03930176500033785,0.97187588943684,-0.13468881935973787,True
fut_rates/BUND,fut_rates,50,150,long,2007-07-10,2017-08-29,2024-03-28,2488,1660,0.7943776930367894,-0.04703407307734672,0.7209999159074614,-0.020210693099982902,-0.10235620910771967,-0.13445612436318521,0.07379881815927242,-0.0027174514649174705,0.04045613721101804,1.0523927547157341,-0.17631397314779587,True
fut_rates/BUND,fut_rates,50,200,long,2007-09-18,2017-09-27,2024-03-28,2458,1640,0.9178565075633826,0.00017068961259844733,0.8110223254759217,-0.006238753008306913,-0.10910219837269965,-0.13311809517688883,0.08848431863876219,-0.0008304909167449012,0.0409333439521329,0.9933089687265227,-0.15398979419282052,True
fut_rates/BUND,fut_rates,60,120,long,2007-05-29,2017-08-11,2024-03-28,2506,1672,0.763546795472997,0.06244638368814642,0.6845763879866469,0.013858117540157783,-0.10235620910771952,-0.12269972280634447,0.07007064391896856,0.0017003871807951003,0.040044258154392665,1.0141389764297648,-0.16319155097490284,True
fut_rates/BUND,fut_rates,60,132,long,2007-06-14,2017-08-18,2024-03-28,2499,1667,0.8436833818981611,0.05608036683792563,0.7669105867131059,0.011875447098683753,-0.10235620910771961,-0.12194136498181103,0.0784980603805306,0.0014481082289827844,0.04023875226513241,1.0507229060614596,-0.15518199938439717,True
fut_rates/BUND,fut_rates,60,180,long,2007-08-21,2017-09-14,2024-03-28,2470,1648,0.9150985503008006,-0.08851838622593937,0.8558420852821951,-0.03173353102265433,-0.10235620910771957,-0.14062917628031257,0.08760075144433113,-0.004462660328181624,0.04102178307607648,1.000971230039065,-0.1656263225684022,True
fut_rates/BUND,fut_rates,60,400,long,2008-07-04,2018-01-25,2024-03-28,2338,1560,1.0326566758366955,0.3756754292642108,0.7703492388730476,0.1603092657797964,-0.12888731737139,-0.09186498218798907,0.09928824683743921,0.014726807845430602,0.041171783095202384,1.1156065225070813,-0.15215225999251017,True
fut_rates/BUND,fut_rates,62,758,long,2009-11-30,2018-08-23,2024-03-28,2124,1416,1.0937628214578414,0.30818856550652063,0.7511040865672929,0.15216740466846576,-0.1288873173713899,-0.08123632812108704,0.09680779078434659,0.012361521214981717,0.042842861041290106,1.0937628214578414,-0.2717569565528857,True
fut_rates/BUND,fut_rates,74,758,long,2009-11-30,2018-08-23,2024-03-28,2124,1416,1.0937628214578414,0.24257691035898202,0.7511040865672929,0.12131729812987858,-0.1288873173713899,-0.08123632812108704,0.09680779078434659,0.009855371837642556,0.04451478488605839,1.0937628214578414,-0.2717569565528857,True
fut_rates/BUND,fut_rates,80,144,long,2007-07-02,2017-08-25,2024-03-28,2492,1662,0.8601311775016366,-0.1124426386860943,0.746362791767756,-0.036365786138206437,-0.10867531009491806,-0.15052015032077476,0.08111120783866964,-0.00547378359605598,0.041248141097411366,1.0334682630349319,-0.16695831883505716,True
fut_rates/BUND,fut_rates,80,300,long,2008-02-12,2017-11-23,2024-03-28,2398,1600,0.8835442324629517,0.24886998425991017,0.6299213774172956,0.0980459544720959,-0.13276643066023133,-0.09476824540572855,0.08363241287627078,0.009291643074450472,0.040450642543330244,0.998707101692798,-0.19370850393068684,True
fut_rates/BUND,fut_rates,100,200,long,2007-09-18,2017-09-27,2024-03-28,2458,1640,0.8657933944438209,0.24508788229807496,0.6078352950695368,0.10437706948620794,-0.1327418836064093,-0.08546910433495562,0.0806852019899879,0.00892101464209362,0.03940627256198011,0.9933089687265227,-0.15398979419282052,True
fut_rates/BUND,fut_rates,100,250,long,2007-11-27,2017-10-26,2024-03-28,2428,1620,0.8919111612644423,0.3165626676919887,0.7010602365526237,0.13193358346195783,-0.11992285781674479,-0.0907915285637654,0.08407314706907376,0.011978451711406272,0.040162561802901696,0.996249781469781,-0.16777387957104734,True
fut_rates/BUND,fut_rates,100,300,long,2008-02-12,2017-11-23,2024-03-28,2398,1600,0.9438763452661982,0.21220748506552972,0.6946893954690495,0.0768334746080276,-0.12888731737138998,-0.10176668153280921,0.08953665258835843,0.007819087741494328,0.04058414026376202,0.998707101692798,-0.19370850393068684,True
fut_rates/BUND,fut_rates,100,400,long,2008-07-04,2018-01-25,2024-03-28,2338,1560,1.0480251761642354,0.4588404552430908,0.7746811222898301,0.2733096506971692,-0.12888731737139006,-0.06806830030855733,0.09984657167019396,0.01860372338088182,0.042105351643843644,1.1156065225070813,-0.15215225999251017,True
fut_rates/BUND,fut_rates,116,378,long,2008-06-04,2018-01-15,2024-03-28,2352,1568,1.0506433816736012,0.45132413151771517,0.7743206420587387,0.26934428917173614,-0.12888731737139,-0.06792113374574334,0.09980011034024314,0.01829416948848566,0.042135910119860294,1.0956173986355375,-0.1549487379688876,True
fut_rates/BUND,fut_rates,120,398,long,2008-07-02,2018-01-25,2024-03-28,2340,1560,1.0483929350700683,0.5621397478799548,0.7746448796582861,0.42871521741358665,-0.12888731737139006,-0.054224526212141744,0.09984190045463978,0.023246879544187075,0.04248784075181167,1.1387789706009812,-0.15215225999251017,True
fut_rates/BUND,fut_rates,134,750,long,2009-11-18,2018-08-17,2024-03-28,2128,1420,1.1283954516083723,0.11913833473896672,0.777345583979312,0.04235005911077455,-0.12888731737138995,-0.1058059407852654,0.10018998698959004,0.004480887846527101,0.04666824451310003,1.1283954516083723,-0.28169518075049454,True
fut_rates/BUND,fut_rates,150,400,long,2008-07-04,2018-01-25,2024-03-28,2338,1560,1.0414683163858234,0.5088661342188154,0.766329459967542,0.37091965048885667,-0.12888731737139,-0.056628182417922314,0.0987701483178825,0.021004505630274964,0.0426368684063222,1.1156065225070813,-0.15215225999251017,True
fut_rates/BUND,fut_rates,150,500,long,2008-11-21,2018-03-23,2024-03-28,2278,1520,1.0094849017911207,0.37191096877672125,0.7466005589920234,0.18818924047520966,-0.12888731737138998,-0.0812363281210868,0.09622734319646208,0.01528780288810224,0.04331849904231172,1.0094849017911207,-0.18110247627158482,True
fut_rates/BUND,fut_rates,150,710,long,2009-09-23,2018-07-26,2024-03-28,2152,1436,1.1221217362377518,0.1291142409781866,0.7751587994457549,0.04646526868869726,-0.12888731737138992,-0.10616361840895128,0.09990813819739061,0.004932921054336248,0.04647932921337351,1.1221217362377518,-0.24753130086239533,True
fut_rates/BUND,fut_rates,162,678,long,2009-08-10,2018-07-10,2024-03-28,2172,1448,1.1497586636288868,0.11564577193531893,0.7973613969658022,0.040492462613169064,-0.12888731737138998,-0.10616361840895126,0.10276977143042622,0.004298826349303206,0.046404503291403,1.1497586636288868,-0.2540404779961456,True
fut_rates/BUND,fut_rates,174,698,long,2009-09-07,2018-07-20,2024-03-28,2160,1440,1.105718956004195,0.13219695468791778,0.7637911253429498,0.048278941050486794,-0.1288873173713899,-0.10580594078526538,0.0984429891775278,0.005108198777963124,0.04684296045253353,1.105718956004195,-0.25605379471720036,True
fut_rates/BUND,fut_rates,200,400,long,2008-07-04,2018-01-25,2024-03-28,2338,1560,1.0217532106325442,0.4212096896720621,0.7493137638976993,0.2274466874300969,-0.12888731737139,-0.0761977549485222,0.09657704089823357,0.01733092695265165,0.04298765361946187,1.1156065225070813,-0.15215225999251017,True
fut_rates/BUND,fut_rates,200,600,long,2009-04-21,2018-05-23,2024-03-28,2218,1480,1.0417616640521845,0.22543625654842878,0.7281787714545863,0.09510618623605294,-0.12888731737138992,-0.09999410096907213,0.09385300841957607,0.009510057589271256,0.046856356489307145,1.0417616640521845,-0.19688239239384916,True
fut_rates/GILT,fut_rates,5,20,long,1993-11-17,2012-02-16,2024-03-28,4588,3060,0.11116587603820878,0.19572110635000164,-0.08807905882546974,0.07014415829895473,-0.9589114913492706,-0.14554312420291243,-0.08446002165497131,0.010208999943413519,0.061578085742213635,0.3384706745289029,0.2540775651674472,False
fut_rates/GILT,fut_rates,5,35,long,1993-12-08,2012-02-24,2024-03-28,4579,3054,0.0682222424668178,0.09858251881868572,-0.12064343259148423,0.020069646586323903,-0.9828762598313725,-0.21014331959256413,-0.11857756579873632,0.004217502156699677,0.062479240587210404,0.3393935954118701,0.24795509582488878,False
fut_rates/GILT,fut_rates,8,21,long,1993-11-18,2012-02-17,2024-03-28,4588,3059,0.0632366112592337,0.20106907238299018,-0.11720280858129078,0.05556576632796497,-0.9795256275515825,-0.19019524085784836,-0.11480315462639686,0.010568344310198218,0.06176418868597395,0.33779108050951384,0.2618273489854832,False
fut_rates/GILT,fut_rates,9,21,long,1993-11-18,2012-02-17,2024-03-28,4588,3059,0.08122022888679904,0.16453813463071307,-0.10875694861225126,0.04024359569479922,-0.9736847311879916,-0.20661392526215944,-0.10589498027434607,0.008314887273165808,0.061996575038814596,0.33779108050951384,0.2618273489854832,False
fut_rates/GILT,fut_rates,10,20,long,1993-11-17,2012-02-16,2024-03-28,4588,3060,0.028794958774880804,0.13543603807902016,-0.13311710442262956,0.02989789822792723,-0.9812179646925036,-0.2175190034423056,-0.13061689426733203,0.006503361027558205,0.06207820362706,0.3384706745289029,0.2540775651674472,False
fut_rates/GILT,fut_rates,10,30,long,1993-12-01,2012-02-22,2024-03-28,4582,3056,0.04338053602649891,0.061832914951513517,-0.14361695597747498,0.008740948358059773,-0.9871434655013621,-0.2190359566122411,-0.14177053962836123,0.0019145819853058205,0.06193037616721905,0.3385395363484586,0.2561808499653661,False
fut_rates/GILT,fut_rates,10,100,long,1994-03-14,2012-04-02,2024-03-28,4540,3028,0.28182947726383045,0.22039861033081096,-0.030046901151741166,0.05775383411767686,-0.9620851466121038,-0.20578533929685167,-0.02890767729981229,0.01188489234960022,0.06244319328163702,0.3783853107653816,0.2567156520637562,False
fut_rates/GILT,fut_rates,12,26,long,1993-11-25,2012-02-21,2024-03-28,4585,3057,0.05889493999251886,0.01850297099640436,-0.1361444660925775,-0.003190744771510946,-0.9861269898848827,-0.23978556168295298,-0.13425573253735792,-0.0007650945272236977,0.06180853740587363,0.3376631369081637,0.26464762301481265,False
fut_rates/GILT,fut_rates,13,48,long,1993-12-29,2012-03-05,2024-03-28,4572,3048,0.1316558841253072,0.051108638643076125,-0.1033138710388863,0.005799998614547263,-0.9805211194794421,-0.21556502107922518,-0.10130143248880351,0.0012502768236043575,0.061810270169870944,0.33947727850022713,0.2505552966066753,False
fut_rates/GILT,fut_rates,20,50,long,1993-12-31,2012-03-05,2024-03-28,4570,3048,0.16845823748231362,0.13124470219950482,-0.08720581551896275,0.02850230561382751,-0.9763799917813849,-0.21985599797821612,-0.08514601343969382,0.006266402845408158,0.06243453070106343,0.33955157184046075,0.2505552966066753,False
fut_rates/GILT,fut_rates,20,60,long,1994-01-17,2012-03-09,2024-03-28,4564,3044,0.2340844610491667,0.22598365772262904,-0.056738087317387574,0.06521696776788163,-0.957211186344836,-0.18786552004731719,-0.05431033187201346,0.012252019565622206,0.0625302187380904,0.3388900185194049,0.24796968915155376,False
fut_rates/GILT,fut_rates,20,100,long,1994-03-14,2012-04-02,2024-03-28,4540,3028,0.2850281313708765,0.2118305415284149,-0.029891273863970506,0.049101373735249705,-0.9500777251830619,-0.23164886979072044,-0.02839903347550501,0.011374277730942359,0.06264666798762235,0.3783853107653816,0.2567156520637562,False
fut_rates/GILT,fut_rates,21,55,long,1994-01-10,2012-03-07,2024-03-28,4567,3046,0.1803173091391006,0.19598992323809877,-0.08452547217332665,0.05676402738202863,-0.9695552104813878,-0.1823389066237878,-0.0819521119640484,0.010350290688401853,0.06249270872359533,0.340033362763717,0.24649905596703267,False
fut_rates/GILT,fut_rates,30,90,long,1994-02-28,2012-03-27,2024-03-28,4546,3032,0.3053200337929386,0.18981829436263703,-0.018981681674844805,0.041101567515061256,-0.9500777251830619,-0.24252582920347332,-0.018034072945785566,0.009968191743152773,0.06255025145866104,0.36537204517355926,0.26235260362276147,False
fut_rates/GILT,fut_rates,30,200,long,1994-08-22,2012-05-31,2024-03-28,4480,2988,0.41072231189505687,0.2452783617869132,0.06650500551053709,0.10702024356540207,-0.950077725183062,-0.12435545436616996,0.06318492434873808,0.013308551014953752,0.06164469301986518,0.4639097349324719,0.16775373305922778,True
fut_rates/GILT,fut_rates,40,100,long,1994-03-14,2012-04-02,2024-03-28,4540,3028,0.26767267953657253,0.24023546702649312,-0.039307016793060416,0.06653726354821121,-0.950126394746972,-0.19498106595637857,-0.03734663415384918,0.012973506572450715,0.061530135009901954,0.3783853107653816,0.2567156520637562,False
fut_rates/GILT,fut_rates,50,150,long,1994-05-26,2012-05-02,2024-03-28,4510,3008,0.4134645466066205,0.2901018608312119,0.06780791032838326,0.10880910132329422,-0.9500777251830619,-0.14774886648763952,0.06442278519420742,0.016076421384055437,0.061489560883818524,0.43720288376669636,0.23192023556321031,True
fut_rates/GILT,fut_rates,50,200,long,1994-08-22,2012-05-31,2024-03-28,4480,2988,0.40880636990637204,0.2617067432467871,0.06535417823197077,0.11048426831837894,-0.950077725183062,-0.13117695763825085,0.06209154898583918,0.014492990184893136,0.062423021858145133,0.4639097349324719,0.16775373305922778,True
fut_rates/GILT,fut_rates,60,120,long,1994-04-13,2012-04-16,2024-03-28,4528,3020,0.4073697896427625,0.2944393427535223,0.06384756980935329,0.11978750234902909,-0.9500777251830619,-0.13455422242232437,0.06066015388293711,0.016117914234485962,0.06052247761780544,0.4038641130086833,0.23171552415188904,True
fut_rates/GILT,fut_rates,60,132,long,1994-04-29,2012-04-23,2024-03-28,4521,3015,0.3990508891930079,0.3054805439723029,0.059237178816516065,0.12579805089001903,-0.950077725183062,-0.13439901174319102,0.05627992409625785,0.01690713371883821,0.060964624016684,0.412645964693117,0.24077600340855496,True
fut_rates/GILT,fut_rates,60,180,long,1994-07-25,2012-05-21,2024-03-28,4492,2996,0.4030669710866828,0.3656896468201718,0.062150544042284414,0.1767598987503756,-0.950077725183062,-0.11947944673677748,0.05904784750258328,0.02111917490794368,0.06248763066989809,0.4344726885412874,0.20386159321395572,True
fut_rates/GILT,fut_rates,60,400,long,1995-06-26,2012-09-25,2024-03-28,4360,2908,0.534634613077817,0.39062188577356816,0.22032637835011418,0.20140303468337267,-0.6432127018673488,-0.11325356965849241,0.14171672511122468,0.02280961261794511,0.06277999597462838,0.5892726530032303,0.174664126782245,True
fut_rates/GILT,fut_rates,62,758,long,1996-11-20,2013-04-22,2024-03-28,4146,2764,0.6035053757633367,0.39469990039639397,0.3031705982178109,0.19411551810402994,-0.34980463367722453,-0.12399472963358005,0.10605048005128635,0.024069301184991506,0.06572962555405522,0.6391477883480695,0.14915149257606825,True
fut_rates/GILT,fut_rates,74,758,long,1996-11-20,2013-04-22,2024-03-28,4146,2764,0.5939955986575388,0.3851052406234728,0.29691136541527635,0.18894164309583852,-0.34980463367722453,-0.12399472963358005,0.1038609714136953,0.023427767952192875,0.06574196149419206,0.6391477883480695,0.14915149257606825,True
fut_rates/GILT,fut_rates,80,144,long,1994-05-18,2012-04-30,2024-03-28,4514,3010,0.41306429967558694,0.3878766495751633,0.06812519156408575,0.18305540197616335,-0.9500777251830619,-0.1228902777214022,0.0647242270288669,0.022495729187253632,0.06236747813135946,0.4176798275746636,0.2412116216049684,True
fut_rates/GILT,fut_rates,80,300,long,1995-01-31,2012-07-30,2024-03-28,4420,2948,0.28680997181656215,0.3162628407985543,0.002986326929009846,0.1478044878314795,-0.950077725183062,-0.12099936945892993,0.002837242695366594,0.017884249830809103,0.062154111553456945,0.45565920445475117,0.16420055193811559,True
fut_rates/GILT,fut_rates,100,200,long,1994-08-22,2012-05-31,2024-03-28,4480,2988,0.3321553639608739,0.4215631626548338,0.025962601586005055,0.26748209620009483,-0.950077725183062,-0.0915861746397878,0.02466648945466584,0.024497661975598405,0.06196473467820066,0.4639097349324719,0.16775373305922778,True
fut_rates/GILT,fut_rates,100,250,long,1994-11-17,2012-07-02,2024-03-28,4450,2968,0.28795840094654207,0.40235079370988924,0.004053115213876959,0.25358245745997243,-0.950077725183062,-0.09158617463978778,0.003850774482305081,0.023224647234515592,0.06180885158592596,0.4472752346040465,0.18264800656654892,True
fut_rates/GILT,fut_rates,100,300,long,1995-01-31,2012-07-30,2024-03-28,4420,2948,0.21129355196416952,0.3273288723710201,-0.033226115693101764,0.15536424881157396,-0.9501028728432555,-0.11979252303018668,-0.03156822797343836,0.01861147535382813,0.06225387492389485,0.45565920445475117,0.16420055193811559,True
fut_rates/GILT,fut_rates,100,400,long,1995-06-26,2012-09-25,2024-03-28,4360,2908,0.49016327796947984,0.4259760969560617,0.17874076460132376,0.21129096641043282,-0.6432127018673488,-0.11975485029638916,0.11496833013305323,0.025303118051460773,0.0633741056071545,0.5892726530032303,0.174664126782245,True
fut_rates/GILT,fut_rates,116,378,long,1995-05-24,2012-09-13,2024-03-28,4374,2916,0.45368761768656196,0.41744145311267283,0.15583227265884783,0.20732987532306704,-0.6432127018673488,-0.11975485029638916,0.10023329713502689,0.024828758181282922,0.0635950952429535,0.3234311438017745,0.17383886109644492,True
fut_rates/GILT,fut_rates,120,398,long,1995-06-22,2012-09-25,2024-03-28,4362,2908,0.5065659637618736,0.408419851377473,0.18429394185273873,0.20374938683813446,-0.6432127018673488,-0.11975485029638916,0.11854020427688415,0.024399977318781876,0.06404503988344949,0.41628636513385253,0.174664126782245,True
fut_rates/GILT,fut_rates,134,750,long,1996-11-08,2013-04-16,2024-03-28,4150,2768,0.6299376896131693,0.35947282453301105,0.32066614474398103,0.17558517296839526,-0.3498046336772237,-0.12399472963358002,0.11217050329485587,0.021771636049881554,0.06596505636234751,0.6624618176999256,0.15894003513230387,True
fut_rates/GILT,fut_rates,150,400,long,1995-06-26,2012-09-25,2024-03-28,4360,2908,0.45101150862050565,0.3591201620388488,0.1496888795286979,0.1720008746469039,-0.6432127018673488,-0.12386828321016548,0.09628178864114985,0.02130545305315886,0.06449201286796717,0.5892726530032303,0.174664126782245,True
fut_rates/GILT,fut_rates,150,500,long,1995-11-14,2012-11-20,2024-03-28,4300,2868,0.5132845987124257,0.4186935633587059,0.17056180256802134,0.20689197861992617,-0.6432127018673488,-0.12399472963357999,0.10970751786514232,0.025653514952334158,0.06564215840048002,0.566160811528766,0.1768690185055378,True
fut_rates/GILT,fut_rates,150,710,long,1996-09-13,2013-03-21,2024-03-28,4174,2784,0.6276522706971522,0.39903616927545027,0.33085973061212764,0.19716985847427534,-0.34980463367722325,-0.12399472963358002,0.11573626686532007,0.024448023293409008,0.0659841014301277,0.6526477798176714,0.178558414599864,True
fut_rates/GILT,fut_rates,162,678,long,1996-07-30,2013-03-05,2024-03-28,4194,2796,0.6522394667683705,0.41530868889627764,0.352617422941962,0.20606807821636167,-0.34980463367722425,-0.12399472963358002,0.12334720846041988,0.025551355644549186,0.06599212665852465,0.6800783438602295,0.18946717505929836,True
fut_rates/GILT,fut_rates,174,698,long,1996-08-28,2013-03-15,2024-03-28,4182,2788,0.6769033348925568,0.39827617841934904,0.36595426025505584,0.19712454480055486,-0.34980463367722425,-0.12399472963358002,0.1280124959511394,0.024442404636687332,0.06611858531799361,0.6815213000256511,0.19017265032130332,True
fut_rates/GILT,fut_rates,200,400,long,1995-06-26,2012-09-25,2024-03-28,4360,2908,0.5416289004754463,0.4105486134516033,0.19224072498663114,0.2033260402043763,-0.6432127018673488,-0.12399472963358005,0.12365167612758897,0.025211357382608067,0.06594188197664191,0.5892726530032303,0.174664126782245,True
fut_rates/GILT,fut_rates,200,600,long,1996-04-09,2013-01-18,2024-03-28,4240,2828,0.6855939533681779,0.4360785071872789,0.40065184590266045,0.21772051626664332,-0.34980463367722425,-0.12399472963358005,0.14014987218808383,0.026996196550165906,0.06609292070805863,0.6970583842539838,0.1958710641289424,True
fut_rates/JGB,fut_rates,5,20,long,2002-01-08,2015-08-24,2024-03-29,3345,2230,0.22364648133138565,-0.12241343280614977,0.09613650167546063,-0.04134051784062269,-0.06910058657786071,-0.059719877647818526,0.006643088657317818,-0.002468850667339446,0.018757773737655244,0.6835441709766157,0.26653179969837326,False
fut_rates/JGB,fut_rates,5,35,long,2002-01-30,2015-09-01,2024-03-29,3336,2224,0.2885932794790433,-0.0030302874535976377,0.10144441470923911,-0.003828486435899471,-0.08966665973066187,-0.06053496722430168,0.009096181815309494,-0.00023175730091585804,0.018723565526486668,0.6839803907469556,0.2681479979514127,False
fut_rates/JGB,fut_rates,8,21,long,2002-01-09,2015-08-24,2024-03-29,3344,2230,0.2281040706397804,0.02985969804541744,0.08362908261689386,0.006024991621075669,-0.08311262224410253,-0.06335070494114665,0.0069506323521587405,0.00038168746645964556,0.018508021067105054,0.6836464987409218,0.26653179969837326,False
fut_rates/JGB,fut_rates,9,21,long,2002-01-09,2015-08-24,2024-03-29,3344,2230,0.25171487253844427,-0.0024087748980724855,0.09075437849493223,-0.0032059739028370785,-0.08576631188601658,-0.0678908143112226,0.007783668331017954,-0.0002176561789241377,0.018606389139306546,0.6836464987409218,0.26653179969837326,False
fut_rates/JGB,fut_rates,10,20,long,2002-01-08,2015-08-24,2024-03-29,3345,2230,0.2665170086971349,-0.05631084680881338,0.10461408732097636,-0.01708152572952895,-0.07913133700921866,-0.07169848884682137,0.00827825259970801,-0.0012247195820053237,0.018671254794427664,0.6835441709766157,0.26653179969837326,False
fut_rates/JGB,fut_rates,10,30,long,2002-01-23,2015-08-28,2024-03-29,3339,2226,0.39907281416029655,0.04740163127279844,0.17660342995406386,0.012595972264347804,-0.07224993732844186,-0.0571421096560855,0.012759586746168986,0.0007197604283543738,0.018970149110933997,0.6812030779131043,0.27461486514022854,False
fut_rates/JGB,fut_rates,10,100,long,2002-05-08,2015-10-13,2024-03-29,3297,2198,0.5623765644608866,-0.0539613701514915,0.31060111387379835,-0.01939703664811454,-0.06089475117933827,-0.06457345977108517,0.01891397754537026,-0.001252533765675289,0.019650916267228164,0.6660549633900743,0.24521583086271226,False
fut_rates/JGB,fut_rates,12,26,long,2002-01-17,2015-08-26,2024-03-29,3341,2228,0.40021152810622534,0.02200204527971384,0.16064843734709838,0.0037349311551977743,-0.07969886331287784,-0.06372704168189434,0.012803497849553815,0.00023801611340629436,0.019081637614964217,0.6821824706117906,0.2713520241412886,False
fut_rates/JGB,fut_rates,13,48,long,2002-02-19,2015-09-08,2024-03-29,3328,2219,0.5568908858358476,0.10785279227996712,0.2560281192137193,0.030390354729251206,-0.07113207917421112,-0.06265792237755817,0.018211812446734647,0.00190419648765188,0.019377594736182075,0.6883761670750891,0.25886167885494654,False
fut_rates/JGB,fut_rates,20,50,long,2002-02-21,2015-09-09,2024-03-29,3327,2218,0.5422408960264211,0.08170591762621711,0.28702496000559696,0.02431993439192551,-0.06320616224693094,-0.05819671577153646,0.018141746191032627,0.0014153403093893034,0.019677785982770615,0.6878936697987194,0.2604809474825249,False
fut_rates/JGB,fut_rates,20,60,long,2002-03-07,2015-09-15,2024-03-29,3321,2214,0.6032136554309405,0.05357345153310778,0.3012262889427209,0.014248152201301179,-0.06737253569996116,-0.06041138858547858,0.020294378905560278,0.0008607506592578475,0.019666687948083825,0.6836737546107953,0.26080804121821954,False
fut_rates/JGB,fut_rates,20,100,long,2002-05-08,2015-10-13,2024-03-29,3297,2198,0.5281708658536909,-0.08428008457778878,0.22879115052677573,-0.025678090973879474,-0.07835559325892237,-0.07148444395088713,0.017927066331916923,-0.001835584054988068,0.019536725441538685,0.6660549633900743,0.24521583086271226,False
fut_rates/JGB,fut_rates,21,55,long,2002-02-28,2015-09-11,2024-03-29,3324,2216,0.5916057744651695,0.003042974920924886,0.2960771906368096,-0.0020728342308250322,-0.06708359179446328,-0.06485481443631376,0.019861921396331222,-0.00013443327939739662,0.01973009997293191,0.691539315270366,0.2516829543773439,False
fut_rates/JGB,fut_rates,30,90,long,2002-04-19,2015-10-06,2024-03-29,3303,2202,0.6174235062545697,-0.094724059818007,0.32369554154602925,-0.027965716196785777,-0.06490935014848441,-0.07281603323068295,0.021010867247714494,-0.0020363525199050014,0.01951147949381646,0.6769964743974574,0.2434066952971711,False
fut_rates/JGB,fut_rates,30,200,long,2002-09-27,2015-12-10,2024-03-29,3237,2158,0.37593925450737203,-0.31189038099368704,0.15454873284531978,-0.06442645237322671,-0.08352737385592275,-0.09333035573340112,0.012909049787330153,-0.006012943718634273,0.018771886419647287,0.6193947204491262,0.23522620220226795,False
fut_rates/JGB,fut_rates,40,100,long,2002-05-08,2015-10-13,2024-03-29,3297,2198,0.4859607472375431,-0.4091431755933202,0.2387046369792641,-0.07025352415855414,-0.06914677961637573,-0.10914080266107348,0.01650565692661215,-0.007667526016433716,0.018398493043475482,0.6660549633900743,0.24521583086271226,False
fut_rates/JGB,fut_rates,50,150,long,2002-07-17,2015-11-11,2024-03-29,3267,2178,0.38115802051786535,-0.36125392610110985,0.1594772185401704,-0.06986843989063045,-0.08289857396491879,-0.0924909642895625,0.013220433996871835,-0.0064621993788917444,0.017520989093339608,0.6284588328580831,0.2445968719950157,False
fut_rates/JGB,fut_rates,50,200,long,2002-09-27,2015-12-10,2024-03-29,3237,2158,0.3308030451566536,-0.4168770352668591,0.12536741710425287,-0.07680837234145321,-0.0921762093190169,-0.09678445864743886,0.011555893280786112,-0.007433856736658464,0.017529862996959696,0.6193947204491262,0.23522620220226795,False
fut_rates/JGB,fut_rates,60,120,long,2002-06-05,2015-10-23,2024-03-29,3285,2190,0.41303129197653476,-0.26503067685011916,0.17967808778348077,-0.05807334290323091,-0.07931736496832224,-0.07930720128530672,0.014251592465532585,-0.004605634294937172,0.016879928012254835,0.6639758195057451,0.23904970144143298,False
fut_rates/JGB,fut_rates,60,132,long,2002-06-21,2015-10-29,2024-03-29,3277,2186,0.37173042418898533,-0.2155497864670853,0.15269722071675618,-0.05162661683125557,-0.08411331545398384,-0.07234391643039367,0.01284386949509511,-0.0037348716536243086,0.016711423545930613,0.6466482126783687,0.2338107271030116,False
fut_rates/JGB,fut_rates,60,180,long,2002-08-28,2015-11-30,2024-03-29,3249,2166,0.3086572726347128,-0.3530130019326569,0.12341848881358872,-0.06848367652323843,-0.08851857946509074,-0.08851958557825294,0.010924829309507066,-0.006062146664712197,0.016823543151041315,0.6085259277706629,0.23906318185632305,False
fut_rates/JGB,fut_rates,60,400,long,2003-07-24,2016-04-08,2024-03-29,3117,2078,0.5303848106435161,-0.13635148691640717,0.2847035514215831,-0.04512628309019579,-0.07266104708149597,-0.056940828193194556,0.02068685815411276,-0.0025695279324362994,0.01771767934963368,0.652218054657079,0.10352307946373174,False
fut_rates/JGB,fut_rates,62,758,long,2005-01-11,2016-11-09,2024-03-29,2902,1935,0.6351199071770607,-0.11165577598983623,0.3314094021982079,-0.04086161336485859,-0.07266104708149597,-0.052153736453357184,0.02408055417637442,-0.002131085814489813,0.017703166058762747,0.6964706756624909,0.10480473054244308,False
fut_rates/JGB,fut_rates,74,758,long,2005-01-11,2016-11-09,2024-03-29,2902,1935,0.625058804562315,-0.09060015277071937,0.32703940632616435,-0.03539108936592783,-0.07266104708149597,-0.04988018653028824,0.023763025700569918,-0.0017653141390825806,0.017761017516533695,0.6964706756624909,0.10480473054244308,False
fut_rates/JGB,fut_rates,80,144,long,2002-07-09,2015-11-06,2024-03-29,3270,2181,0.3410434722674906,-0.14410612018138233,0.1353648448945125,-0.03841581780541247,-0.08933063890230401,-0.06571071749012367,0.012092228079338088,-0.0025243309509635214,0.016584462507858184,0.6408067666498499,0.24431753056360075,False
fut_rates/JGB,fut_rates,80,300,long,2003-02-28,2016-02-10,2024-03-29,3177,2118,0.44067641370609045,-0.14065036608668718,0.1570537563323368,-0.044570258307504176,-0.10888014205637864,-0.06019249251430978,0.017100035299952708,-0.0026827949395352986,0.017953563869191225,0.603005990900129,0.11398269680981687,False
fut_rates/JGB,fut_rates,100,200,long,2002-09-27,2015-12-10,2024-03-29,3237,2158,0.39643917924792293,-0.2585550993279091,0.1285734313551524,-0.05321568203573672,-0.1151150555304181,-0.08489960143327913,0.01480073769018477,-0.00451799019483416,0.01695715781737961,0.6193947204491262,0.23522620220226795,False
fut_rates/JGB,fut_rates,100,250,long,2002-12-10,2016-01-13,2024-03-29,3207,2138,0.4388163862284871,-0.0732206103957425,0.14646055718548334,-0.023812036983647086,-0.11472364358661656,-0.06287342208130517,0.016802488762044664,-0.001497144251888492,0.01820008871467668,0.5989836146379476,0.20674164024004413,False
fut_rates/JGB,fut_rates,100,300,long,2003-02-28,2016-02-10,2024-03-29,3177,2118,0.4644750771557142,-0.1451843357317026,0.18416427037043195,-0.04602550949153122,-0.09908239678410612,-0.06104842330992673,0.018247437310298535,-0.0028097847864940483,0.018234899105631926,0.603005990900129,0.11398269680981687,False
fut_rates/JGB,fut_rates,100,400,long,2003-07-24,2016-04-08,2024-03-29,3117,2078,0.5178244482573146,-0.10754049341392481,0.2852278602017425,-0.03564753361842577,-0.07266104708149597,-0.05988032363064828,0.020724954979073163,-0.00213458584970575,0.018310962172977903,0.652218054657079,0.10352307946373174,False
fut_rates/JGB,fut_rates,116,378,long,2003-06-23,2016-03-28,2024-03-29,3130,2087,0.4765734987617125,-0.06556050704928258,0.2550024527156313,-0.025820522155303234,-0.07592102134682908,-0.053403041403877145,0.019360046656117222,-0.0013788944137293857,0.018450143635393153,0.6031836194448541,0.09399065880542122,False
fut_rates/JGB,fut_rates,120,398,long,2003-07-22,2016-04-07,2024-03-29,3118,2079,0.5149396492523562,-0.033798594036835154,0.2799933896783209,-0.015040887087468157,-0.07434301740313166,-0.052818928564453284,0.020815553441617233,-0.0007944435406189884,0.018467938694955704,0.6403586599831513,0.11455399664169993,False
fut_rates/JGB,fut_rates,134,750,long,2004-12-27,2016-11-04,2024-03-29,2907,1938,0.7010559853086825,-0.1431090264600979,0.3775306902600644,-0.04475833352132117,-0.07266104708149596,-0.06270718392387797,0.027431775259696208,-0.0028066690522477594,0.018450265741544566,0.7010559853086825,0.10815813261604154,False
fut_rates/JGB,fut_rates,150,400,long,2003-07-24,2016-04-08,2024-03-29,3117,2078,0.5298949531706683,-0.037210833306369595,0.2789112569783947,-0.014995834263685894,-0.07734211342162386,-0.058605691130364464,0.02157158607179068,-0.000878841231099712,0.018852135060852288,0.652218054657079,0.10352307946373174,False
fut_rates/JGB,fut_rates,150,500,long,2003-12-18,2016-06-09,2024-03-29,3057,2038,0.6532509571319803,-0.0772222583668457,0.30777726279170464,-0.02812512406638683,-0.08361699410460811,-0.05832694247976168,0.02573540956838639,-0.0016404524936563056,0.018938181905441148,0.7452372128949855,0.08350495510804594,False
fut_rates/JGB,fut_rates,150,710,long,2004-10-27,2016-10-12,2024-03-29,2931,1954,0.7172836471331911,-0.09266758218484543,0.38697198964178253,-0.032797388727890106,-0.07266104708149597,-0.05753609337790597,0.028117789958581732,-0.0018870336203993655,0.01853011238319445,0.7172836471331911,0.10808916936001255,False
fut_rates/JGB,fut_rates,162,678,long,2004-09-08,2016-09-21,2024-03-29,2950,1967,0.7594731650799658,-0.012500817535013472,0.41317036047317107,-0.006936157248809721,-0.07266104708149596,-0.05857311047244615,0.03002139101501974,-0.00040627230478878997,0.018628313266357832,0.7594731650799658,0.12339364583584858,False
fut_rates/JGB,fut_rates,174,698,long,2004-10-08,2016-10-04,2024-03-29,2938,1959,0.7505221762658774,0.005819656798040503,0.407234861315497,-0.0011626207184826562,-0.07266104708149597,-0.056166600199160706,0.029590111431271812,-6.530045307827633e-05,0.018646101705353278,0.7505221762658774,0.09761531944917527,False
fut_rates/JGB,fut_rates,200,400,long,2003-07-24,2016-04-08,2024-03-29,3117,2078,0.5663439683001739,0.00828450827546975,0.2829623673047754,-0.00037862708276925486,-0.08286787912884651,-0.05779101200241381,0.023448491251824397,-2.1881242284756934e-05,0.018884217176639323,0.652218054657079,0.10352307946373174,False
fut_rates/JGB,fut_rates,200,600,long,2004-05-20,2016-08-05,2024-03-29,2997,1998,0.7375723287620914,-0.013609686296114018,0.4071729567017376,-0.007111777975888797,-0.07266104708149597,-0.05994437214378049,0.029585613377216873,-0.00042631106559062003,0.018609371558282774,0.7375723287620914,0.10550443833511856,False
fut_rates/OAT,fut_rates,5,20,long,2012-10-03,2019-06-19,2024-03-28,1657,1106,1.4067138506411696,-0.39334914841572133,1.151283952132699,-0.1336112348576312,-0.05560533838797556,-0.16734714606352447,0.06401753373898458,-0.02235945883544788,0.05378185303579183,1.239202965721929,-0.4175560518785957,True
fut_rates/OAT,fut_rates,5,35,long,2012-10-24,2019-06-27,2024-03-28,1648,1100,1.4099389533719482,-0.5715482254002735,1.159080193994994,-0.16808299954883538,-0.05641946337172647,-0.18013099654253417,0.06539468254999417,-0.030276958210590038,0.051452071537592105,1.2552103400386931,-0.43328963682915994,False
fut_rates/OAT,fut_rates,8,21,long,2012-10-04,2019-06-20,2024-03-28,1657,1105,1.4325305330450406,-0.6216880752315803,1.1994399995816438,-0.16123710616748566,-0.05450189787875159,-0.20503421347327544,0.0653717563688886,-0.03305912324575743,0.05188717179145645,1.247053619387778,-0.42621324220653845,False
fut_rates/OAT,fut_rates,9,21,long,2012-10-04,2019-06-20,2024-03-28,1657,1105,1.4726349247476458,-0.6391597386546701,1.1813712142375699,-0.1664421008805287,-0.05710094058337009,-0.2035183089167937,0.06745740751108326,-0.03387401490376358,0.05179517972341498,1.247053619387778,-0.42621324220653845,False
fut_rates/OAT,fut_rates,10,20,long,2012-10-03,2019-06-19,2024-03-28,1657,1106,1.4588120354444536,-0.5788993504205084,1.1692122242837237,-0.15351430021183937,-0.05710094058337009,-0.20082818449013162,0.0667631177481749,-0.03082999820481673,0.051756878066101485,1.239202965721929,-0.4175560518785957,False
fut_rates/OAT,fut_rates,10,30,long,2012-10-17,2019-06-25,2024-03-28,1651,1102,1.363164825744427,-0.6178830783961292,1.098677208412249,-0.18255570779848085,-0.058443593003138505,-0.17485571349846257,0.06421064361026986,-0.03192090854032022,0.05042437853020858,1.2529977936889327,-0.43146176709860307,False
fut_rates/OAT,fut_rates,10,100,long,2013-01-30,2019-08-02,2024-03-28,1609,1074,1.4943839996688888,-0.7281553901640624,1.048519562355557,-0.19914989194108085,-0.07173631851330063,-0.15549955119902256,0.07521693329256482,-0.03096771881817191,0.04197212202493615,1.3677080594389626,-0.49819620525356817,False
fut_rates/OAT,fut_rates,12,26,long,2012-10-11,2019-06-24,2024-03-28,1654,1103,1.3658285821852458,-0.6980652179651333,1.020092404413076,-0.185636017287664,-0.06275397297871854,-0.19347969900527198,0.06401485118233419,-0.035916800749354695,0.050547774483230064,1.245601825041745,-0.42457295767003267,False
fut_rates/OAT,fut_rates,13,48,long,2012-11-12,2019-07-05,2024-03-28,1641,1094,1.4569566638609601,-0.8397327035594223,1.0004831853245273,-0.19403382901755994,-0.07045376799148811,-0.2141365520491115,0.07048781021823926,-0.04154973512670713,0.049083776846841495,1.2753879493166544,-0.45499786313345064,False
fut_rates/OAT,fut_rates,20,50,long,2012-11-14,2019-07-05,2024-03-28,1639,1094,1.5408861400799148,-0.8697747636550345,1.0862363783866706,-0.19373857146747095,-0.07046182766918363,-0.21258857716987153,0.07653820050187973,-0.04118660725119312,0.04706454525976903,1.2761704565710923,-0.45499786313345064,False
fut_rates/OAT,fut_rates,20,60,long,2012-11-28,2019-07-11,2024-03-28,1633,1090,1.480483539996933,-0.8485898223771786,1.0762548921768356,-0.1916833537787838,-0.06839499113803828,-0.20122537422125242,0.07361044381270501,-0.03857155459612049,0.045135452282018755,1.2299073649440504,-0.42735615091856893,False
fut_rates/OAT,fut_rates,20,100,long,2013-01-30,2019-08-02,2024-03-28,1609,1074,1.3571732168362964,-0.215981987601996,0.7846377961768377,-0.1129504248034635,-0.08720863420765546,-0.08602520035941223,0.06842719055228676,-0.009716582924398672,0.041219802913819936,1.3677080594389626,-0.49819620525356817,True
fut_rates/OAT,fut_rates,21,55,long,2012-11-21,2019-07-09,2024-03-28,1636,1092,1.505051232591041,-0.8373192564474626,1.060085487632783,-0.19461172742849112,-0.07053746173686619,-0.19553287442804265,0.07477573952170456,-0.03805299046149962,0.04510101815540987,1.269532365171678,-0.4476061077664003,False
fut_rates/OAT,fut_rates,30,90,long,2013-01-16,2019-07-29,2024-03-28,1615,1078,1.2568178827757301,-0.3560533055311834,0.8099716217616247,-0.1521416828736352,-0.07831702197353481,-0.10227081697138546,0.06343456529944479,-0.015559654202888115,0.041581617103792254,1.2918987561799786,-0.47534114679391265,True
fut_rates/OAT,fut_rates,30,200,long,2013-06-24,2019-10-04,2024-03-28,1549,1034,1.349887387223804,-0.20463056856448864,0.818243764887246,-0.14484195217242418,-0.08686508572753526,-0.07019736446553848,0.07107681478295183,-0.010167523306547754,0.044949986959554614,1.4441940679724847,-0.5289736303264462,True
fut_rates/OAT,fut_rates,40,100,long,2013-01-30,2019-08-02,2024-03-28,1609,1074,1.2482732847957148,-0.41008690641269535,0.8043164512361185,-0.17909674619035817,-0.07875138483665736,-0.10337018696287589,0.06334103438175012,-0.018513264138140056,0.04325835590923626,1.3677080594389626,-0.49819620525356817,True
fut_rates/OAT,fut_rates,50,150,long,2013-04-12,2019-08-30,2024-03-28,1579,1054,1.053170548324448,-0.31346217848338975,0.5653797164095101,-0.19286882783233086,-0.09747698698139878,-0.07837503712280658,0.055111511255996753,-0.015116101541191121,0.04528432042529819,1.2709332311774177,-0.5550523575386707,True
fut_rates/OAT,fut_rates,50,200,long,2013-06-24,2019-10-04,2024-03-28,1549,1034,1.384195780635655,-0.33910370084335884,0.867631937176706,-0.1745548836001336,-0.08686508572753521,-0.09177038696945652,0.075366922602802,-0.0160189692153927,0.04464822685720414,1.4441940679724847,-0.5289736303264462,True
fut_rates/OAT,fut_rates,60,120,long,2013-02-27,2019-08-14,2024-03-28,1597,1066,1.1612018984412675,-0.3978377953790059,0.6838833011273882,-0.20423221818508563,-0.08784698753808233,-0.09025544017233837,0.06007708783164027,-0.018433068749667953,0.04427334950115511,1.3582550703295735,-0.5393575912917352,True
fut_rates/OAT,fut_rates,60,132,long,2013-03-15,2019-08-21,2024-03-28,1590,1061,1.1858274810631821,-0.42244078175413524,0.714972667015786,-0.21564842732811224,-0.08686508572753529,-0.09191129892239505,0.06210616201317079,-0.01982052706629851,0.044969342626261,1.336581187153109,-0.5517886613356687,True
fut_rates/OAT,fut_rates,60,180,long,2013-05-27,2019-09-19,2024-03-28,1561,1042,1.0545286314370468,-0.3105576596125349,0.6600880863164038,-0.15808931474922364,-0.08686508572753526,-0.09332359983722693,0.05733860820559911,-0.014753463948197964,0.0446184187753689,1.2358218555546154,-0.5075636505376414,True
fut_rates/OAT,fut_rates,60,400,long,2014-04-10,2020-02-14,2024-03-28,1429,954,1.1537652405850225,-0.10553117427586864,0.7482753322133444,-0.0827173946449544,-0.08686508572753526,-0.07019736446553848,0.0649990008805121,-0.005806543099531645,0.04533334079635124,1.214273177685555,-0.5379463786875295,True
fut_rates/OAT,fut_rates,62,758,long,2015-09-21,2020-10-02,2024-03-28,1215,810,0.9094544523091214,-0.7508029167618053,0.6442036811428621,-0.285323760202632,-0.08231523463896895,-0.1012757808586297,0.05302777716856223,-0.02889638661204197,0.03807967994844536,0.9094544523091214,-0.7185786020368949,False
fut_rates/OAT,fut_rates,74,758,long,2015-09-21,2020-10-02,2024-03-28,1215,810,0.9094544523091214,-0.7132183201440088,0.6442036811428621,-0.2707422800747036,-0.08231523463896895,-0.10258853959027363,0.05302777716856223,-0.02777505511820468,0.0384488052595189,0.9094544523091214,-0.7185786020368949,True
fut_rates/OAT,fut_rates,80,144,long,2013-04-04,2019-08-28,2024-03-28,1583,1056,1.0619339967141153,-0.3886096667175524,0.6025640312081295,-0.2055961145139484,-0.09615520873922224,-0.08916215374052114,0.05793967019956492,-0.018331392370746456,0.0449770542950667,1.2888999019173648,-0.5606589294048053,True
fut_rates/OAT,fut_rates,80,300,long,2013-11-11,2019-12-12,2024-03-28,1489,994,1.2265121062034041,-0.11917481498151265,0.7881764445250456,-0.08448418679996941,-0.08686508572753526,-0.0701973644655385,0.06846501442209203,-0.005930567252372089,0.042306814328194296,1.2916925799889651,-0.4647018932138744,True
fut_rates/OAT,fut_rates,100,200,long,2013-06-24,2019-10-04,2024-03-28,1549,1034,1.3650972448551533,-0.24611246874582945,0.8753996711723548,-0.1561121451555815,-0.08686508572753526,-0.07550785147805533,0.07604166748224278,-0.011787692670328264,0.044170582773874575,1.4441940679724847,-0.5289736303264462,True
fut_rates/OAT,fut_rates,100,250,long,2013-09-02,2019-11-11,2024-03-28,1519,1014,1.2385234442662645,-0.17713544297830003,0.706841474975445,-0.10481340019142493,-0.0977534374959943,-0.07943578512737066,0.06909618394358859,-0.008325934736075142,0.04212686694005205,1.3633017804651204,-0.45405878624463136,True
fut_rates/OAT,fut_rates,100,300,long,2013-11-11,2019-12-12,2024-03-28,1489,994,1.2438950899287382,-0.054786707212445315,0.8034932686913863,-0.046346504104921284,-0.08686508572753526,-0.0701973644655385,0.0697955116663748,-0.0032534024403567353,0.04266256521583547,1.2916925799889651,-0.4647018932138744,True
fut_rates/OAT,fut_rates,100,400,long,2014-04-10,2020-02-14,2024-03-28,1429,954,1.214273177685555,-0.24381313983747424,0.7913130413706185,-0.17063549056899366,-0.08686508572753526,-0.0725172224562874,0.06873747517597543,-0.012374011828529444,0.04656914748558008,1.214273177685555,-0.5379463786875295,True
fut_rates/OAT,fut_rates,116,378,long,2014-03-06,2020-02-04,2024-03-28,1443,962,1.27449905993777,-0.21986658637668544,0.8339323446419405,-0.15897437197413833,-0.08686508572753529,-0.07073394466827823,0.07243960460828668,-0.011244884430892981,0.046466652334690745,1.27449905993777,-0.5289800392851388,True
fut_rates/OAT,fut_rates,120,398,long,2014-04-07,2020-02-14,2024-03-28,1431,954,1.2225224645308261,-0.24991702564685858,0.7971132275510502,-0.17212439761663986,-0.08686508572753526,-0.07352596863959852,0.0692413088457743,-0.012655613061270849,0.046572197378705285,1.2225224645308261,-0.5379463786875295,True
fut_rates/OAT,fut_rates,134,750,long,2015-09-09,2020-09-28,2024-03-28,1219,814,0.9106059360568607,-0.8987215260650888,0.6500725627934582,-0.26505108999438315,-0.08231523463896895,-0.1375410580618507,0.05351087553869938,-0.036455407358274274,0.04040448376687005,0.9106059360568607,-0.7137772953128935,False
fut_rates/OAT,fut_rates,150,400,long,2014-04-10,2020-02-14,2024-03-28,1429,954,1.214273177685555,-0.27033581561257314,0.7913130413706185,-0.16772691544626803,-0.08686508572753526,-0.082584690904885,0.06873747517597543,-0.013851675468559827,0.04739505230905786,1.214273177685555,-0.5379463786875295,True
fut_rates/OAT,fut_rates,150,500,long,2014-09-10,2020-04-30,2024-03-28,1369,914,0.8636507715651159,-0.45636374886979264,0.6127386994865919,-0.18708272215575997,-0.08686508572753521,-0.09716474651536164,0.05322559965948123,-0.018177845275668247,0.03855826612218651,0.8636507715651159,-0.5842171416075672,True
fut_rates/OAT,fut_rates,150,710,long,2015-07-15,2020-09-04,2024-03-28,1243,830,0.9085465531109769,-0.8230390700856673,0.6539561865319241,-0.2425195634439258,-0.082315234638969,-0.13754105806185069,0.053830556937980716,-0.03335639735677568,0.04022768511511809,0.9085465531109769,-0.6745329703238127,False
fut_rates/OAT,fut_rates,162,678,long,2015-06-01,2020-08-19,2024-03-28,1263,842,0.8128991252238387,-0.8188285766207725,0.5970351251676302,-0.24137509626359957,-0.08231523463896895,-0.1375410580618507,0.049145086415879675,-0.033198986129876554,0.040235431802395305,0.8128991252238387,-0.6722906883831278,False
fut_rates/OAT,fut_rates,174,698,long,2015-06-29,2020-08-31,2024-03-28,1251,834,0.9079494978059829,-0.7679712732544601,0.6593577035604139,-0.22897697805634562,-0.08231523463896902,-0.1375410580618507,0.05427518407958725,-0.03149373583367495,0.040586988945719785,0.9079494978059829,-0.648488273636477,False
fut_rates/OAT,fut_rates,200,400,long,2014-04-10,2020-02-14,2024-03-28,1429,954,1.214273177685555,-0.17969148128670287,0.7913130413706185,-0.11778594233979538,-0.08686508572753526,-0.082584690904885,0.06873747517597543,-0.009727315641072608,0.04793547401397585,1.214273177685555,-0.5379463786875295,True
fut_rates/OAT,fut_rates,200,600,long,2015-02-04,2020-07-03,2024-03-28,1309,874,0.6973425399916402,-0.7362437759423219,0.4893543946990525,-0.21770282290669837,-0.08686508572753521,-0.13754105806185074,0.0425078114466793,-0.02994307660563901,0.040185688560651196,0.6973425399916402,-0.6305344567938981,False
fut_rates/US10,fut_rates,5,20,long,1992-07-31,2011-10-04,2024-03-28,4803,3203,0.670527233659728,-0.3981793233223218,0.28221910834014435,-0.10836964465960024,-0.3069386480956138,-0.1599828969306396,0.08662395158067347,-0.017337289691986862,0.041735842812779686,0.7025441530700193,0.011005212174394076,False
fut_rates/US10,fut_rates,5,35,long,1992-08-21,2011-10-12,2024-03-28,4794,3197,0.6900250312223952,-0.020369309301860355,0.27097519939923537,-0.015634617068147855,-0.33211875649593653,-0.11021053040725277,0.0899959462657125,-0.0017230994397948625,0.04180364820267467,0.6921142164372184,0.060408674434087,False
fut_rates/US10,fut_rates,8,21,long,1992-08-03,2011-10-05,2024-03-28,4803,3202,0.6439230591563442,-0.23839917345081107,0.268320849734034,-0.08204069968409006,-0.3105481282548616,-0.13166099250762775,0.08332653765665823,-0.010801559946427518,0.04187868749483716,0.6994805821042757,0.024685140803627277,False
fut_rates/US10,fut_rates,9,21,long,1992-08-03,2011-10-05,2024-03-28,4803,3202,0.6439607477618647,-0.21302667176739348,0.2557565503715496,-0.0840932071626409,-0.32602885717374575,-0.11541578421185403,0.08338401583233586,-0.0097056834515661,0.04170358984501732,0.6994805821042757,0.024685140803627277,False
fut_rates/US10,fut_rates,10,20,long,1992-07-31,2011-10-04,2024-03-28,4803,3203,0.6466480985685189,-0.2572005893560622,0.2813022013467781,-0.0961922036261399,-0.29821382855088097,-0.1189335140973382,0.08388820644341348,-0.011440476806023536,0.04140552647150789,0.7025441530700193,0.011005212174394076,False
fut_rates/US10,fut_rates,10,30,long,1992-08-14,2011-10-10,2024-03-28,4797,3199,0.6878852190209239,-0.007590624665624966,0.2925511543382583,-0.01168976001575097,-0.30764189489484073,-0.10011107995201479,0.09000099147429479,-0.0011702744995567111,0.04140745926624366,0.6907319438062925,0.06580977596609115,False
fut_rates/US10,fut_rates,10,100,long,1992-11-23,2011-11-17,2024-03-28,4755,3171,0.752336412907604,0.2756255069208266,0.4058208594554946,0.1483679594448185,-0.25020229755986256,-0.0705253665821215,0.10153731143348282,0.010463704728887161,0.040782074584089584,0.7608907583463803,0.013321524095703755,True
fut_rates/US10,fut_rates,12,26,long,1992-08-10,2011-10-07,2024-03-28,4800,3200,0.7240606624565777,0.010993908202680683,0.31400364026133104,-0.0042433937227087356,-0.3049744082831506,-0.09728210893361187,0.09576307438745471,-0.000412806290380756,0.041781307496587525,0.6952931760675436,0.04448583172819112,False
fut_rates/US10,fut_rates,13,48,long,1992-09-10,2011-10-19,2024-03-28,4786,3192,0.704236228733259,0.06297643752993617,0.30539026887623316,0.018718103019089945,-0.30869051701947653,-0.09370995490402469,0.09427107999212136,0.001754072589807807,0.04148501737339079,0.6959420098589553,0.04548416071773681,True
fut_rates/US10,fut_rates,20,50,long,1992-09-14,2011-10-20,2024-03-28,4785,3191,0.6631415045214263,0.12488162549496845,0.31971659096352,0.039466064448015634,-0.2744126771038737,-0.11047838605027453,0.08773428564082368,0.004360147103972886,0.04184537247221699,0.6955103054281123,0.04778588778813515,True
fut_rates/US10,fut_rates,20,60,long,1992-09-28,2011-10-26,2024-03-28,4779,3187,0.725827322437385,0.16440477078369908,0.411550206736118,0.05683803837864782,-0.23752326950005687,-0.10688870537738636,0.09775275066738706,0.006075344338483866,0.042274302587172165,0.6890283010562173,0.049924296227023456,True
fut_rates/US10,fut_rates,20,100,long,1992-11-23,2011-11-17,2024-03-28,4755,3171,0.779053314517302,0.3480803529250653,0.4848494184088953,0.22792447344534736,-0.22043990644886594,-0.05908122640770152,0.10688016043584393,0.01346605741948072,0.04082141351140938,0.7608907583463803,0.013321524095703755,True
fut_rates/US10,fut_rates,21,55,long,1992-09-21,2011-10-24,2024-03-28,4782,3189,0.6651143386691247,0.11991708565996441,0.3154663296103858,0.036704598641457066,-0.2799896649358577,-0.11369479565196816,0.08832731192615675,0.004173121842027969,0.042121577721410876,0.6944356592962997,0.05367086283559918,True
fut_rates/US10,fut_rates,30,90,long,1992-11-09,2011-11-11,2024-03-28,4761,3175,0.7181053012955665,0.25728366184680035,0.33730661816792373,0.10589949359566247,-0.29082423886967423,-0.0913975842857277,0.09809694049439026,0.009678957891725442,0.04064886572458655,0.7729075098128292,0.030707472418075348,True
fut_rates/US10,fut_rates,30,200,long,1993-04-19,2012-01-18,2024-03-28,4695,3131,0.6160961351781838,0.49883734982565214,0.2955862602422756,0.33932435370263164,-0.27197249890459607,-0.05768643452298439,0.08039133383995595,0.019574412111920854,0.04050569118240604,0.6372010437868576,-0.005129382484552043,True
fut_rates/US10,fut_rates,40,100,long,1992-11-23,2011-11-17,2024-03-28,4755,3171,0.7266567464873132,0.2470726309067353,0.44134259402609083,0.09765644555261792,-0.22634426173032715,-0.09547952813762862,0.09989536361498302,0.00932419134096198,0.040957309785021635,0.7608907583463803,0.013321524095703755,True
fut_rates/US10,fut_rates,50,150,long,1993-02-04,2011-12-16,2024-03-28,4725,3151,0.6751105372159246,0.39164999892974484,0.3215729169351474,0.24486712894955204,-0.2855910793525478,-0.06236638489077825,0.09183835643805593,0.01527147761116759,0.04082550889146682,0.69173566683145,-0.003651961860785449,True
fut_rates/US10,fut_rates,50,200,long,1993-04-19,2012-01-18,2024-03-28,4695,3131,0.660491620100635,0.3510661678156319,0.3850925520503261,0.18241308498729114,-0.22859083462720828,-0.07447723809079126,0.08802862788190569,0.013585622761474224,0.040809157498172446,0.6372010437868576,-0.005129382484552043,True
fut_rates/US10,fut_rates,60,120,long,1992-12-22,2011-11-30,2024-03-28,4743,3163,0.696662375433288,0.26191358672441223,0.3517762473076223,0.11691000642153512,-0.2720301333153946,-0.08422632397780035,0.09569373945228171,0.009846900077106936,0.04055018618170657,0.7260875534219406,0.026186885748863926,True
fut_rates/US10,fut_rates,60,132,long,1993-01-11,2011-12-07,2024-03-28,4736,3158,0.7090259610611117,0.34023807567736264,0.3639485433149488,0.17578900540316736,-0.267385679048385,-0.07491874910666976,0.09731462839293815,0.013169892391510911,0.040914805198783565,0.7357967282418323,0.015994172178539153,True
fut_rates/US10,fut_rates,60,180,long,1993-03-19,2012-01-05,2024-03-28,4707,3139,0.6937085495349573,0.37978078407212507,0.39803166299954934,0.20754301998769015,-0.23592826495242672,-0.07114942532992831,0.0939069196476127,0.014766566603361979,0.04078753047775997,0.6526503311699815,0.0073427191420788445,True
fut_rates/US10,fut_rates,60,400,long,1994-02-01,2012-05-10,2024-03-28,4575,3051,0.5501879994589199,0.1789196431058839,0.23936665447794342,0.07739840446413293,-0.2959042587947614,-0.08536551445972362,0.0708296124734776,0.006607154615442477,0.041653593676958534,0.6089787080498004,-0.03371533489810542,True
fut_rates/US10,fut_rates,62,758,long,1995-07-05,2012-12-03,2024-03-28,4360,2908,0.6384488104492153,0.21450073170944647,0.29517082821935514,0.11317141166229201,-0.28329391017841665,-0.07689769983245492,0.08362009809686284,0.00870262124362212,0.04514487634873943,0.6708324828107238,-0.0881526976725456,True
fut_rates/US10,fut_rates,74,758,long,1995-07-05,2012-12-03,2024-03-28,4360,2908,0.6155565034632446,0.197474794783346,0.27310946344154136,0.09719847853452407,-0.2938847175075339,-0.08155212663164703,0.08026269751215155,0.007926742629850932,0.045139180507049084,0.6708324828107238,-0.0881526976725456,True
fut_rates/US10,fut_rates,80,144,long,1993-01-27,2011-12-14,2024-03-28,4729,3153,0.7232476154704762,0.38227579210338336,0.38241466265396723,0.1921325241367455,-0.2634564010812132,-0.07751423156877614,0.10074959074350044,0.014893004967829162,0.04085439512564889,0.7043357005005357,0.002222894930921958,True
fut_rates/US10,fut_rates,80,300,long,1993-09-10,2012-03-15,2024-03-28,4635,3091,0.456146534747717,0.3576821708581378,0.17848296451320328,0.18462143561612573,-0.31685694569300393,-0.07428157645279097,0.0565535669938864,0.013713971284543271,0.04035724159142361,0.5632578541914166,0.028227475122580708,True
fut_rates/US10,fut_rates,100,200,long,1993-04-19,2012-01-18,2024-03-28,4695,3131,0.6175841995301521,0.350308453336964,0.26402705776971314,0.17654761675287597,-0.3120500398185569,-0.07560777767590679,0.08238965389021541,0.013348372956662644,0.04015351168850416,0.6372010437868576,-0.005129382484552043,True
fut_rates/US10,fut_rates,100,250,long,1993-06-29,2012-02-15,2024-03-28,4665,3111,0.5031821240169051,0.31411708139609584,0.19800196078890864,0.14638528003399695,-0.32397577074846234,-0.08156034164254855,0.0641478378562935,0.011939233451012932,0.04037874474603912,0.6150305057575854,-0.01030810889828292,True
fut_rates/US10,fut_rates,100,300,long,1993-09-10,2012-03-15,2024-03-28,4635,3091,0.4558864482561544,0.27730201483958744,0.18223658899697057,0.11279054978895954,-0.31205003981855695,-0.09301993115946773,0.05686693485290266,0.010491769176807534,0.04061125927898213,0.5632578541914166,0.028227475122580708,True
fut_rates/US10,fut_rates,100,400,long,1994-02-01,2012-05-10,2024-03-28,4575,3051,0.5161833677287182,0.1847050923647367,0.233197125577808,0.0727630968047344,-0.288332713061718,-0.09624256832802686,0.06723835989604353,0.007002907315988483,0.04272103751849142,0.6089787080498004,-0.03371533489810542,True
fut_rates/US10,fut_rates,116,378,long,1993-12-31,2012-04-27,2024-03-28,4588,3060,0.5235103584509776,0.2670308023755039,0.22584562553120754,0.11122166645236978,-0.3041998862461485,-0.09374454246611579,0.06870221359578359,0.010426424233896343,0.04217327225347657,0.61791062086256,-0.0238111115849015,True
fut_rates/US10,fut_rates,120,398,long,1994-01-28,2012-05-09,2024-03-28,4576,3052,0.4937744555592733,0.20270197516134775,0.21380937509711703,0.08902815893480721,-0.29920568045467855,-0.08844217260533661,0.0639729795635225,0.00787384379924756,0.04331988947539509,0.5990381588217267,-0.03567796745281302,True
fut_rates/US10,fut_rates,134,750,long,1995-06-22,2012-11-28,2024-03-28,4365,2911,0.6279796894110353,0.1050365522962117,0.2810852176198243,0.04013220400132304,-0.295955856549598,-0.09379543532532968,0.08318881634410526,0.0037642175448690317,0.04571305096022569,0.6480393533695972,-0.08834953439848775,True
fut_rates/US10,fut_rates,150,400,long,1994-02-01,2012-05-10,2024-03-28,4575,3051,0.5193379847157803,0.2449432925281856,0.23700547245135944,0.11195203447487408,-0.288332713061718,-0.08839790967437385,0.06833643088237473,0.009896325831372305,0.04418864624331339,0.6089787080498004,-0.03371533489810542,True
fut_rates/US10,fut_rates,150,500,long,1994-06-24,2012-07-09,2024-03-28,4515,3011,0.6062750457208228,0.23239501183466788,0.2835189371720134,0.12530637503821068,-0.28645778722851184,-0.07571070964392922,0.08121620737967443,0.009487034577051268,0.04498249435896578,0.7557271014543822,-0.07797796764774424,True
fut_rates/US10,fut_rates,150,710,long,1995-04-26,2012-11-05,2024-03-28,4389,2927,0.7133885692619839,0.13852725339127542,0.32932290932752867,0.060782010777991544,-0.2999562357417954,-0.08718071529914537,0.09878246022542211,0.005299019176945666,0.0456799779916602,0.7390987184628519,-0.07458722931677818,True
fut_rates/US10,fut_rates,162,678,long,1995-03-10,2012-10-17,2024-03-28,4408,2940,0.7196945137078979,0.15677432915506181,0.33329728519686463,0.06956943452397801,-0.2991668007785665,-0.08822541060396093,0.09971148252052746,0.006137791926363335,0.045684391120091546,0.7613429459619918,-0.05739985065445484,True
fut_rates/US10,fut_rates,174,698,long,1995-04-07,2012-10-29,2024-03-28,4396,2932,0.7422209567965624,0.11821989694854741,0.34509238263948155,0.04395238557347029,-0.30006447389691504,-0.09956481263882053,0.10354996424254893,0.004376111034651768,0.045806825393130725,0.7546250726599425,-0.06877870667493534,True
fut_rates/US10,fut_rates,200,400,long,1994-02-01,2012-05-10,2024-03-28,4575,3051,0.4394955401341613,0.24072253146581846,0.18271628692322364,0.12145152119298144,-0.30841405849819953,-0.08122717846976837,0.05635227160371291,0.00986516438736716,0.044982121011605015,0.6089787080498004,-0.03371533489810542,True
fut_rates/US10,fut_rates,200,600,long,1994-11-15,2012-09-04,2024-03-28,4455,2971,0.6783659525580932,0.13953362584717674,0.30853712919527543,0.06288123729092363,-0.29902966280513466,-0.08498609913088381,0.09226175370612748,0.005344031065879063,0.04566752796761807,0.8289938559786478,-0.07792369068928316,True
fut_rates/US20,fut_rates,5,20,long,1993-07-20,2012-01-24,2024-03-28,4638,3093,0.49075944794516285,0.21978611976049148,0.1874590726162398,0.07214692946919943,-0.511847556062634,-0.21672554517224718,0.09595046818039019,0.01563608262171591,0.08833151582267808,0.4712663436172541,0.0947852693043585,True
fut_rates/US20,fut_rates,5,35,long,1993-08-10,2012-02-01,2024-03-28,4629,3087,0.43133595510177725,0.1605323534966608,0.16322202637027125,0.05483838814735504,-0.49278530495804884,-0.1893125658146078,0.0804334160407448,0.01038159596531316,0.08892851786531912,0.47814316421959424,0.06830771113493517,True
fut_rates/US20,fut_rates,8,21,long,1993-07-21,2012-01-25,2024-03-28,4638,3092,0.46336093914451715,0.19898048464757634,0.16451848377943745,0.07169719540903992,-0.5386731385860546,-0.19271770185372758,0.08862168801288849,0.0138173187285878,0.08870663734746564,0.4725294364772465,0.08959602781440057,True
fut_rates/US20,fut_rates,9,21,long,1993-07-21,2012-01-25,2024-03-28,4638,3092,0.3848696227917229,0.1849717441144257,0.13266941904284857,0.07136813109167935,-0.5095513829339202,-0.17593496035177392,0.06760188594632326,0.01255614931399481,0.08868360535698196,0.4725294364772465,0.08959602781440057,True
fut_rates/US20,fut_rates,10,20,long,1993-07-20,2012-01-24,2024-03-28,4638,3093,0.40016528535051954,0.16239879747332583,0.14035393164917567,0.05475744860859509,-0.5115693938750699,-0.19202538177177042,0.0718007757417518,0.010514819973913571,0.08846295373438971,0.4712663436172541,0.0947852693043585,True
fut_rates/US20,fut_rates,10,30,long,1993-08-03,2012-01-30,2024-03-28,4632,3089,0.4525720571394149,0.16983237181604544,0.18140054198631012,0.05988707091443694,-0.4763952478295264,-0.18612200878333035,0.08641835615597862,0.01114630193874476,0.08806039303789943,0.47854550463606893,0.06605596942379917,True
fut_rates/US20,fut_rates,10,100,long,1993-11-11,2012-03-09,2024-03-28,4590,3061,0.4737312800839065,0.04968516218077398,0.23236056531177826,0.0020661944583509023,-0.4052716153131509,-0.20679784168679283,0.09416914163898128,0.00042728455449217857,0.08998308788151319,0.5054408855217176,0.08930999911925462,False
fut_rates/US20,fut_rates,12,26,long,1993-07-28,2012-01-27,2024-03-28,4635,3090,0.4805680083863442,0.17187487355203834,0.2113955352353063,0.07552763931375457,-0.4457742879989266,-0.15005398423796595,0.09423469420567067,0.011333223199116905,0.0881211840006645,0.476020750623965,0.07584727627407876,True
fut_rates/US20,fut_rates,13,48,long,1993-08-27,2012-02-08,2024-03-28,4621,3082,0.4334366963205419,0.22388502301163116,0.16250769868549028,0.09799574715326968,-0.5018117445461463,-0.1645412686253914,0.08154827177954536,0.01612434455649208,0.08918418334110552,0.4744011225941072,0.085301888109597,True
fut_rates/US20,fut_rates,20,50,long,1993-08-31,2012-02-09,2024-03-28,4620,3081,0.4905131990689467,0.32543774894917354,0.25853590592975234,0.12286024350883065,-0.37876841097128305,-0.20656288342072454,0.0979252342680334,0.025378366156956416,0.08922028230280502,0.4731663300832118,0.09061363755044886,True
fut_rates/US20,fut_rates,20,60,long,1993-09-16,2012-02-15,2024-03-28,4614,3077,0.5271118701162262,0.2066575387060264,0.24031073176501963,0.06475846158695336,-0.4514642370337853,-0.2237877654677813,0.10849170116732522,0.014492151413675445,0.08857264238240585,0.4750255201870383,0.0771413825195428,True
fut_rates/US20,fut_rates,20,100,long,1993-11-11,2012-03-09,2024-03-28,4590,3061,0.520683731803598,0.07252816565112453,0.26713353525978484,0.011799081650237037,-0.4052716153131509,-0.21005940324586347,0.10826163933904555,0.00247850805029801,0.09039403512352413,0.5054408855217176,0.08930999911925462,False
fut_rates/US20,fut_rates,21,55,long,1993-09-09,2012-02-13,2024-03-28,4617,3079,0.5412350725951266,0.21116929859482414,0.29024663205279605,0.06654391635554291,-0.3868511174433768,-0.22438933341178594,0.11228223394380077,0.014931745033629915,0.0888464955193656,0.4748636745252805,0.084226676097526,True
fut_rates/US20,fut_rates,30,90,long,1993-10-28,2012-03-05,2024-03-28,4596,3065,0.5126022358345793,0.12149605583811607,0.23905450717252097,0.036799432620041574,-0.4412012045357361,-0.1880777159416986,0.10547113651421301,0.006921153235127857,0.09026160059906534,0.4783422321822578,0.08478492914772935,True
fut_rates/US20,fut_rates,30,200,long,1994-04-05,2012-05-04,2024-03-28,4530,3021,0.4870708082084988,0.25757588270955295,0.2241672419246066,0.13048295771863846,-0.43554097406162495,-0.14851442561465228,0.0976340189005511,0.01937860151808455,0.09035029725085462,0.6053087749246624,0.06544534492335453,True
fut_rates/US20,fut_rates,40,100,long,1993-11-11,2012-03-09,2024-03-28,4590,3061,0.5668666278763741,0.2735709725179572,0.29977381202149544,0.10098135680298054,-0.405271615313151,-0.20759662029274747,0.12148981702653233,0.0209633883848748,0.09093762949158173,0.5054408855217176,0.08930999911925462,True
fut_rates/US20,fut_rates,50,150,long,1994-01-24,2012-04-06,2024-03-28,4560,3041,0.47330389680713336,0.24052011690975703,0.23126237947433048,0.10982283853641028,-0.4052716153131509,-0.16211524925808193,0.09372407809072479,0.01780395684356024,0.09031753217685576,0.49781772810814817,0.09065349345594478,True
fut_rates/US20,fut_rates,50,200,long,1994-04-05,2012-05-04,2024-03-28,4530,3021,0.430967401694722,0.1661724227824202,0.17492072010101223,0.060794377964676745,-0.46794209015183896,-0.1810429959768871,0.08185276737493245,0.011006396325276327,0.0904991401939444,0.6053087749246624,0.06544534492335453,True
fut_rates/US20,fut_rates,60,120,long,1993-12-10,2012-03-21,2024-03-28,4578,3053,0.47410702163925295,0.3832820760387226,0.23260353903855946,0.2026362896392335,-0.4052716153131509,-0.15275812708147657,0.09426761199371256,0.030954340084028923,0.09012178170613806,0.49293134070325967,0.11609414444180922,True
fut_rates/US20,fut_rates,60,132,long,1993-12-29,2012-03-28,2024-03-28,4571,3048,0.422524804328265,0.33394826769119323,0.17764549451419148,0.18097840284510966,-0.4476859200115183,-0.14621994387912707,0.07952938664748695,0.026462651907345987,0.09045367100267228,0.4951418219254148,0.10477304575932661,True
fut_rates/US20,fut_rates,60,180,long,1994-03-08,2012-04-24,2024-03-28,4542,3029,0.43357471190934777,0.18919452278587037,0.1659213673798784,0.07216136709997928,-0.49695107526956,-0.18171161671667324,0.08245480192962626,0.01311255868022259,0.09047516491151296,0.55543493430223,0.07574527989356969,True
fut_rates/US20,fut_rates,60,400,long,1995-01-20,2012-08-28,2024-03-28,4410,2941,0.5576134774645047,0.04126222078551892,0.24835202577287718,-0.002522754502435464,-0.488846517323172,-0.21837510201220833,0.12140602286922567,-0.0005509067718211024,0.09428507613920384,0.7126600015085379,0.021026127563218276,True
fut_rates/US20,fut_rates,62,758,long,1996-06-21,2013-03-25,2024-03-28,4195,2798,0.5508687928866611,0.18970682963109617,0.24814057283306676,0.0679764810399297,-0.43260492660379257,-0.21055226210037753,0.1073468342978719,0.014312601852580622,0.10268642818134606,0.5936035348633566,0.050160753350625704,True
fut_rates/US20,fut_rates,74,758,long,1996-06-21,2013-03-25,2024-03-28,4195,2798,0.5725043460128653,0.2129767791238055,0.2710985828243512,0.09150064951609783,-0.4166782006871651,-0.18344409772090528,0.11296086970009105,0.016785254091357355,0.10310053739406451,0.5936035348633566,0.050160753350625704,True
fut_rates/US20,fut_rates,80,144,long,1994-01-14,2012-04-04,2024-03-28,4564,3043,0.32993980839433756,0.2987947071509328,0.09727474254461699,0.12720231829465511,-0.5507166521378687,-0.18064140042217716,0.05357082055174457,0.022978004913694026,0.08939592838097388,0.4981760566372253,0.11264601153479817,True
fut_rates/US20,fut_rates,80,300,long,1994-08-26,2012-07-02,2024-03-28,4470,2981,0.5371229614471936,0.05173668128368456,0.21247008491187042,0.002441613748066474,-0.5366528743075881,-0.2095108972376684,0.11402268177233257,0.0005115446870652333,0.09248206966201238,0.6514508036798777,0.01797184154592777,True
fut_rates/US20,fut_rates,100,200,long,1994-04-05,2012-05-04,2024-03-28,4530,3021,0.45836502898328446,0.2245023056423457,0.15238965562357984,0.08199080219549364,-0.5874667845965504,-0.20096370101489933,0.08952386099496008,0.016477175058386934,0.09137638368730785,0.6053087749246624,0.06544534492335453,True
fut_rates/US20,fut_rates,100,250,long,1994-06-16,2012-06-04,2024-03-28,4500,3001,0.4953602213790531,0.08546299938109271,0.18038360089090583,0.01777780448731551,-0.5607111514017326,-0.20453579825460713,0.1011430965495304,0.003636197432027414,0.09259497524018924,0.6343537992363714,0.004825428052084969,True
fut_rates/US20,fut_rates,100,300,long,1994-08-26,2012-07-02,2024-03-28,4470,2981,0.5036120511853123,0.11074584877874352,0.19154010421688664,0.027536793652458643,-0.5439990081201638,-0.21772843975534226,0.10419762670921913,0.005995543117814633,0.09299371990937931,0.6514508036798777,0.01797184154592777,True
fut_rates/US20,fut_rates,100,400,long,1995-01-20,2012-08-28,2024-03-28,4410,2941,0.4362711565261664,0.05663350547816025,0.15085159743899082,0.004222401448556022,-0.5656926996534258,-0.21386070771080648,0.08533564740229453,0.0009030057620273253,0.09417066610089664,0.7126600015085379,0.021026127563218276,True
fut_rates/US20,fut_rates,116,378,long,1994-12-16,2012-08-15,2024-03-28,4423,2950,0.4479163234951031,0.07130271481269305,0.17277743272349613,0.01075835015585198,-0.5144976274397359,-0.21328384805218556,0.08889357921136735,0.0022945823199329407,0.093815006939304,0.6936460608897315,0.04407120086111065,True
fut_rates/US20,fut_rates,120,398,long,1995-01-18,2012-08-27,2024-03-28,4411,2942,0.45960229334990355,0.008274068872268106,0.21010122414078786,-0.01695053963798549,-0.44093104896655017,-0.21643505380380895,0.09264015314955386,-0.003668690958550986,0.09444791197807989,0.6915642509425205,0.023591781440598696,False
fut_rates/US20,fut_rates,134,750,long,1996-06-11,2013-03-20,2024-03-28,4200,2801,0.5636883717313022,0.19386161530693305,0.24642936304863147,0.07161239454657402,-0.4508438750216909,-0.2068724982119656,0.1111011689559721,0.014814634962790708,0.10344100950486003,0.5997084825632895,0.0529149647005603,True
fut_rates/US20,fut_rates,150,400,long,1995-01-20,2012-08-28,2024-03-28,4410,2941,0.44665804858666475,-0.03718453756472658,0.20064222916543883,-0.035083226902836655,-0.44093104896655017,-0.2299150440280797,0.08846938857290389,-0.0080661616580128,0.09543115875232247,0.7126600015085379,0.021026127563218276,False
fut_rates/US20,fut_rates,150,500,long,1995-06-14,2012-10-24,2024-03-28,4350,2901,0.3985839825976807,0.09191317856163005,0.1629601014010309,0.017359884859209515,-0.45215831752543806,-0.24267512583786086,0.07368376527326491,0.004212812242739445,0.09884055836096069,0.47346194837216815,0.04113149469191488,True
fut_rates/US20,fut_rates,150,710,long,1996-04-15,2013-02-26,2024-03-28,4224,2817,0.503757945782433,0.15949167416329388,0.2022805376306218,0.05414262439026555,-0.4756869488228525,-0.2068724982119656,0.09622221175175667,0.011200619967366335,0.10321944873975115,0.5551649136651927,0.04530150084242218,True
fut_rates/US20,fut_rates,162,678,long,1996-02-29,2013-02-06,2024-03-28,4243,2830,0.43945417252019475,0.18403506204287404,0.16714981927030556,0.06861346220147617,-0.48144785389198635,-0.2003779450717,0.080473921766122,0.013748624560186556,0.10301386413077589,0.49516930547108073,0.06057348319961074,True
fut_rates/US20,fut_rates,174,698,long,1996-03-28,2013-02-19,2024-03-28,4231,2822,0.48094390619994626,0.16521367251147165,0.18618299437434982,0.05712775433771692,-0.4874098034670325,-0.20655512026006964,0.09074741669690546,0.011800030167414833,0.10325206373640729,0.5394837013770639,0.0641445420243062,True
fut_rates/US20,fut_rates,200,400,long,1995-01-20,2012-08-28,2024-03-28,4410,2941,0.3782776328951356,0.10037295071361607,0.15274699709877826,0.023288302095509267,-0.4455363555268801,-0.21691759902539506,0.0680543404050646,0.005051642575935947,0.09842197158205267,0.7126600015085379,0.021026127563218276,True
fut_rates/US20,fut_rates,200,600,long,1995-11-06,2012-12-20,2024-03-28,4290,2861,0.4037326322162497,0.17253773139977607,0.14689402794264075,0.06255076123482205,-0.4900578819395858,-0.2003779450717,0.07198657620314486,0.012533792998904194,0.10280536190346823,0.4637667775505331,0.03838191147337172,True
fx_futures/AUD,fx_futures,5,20,long,1987-07-15,2009-09-09,2024-03-28,5590,3727,0.36260391479464404,0.10064218982838431,0.10048291768525683,0.01680732629257875,-0.5581259841022442,-0.29970020955495846,0.056082127318548766,0.0050371592119444145,0.0920511631341708,0.47032268198384136,0.0356248015270042,True
fx_futures/AUD,fx_futures,5,35,long,1987-08-05,2009-09-17,2024-03-28,5581,3721,0.40490899175388867,-0.07276782270762398,0.10491648610850478,-0.034745553951417575,-0.6401500803003617,-0.319709497383808,0.06716229700719112,-0.011108483590129697,0.09344886240667725,0.4746546897278138,0.022219862976051254,False
fx_futures/AUD,fx_futures,8,21,long,1987-07-16,2009-09-09,2024-03-28,5589,3727,0.3385514481801073,0.11718403924475443,0.07783141454443035,0.027580554752456868,-0.6549905351350239,-0.2389676261596339,0.05097883986277232,0.006590859697360427,0.09293261596995828,0.47036477864340953,0.0356248015270042,True
fx_futures/AUD,fx_futures,9,21,long,1987-07-16,2009-09-09,2024-03-28,5589,3727,0.3311428855468285,0.08443056448835554,0.07936655804773306,0.013210215842560663,-0.6194360475600008,-0.26734895809219883,0.049162507025529135,0.003531737441681652,0.09290396030444927,0.47036477864340953,0.0356248015270042,True
fx_futures/AUD,fx_futures,10,20,long,1987-07-15,2009-09-09,2024-03-28,5590,3727,0.30031531958249574,0.10054863511445149,0.06459243421768375,0.018918271896677802,-0.6533428207242019,-0.26611415112072717,0.042201003169223955,0.005034419866455523,0.09277135864049019,0.47032268198384136,0.0356248015270042,True
fx_futures/AUD,fx_futures,10,30,long,1987-07-29,2009-09-15,2024-03-28,5584,3723,0.4679802853557028,0.09269769414200857,0.13630661537388472,0.019042653808040787,-0.6044946498791613,-0.2257566918060818,0.08239661973664995,0.004299006526911774,0.09480559849096634,0.47115552368513886,0.03365952242831768,True
fx_futures/AUD,fx_futures,10,100,long,1987-11-05,2009-10-26,2024-03-28,5542,3695,0.6123059749655939,-0.10509208164391,0.22031947109915392,-0.040618828713811575,-0.5302835844346548,-0.33632509221609974,0.11683179885520668,-0.013661131312882638,0.09122883377715645,0.5744984815699145,-0.032603136112814485,False
fx_futures/AUD,fx_futures,12,26,long,1987-07-23,2009-09-11,2024-03-28,5586,3725,0.4554167758773021,0.09397664566146206,0.13142392061220975,0.0193825111581719,-0.6046755148341278,-0.22807640906668722,0.07946882685770748,0.004420693543650844,0.09480840235266955,0.4717221709222124,0.03152407751066021,True
fx_futures/AUD,fx_futures,13,48,long,1987-08-24,2009-09-24,2024-03-28,5573,3716,0.4138048741865176,0.011633561799556196,0.12347860497442355,-0.011205081562522808,-0.5651099675564267,-0.29427319137160823,0.06977899045100933,-0.0032973551109827534,0.09368381414353986,0.4723683656405065,0.030555155685306545,False
fx_futures/AUD,fx_futures,20,50,long,1987-08-26,2009-09-25,2024-03-28,5572,3715,0.3977784681788039,-0.06431502172261543,0.12763198703089054,-0.02763115842022038,-0.5185421136074306,-0.36722124307252246,0.06618256031891416,-0.010146748342607124,0.09227831901952688,0.4729709533670189,0.02868106867100955,False
fx_futures/AUD,fx_futures,20,60,long,1987-09-10,2009-10-01,2024-03-28,5566,3711,0.3933045066841745,-0.05417504146514558,0.1293995506697633,-0.02398515933260224,-0.503123496716801,-0.3847292275246719,0.06510395440655418,-0.009227791822088235,0.09233521922251976,0.475176028625871,0.023242777094265556,False
fx_futures/AUD,fx_futures,20,100,long,1987-11-05,2009-10-26,2024-03-28,5542,3695,0.5199051685977115,0.004304798989678596,0.17622527098807603,-0.014614319873425412,-0.5383914356453087,-0.25842640144652346,0.09487817664425381,-0.0037767260944777414,0.09131552799360683,0.5744984815699145,-0.032603136112814485,True
fx_futures/AUD,fx_futures,21,55,long,1987-09-02,2009-09-29,2024-03-28,5569,3713,0.42234992582702996,-0.04689012555230622,0.15572538299769442,-0.024547187325048143,-0.4632929060266095,-0.3486077405453896,0.07214646523110861,-0.00855733951012946,0.09230628963155887,0.47522079316576404,0.02155131352635589,False
fx_futures/AUD,fx_futures,30,90,long,1987-10-22,2009-10-20,2024-03-28,5548,3699,0.4770460377926063,-0.006125311048636629,0.15908122464550967,-0.020451010988986416,-0.5386785200067713,-0.23006483827331256,0.08569363865290786,-0.004705058535706898,0.09110431499398437,0.5155829669438509,-0.04217986371303044,True
fx_futures/AUD,fx_futures,30,200,long,1988-03-30,2009-12-22,2024-03-28,5482,3655,0.6013178914070177,-0.09857301820173332,0.32095282347331944,-0.0347354934477607,-0.3535216487096146,-0.3707626544397901,0.11346377131229378,-0.012878623753967696,0.09017832007734217,0.4666227138200437,0.005388326634451288,False
fx_futures/AUD,fx_futures,40,100,long,1987-11-05,2009-10-26,2024-03-28,5542,3695,0.6483882078538271,-0.14775818202047264,0.2892191492613996,-0.052504667953858775,-0.44088064437879404,-0.329086410703647,0.12751112489305247,-0.017278572722122184,0.0902943627508732,0.5744984815699145,-0.032603136112814485,False
fx_futures/AUD,fx_futures,50,150,long,1988-01-19,2009-11-23,2024-03-28,5512,3675,0.6785759492814956,-0.38612720562641134,0.37634381675243556,-0.08124724744035616,-0.3553271691794773,-0.4718568690164249,0.13372518304484288,-0.0383370717934092,0.09057668922889543,0.5226473321810248,-0.049196246939356515,False
fx_futures/AUD,fx_futures,50,200,long,1988-03-30,2009-12-22,2024-03-28,5482,3655,0.5798045100393017,0.05572106145879849,0.2547280361865262,0.002804508795732537,-0.4261837285515637,-0.30090827352543437,0.10856094422859136,0.0008438998998107727,0.09323408576192346,0.4666227138200437,0.005388326634451288,True
fx_futures/AUD,fx_futures,60,120,long,1987-12-04,2009-11-05,2024-03-28,5530,3687,0.6632328603759341,-0.3042586731452199,0.34848419750836845,-0.07077191543040419,-0.37634946627029536,-0.4386153400164612,0.13115184173590666,-0.03104164775012297,0.09022278101734528,0.5441291593779448,-0.029589895733131574,False
fx_futures/AUD,fx_futures,60,132,long,1987-12-22,2009-11-12,2024-03-28,5523,3682,0.6946463549899403,-0.366739918293328,0.40870080985489055,-0.0790167256930364,-0.3403371441528002,-0.4640225036100129,0.13909606643895006,-0.036665538883148385,0.0906200449050205,0.5173508744612306,-0.04500270122796619,False
fx_futures/AUD,fx_futures,60,180,long,1988-03-02,2009-12-10,2024-03-28,5494,3663,0.6691948903104064,0.01669783542136839,0.3269642151690999,-0.00987238969264103,-0.40085087979826955,-0.2839654374413975,0.1310638933130844,-0.002803417457662754,0.09339615798639266,0.5055690445311829,-0.042511049134947305,True
fx_futures/AUD,fx_futures,60,400,long,1989-01-13,2010-04-19,2024-03-28,5362,3575,0.45392487258848746,0.03775712203990947,0.17063637037721868,-0.0024451727441964608,-0.421134555685549,-0.25206703377270534,0.07186087202260476,-0.0006163474406914679,0.08923936356306143,0.31416225898449057,-0.05468024591880831,True
fx_futures/AUD,fx_futures,62,758,long,1990-06-14,2010-11-09,2024-03-28,5147,3432,0.5301390250328317,-0.3039950231000189,0.19798427789047987,-0.07445355605295367,-0.4004921475964326,-0.3681101630497245,0.07929114864268719,-0.027407110658284578,0.08068963641847866,0.38985303036069874,-0.16965619424690817,False
fx_futures/AUD,fx_futures,74,758,long,1990-06-14,2010-11-09,2024-03-28,5147,3432,0.49296013276081646,-0.2588412729047507,0.1720819132440046,-0.06994366376543971,-0.42231393443619514,-0.3426789608055334,0.07267258982738357,-0.023968222014072522,0.08102600643894306,0.38985303036069874,-0.16965619424690817,False
fx_futures/AUD,fx_futures,80,144,long,1988-01-11,2009-11-18,2024-03-28,5515,3678,0.6375525729097572,-0.03627438804922272,0.3107493322673968,-0.029086109840996265,-0.4000373426782468,-0.272311958993123,0.12431133711928899,-0.007920495550290845,0.09488972772202635,0.5276026709293167,-0.05111174841439553,True
fx_futures/AUD,fx_futures,80,300,long,1988-08-22,2010-02-22,2024-03-28,5422,3615,0.45016117430435193,0.09750535060942978,0.1745075568946686,0.020373902990829747,-0.42113455568554903,-0.23241024098346236,0.07349116243660693,0.004735103703872426,0.09032667477338757,0.35962985180751783,-0.02780285303738377,True
fx_futures/AUD,fx_futures,100,200,long,1988-03-30,2009-12-22,2024-03-28,5482,3655,0.5971577499755283,0.22678020504852173,0.2668675292387545,0.07888410227929164,-0.4243933000865393,-0.2147780297388955,0.11325679141957605,0.016942572065267777,0.09329627964301677,0.4666227138200437,0.005388326634451288,True
fx_futures/AUD,fx_futures,100,250,long,1988-06-10,2010-01-22,2024-03-28,5452,3635,0.43890850320672276,0.18013725332614342,0.175287703558279,0.05984978096577371,-0.42113455568554903,-0.2063751163617775,0.07381970915515605,0.012351505511038445,0.09131158211358513,0.3742120821592054,-0.025727624807878716,True
fx_futures/AUD,fx_futures,100,300,long,1988-08-22,2010-02-22,2024-03-28,5422,3615,0.43450965249742296,0.12228689589143577,0.1672859689947779,0.031646273240188136,-0.42113455568554903,-0.2203886366587714,0.07044990222504233,0.006974479014736023,0.089946498133079,0.35962985180751783,-0.02780285303738377,True
fx_futures/AUD,fx_futures,100,400,long,1989-01-13,2010-04-19,2024-03-28,5362,3575,0.4331566666523259,0.025178163936625725,0.16032843165069718,-0.006608074557095024,-0.421134555685549,-0.2617099994566148,0.06751984282697726,-0.0017293991887466086,0.08911177358656329,0.31416225898449057,-0.05468024591880831,True
fx_futures/AUD,fx_futures,116,378,long,1988-12-12,2010-04-06,2024-03-28,5375,3584,0.4134812661414116,0.04175944412514221,0.15159676081393694,-0.0010565601006004557,-0.421134555685549,-0.24423793712320513,0.06384263450874578,-0.00025805205941734137,0.08921331240327672,0.32494578263234997,-0.05880839996485158,True
fx_futures/AUD,fx_futures,120,398,long,1989-01-11,2010-04-16,2024-03-28,5363,3576,0.3695689574172063,-0.011908570313748005,0.1289438339881803,-0.017511417667719027,-0.42113455568554903,-0.2856482025877806,0.0543027042350035,-0.005002104981547846,0.08890332227371678,0.31604301852380506,-0.05836038463712229,True
fx_futures/AUD,fx_futures,134,750,long,1990-06-04,2010-11-04,2024-03-28,5152,3435,0.48108284342589913,-0.18048032728370542,0.16756598149206056,-0.06178346671691248,-0.42231393443619514,-0.2896327682182929,0.07076544892157476,-0.017894516495342128,0.08158468829604427,0.3979215186305486,-0.17594087098817868,False
fx_futures/AUD,fx_futures,150,400,long,1989-01-13,2010-04-19,2024-03-28,5362,3575,0.38630134644731345,0.040501856461452344,0.137001871857834,-0.001383789177363004,-0.42231393443619514,-0.2553385008314075,0.05785779952940531,-0.00035333465401459613,0.08886601859595167,0.31416225898449057,-0.05468024591880831,True
fx_futures/AUD,fx_futures,150,500,long,1989-06-07,2010-06-15,2024-03-28,5302,3535,0.49081707959428533,0.11185618186486487,0.17879834684593393,0.023200303259783766,-0.42231393443619497,-0.25417571980210146,0.07550903332719379,0.005896953780682579,0.08453168954946974,0.3929127536927139,-0.0036717199962054176,True
fx_futures/AUD,fx_futures,150,710,long,1990-04-05,2010-10-13,2024-03-28,5176,3451,0.46640407260946903,-0.14155774840092658,0.16102741027616707,-0.05037054665533512,-0.4223139344361951,-0.3033422630226566,0.0680041191857995,-0.015279515612117663,0.08388641861507513,0.396233180638182,-0.14723840973370184,True
fx_futures/AUD,fx_futures,162,678,long,1990-02-20,2010-09-24,2024-03-28,5195,3464,0.48040390318252535,-0.08759775463988546,0.16750776432861253,-0.0360375880918,-0.42231393443619486,-0.29972421684528516,0.07074086300222725,-0.01080133786780773,0.08382443293459468,0.3958687808703281,-0.11096042954861308,True
fx_futures/AUD,fx_futures,174,698,long,1990-03-20,2010-10-06,2024-03-28,5183,3456,0.47089283290121914,-0.1172595395006556,0.16326095450684305,-0.04221046330356055,-0.4223139344361951,-0.31507052883422687,0.06894737603759354,-0.013299272995390549,0.08403307150079611,0.4007417589323548,-0.13118127938445553,True
fx_futures/AUD,fx_futures,200,400,long,1989-01-13,2010-04-19,2024-03-28,5362,3575,0.4033651147292257,0.08142322513510475,0.1445956559953764,0.014540197562139737,-0.4223139344361951,-0.22581116997073003,0.061064760385790014,0.0032833390231123308,0.08951739897774925,0.31416225898449057,-0.05468024591880831,True
fx_futures/AUD,fx_futures,200,600,long,1989-10-27,2010-08-11,2024-03-28,5242,3495,0.44406191768218045,0.0346875486890918,0.15253321818105484,-0.002144638349935228,-0.4223139344361951,-0.30228531910717577,0.06441690350225583,-0.0006482926879796573,0.08463429306074557,0.3719686861416971,-0.044520838933177646,True
fx_futures/CAD,fx_futures,5,20,long,1972-10-12,2005-06-02,2024-03-28,8233,5490,0.25980801081772775,-0.3893823559387591,0.05426172219579759,-0.05796016670912159,-0.18985150975816836,-0.45320931437328166,0.010301669880950487,-0.0262680874152021,0.06322065869804472,0.05673490355213632,-0.010947686960743294,False
fx_futures/CAD,fx_futures,5,35,long,1972-11-02,2005-06-10,2024-03-28,8224,5484,0.07094601292601602,-0.3551662829640194,0.007091282853970957,-0.05489929828666326,-0.3004617779464572,-0.4413381914310346,0.002130659454225341,-0.02422915701666886,0.06339218189465819,0.05504977069144481,-0.00925218226941167,False
fx_futures/CAD,fx_futures,8,21,long,1972-10-13,2005-06-03,2024-03-28,8233,5489,0.23954023387356413,-0.2863457124844058,0.044093059887732614,-0.052703764056915195,-0.21518220426732446,-0.37966118753409284,0.009488041819533449,-0.02000957364936506,0.06353037055538609,0.05735065993648578,-0.01156823424191529,False
fx_futures/CAD,fx_futures,9,21,long,1972-10-13,2005-06-03,2024-03-28,8233,5489,0.22556517524089334,-0.3432916666971073,0.038587772414677625,-0.055876259986058045,-0.2301009060418718,-0.41996920750909394,0.008879081394754868,-0.023466308624916894,0.06332207833368897,0.05735065993648578,-0.01156823424191529,False
fx_futures/CAD,fx_futures,10,20,long,1972-10-12,2005-06-02,2024-03-28,8233,5490,0.1919866178156017,-0.32283562284645545,0.033654781707182176,-0.05250324717376177,-0.2201683718703038,-0.4225973535166212,0.0074097184941207825,-0.022187733306660747,0.06328844823895657,0.05673490355213632,-0.010947686960743294,False
fx_futures/CAD,fx_futures,10,30,long,1972-10-26,2005-06-08,2024-03-28,8227,5486,0.005063433282685769,-0.09605633955256655,-0.0025781228002180606,-0.02590179423477581,-0.2749604565227474,-0.31379410811557695,-0.0007088818221196619,-0.008127830420494668,0.06376921284903556,0.054747007046141556,-0.008938953103284023,False
fx_futures/CAD,fx_futures,10,100,long,1973-02-12,2005-07-19,2024-03-28,8185,5458,0.2493077874497858,-0.06731950686540862,0.04365354914091536,-0.019716194068890802,-0.23182510655437952,-0.317161170215457,0.010119988681069546,-0.006253211183084459,0.063349293912385,0.06427964475220045,-0.025075557853751346,False
fx_futures/CAD,fx_futures,12,26,long,1972-10-20,2005-06-07,2024-03-28,8230,5487,0.02070041548791095,-0.13073241388513598,-0.0001263326228149693,-0.030469081877812894,-0.2765471110271173,-0.339539765521448,-3.493692186795825e-05,-0.01034546491644639,0.0639082746612147,0.05759210585045393,-0.011802726804548094,False
fx_futures/CAD,fx_futures,13,48,long,1972-11-22,2005-06-20,2024-03-28,8217,5478,0.1032962553266827,-0.1671140079121035,0.014958782386500412,-0.03186086403393027,-0.2368005166128533,-0.39377889680311134,0.003542247397022548,-0.01254613589047499,0.06347932011894811,0.06300704794311497,-0.017335935329955515,False
fx_futures/CAD,fx_futures,20,50,long,1972-11-28,2005-06-20,2024-03-28,8215,5478,0.1748467370382079,-0.06345138046478627,0.031830813728199285,-0.018630999832883428,-0.21106040393627937,-0.32113016672703854,0.006718224403094207,-0.005982976082625282,0.06313624571852745,0.06301471639726544,-0.017335935329955515,False
fx_futures/CAD,fx_futures,20,60,long,1972-12-12,2005-06-24,2024-03-28,8209,5474,0.18248676545500617,0.023222492368911635,0.033734883147665234,-0.002069056447904089,-0.208145064312483,-0.2578528739009225,0.0070217494223448786,-0.0005335121513553036,0.06327031124197215,0.06170723561062171,-0.018194446453706565,True
fx_futures/CAD,fx_futures,20,100,long,1973-02-12,2005-07-19,2024-03-28,8185,5458,0.3460598477492737,-0.1461681513345506,0.08157075518037077,-0.03142183210515828,-0.17813081067538122,-0.35701867823215594,0.014530264747682497,-0.011218180965816331,0.06341357767764105,0.06427964475220045,-0.025075557853751346,False
fx_futures/CAD,fx_futures,21,55,long,1972-12-05,2005-06-22,2024-03-28,8212,5476,0.20874411112097582,0.02805208651607194,0.04324039033888351,-0.0008396603866271596,-0.18919363015378657,-0.25453806884122476,0.008180806417480093,-0.00021372553329455335,0.06285772926010055,0.06310004216288914,-0.01741756426666484,True
fx_futures/CAD,fx_futures,30,90,long,1973-01-29,2005-07-13,2024-03-28,8191,5462,0.36096577621433845,-0.018245791482572323,0.08233427468079375,-0.011488792498425025,-0.1845618728241656,-0.2703484415640125,0.015195767932706576,-0.003105977147401523,0.06269694018161387,0.07446499629744897,-0.031479551294982616,True
fx_futures/CAD,fx_futures,30,200,long,1973-07-06,2005-09-14,2024-03-28,8125,5418,0.3230898667030676,0.0442600802922378,0.0610816339235123,0.0032571449055266715,-0.22219216096284505,-0.23004059347011693,0.013571860236606621,0.0007492755470855235,0.06565658292150917,0.08915481740261748,-0.044913860883499135,True
fx_futures/CAD,fx_futures,40,100,long,1973-02-12,2005-07-19,2024-03-28,8185,5458,0.3211364743287908,0.02911532872954964,0.07287384409267296,-0.0006776369177488101,-0.18533322026769924,-0.25566746810020163,0.01350594419898133,-0.00017324971505206286,0.06363674494742372,0.06427964475220045,-0.025075557853751346,True
fx_futures/CAD,fx_futures,50,150,long,1973-04-25,2005-08-16,2024-03-28,8155,5438,0.31095450230315824,0.038291808988288545,0.0595764590963622,0.0016947422947286921,-0.21971267843469836,-0.2217664613129888,0.013089703399716988,0.00037583700153943634,0.06496914115934196,0.08586067182015593,-0.03508075751101078,True
fx_futures/CAD,fx_futures,50,200,long,1973-07-06,2005-09-14,2024-03-28,8125,5418,0.39708772596465,0.03563283470999406,0.10119177704660955,0.0008862085977805834,-0.16913918997733596,-0.20964765543691566,0.017115495202030716,0.00018579155475273592,0.06554399966135874,0.08915481740261748,-0.044913860883499135,True
fx_futures/CAD,fx_futures,60,120,long,1973-03-13,2005-07-29,2024-03-28,8173,5450,0.31515756804899675,0.09383258591017919,0.07356345192530249,0.017742079719926047,-0.18068514241204545,-0.22469068393069128,0.013291822787444939,0.003986480026623031,0.06477102396935555,0.06491670030041179,-0.022243398447523634,True
fx_futures/CAD,fx_futures,60,132,long,1973-03-29,2005-08-05,2024-03-28,8166,5445,0.3219554931417111,0.07146842765939983,0.07429941752813383,0.01233184809611687,-0.1833811799774264,-0.20539811878599143,0.01362511485794466,0.002532938400097015,0.0647389769902554,0.07043795092947824,-0.026297932414220015,True
fx_futures/CAD,fx_futures,60,180,long,1973-06-07,2005-09-01,2024-03-28,8137,5426,0.4012347873768114,0.028674327426295828,0.1045501659904011,-0.001258191793773024,-0.16514114606466226,-0.2057035048282975,0.017265534232905513,-0.00025881446172531353,0.0652326640285358,0.09234572359620406,-0.04362028486544475,True
fx_futures/CAD,fx_futures,60,400,long,1974-04-24,2006-01-11,2024-03-28,8005,5338,0.3953258266142409,-0.020409638898835875,0.1006715907716535,-0.015003671796636994,-0.16384811403179886,-0.21762092093981233,0.01649485028451647,-0.003265112873862831,0.06298405679282686,0.0789313874109735,-0.0558495901665686,True
fx_futures/CAD,fx_futures,62,758,long,1975-09-22,2006-08-08,2024-03-28,7791,5194,0.43490139755201807,-0.07941763144403272,0.10877499277588097,-0.025586574496180712,-0.1682597322469265,-0.2925123386223083,0.018302451159631097,-0.00748438874321173,0.06661602894688093,0.15211710373645762,-0.0756662421671999,False
fx_futures/CAD,fx_futures,74,758,long,1975-09-22,2006-08-08,2024-03-28,7791,5194,0.4167075960320704,-0.07693242026938356,0.10316141240089888,-0.024442080700569347,-0.16925792189231878,-0.2988051019974082,0.01746088628245263,-0.0073034184167625055,0.06649835710250876,0.15211710373645762,-0.0756662421671999,False
fx_futures/CAD,fx_futures,80,144,long,1973-04-16,2005-08-12,2024-03-28,8159,5440,0.35114069972916795,0.039462931749877826,0.0796597859640444,0.0020799589960457804,-0.18815263003607216,-0.21412447024070405,0.01498819823724554,0.0004453701181506894,0.0652188581811253,0.08482960403276651,-0.0370870608468917,True
fx_futures/CAD,fx_futures,80,300,long,1973-11-28,2005-11-10,2024-03-28,8065,5378,0.41302980131165057,-0.06581262297993958,0.10060016121972609,-0.023189730143500144,-0.17444755914212676,-0.26500272733167696,0.017549452574085654,-0.006145341734113139,0.06324697967652068,0.09726092046139928,-0.03929712056759063,False
fx_futures/CAD,fx_futures,100,200,long,1973-07-06,2005-09-14,2024-03-28,8125,5418,0.4011121006441911,-0.00912673489365933,0.10177215898248565,-0.009718033072515824,-0.16979003483930996,-0.2715116187671459,0.01727989841930803,-0.002638558890751432,0.0641130109283903,0.08915481740261748,-0.044913860883499135,True
fx_futures/CAD,fx_futures,100,250,long,1973-09-17,2005-10-13,2024-03-28,8095,5398,0.46510827235352903,-0.007464516974425101,0.13412156102759182,-0.010621797500660017,-0.14857298114144385,-0.23252329123224635,0.01992684015721341,-0.0024698153136559157,0.06323371030192337,0.10198671764753757,-0.04248636674186476,True
fx_futures/CAD,fx_futures,100,300,long,1973-11-28,2005-11-10,2024-03-28,8065,5378,0.4155272892881736,-0.09026261322462115,0.11180257118977313,-0.02695332187314249,-0.15619694481199406,-0.28390741612617376,0.01746322004196803,-0.007652247969020967,0.06305891211012207,0.09726092046139928,-0.03929712056759063,False
fx_futures/CAD,fx_futures,100,400,long,1974-04-24,2006-01-11,2024-03-28,8005,5338,0.46509685492960906,-0.046483753981008714,0.14894663311095513,-0.019407070027493787,-0.13008789133433343,-0.266673305444115,0.01937615342275276,-0.00517534751321718,0.06546748494238844,0.0789313874109735,-0.0558495901665686,True
fx_futures/CAD,fx_futures,116,378,long,1974-03-22,2005-12-29,2024-03-28,8019,5346,0.47452023135752763,-0.036657950458609215,0.15037710652286534,-0.017422447386909994,-0.1313414945797585,-0.2600894404314981,0.019750753921292684,-0.004531394591808637,0.06543173780866259,0.08510726143561093,-0.052482179139991716,True
fx_futures/CAD,fx_futures,120,398,long,1974-04-22,2006-01-11,2024-03-28,8007,5338,0.4290304033847272,-0.06798664937025789,0.10830143295326317,-0.02383861093995641,-0.1642851188857703,-0.2763080924275475,0.01779231378822612,-0.006586801114941821,0.06555774761323202,0.08634407562359359,-0.0558495901665686,False
fx_futures/CAD,fx_futures,134,750,long,1975-09-10,2006-08-02,2024-03-28,7795,5198,0.4252883929024041,-0.0751912452257047,0.11388636664376986,-0.02584753805832686,-0.15484203552812162,-0.2836769660806101,0.017634396830023297,-0.007332351177039268,0.06752637202229891,0.15346762268642658,-0.07286368616069579,False
fx_futures/CAD,fx_futures,150,400,long,1974-04-24,2006-01-11,2024-03-28,8005,5338,0.4309947599236058,-0.058438112174544296,0.12118706949476511,-0.02002927317030016,-0.146942330428148,-0.3008482938844168,0.01780751040931871,-0.006025772661029727,0.06605137409510731,0.0789313874109735,-0.0558495901665686,False
fx_futures/CAD,fx_futures,150,500,long,1974-09-13,2006-03-10,2024-03-28,7945,5298,0.4819956060782006,-0.06230058782362188,0.1605882504756025,-0.02077209416472194,-0.12375377072005195,-0.3061014713876117,0.019873401529691984,-0.006358368587623408,0.06666605604289849,0.10132753833891057,-0.05355496621130615,False
fx_futures/CAD,fx_futures,150,710,long,1975-07-15,2006-07-11,2024-03-28,7819,5214,0.4376662373702851,-0.08692638467236875,0.12960738324784485,-0.027274627879384433,-0.1399563976786132,-0.2981184765813197,0.018139382471919804,-0.008131070512724476,0.06760688570157343,0.15207827690928244,-0.06965443243565116,False
fx_futures/CAD,fx_futures,162,678,long,1975-05-29,2006-06-22,2024-03-28,7839,5226,0.45317830855639446,-0.11976012074586688,0.13533940018900156,-0.03337213239970896,-0.1382897226138012,-0.3122993225706503,0.01871604811085526,-0.010422094341167159,0.06809947793093772,0.1633018975626587,-0.07801996998514331,False
fx_futures/CAD,fx_futures,174,698,long,1975-06-26,2006-07-05,2024-03-28,7827,5218,0.44199156698891257,-0.06615933644436163,0.120006718012642,-0.024157018395539707,-0.15215077757690706,-0.2820053996532932,0.018259115460076098,-0.006812409627066131,0.06817342257954354,0.16454592974563675,-0.08213680358562107,True
fx_futures/CAD,fx_futures,200,400,long,1974-04-24,2006-01-11,2024-03-28,8005,5338,0.4583865859165647,-0.03450798889201543,0.15323462377495448,-0.016241407504308993,-0.12226679328601497,-0.281916275622691,0.018735506069352634,-0.004578717114485216,0.06730493178931096,0.0789313874109735,-0.0558495901665686,True
fx_futures/CAD,fx_futures,200,600,long,1975-02-06,2006-05-08,2024-03-28,7885,5258,0.45549390505877574,-0.12545348954064023,0.13038805402630033,-0.03466134618310724,-0.1415443153462308,-0.3150201298209016,0.018455687836480033,-0.010919021774369656,0.06869434062914857,0.14071756124653478,-0.08221248029348012,False
fx_futures/CHF,fx_futures,5,20,long,1972-10-12,2005-05-11,2024-03-28,8216,5478,0.16099052453378776,-0.2998542131878466,0.029571392793153413,-0.04281001553384138,-0.24010661157659888,-0.4599522577397569,0.007100286923164722,-0.019690563298664407,0.060264967113898525,0.03426202618556628,-0.010235870808810438,False
fx_futures/CHF,fx_futures,5,35,long,1972-11-02,2005-05-19,2024-03-28,8207,5472,0.35214995470757005,-0.3614597378532385,0.10750369313276796,-0.05144735690484788,-0.16172252222162542,-0.47443965716877573,0.017385768401570866,-0.024408666372175675,0.06287694710259592,0.029400473612857674,-0.004315394331289015,False
fx_futures/CHF,fx_futures,8,21,long,1972-10-13,2005-05-11,2024-03-28,8215,5478,0.2685918581111141,-0.2111285231624973,0.0585862933947518,-0.034187096485528604,-0.21782346977156716,-0.42321119962600423,0.012761469708299883,-0.014468362115370514,0.06039137589861928,0.03426411120945105,-0.010235870808810438,False
fx_futures/CHF,fx_futures,9,21,long,1972-10-13,2005-05-11,2024-03-28,8215,5478,0.29523551998657377,-0.2815065725482267,0.07445454638857169,-0.0425440534197899,-0.18986206520440085,-0.4392219840169726,0.014136093941191086,-0.01868628355116419,0.06050378371290242,0.03426411120945105,-0.010235870808810438,False
fx_futures/CHF,fx_futures,10,20,long,1972-10-12,2005-05-11,2024-03-28,8216,5478,0.2927142309491878,-0.30493009850685493,0.07492995888917223,-0.04573893414170925,-0.1868207696062357,-0.4381460101557668,0.013998472586238757,-0.02004033150296729,0.06040343391799617,0.03426202618556628,-0.010235870808810438,False
fx_futures/CHF,fx_futures,10,30,long,1972-10-26,2005-05-17,2024-03-28,8210,5474,0.39084234238134163,-0.25972628767291595,0.10463869792224849,-0.03938112796315664,-0.18374873579640405,-0.4413304357685543,0.01922722845859497,-0.01738009036503712,0.0604643842829538,0.02894564989130388,-0.003765483705472423,False
fx_futures/CHF,fx_futures,10,100,long,1973-02-12,2005-06-27,2024-03-28,8168,5446,0.2731129436180618,-0.19490159742774785,0.0642841704215272,-0.030643884301375948,-0.21007658092442266,-0.45069098735223284,0.013504598729717338,-0.013810922472094714,0.061588874968792326,0.005337814146824344,0.014906124894079806,False
fx_futures/CHF,fx_futures,12,26,long,1972-10-20,2005-05-13,2024-03-28,8212,5476,0.36705571685498417,-0.2649110064667926,0.09277761273254576,-0.039894278415298516,-0.1934918136071115,-0.4428225396008389,0.01795170854975852,-0.01766608568340542,0.06039545084808501,0.02871709501766604,-0.0034904347738249873,False
fx_futures/CHF,fx_futures,13,48,long,1972-11-22,2005-05-26,2024-03-28,8199,5467,0.32160361881569377,-0.4060626025336573,0.06926367204652034,-0.05258626118493685,-0.22890660276631158,-0.5034493679650643,0.015854911863288912,-0.026474519957202253,0.06141251565978967,0.025030574009583913,0.0010103629789807475,False
fx_futures/CHF,fx_futures,20,50,long,1972-11-28,2005-05-27,2024-03-28,8198,5466,0.37521183764242605,-0.27065945685391396,0.0938941901022122,-0.03875022284096956,-0.20205159523261582,-0.4705414327053378,0.018971470893226462,-0.01823358537324092,0.061072261984413054,0.026520056814502608,-0.0008026198410218151,False
fx_futures/CHF,fx_futures,20,60,long,1972-12-12,2005-06-03,2024-03-28,8192,5462,0.3147696404787127,-0.20201000663961602,0.07264992040397479,-0.033608545820083026,-0.21639152288190416,-0.42332522624778507,0.015720826913465227,-0.014227345263145699,0.06152976602355118,0.019613969180153908,0.007774873943412861,False
fx_futures/CHF,fx_futures,20,100,long,1973-02-12,2005-06-27,2024-03-28,8168,5446,0.3337160463953517,-0.11684360672289389,0.10112762654716505,-0.02301720103333645,-0.16779392893197909,-0.3907595854024165,0.016968601781914734,-0.008994191932910624,0.061226137994257024,0.005337814146824344,0.014906124894079806,False
fx_futures/CHF,fx_futures,21,55,long,1972-12-05,2005-06-01,2024-03-28,8195,5464,0.3409787778891265,-0.22922427015514163,0.0803794870489757,-0.035450649991107724,-0.213280806255676,-0.4463703387668857,0.017143401804223204,-0.01582411864603705,0.06134617095836187,0.019838834969255602,0.007333431877846977,False
fx_futures/CHF,fx_futures,30,90,long,1973-01-29,2005-06-21,2024-03-28,8174,5450,0.29747922646302316,-0.17359309616385857,0.08517772823958888,-0.029445049488495703,-0.17534204648603188,-0.4212774686843329,0.014935237184560584,-0.012404535913798382,0.06110878639775325,0.01022430560319913,0.013906149970180734,False
fx_futures/CHF,fx_futures,30,200,long,1973-07-06,2005-08-23,2024-03-28,8108,5406,0.28278393921792905,-0.1815165379920939,0.08584611176875798,-0.03011354234132431,-0.16497251974362154,-0.4129350550275007,0.014162249368684567,-0.012434937263787726,0.059234211218214324,-0.032700391581276175,0.017436754165314743,False
fx_futures/CHF,fx_futures,40,100,long,1973-02-12,2005-06-27,2024-03-28,8168,5446,0.2943694595666335,-0.12923649801376466,0.07912964913458637,-0.022522344765240322,-0.18655978164994977,-0.42168050921379197,0.014762410064585568,-0.009497233809295121,0.059904622149778874,0.005337814146824344,0.014906124894079806,False
fx_futures/CHF,fx_futures,50,150,long,1973-04-25,2005-07-26,2024-03-28,8138,5426,0.2801137949653811,-0.18497082015346467,0.08687623697803315,-0.031242071692606975,-0.16192539818883955,-0.4029504091775273,0.014067469265816004,-0.012589005572089623,0.05903602702201291,-0.014424151185182766,0.025964922130072562,False
fx_futures/CHF,fx_futures,50,200,long,1973-07-06,2005-08-23,2024-03-28,8108,5406,0.313520536117856,-0.21529668151833647,0.09259783727789157,-0.03495751883787712,-0.17184251772565318,-0.40629628151158975,0.01591224549378323,-0.014203109914700826,0.058472541343938256,-0.032700391581276175,0.017436754165314743,False
fx_futures/CHF,fx_futures,60,120,long,1973-03-13,2005-07-08,2024-03-28,8156,5438,0.27616427431858803,-0.17693890745006918,0.07781293666176323,-0.029957368730424497,-0.17753190105132746,-0.4055837252726379,0.01381427857194936,-0.012150221209051603,0.059162754155408497,-0.0154437711322939,0.026017197536313923,False
fx_futures/CHF,fx_futures,60,132,long,1973-03-29,2005-07-15,2024-03-28,8149,5433,0.29562076820036565,-0.1756093404188305,0.09177988444368022,-0.030288727734977025,-0.16274906276158654,-0.39660802538584655,0.014937090173575673,-0.012012752498418763,0.05890503378378287,-0.01417302695968667,0.024392464582895398,False
fx_futures/CHF,fx_futures,60,180,long,1973-06-07,2005-08-11,2024-03-28,8120,5414,0.3324248402259512,-0.20003217919705502,0.09967089174010255,-0.03464987221149158,-0.17023551627789307,-0.385284114538929,0.016967525713254345,-0.013350045333891575,0.05857952958005591,-0.006950763732417661,0.009496179992825898,False
fx_futures/CHF,fx_futures,60,400,long,1974-04-23,2005-12-19,2024-03-28,7988,5326,0.20550464707440913,-0.12279638863562195,0.04791391066614791,-0.022609563497713404,-0.20360964453409638,-0.38446370200195906,0.009755734318972826,-0.008692556482979258,0.05755637776507034,-0.02674920261840728,0.02943806980189466,False
fx_futures/CHF,fx_futures,62,758,long,1975-09-23,2006-07-17,2024-03-28,7773,5183,0.1187483705038378,-0.14191440925986012,0.022246367115410517,-0.029100634398301923,-0.2300380354234183,-0.3498134107940994,0.005117510586537173,-0.01017979217514209,0.05955525612433182,-0.030240365408991506,0.024282584180486684,False
fx_futures/CHF,fx_futures,74,758,long,1975-09-23,2006-07-17,2024-03-28,7773,5183,0.12700360730405033,-0.18402434750159657,0.025455260234258616,-0.036339359953624424,-0.2195973363557018,-0.348420686463186,0.00558990734368441,-0.012661384740674634,0.059564434073085745,-0.030240365408991506,0.024282584180486684,False
fx_futures/CHF,fx_futures,80,144,long,1973-04-16,2005-07-22,2024-03-28,8142,5428,0.3337405469806956,-0.1656500930387564,0.10121222265612374,-0.030946126316171843,-0.16841357110589966,-0.36774817918499064,0.017045511857083244,-0.011380381605600917,0.058668019634281775,-0.014318331699300553,0.025074942165822508,False
fx_futures/CHF,fx_futures,80,300,long,1973-11-27,2005-10-20,2024-03-28,8048,5366,0.22470058893006628,-0.1403177728724794,0.054688852714002846,-0.024074599957953347,-0.19924626734306455,-0.39968866333567216,0.010896549768539692,-0.009622344677535402,0.05720187606119231,-0.01265998681903981,0.026603989135834796,False
fx_futures/CHF,fx_futures,100,200,long,1973-07-06,2005-08-23,2024-03-28,8108,5406,0.2143385971512185,-0.09378770655966899,0.051014408201621876,-0.019411962867781244,-0.2021805188672341,-0.3671696278066547,0.010314119519908793,-0.00712748318115984,0.05816528904908639,-0.032700391581276175,0.017436754165314743,False
fx_futures/CHF,fx_futures,100,250,long,1973-09-17,2005-09-21,2024-03-28,8078,5386,0.20520453461975927,-0.07739975435582998,0.045589166956575895,-0.016431547896652743,-0.21509764620230717,-0.3706652300886326,0.009806122504683474,-0.006090603481825176,0.05749437680135675,-0.016860588077474016,0.019111160632276518,False
fx_futures/CHF,fx_futures,100,300,long,1973-11-27,2005-10-20,2024-03-28,8048,5366,0.2181803021812616,-0.11880831248214763,0.051867573180939965,-0.022966074267990733,-0.20207987597656468,-0.3649440254529021,0.01048139275560974,-0.00838133159221085,0.05707725322315694,-0.01265998681903981,0.026603989135834796,False
fx_futures/CHF,fx_futures,100,400,long,1974-04-23,2005-12-19,2024-03-28,7988,5326,0.2060299690599427,-0.13192759114237132,0.03960830593727736,-0.025940681154871928,-0.247012846826909,-0.3545604994708295,0.009783760407558044,-0.009197540866884926,0.05747119026710883,-0.02674920261840728,0.02943806980189466,False
fx_futures/CHF,fx_futures,116,378,long,1974-03-21,2005-12-06,2024-03-28,8001,5335,0.1840398107642752,-0.08016829348976465,0.032031300619682804,-0.018692883785053516,-0.26797393678917486,-0.32861408945275,0.008583553727533937,-0.0061427449842714355,0.05671780167364821,-0.025989855087367418,0.03338526637845109,False
fx_futures/CHF,fx_futures,120,398,long,1974-04-19,2005-12-16,2024-03-28,7989,5327,0.16614542211197086,-0.0932590111577084,0.02765188683916135,-0.020976605431108887,-0.2754147135103092,-0.3288167587885442,0.007615736491827113,-0.006897459408243397,0.056832196750703994,-0.023534860532968233,0.02879668171274218,False
fx_futures/CHF,fx_futures,134,750,long,1975-09-11,2006-07-12,2024-03-28,7778,5186,0.10831158215913604,-0.21597330319236172,0.02030087288107836,-0.03832601015437542,-0.22432713270000817,-0.3981230557914106,0.004554036604719662,-0.015258468278952577,0.06220465795769047,-0.02809640523010922,0.01853186566500983,False
fx_futures/CHF,fx_futures,150,400,long,1974-04-23,2005-12-19,2024-03-28,7988,5326,0.18395175206672779,-0.1283977491088629,0.03455531282555032,-0.026936113716473715,-0.25056831700116405,-0.3336854547847194,0.008658466578146883,-0.00898818935561445,0.057426778321633024,-0.02674920261840728,0.02943806980189466,False
fx_futures/CHF,fx_futures,150,500,long,1974-09-13,2006-02-16,2024-03-28,7928,5286,0.15641535411791813,-0.18336107592323317,0.028764378812593576,-0.03640590650679439,-0.25026975002296775,-0.3408534249518324,0.007198853894993744,-0.012409077921317069,0.058673517851998674,-0.030814621265400875,0.03897980303441435,False
fx_futures/CHF,fx_futures,150,710,long,1975-07-16,2006-06-19,2024-03-28,7802,5202,0.09814992936271652,-0.20603778510196366,0.017643478388090425,-0.03679976870835572,-0.22504415682543558,-0.39612472290190354,0.0039705617173156045,-0.01457729818245155,0.06193121690320721,-0.03563052477017197,0.019949874301367194,False
fx_futures/CHF,fx_futures,162,678,long,1975-05-30,2006-05-31,2024-03-28,7821,5215,0.07918431747594575,-0.2025268636026595,0.012211681299547876,-0.03728261034453395,-0.23645443557255633,-0.38475253519854574,0.002887506209076534,-0.014344578848878966,0.06186056239315954,-0.03439605835501913,0.010304359874808268,False
fx_futures/CHF,fx_futures,174,698,long,1975-06-27,2006-06-12,2024-03-28,7809,5207,0.08316738446225556,-0.23781858307663742,0.013364445169449016,-0.04093849669956193,-0.23295007957526243,-0.4064127744151206,0.00311324856570238,-0.01663792802405322,0.06234780260650351,-0.03852513771168961,0.01634388117839206,False
fx_futures/CHF,fx_futures,200,400,long,1974-04-23,2005-12-19,2024-03-28,7988,5326,0.16455353413232596,-0.08989111950377958,0.02966264694003655,-0.021730596846767578,-0.25770289646621164,-0.3285794857392658,0.007644150033302028,-0.007140228336718202,0.05977544692892922,-0.02674920261840728,0.02943806980189466,False
fx_futures/CHF,fx_futures,200,600,long,1975-02-06,2006-04-17,2024-03-28,7868,5246,0.07750063682271023,-0.1837849629199544,0.011889497828837243,-0.03513777321996941,-0.23487988564298037,-0.3737657394263802,0.002792603890389755,-0.013133295789358325,0.06158094922292767,-0.051201938578715585,0.03144659140852804,False
fx_futures/CLP,fx_futures,5,20,long,2015-01-30,2020-08-05,2024-03-28,1390,928,-0.38368049189005177,-0.4139369231723301,-0.13297462466970256,-0.21463382248660207,-0.2825085098151955,-0.21656550859408527,-0.0375664630586726,-0.046482282928303593,0.10228909150266455,-0.1392849181357839,-0.28790136274511335,False
fx_futures/CLP,fx_futures,5,35,long,2015-02-23,2020-08-13,2024-03-28,1381,922,-0.4844965668694668,-0.15605522208275507,-0.1571565433582583,-0.10805470219251313,-0.295326322415846,-0.19120101740898554,-0.04641246399358087,-0.02066016899503345,0.10099540728386815,-0.16671490571054298,-0.2589729765986598,True
fx_futures/CLP,fx_futures,8,21,long,2015-02-02,2020-08-06,2024-03-28,1390,927,-0.4481883023678507,-0.22593229623521863,-0.14648523782594122,-0.1459784075421518,-0.29166934732138006,-0.1978330172098286,-0.04272525370890941,-0.028879348811549892,0.1051616515697063,-0.1291527370216028,-0.29938457760553583,True
fx_futures/CLP,fx_futures,9,21,long,2015-02-02,2020-08-06,2024-03-28,1390,927,-0.5448740376247517,-0.25260282846549903,-0.15500482700899607,-0.16061730505131985,-0.32551750918165884,-0.19587056423647808,-0.050456785199102315,-0.03146020216654454,0.10475975511477939,-0.1291527370216028,-0.29938457760553583,True
fx_futures/CLP,fx_futures,10,20,long,2015-01-30,2020-08-05,2024-03-28,1390,928,-0.5522952318512336,-0.2810634253609262,-0.1594085245719899,-0.16939421270546157,-0.3205936962908919,-0.203327789258772,-0.05110536811281171,-0.03444255078263169,0.10502395723921262,-0.1392849181357839,-0.28790136274511335,True
fx_futures/CLP,fx_futures,10,30,long,2015-02-13,2020-08-11,2024-03-28,1384,924,-0.6334034115648597,0.15171113658943858,-0.1744512648900824,0.06832602158991932,-0.33476106269656003,-0.1537877241602046,-0.05839949082336307,0.010507703361234695,0.1059294656742058,-0.16642161161765054,-0.2588197629981499,True
fx_futures/CLP,fx_futures,10,100,long,2015-05-26,2020-09-21,2024-03-28,1342,896,-0.32447958535795735,0.08518202486340455,-0.1428729772166923,0.02191190532684513,-0.17857539989970012,-0.1599187968876613,-0.025513599041331568,0.00350412553738541,0.10079935561006191,-0.18061669118809687,-0.29764124128618613,True
fx_futures/CLP,fx_futures,12,26,long,2015-02-09,2020-08-10,2024-03-28,1387,925,-0.7269969849484826,0.12186759357044913,-0.18605816375967074,0.04966823074605959,-0.3546704169530091,-0.14726295983741935,-0.06598932651815367,0.0073142906695526505,0.10568188146197062,-0.18852105222330937,-0.2335564915978533,True
fx_futures/CLP,fx_futures,13,48,long,2015-03-12,2020-08-21,2024-03-28,1374,916,-0.1828031452927161,0.32496868947091406,-0.10266153131201669,0.18351186957723775,-0.15242667369612126,-0.156862393607898,-0.015648355734440903,0.02878611111734591,0.10400772330860406,-0.16821605164087342,-0.2587060754410188,True
fx_futures/CLP,fx_futures,20,50,long,2015-03-16,2020-08-21,2024-03-28,1372,916,-0.15984297508926817,0.17486065124726968,-0.07997642616658986,0.07916139080954936,-0.17873783344760166,-0.16129790530061938,-0.01429481313989835,0.012768566518264014,0.10288180085608264,-0.16833853786741354,-0.2587060754410188,True
fx_futures/CLP,fx_futures,20,60,long,2015-03-30,2020-08-27,2024-03-28,1366,912,-0.15514587486198525,0.1309665244388785,-0.07863554930711637,0.049077845573789323,-0.1775228789692479,-0.16763077627259032,-0.013959609102327545,0.008226957351320615,0.10365454040211707,-0.14343311269231374,-0.2770075369418461,True
fx_futures/CLP,fx_futures,20,100,long,2015-05-26,2020-09-21,2024-03-28,1342,896,-0.1546583871029226,-0.015770553178934443,-0.09149943638808841,-0.046158613071415534,-0.15569027306569225,-0.13806843417096662,-0.014245572236618423,-0.006373047430273855,0.09832733993935443,-0.18061669118809687,-0.29764124128618613,True
fx_futures/CLP,fx_futures,21,55,long,2015-03-23,2020-08-25,2024-03-28,1369,914,-0.1466293527783592,0.17785200465394838,-0.07802310520794399,0.08071651934568107,-0.17083121406613094,-0.16236153273855025,-0.013328781787882537,0.013105257798285622,0.10321153889921446,-0.15392167739089843,-0.27562140988722034,True
fx_futures/CLP,fx_futures,30,90,long,2015-05-11,2020-09-15,2024-03-28,1348,900,-0.07254249214349649,0.016938594645257574,-0.050739669425487584,-0.024118132731868563,-0.16524908556911308,-0.12756504972926053,-0.008384683974640908,-0.003076630801317719,0.0971404039262607,-0.16351949567750884,-0.3231764445168413,True
fx_futures/CLP,fx_futures,30,200,long,2015-10-15,2020-11-16,2024-03-28,1282,856,0.015841174274052655,-0.17313696521018118,-0.009239235222902578,-0.11613624924803528,-0.16542028996924318,-0.16861790596406598,-0.0015283569696665897,-0.019582651154724542,0.0905178382529478,-0.047173507011491284,-0.317547396420408,True
fx_futures/CLP,fx_futures,40,100,long,2015-05-26,2020-09-21,2024-03-28,1342,896,0.10532910384921647,0.14478837505449607,0.041286897911618756,0.06502668529091211,-0.1237603833485714,-0.1432119299566494,0.005109682312815269,0.009312597099195189,0.09573229159479951,-0.18061669118809687,-0.29764124128618613,True
fx_futures/CLP,fx_futures,50,150,long,2015-08-05,2020-10-19,2024-03-28,1312,876,0.13701189685764736,-0.10142732952842398,0.05504939242434928,-0.0755406936626252,-0.13367556223599503,-0.17545636674770476,0.007358758483074815,-0.013254095651645583,0.0908168699795635,-0.07473935783128036,-0.2634282895956598,True
fx_futures/CLP,fx_futures,50,200,long,2015-10-15,2020-11-16,2024-03-28,1282,856,0.14169951146950155,-0.23871196653532678,0.06161687621474325,-0.12723643681537275,-0.12244208408390425,-0.19855100905503947,0.0075444987384731136,-0.02526292291826003,0.09013399398338905,-0.047173507011491284,-0.317547396420408,True
fx_futures/CLP,fx_futures,60,120,long,2015-06-23,2020-10-01,2024-03-28,1330,888,0.09762032298479836,-0.04056957508666407,0.037724684522475106,-0.048790051174597004,-0.1180400635594298,-0.160202192830835,0.004453024158792399,-0.007816273186499098,0.09105760740766677,-0.1677139182167072,-0.26004672602846723,True
fx_futures/CLP,fx_futures,60,132,long,2015-07-10,2020-10-08,2024-03-28,1323,883,0.1335522817262066,-0.07484844765076527,0.055460523114589634,-0.060447314055025514,-0.12744506237918746,-0.18010862492146013,0.007068169827921244,-0.010887082614646295,0.0909270102355623,-0.16961915172803618,-0.23736342714667302,True
fx_futures/CLP,fx_futures,60,180,long,2015-09-17,2020-11-04,2024-03-28,1294,864,0.20162888333924756,-0.3538368271022883,0.09697441681613045,-0.1637828041502252,-0.12161628557925952,-0.21687244197952157,0.011793668369392668,-0.03551997669031306,0.0905855567423139,-0.02859876777528029,-0.3442527827460996,False
fx_futures/CLP,fx_futures,60,400,long,2016-08-02,2021-03-15,2024-03-28,1162,776,0.08296314775599026,-0.4587232838997522,0.02136363461199484,-0.21148802941056144,-0.16050597850930162,-0.15119994130814685,0.003428991077913416,-0.03197697763425252,0.06607705114168703,-0.003728507507945729,-0.48140038813055097,True
fx_futures/CLP,fx_futures,80,144,long,2015-07-28,2020-10-15,2024-03-28,1316,878,0.14536231123990254,-0.22856116928425915,0.06307932020971944,-0.11023693136345053,-0.12269928873649252,-0.22564869466632667,0.007739787723714034,-0.02487481966618406,0.09174917319949116,-0.13855309858556478,-0.22582176676469945,False
fx_futures/CLP,fx_futures,80,300,long,2016-03-10,2021-01-14,2024-03-28,1222,816,0.08353927200706905,-0.5604109189112044,0.02405346757418679,-0.23346456387814726,-0.14251325946082874,-0.19960771855112894,0.003427938065332713,-0.04660132895825128,0.07949552349578395,0.023206934305304294,-0.43607586433031065,False
fx_futures/CLP,fx_futures,100,200,long,2015-10-15,2020-11-16,2024-03-28,1282,856,0.21013278593449647,-0.3281298630162653,0.11829223182917381,-0.14926544693975277,-0.10402927523904497,-0.21329237433129866,0.012305855143598039,-0.031837181583402346,0.0870289127215431,-0.047173507011491284,-0.317547396420408,False
fx_futures/CLP,fx_futures,100,250,long,2015-12-28,2020-12-15,2024-03-28,1252,836,0.09918078769433027,-0.4831136900007543,0.034596144695631034,-0.20686228804258391,-0.12830979186735936,-0.20672858216702336,0.0044390241253094665,-0.042764347510869764,0.08326542394909467,0.090540735512256,-0.3974063003145786,False
fx_futures/CLP,fx_futures,100,300,long,2016-03-10,2021-01-14,2024-03-28,1222,816,0.0256489528440919,-0.6440402809226278,-0.004611752995464043,-0.23796328160474908,-0.15410885313284353,-0.2101256487794896,-0.0007107119650629195,-0.050002188932894286,0.07523809346853344,0.023206934305304294,-0.43607586433031065,False
fx_futures/CLP,fx_futures,100,400,long,2016-08-02,2021-03-15,2024-03-28,1162,776,0.1540947343811657,-0.7979862324479633,0.06346334933890546,-0.2680980728343526,-0.13940050295751696,-0.18906239141077677,0.008846822817212023,-0.05068726278268331,0.06270939591134497,-0.003728507507945729,-0.48140038813055097,False
fx_futures/CLP,fx_futures,116,378,long,2016-06-30,2021-03-03,2024-03-28,1176,784,0.08108657931675947,-0.7899685895416413,0.022299295785518397,-0.2618064286096601,-0.1464325224867491,-0.19650583052745527,0.003265342131551592,-0.05144648969136818,0.06423607908653459,-0.020607536665034308,-0.4662538446994675,False
fx_futures/CLP,fx_futures,120,398,long,2016-07-29,2021-03-15,2024-03-28,1164,776,0.22871696835330466,-0.5726236284548379,0.1071303143857905,-0.21400631308293977,-0.13443370254584597,-0.16355991978871592,0.014401924817782323,-0.03500285540212446,0.059157918467552084,-0.007188051136292153,-0.48140038813055097,False
fx_futures/CLP,fx_futures,150,400,long,2016-08-02,2021-03-15,2024-03-28,1162,776,0.11928485413296673,-0.9607188306812967,0.04394879330522552,-0.2693998004303577,-0.1374432861062291,-0.19285946446048077,0.006040466572273638,-0.05195630123675919,0.05400952196941818,-0.003728507507945729,-0.48140038813055097,False
fx_futures/CLP,fx_futures,150,500,long,2016-12-22,2021-05-11,2024-03-28,1102,736,0.2787936830010463,-0.987556603900222,0.12755291645208078,-0.3293524229945401,-0.137443286106229,-0.11324003108665087,0.01753129198960726,-0.03729587861836551,0.03776012336595534,0.08340036736693758,-0.577193467147809,False
fx_futures/CLP,fx_futures,200,400,long,2016-08-02,2021-03-15,2024-03-28,1162,776,0.09936100447355221,-0.7175993290229986,0.032985281317522715,-0.2478002475042472,-0.13744328610622905,-0.1325816197518073,0.004533605457418727,-0.03285375818901184,0.04512559215373176,-0.003728507507945729,-0.48140038813055097,False
fx_futures/CLP,fx_futures,200,600,long,2017-05-18,2021-07-08,2024-03-28,1042,696,-0.021715231267140794,-0.4853295055580014,-0.026084099386373717,-0.24496784151565504,-0.15889601000110015,-0.029263352671506655,-0.004144659316966929,-0.007168580339450363,0.014603202411738516,-0.07694376086832663,-0.4549209694651213,False
fx_futures/CNH,fx_futures,5,20,long,2013-06-05,2020-02-19,2024-03-29,1684,1123,0.523709554541082,0.6039062644664042,0.29906474277231,0.5118753451109149,-0.053796495688422326,-0.05515068387539759,0.016088635145109706,0.028230275341822108,0.04801092550210391,-0.053928548093399684,0.14712688049108252,True
fx_futures/CNH,fx_futures,5,35,long,2013-06-26,2020-02-26,2024-03-29,1675,1117,0.5158945855964809,0.8923400390090209,0.2464099700330148,0.7251782870367587,-0.06603001154860096,-0.061326543411401604,0.016270453166970383,0.044472677700965635,0.05017727734359453,-0.03828149579197441,0.1303011997848917,True
fx_futures/CNH,fx_futures,8,21,long,2013-06-06,2020-02-19,2024-03-29,1683,1123,0.4157781732324086,0.8111671999394814,0.2387604868827118,0.5762015891403155,-0.0541678438343386,-0.06800319583046938,0.012933140767273381,0.03918354950413653,0.048858847706595626,-0.05394455788712062,0.14712688049108252,True
fx_futures/CNH,fx_futures,9,21,long,2013-06-06,2020-02-19,2024-03-29,1683,1123,0.47070722360676565,0.7910627122952008,0.28397292520377043,0.5903661512872709,-0.051702335685551784,-0.06461794522755143,0.014682063504493428,0.038148247628081215,0.04883918147566797,-0.05394455788712062,0.14712688049108252,True
fx_futures/CNH,fx_futures,10,20,long,2013-06-05,2020-02-19,2024-03-29,1684,1123,0.41944160843036443,0.735068165793136,0.22968674196761624,0.5481252942726041,-0.05673631155547679,-0.06461794522755142,0.01303157855243708,0.03541873024314264,0.0489875105199283,-0.053928548093399684,0.14712688049108252,True
fx_futures/CNH,fx_futures,10,30,long,2013-06-19,2020-02-24,2024-03-29,1678,1119,0.6313159656730175,0.7507559923768055,0.29580356723294093,0.5125955672882508,-0.06739178767217242,-0.07241213367207634,0.019934731195633534,0.03711813873819062,0.05023035552041723,-0.030404110127623507,0.12135930067512476,True
fx_futures/CNH,fx_futures,10,100,long,2013-09-27,2020-04-01,2024-03-29,1636,1091,0.22364897194289032,0.7825288572024209,0.1341457509076786,0.5276714903408699,-0.052714288001931606,-0.0737038629185058,0.0070713977475827475,0.03889142719008713,0.050384284542778816,0.00975011017765188,0.10785231081972817,True
fx_futures/CNH,fx_futures,12,26,long,2013-06-13,2020-02-21,2024-03-29,1680,1121,0.6393143655050205,0.7483974280483113,0.35495344838844883,0.5374759259895366,-0.056857532803752636,-0.06864136261516557,0.02018177733555135,0.036893079932769676,0.05008917013171483,-0.02928197003630642,0.12001103360971475,True
fx_futures/CNH,fx_futures,13,48,long,2013-07-16,2020-03-03,2024-03-29,1667,1112,0.6646695047071592,0.7684895998278386,0.6661212044335344,0.49629209987587364,-0.03162388869758651,-0.07698826283493992,0.021065342828108364,0.038208666628148015,0.0504536113544897,-0.07041159579105012,0.1664329447250005,True
fx_futures/CNH,fx_futures,20,50,long,2013-07-18,2020-03-04,2024-03-29,1666,1111,0.5214531126432514,0.8621334691830473,0.4329342536501933,0.7820635290321185,-0.03801164864135536,-0.05597031072922317,0.016456544734558567,0.04377233872992052,0.05121850744297279,-0.09941312383601078,0.19936558151343492,True
fx_futures/CNH,fx_futures,20,60,long,2013-08-01,2020-03-10,2024-03-29,1660,1107,0.5267633150175683,0.8505211339833543,0.4490545242212238,0.6603609900409034,-0.03711435466842258,-0.06455566705072026,0.01666636887740626,0.042630044206364556,0.05059281086058491,-0.09813155619325421,0.1985022452452463,True
fx_futures/CNH,fx_futures,20,100,long,2013-09-27,2020-04-01,2024-03-29,1636,1091,0.05540052451092458,0.6550617109174977,0.01993068673953408,0.40609494847029365,-0.06505748482932547,-0.07901446470286587,0.0012966403501952766,0.03208737497191815,0.05013766441130306,0.00975011017765188,0.10785231081972817,True
fx_futures/CNH,fx_futures,21,55,long,2013-07-25,2020-03-06,2024-03-29,1663,1109,0.5147020493227772,0.7668460377187962,0.45151903508248536,0.6114510858640421,-0.03601241245153152,-0.06278394230139799,0.016260289721107993,0.03838930969501516,0.05081238230501618,-0.10495612784611358,0.205699509310223,True
fx_futures/CNH,fx_futures,30,90,long,2013-09-13,2020-03-26,2024-03-29,1642,1095,0.13133377724854647,0.6319615222502559,0.05841540719465953,0.44028465397945643,-0.06503545232737606,-0.06984194371524813,0.0037990724297925407,0.030750336021920694,0.049899965861705954,0.03280072772236339,0.07980077895841549,True
fx_futures/CNH,fx_futures,30,200,long,2014-02-25,2020-05-29,2024-03-29,1576,1051,-0.08249665816592643,0.36244580696738976,-0.06124290450387972,0.1696501708664283,-0.058863804450384936,-0.1022049710333984,-0.003604990354689975,0.017339090799214394,0.05102791635090582,0.07989984230010448,0.04313514934200511,True
fx_futures/CNH,fx_futures,40,100,long,2013-09-27,2020-04-01,2024-03-29,1636,1091,0.05114007771022976,0.5574294320222162,0.021269738642126286,0.3460941301131752,-0.054242486233719626,-0.07690995964463859,0.0011537235054903494,0.026618085580250604,0.04931313499970692,0.00975011017765188,0.10785231081972817,True
fx_futures/CNH,fx_futures,50,150,long,2013-12-11,2020-05-04,2024-03-29,1606,1071,-0.10746256071892353,0.2348663072053908,-0.08392866111295058,0.09283289193175193,-0.051737628049872045,-0.1136109634809092,-0.004342269851385597,0.010546834295085458,0.05000206048773208,0.08720634667320784,0.05759211793128644,True
fx_futures/CNH,fx_futures,50,200,long,2014-02-25,2020-05-29,2024-03-29,1576,1051,-0.39492516258907634,0.22348929916523141,-0.16232489717313797,0.09809488816086451,-0.08921327257629286,-0.10174327367395229,-0.014481535297425867,0.00998049505216658,0.050050697589668326,0.07989984230010448,0.04313514934200511,True
fx_futures/CNH,fx_futures,60,120,long,2013-10-28,2020-04-16,2024-03-29,1624,1083,-0.2674482557978012,0.38335961233633686,-0.1607894352783691,0.20667381254328557,-0.0601008947788799,-0.08613878984825801,-0.009663588931220782,0.017802632105804347,0.04919188484326206,0.041788577781573334,0.10364577737242613,True
fx_futures/CNH,fx_futures,60,132,long,2013-11-14,2020-04-23,2024-03-29,1617,1078,-0.2968172501879614,0.34985916924121696,-0.1717423625373671,0.1784947082524112,-0.06195111078940202,-0.09072163503324626,-0.010639630128786076,0.01619333177744102,0.04940971898879183,0.03784990419335241,0.10789114375973291,True
fx_futures/CNH,fx_futures,60,180,long,2014-01-27,2020-05-20,2024-03-29,1588,1059,-0.4362518489798381,0.2872359150330943,-0.1728889622797843,0.1322567726045558,-0.09171904948016286,-0.09950297993336604,-0.015857211285913546,0.01315994299052287,0.049851116985483654,0.09298893809177203,0.07850586200998357,True
fx_futures/CNH,fx_futures,60,400,long,2014-12-11,2020-09-21,2024-03-29,1456,971,-0.6302014272979776,0.7774299840491595,-0.22408932787836722,0.409673371530236,-0.10726641749865437,-0.09275019267173805,-0.024037259401193785,0.037997284141909914,0.04955450773444571,-0.1942389932320272,0.3972337843491261,True
fx_futures/CNH,fx_futures,62,758,long,2016-05-13,2021-05-10,2024-03-29,1241,828,-0.4763354171113952,0.2254918981517377,-0.19197351836703153,0.09835137869863159,-0.09209924804230822,-0.10220139650493026,-0.01768061668563985,0.010051648251185399,0.04988510646347033,-0.5517634344269973,0.8479111300277036,False
fx_futures/CNH,fx_futures,74,758,long,2016-05-13,2021-05-10,2024-03-29,1241,828,-0.46896339553563415,0.15703033558270277,-0.19051161168217365,0.06755878600281486,-0.09145064165867303,-0.0983928767738882,-0.01742240913176273,0.006647303306168445,0.05024866457794849,-0.5517634344269973,0.8479111300277036,False
fx_futures/CNH,fx_futures,80,144,long,2013-12-03,2020-04-29,2024-03-29,1609,1074,-0.46491931615451443,0.37563349230286247,-0.18249710385850196,0.1882419136414894,-0.08993836022417902,-0.09275019267173805,-0.01641349026669536,0.017459473759144816,0.04932363072339825,0.03782315256372894,0.10776062851430115,True
fx_futures/CNH,fx_futures,80,300,long,2014-07-18,2020-07-29,2024-03-29,1516,1011,-0.48157141713215745,0.6721790581915015,-0.1806560696436336,0.34743249358689327,-0.10171645505958812,-0.09275019267173801,-0.01837569498914848,0.03222443072060673,0.04897325171434622,-0.07470413493248093,0.18978655155705917,True
fx_futures/CNH,fx_futures,100,200,long,2014-02-25,2020-05-29,2024-03-29,1576,1051,-0.2833500411449199,0.5415789846666004,-0.12034612271944738,0.28243806885385336,-0.09092283168455396,-0.09275019267173805,-0.01094221025990899,0.026196185304028518,0.05006712062655524,0.07989984230010448,0.04313514934200511,True
fx_futures/CNH,fx_futures,100,250,long,2014-05-07,2020-06-26,2024-03-29,1546,1031,-0.38587427392370277,0.5739837069723951,-0.15189948872598333,0.29314169528879136,-0.09751053255139637,-0.09275019267173806,-0.014811800039955463,0.027188948718155328,0.04881762826461799,-0.04447060176254171,0.11704130604683258,True
fx_futures/CNH,fx_futures,100,300,long,2014-07-18,2020-07-29,2024-03-29,1516,1011,-0.3619117246662484,0.6499106434561032,-0.15381263181946997,0.333783663066599,-0.08903563565703412,-0.09275019267173804,-0.013694805446127861,0.03095849906010555,0.048745831936237764,-0.07470413493248093,0.18978655155705917,True
fx_futures/CNH,fx_futures,100,400,long,2014-12-11,2020-09-21,2024-03-29,1456,971,-0.5112617339885888,0.6299725373275896,-0.18975545652477252,0.32010675777829467,-0.10046641033784483,-0.09275019267173805,-0.019064049559062872,0.02968996345946221,0.04830027373484107,-0.1942389932320272,0.3972337843491261,True
fx_futures/CNH,fx_futures,116,378,long,2014-11-07,2020-09-08,2024-03-29,1469,980,-0.52300452750805,0.5839054459801424,-0.18668372087246193,0.2938044178430169,-0.10441024956281164,-0.09275019267173806,-0.01949169388560802,0.027250416362747654,0.04802555748693026,-0.1033933593584484,0.31763507919837286,True
fx_futures/CNH,fx_futures,120,398,long,2014-12-09,2020-09-18,2024-03-29,1457,972,-0.5950119351193661,0.5639744488733301,-0.19993380643306838,0.28359852955704434,-0.11019215823254123,-0.09275019267173806,-0.022031137634506943,0.026303818257837466,0.048093846141065724,-0.1975175442761717,0.40211634366185295,True
fx_futures/CNH,fx_futures,134,750,long,2016-05-03,2021-05-06,2024-03-29,1246,831,-0.6838224432011005,0.29180685149511115,-0.20998112320583226,0.13964140120493004,-0.11348423899226233,-0.09275019267173804,-0.02382954796975435,0.012951766866708733,0.04806794043046245,-0.467752945445711,0.791906651097823,False
fx_futures/CNH,fx_futures,150,400,long,2014-12-11,2020-09-21,2024-03-29,1456,971,-0.5912295299108261,0.47507965390310264,-0.19501412696687917,0.2336396204530602,-0.11247673777916478,-0.09275019267173808,-0.021934552822086416,0.02167011981277309,0.047508380025205896,-0.1942389932320272,0.3972337843491261,True
fx_futures/CNH,fx_futures,150,500,long,2015-05-06,2020-11-19,2024-03-29,1396,931,-0.8877882091100453,0.39503780973093583,-0.24746375107970142,0.1883950456513921,-0.12848663664514773,-0.09275019267173802,-0.03179578506782288,0.017473676782567497,0.04660756105061158,-0.2621350362548022,0.5933416222815596,False
fx_futures/CNH,fx_futures,150,710,long,2016-03-07,2021-03-29,2024-03-29,1270,847,-0.5574239208261187,0.2939127948547952,-0.19458289068316134,0.1391687912640397,-0.09687550442087722,-0.09275019267173805,-0.018850315686603666,0.012907932203632577,0.047480832813576276,-0.4109469969838086,0.6920308865042623,False
fx_futures/CNH,fx_futures,162,678,long,2016-01-20,2021-03-09,2024-03-29,1289,860,-0.6781542079769669,0.2159863579236519,-0.23662774514817903,0.09749900387104271,-0.09699144521048743,-0.09275019267173806,-0.02295086697882079,0.009043051394341747,0.04675279552627562,-0.5494811094738,0.7158334486911355,False
fx_futures/CNH,fx_futures,174,698,long,2016-02-18,2021-03-22,2024-03-29,1277,852,-0.5442647858862042,0.2878870647393691,-0.20146724100464614,0.13365253400479715,-0.09036122330334495,-0.08829677882592078,-0.018204826352729644,0.01180108823454543,0.044140642679499326,-0.4782818381610506,0.7293501226233414,False
fx_futures/CNH,fx_futures,200,400,long,2014-12-11,2020-09-21,2024-03-29,1456,971,-0.9413535554408028,0.4727718336691622,-0.23714928963195472,0.2209320897187024,-0.13995231516125414,-0.09275019267173805,-0.03318959212283887,0.020491493888779366,0.04505825717391736,-0.1942389932320272,0.3972337843491261,True
fx_futures/CNH,fx_futures,200,600,long,2015-09-28,2021-01-25,2024-03-29,1336,891,-0.6384643307101507,0.28152169020449297,-0.23041826082444886,0.1277695498918654,-0.09208229216780593,-0.08829677882592078,-0.02121744161403461,0.011281639687489489,0.04316292158966571,-0.42119235327213433,0.7038920505254412,False
fx_futures/CZK,fx_futures,5,20,long,2004-10-12,2016-07-05,2024-03-28,2937,1959,0.2206222137130589,0.13531876376757268,0.051849080000232695,0.03908559483468587,-0.29469986415274196,-0.16978445278592172,0.015279916832513226,0.006636126330819389,0.0640018693693533,0.0036580995754282443,0.0567905899811817,True
fx_futures/CZK,fx_futures,5,35,long,2004-11-02,2016-07-13,2024-03-28,2928,1953,0.22388995177461413,0.005518400054246369,0.050821185812154064,-0.009086509303684074,-0.30601400029378767,-0.1875891967312533,0.01555199437005115,-0.001704530981369155,0.06420694716443698,0.006416669440072063,0.05154956307744249,False
fx_futures/CZK,fx_futures,8,21,long,2004-10-13,2016-07-06,2024-03-28,2937,1958,0.293143054402939,0.0962388429280163,0.08103794403909129,0.02200246000640057,-0.26506235670036926,-0.18889752136059165,0.02148010842915418,0.004156210159044615,0.06510878126435093,0.005346963279092159,0.05353050369266121,True
fx_futures/CZK,fx_futures,9,21,long,2004-10-13,2016-07-06,2024-03-28,2937,1958,0.2821267925551528,0.06612247651899893,0.08148253558156845,0.011365199192447481,-0.2521736941096978,-0.19261575842138418,0.02054775200302901,0.0021891164620633746,0.06499999880921935,0.005346963279092159,0.05353050369266121,True
fx_futures/CZK,fx_futures,10,20,long,2004-10-12,2016-07-05,2024-03-28,2937,1959,0.26379762822045366,0.13948148148886527,0.06671625145259495,0.039728528490489905,-0.28397106356294205,-0.17507296261018038,0.018945484881926065,0.006955391182973025,0.06468139300041655,0.0036580995754282443,0.0567905899811817,True
fx_futures/CZK,fx_futures,10,30,long,2004-10-26,2016-07-11,2024-03-28,2931,1955,0.15603943118099073,0.03165047755727671,0.031037599837914473,-0.00010965653518662282,-0.31024678124890687,-0.20853200842908837,0.009629315447404559,-2.2866897519841455e-05,0.06404144868613923,0.0027997772485843435,0.05852821548145322,False
fx_futures/CZK,fx_futures,10,100,long,2005-02-07,2016-08-18,2024-03-28,2889,1927,0.16855247864034692,0.13617865469042015,0.037345841573449265,0.03969502404643444,-0.28743414413710155,-0.16692974676103398,0.010734470009744175,0.006626280311744456,0.06314462660225524,0.027427804171529454,0.02350764213007782,True
fx_futures/CZK,fx_futures,12,26,long,2004-10-20,2016-07-08,2024-03-28,2934,1956,0.1669841428236047,0.048193956451629015,0.035171762720054726,0.005863016968819074,-0.299765922099323,-0.17670728919255782,0.010543295883635798,0.0010360378350499858,0.06411169577004479,0.002765214117839625,0.05857755179684787,False
fx_futures/CZK,fx_futures,13,48,long,2004-11-22,2016-07-20,2024-03-28,2920,1948,0.18026368544916152,0.21818835591092423,0.04169100835671912,0.07842246599373219,-0.2856521747036909,-0.1524627812690069,0.01190912720268657,0.011956507279378522,0.06380424160930165,1.4773570219778253e-05,0.06407521824096565,True
fx_futures/CZK,fx_futures,20,50,long,2004-11-24,2016-07-21,2024-03-28,2919,1947,0.21058352560658386,0.10255163415708757,0.0531627910892855,0.023215359311827007,-0.27621682222445,-0.19393474699173707,0.014684457215264745,0.004502264834461438,0.06342471563153224,0.00047981513568299286,0.06318909839314424,True
fx_futures/CZK,fx_futures,20,60,long,2004-12-09,2016-07-27,2024-03-28,2913,1943,0.17362233307534825,0.06825083536894924,0.03908214845253146,0.011515974736871819,-0.2930929478860434,-0.2013323171318664,0.011454702099672415,0.0023185378778064385,0.0632620059026081,0.00021560237761081608,0.06301082686716017,True
fx_futures/CZK,fx_futures,20,100,long,2005-02-07,2016-08-18,2024-03-28,2889,1927,0.07655320525998542,-0.08670484766237765,0.009129684364259833,-0.03131190878375018,-0.3173351075378914,-0.23811480699960724,0.0028971693695194,-0.007455829116831981,0.06323481216047629,0.027427804171529454,0.02350764213007782,False
fx_futures/CZK,fx_futures,21,55,long,2004-12-02,2016-07-25,2024-03-28,2916,1945,0.19608352937012272,0.021891110819468228,0.04865108960239387,-0.0028480888628148386,-0.276390761302829,-0.21675170448433484,0.013446711693417792,-0.0006173281155379672,0.0632752919505938,-0.0010153980308012088,0.06613741766593266,False
fx_futures/CZK,fx_futures,30,90,long,2005-01-24,2016-08-12,2024-03-28,2895,1931,0.015328685862360228,-0.04507487459224048,-0.006727129577370533,-0.02130139515055746,-0.3377568672835837,-0.2264765305278631,-0.0022721342118634095,-0.004824266069101302,0.0630918550349856,0.009175760899814702,0.04637893164970935,False
fx_futures/CZK,fx_futures,30,200,long,2005-06-30,2016-10-14,2024-03-28,2829,1887,0.1684214677581913,0.08054436213133659,0.03446980882718996,0.022251571799961237,-0.2999614238350043,-0.13936793305107698,0.010339612935124299,0.00310115556889823,0.06341344351708542,0.04612830684259066,0.07365428656645769,True
fx_futures/CZK,fx_futures,40,100,long,2005-02-07,2016-08-18,2024-03-28,2889,1927,0.10536714555310796,0.16882554667059063,0.018411090526474237,0.05732386960819951,-0.28804102656168334,-0.15217783863715198,0.005303149415365723,0.008723422579293726,0.06333532852436603,0.027427804171529454,0.02350764213007782,True
fx_futures/CZK,fx_futures,50,150,long,2005-04-20,2016-09-16,2024-03-28,2859,1907,0.21867017512467835,-0.14752252102090782,0.059603398735888116,-0.05339770592220565,-0.24211771018837672,-0.21006882199628746,0.014431038421378018,-0.011217193180381923,0.06299912520334221,0.00655561709000033,0.05126436654951952,False
fx_futures/CZK,fx_futures,50,200,long,2005-06-30,2016-10-14,2024-03-28,2829,1887,0.13673906623535056,-0.11456862275902334,0.02299854254997544,-0.046020825301357524,-0.34053934156038335,-0.19548912785405972,0.007831908536817096,-0.008996571001286428,0.062058723002590827,0.04612830684259066,0.07365428656645769,False
fx_futures/CZK,fx_futures,60,120,long,2005-03-08,2016-08-30,2024-03-28,2877,1919,0.20282143064199964,-0.08982072088508258,0.05764986043386376,-0.03615687715525677,-0.2313899987456287,-0.21269498227565742,0.013339601133477406,-0.007690386345680461,0.06348402184344673,-0.027263976885742194,0.050050936925486254,False
fx_futures/CZK,fx_futures,60,132,long,2005-03-24,2016-09-07,2024-03-28,2870,1914,0.23695318533505536,-0.10654923209880839,0.06597296537808654,-0.04044671875071121,-0.24427104940351138,-0.2125069932203551,0.016115285485166723,-0.008595210587342996,0.06260479282340334,0.018534804308663583,0.03785864679920793,False
fx_futures/CZK,fx_futures,60,180,long,2005-06-02,2016-10-04,2024-03-28,2841,1895,0.08009422368045792,-0.08781244050080479,0.008875118791308458,-0.039351183584835726,-0.36101235797530984,-0.18543390932050147,0.003204027562161248,-0.0072970438085248335,0.0617047748195065,0.053695635610727106,0.044663517949145165,False
fx_futures/CZK,fx_futures,60,400,long,2006-04-20,2017-02-09,2024-03-28,2709,1807,0.0015036092054796198,-0.28837777250019725,-0.008916666453142272,-0.08292522670677181,-0.3982360118852487,-0.2619461685915,-0.003550937687610364,-0.021721945415420406,0.06811044359890277,-0.032407931232410085,0.12892158331010659,False
fx_futures/CZK,fx_futures,62,758,long,2007-09-20,2017-09-05,2024-03-28,2494,1664,-0.2146197934930348,-0.2987442760471444,-0.05415230833274676,-0.1061876052001263,-0.44848190180253056,-0.2090995443645701,-0.02428633022806729,-0.02220377986451126,0.06753058331675929,-0.036909782873223676,-0.07444650711890605,False
fx_futures/CZK,fx_futures,74,758,long,2007-09-20,2017-09-05,2024-03-28,2494,1664,-0.175422351629999,-0.21851642313182118,-0.047068903886487004,-0.09313251026530314,-0.4321768919276568,-0.18450741815740906,-0.020342092588103558,-0.01718363901556948,0.06856836853317674,-0.036909782873223676,-0.07444650711890605,False
fx_futures/CZK,fx_futures,80,144,long,2005-04-12,2016-09-14,2024-03-28,2863,1909,0.019545511264539874,-0.24471129888257354,-0.004972440131925889,-0.07032422577752442,-0.3507321242948083,-0.24161852604401793,-0.001743994490399124,-0.01699163577755218,0.062132115866305265,0.01694505194381929,0.03798320650945761,False
fx_futures/CZK,fx_futures,80,300,long,2005-11-23,2016-12-12,2024-03-28,2769,1847,0.00898826210423062,-0.268515616381502,-0.007299071741110943,-0.0776106735756016,-0.4006697785944092,-0.25135549773283494,-0.002924517458455631,-0.01950786948597592,0.06539564443110862,0.020315838132333435,0.12253379819340184,False
fx_futures/CZK,fx_futures,100,200,long,2005-06-30,2016-10-14,2024-03-28,2829,1887,-0.015656174983742832,-0.24730521690205803,-0.011760166888012874,-0.07400163123159771,-0.4089819330711454,-0.2337509160843468,-0.004809695787098781,-0.017297949092121973,0.06261946462690876,0.04612830684259066,0.07365428656645769,False
fx_futures/CZK,fx_futures,100,250,long,2005-09-12,2016-11-11,2024-03-28,2799,1867,-0.026246911465398235,-0.27095080193294674,-0.014549406502945623,-0.07764331619126978,-0.40662420915520325,-0.2520251794255538,-0.005916140912937836,-0.019568070694299774,0.06510469791608255,0.009162880972805676,0.09278184204410789,False
fx_futures/CZK,fx_futures,100,300,long,2005-11-23,2016-12-12,2024-03-28,2769,1847,0.015444369849205488,-0.22110680589646117,-0.006040637253628201,-0.07535661513092655,-0.39850651156555394,-0.2266446564609889,-0.0024072332795763026,-0.017079174148411806,0.06758418819994594,0.020315838132333435,0.12253379819340184,False
fx_futures/CZK,fx_futures,100,400,long,2006-04-20,2017-02-09,2024-03-28,2709,1807,-0.025590628006945206,-0.10981574641174516,-0.014760153020925305,-0.05513105569525652,-0.4157759007027492,-0.18158780637976007,-0.006136915916785624,-0.01001112746710201,0.06958573961033722,-0.032407931232410085,0.12892158331010659,False
fx_futures/CZK,fx_futures,116,378,long,2006-03-20,2017-01-27,2024-03-28,2722,1816,-0.0417884733533038,-0.17599700870573345,-0.017761806770882682,-0.07149092896992036,-0.43256069107614403,-0.2023535956546453,-0.0076830594115739476,-0.014466446533754234,0.06919720567605683,-0.01954915305286121,0.12224329836317788,False
fx_futures/CZK,fx_futures,120,398,long,2006-04-18,2017-02-08,2024-03-28,2710,1808,-0.05563228500420686,-0.14208906851193617,-0.020722929061367256,-0.06689240584137271,-0.4369388298286882,-0.17624139040015613,-0.009054652374696725,-0.011789210612695052,0.06745865560886809,-0.027439240603315266,0.12503436538117585,False
fx_futures/CZK,fx_futures,134,750,long,2007-09-10,2017-08-30,2024-03-28,2499,1667,-0.3033145131091834,-0.30666897017024575,-0.06562876978109701,-0.10442544095035969,-0.5005084156497192,-0.22085580493713866,-0.03284775158417703,-0.02306296481700733,0.0684487941773245,-0.018757374074761274,-0.07354523190900093,False
fx_futures/CZK,fx_futures,150,400,long,2006-04-20,2017-02-09,2024-03-28,2709,1807,-0.10304642770138751,-0.285504341678691,-0.028660973445702956,-0.09912978253043139,-0.46141638948332414,-0.21713628393552664,-0.013224642886393686,-0.02152467260599476,0.06809563120615836,-0.032407931232410085,0.12892158331010659,False
fx_futures/CZK,fx_futures,150,500,long,2006-09-12,2017-04-07,2024-03-28,2649,1767,-0.17491914804328443,-0.2954090415212864,-0.041249295005226914,-0.09897210095485677,-0.4818980635746991,-0.22401629454839356,-0.019877955386840358,-0.02217136331957654,0.06805912597438304,-0.05476229616662373,0.12252913071139349,False
fx_futures/CZK,fx_futures,150,710,long,2007-07-13,2017-08-08,2024-03-28,2523,1683,-0.26502580918434193,-0.3491053792921303,-0.058096277294406515,-0.10880855390781718,-0.5071585271668941,-0.23856921191777108,-0.02946402242651068,-0.025958370955700256,0.06859889846313592,-0.0172307917716374,-0.049825059512415455,False
fx_futures/CZK,fx_futures,162,678,long,2007-05-29,2017-07-20,2024-03-28,2542,1696,-0.2671454520867433,-0.3756690608368948,-0.057053405636896024,-0.1112796256625755,-0.5195864072243207,-0.24850002421828393,-0.02964417405478661,-0.027652989672151584,0.06841618570635027,-0.0006607760317501608,-0.03919808534409751,False
fx_futures/CZK,fx_futures,174,698,long,2007-06-26,2017-08-01,2024-03-28,2530,1688,-0.14081995065159517,-0.4599769382382646,-0.03803687640632896,-0.12352999220015304,-0.4784341148780166,-0.2693410678773333,-0.01819813929618651,-0.03327170001406787,0.06846602792066363,0.02014096877409278,-0.05868616221694472,False
fx_futures/CZK,fx_futures,200,400,long,2006-04-20,2017-02-09,2024-03-28,2709,1807,-0.15501670719581753,-0.3483162952207721,-0.037166932125025906,-0.10496942672066396,-0.4864548834082964,-0.24459864246471946,-0.018080035633523544,-0.025675379276174255,0.06803111441918068,-0.032407931232410085,0.12892158331010659,False
fx_futures/CZK,fx_futures,200,600,long,2007-02-06,2017-06-06,2024-03-28,2589,1727,-0.16796709674797605,-0.401979462271805,-0.041718594490003195,-0.115555638230022,-0.4915149185998424,-0.2541738866772498,-0.020505311574853757,-0.02937122569639489,0.06834869619534946,-0.01715641115145905,0.023831088280832323,False
fx_futures/EUR,fx_futures,5,20,long,1999-07-14,2014-02-17,2024-03-28,3681,2454,0.2119520085924545,-0.37525375193292587,0.0747694972045826,-0.09082004766358016,-0.15171450358970195,-0.20692652460296387,0.011343617152044858,-0.01879307682730017,0.04754500171097924,0.18132301253542676,-0.4664677842602386,True
fx_futures/EUR,fx_futures,5,35,long,1999-08-04,2014-02-25,2024-03-28,3672,2448,0.2863402223013337,-0.3492097608618972,0.1126028085630695,-0.08286459403896589,-0.1432000517457719,-0.20685669376695878,0.0161247280129508,-0.017141095953241724,0.04642487203434715,0.18344270178602592,-0.4706260759421511,True
fx_futures/EUR,fx_futures,8,21,long,1999-07-15,2014-02-17,2024-03-28,3680,2454,0.2876786899981134,-0.25623716770385646,0.10472998877790717,-0.07119018211509145,-0.15423397006963438,-0.18348633697932665,0.01615292195456488,-0.013062425745189303,0.047003621690721434,0.1813476436608863,-0.4664677842602386,True
fx_futures/EUR,fx_futures,9,21,long,1999-07-15,2014-02-17,2024-03-28,3680,2454,0.2831651478731015,-0.36386060707134127,0.09196016262149609,-0.07961973624103555,-0.17354921419812763,-0.2290748391054169,0.015959613960492676,-0.01823887826903095,0.04748931247683411,0.1813476436608863,-0.4664677842602386,True
fx_futures/EUR,fx_futures,10,20,long,1999-07-14,2014-02-17,2024-03-28,3681,2454,0.3170247855368575,-0.3466613014844132,0.10222510658369802,-0.07801918988771177,-0.17640095658180113,-0.2232146560707977,0.018032606588040907,-0.01741502663770784,0.04743361004878858,0.18132301253542676,-0.4664677842602386,True
fx_futures/EUR,fx_futures,10,30,long,1999-07-28,2014-02-21,2024-03-28,3675,2450,0.2170647531846488,-0.41705170903969335,0.06240890617368681,-0.08410947562991761,-0.18791610937314088,-0.2419362826675212,0.011727638838392618,-0.020349133871016733,0.046682016636035245,0.18347306988093337,-0.47062292409095025,True
fx_futures/EUR,fx_futures,10,100,long,1999-11-05,2014-04-11,2024-03-28,3633,2422,0.3233252005795904,-0.3436960071674767,0.1479648801378933,-0.0917317293314911,-0.12675149257422427,-0.1697746844175908,0.018754769406044168,-0.015573725398333758,0.042979088629298966,0.20887535825833692,-0.48854008299065277,True
fx_futures/EUR,fx_futures,12,26,long,1999-07-22,2014-02-19,2024-03-28,3677,2452,0.22812999396840627,-0.3984627279398332,0.06687596866080633,-0.08279776148105279,-0.18499925796860126,-0.23585691599188668,0.012372004578180605,-0.01952842467395294,0.04675041205190321,0.1834275237763711,-0.4704069067720177,True
fx_futures/EUR,fx_futures,13,48,long,1999-08-23,2014-03-04,2024-03-28,3664,2443,0.09296304208784109,-0.5068185059343608,0.0196201737970601,-0.10691191413546752,-0.19837150504644607,-0.2175361098670226,0.0038920834053956565,-0.02325720189946675,0.044476827608381474,0.18318581190110694,-0.47094995225315,False
fx_futures/EUR,fx_futures,20,50,long,1999-08-25,2014-03-05,2024-03-28,3663,2442,0.18556686947061174,-0.36093741818079383,0.06340547917245985,-0.09393386033783806,-0.1556770390687036,-0.1794144858828058,0.009870777258300904,-0.0168530952595005,0.04436188343879921,0.18300123901642443,-0.4706625937801939,True
fx_futures/EUR,fx_futures,20,60,long,1999-09-09,2014-03-12,2024-03-28,3657,2438,0.2783811295266494,-0.5113170736092931,0.10821062213329692,-0.11277462751744025,-0.14665375706120148,-0.20840165979188,0.015869494289777998,-0.02350241955704557,0.04456771589749655,0.19598373164467325,-0.48837245255005757,False
fx_futures/EUR,fx_futures,20,100,long,1999-11-05,2014-04-11,2024-03-28,3633,2422,0.3544813884017958,-0.16092927342255717,0.15409436934348456,-0.05740910306335284,-0.1345753727126114,-0.13479940236765642,0.020737307187314237,-0.007738712783403156,0.04262729094819297,0.20887535825833692,-0.48854008299065277,True
fx_futures/EUR,fx_futures,21,55,long,1999-09-01,2014-03-10,2024-03-28,3660,2440,0.3039557374188444,-0.424525965748299,0.12586770581503276,-0.10412243007063782,-0.1391895515552466,-0.18908002064716264,0.017519469527682113,-0.019687471227588946,0.04450248193491963,0.19039632189183464,-0.4847642506781904,True
fx_futures/EUR,fx_futures,30,90,long,1999-10-22,2014-04-02,2024-03-28,3639,2426,0.40115292060960706,-0.04033867276633801,0.1858111127130567,-0.029964281061057068,-0.12637332347503832,-0.0870882150684282,0.02348156785214392,-0.002609535753416168,0.04244607572636553,0.18602050489809133,-0.47577546216079863,True
fx_futures/EUR,fx_futures,30,200,long,2000-03-31,2014-06-19,2024-03-28,3573,2382,0.2309607109511639,-0.0021667394535727497,0.058364961839848364,-0.010415347409076611,-0.21876903754877178,-0.07937041110387096,0.012768446528274418,-0.0008266704056480479,0.038563450528108334,0.25905734822608667,-0.46700016437463227,True
fx_futures/EUR,fx_futures,40,100,long,1999-11-05,2014-04-11,2024-03-28,3633,2422,0.29396411382613796,-0.07983786609508715,0.11129547946203346,-0.04203974734324252,-0.1502123555610348,-0.09788146185328875,0.016717956133286815,-0.00411491192589949,0.041078267527842,0.20887535825833692,-0.48854008299065277,True
fx_futures/EUR,fx_futures,50,150,long,2000-01-20,2014-05-15,2024-03-28,3603,2402,0.3202439254303751,-0.02265373453311797,0.09411904804316634,-0.01959017285192355,-0.19936101436821166,-0.08254017901411283,0.01876366888925609,-0.0016169763741151828,0.03858318976128734,0.2224990035656175,-0.4742538432296592,True
fx_futures/EUR,fx_futures,50,200,long,2000-03-31,2014-06-19,2024-03-28,3573,2382,0.2545020703678799,-0.16922205643769123,0.06144712314993823,-0.06594591301446479,-0.23020946159686365,-0.10755489607105369,0.014145709137023456,-0.007092805820581507,0.03783392182455907,0.25905734822608667,-0.46700016437463227,True
fx_futures/EUR,fx_futures,60,120,long,1999-12-07,2014-04-25,2024-03-28,3621,2414,0.30787288874379987,0.027465645483010497,0.10097890281371338,0.004026854586245878,-0.17805906239669536,-0.07752551738205364,0.017980208756856828,0.00031218398522100726,0.03888419754483219,0.21929927741112493,-0.4848729767773628,True
fx_futures/EUR,fx_futures,60,132,long,1999-12-23,2014-05-05,2024-03-28,3613,2410,0.2974678215608861,-0.05343068744630481,0.08456495205500496,-0.03138884231256034,-0.2047695710430409,-0.0893459650304063,0.017316328957578685,-0.002804466407602954,0.0386117046045264,0.2304437600999388,-0.48922568998147,True
fx_futures/EUR,fx_futures,60,180,long,2000-03-03,2014-06-06,2024-03-28,3585,2390,0.25588246191886455,-0.19178695936696316,0.06110045569451785,-0.07281521983297787,-0.23352823267610606,-0.10939231222885658,0.014268681434045475,-0.007965425262981945,0.03794488131593037,0.2578452539386618,-0.4691913244615427,True
fx_futures/EUR,fx_futures,60,400,long,2001-01-18,2014-10-28,2024-03-28,3453,2302,0.19203656525358367,-0.09009504838418511,0.04274684790957849,-0.032761494384530035,-0.23424788404317598,-0.09280943571422223,0.010013358672334223,-0.003040575806982893,0.029100400518549126,0.2389882923433347,-0.3929490206705263,True
fx_futures/EUR,fx_futures,62,758,long,2002-06-25,2015-05-25,2024-03-28,3238,2159,0.07145521558520017,-0.300387674282884,0.009470729179097326,-0.08717712050000775,-0.2688110427968714,-0.09338088569964126,0.00254583658667991,-0.008140676725035077,0.026078694485836496,0.11152253451022888,-0.23434990015754759,False
fx_futures/EUR,fx_futures,74,758,long,2002-06-25,2015-05-25,2024-03-28,3238,2159,0.069755356770748,-0.29372433920644353,0.008811376917018224,-0.08200896992999901,-0.27602536848008213,-0.09687595139434423,0.0024321635603368453,-0.007944696984838821,0.02600434127856399,0.11152253451022888,-0.23434990015754759,False
fx_futures/EUR,fx_futures,80,144,long,2000-01-11,2014-05-12,2024-03-28,3606,2405,0.27544092753772437,-0.1808850764145555,0.07248832488960669,-0.07842738412459832,-0.21429293806207572,-0.09607631395170671,0.015533736115792106,-0.007535013979566007,0.037853124057755226,0.21433234466552978,-0.47858495884519264,True
fx_futures/EUR,fx_futures,80,300,long,2000-08-23,2014-08-29,2024-03-28,3513,2342,0.16670128869875292,-0.3060803185522943,0.0315889955573668,-0.07079923110330957,-0.26723155219254513,-0.14190866589783566,0.008441576314998542,-0.010047024432463213,0.03138128495902455,0.2830719091210902,-0.42611928404393307,True
fx_futures/EUR,fx_futures,100,200,long,2000-03-31,2014-06-19,2024-03-28,3573,2382,0.2819558253836888,-0.24081029379933794,0.06601085715772702,-0.06488921426100566,-0.2383288787350561,-0.13108060281868633,0.015732293570741032,-0.00850571732176352,0.03318576479748521,0.25905734822608667,-0.46700016437463227,True
fx_futures/EUR,fx_futures,100,250,long,2000-06-13,2014-07-21,2024-03-28,3543,2362,0.2203587135278073,-0.2578281778175847,0.04538177862431028,-0.07438908240260331,-0.26267511530485604,-0.12032661203591151,0.011920663932880155,-0.0089509862579655,0.032787848013285756,0.25721504657534217,-0.46101964291372755,True
fx_futures/EUR,fx_futures,100,300,long,2000-08-23,2014-08-29,2024-03-28,3513,2342,0.15420965023761518,-0.3585317774031816,0.028889582833747453,-0.08013314658940306,-0.26666493045437595,-0.1423089573251496,0.007703838597217198,-0.011403664538321315,0.030675972578291702,0.2830719091210902,-0.42611928404393307,True
fx_futures/EUR,fx_futures,100,400,long,2001-01-18,2014-10-28,2024-03-28,3453,2302,0.14152766771161313,-0.25650493834242644,0.025258257084384155,-0.07401664274234812,-0.275174613784539,-0.10557295472808458,0.006950431138066006,-0.007814155673362728,0.02894941038692414,0.2389882923433347,-0.3929490206705263,True
fx_futures/EUR,fx_futures,116,378,long,2000-12-14,2014-10-15,2024-03-28,3466,2311,0.16676964151849405,-0.25357069745629257,0.031897118584830714,-0.06982222477679355,-0.26813855102527134,-0.1103829053771479,0.008552847159217761,-0.007707180030758754,0.028868512292111143,0.2799816231500489,-0.3988843290978475,True
fx_futures/EUR,fx_futures,120,398,long,2001-01-16,2014-10-27,2024-03-28,3454,2303,0.1285561759976725,-0.3096327590526494,0.021845738125681406,-0.07505451603248921,-0.2818985583920314,-0.12484921930354205,0.006158282084639426,-0.009370497731861457,0.029043129316949905,0.23900133021403053,-0.38929202043316974,True
fx_futures/EUR,fx_futures,134,750,long,2002-06-13,2015-05-20,2024-03-28,3243,2162,0.04506762471219046,-0.4326284798243798,0.002051010015709865,-0.08283762222970324,-0.3378288067400319,-0.12235373850187199,0.0006928902662191178,-0.010135492768409969,0.022938351363648447,0.14870743047104437,-0.24820855209847983,False
fx_futures/EUR,fx_futures,150,400,long,2001-01-18,2014-10-28,2024-03-28,3453,2302,0.00435495440994473,-0.2393147055513543,-0.005383797607151376,-0.0642289136550161,-0.32241234263474894,-0.11262525868920664,-0.001735802798793031,-0.007233798015722904,0.028624525213456407,0.2389882923433347,-0.3929490206705263,True
fx_futures/EUR,fx_futures,150,500,long,2001-06-12,2014-12-23,2024-03-28,3393,2262,0.00425462568101187,-0.3320148045253926,-0.005994188904806889,-0.07757091027837716,-0.3060328676207295,-0.12084061014162767,-0.0018344188195984123,-0.009373716127280553,0.027247086534579044,0.2873045452845556,-0.34241426633102945,True
fx_futures/EUR,fx_futures,150,710,long,2002-04-17,2015-04-28,2024-03-28,3267,2178,0.028577610543776423,-0.505302045264282,-0.001298884838694412,-0.09328742768192055,-0.3443986161138453,-0.1286508632220886,-0.00044733414093761067,-0.012001508099047244,0.02335425449006581,0.18477719954161687,-0.230432572216406,False
fx_futures/EUR,fx_futures,162,678,long,2002-03-01,2015-04-09,2024-03-28,3286,2191,0.023961717819628952,-0.5351659411174405,-0.0022103449345252297,-0.09246028955520105,-0.3418376656393074,-0.13811317029047074,-0.0007555791526757723,-0.012769983716443715,0.02349859097621367,0.1855964150582293,-0.19426784530606173,False
fx_futures/EUR,fx_futures,174,698,long,2002-04-01,2015-04-21,2024-03-28,3274,2183,-0.009095839751037898,-0.6374794965178308,-0.00836310720336982,-0.10740006653315069,-0.3682064707437524,-0.13421516707281236,-0.003079350187804455,-0.014414717873377983,0.022382620762124984,0.17773871299948335,-0.20416971042812956,False
fx_futures/EUR,fx_futures,200,400,long,2001-01-18,2014-10-28,2024-03-28,3453,2302,-0.003026357374353275,-0.29164714645027745,-0.00703222091752207,-0.07983511646859981,-0.31879482689283273,-0.10667525257597298,-0.002241835650073606,-0.008516431213720104,0.027982857388418637,0.2389882923433347,-0.3929490206705263,True
fx_futures/EUR,fx_futures,200,600,long,2001-11-05,2015-02-20,2024-03-28,3333,2222,-0.04658425729988649,-0.5640586644245017,-0.014984959252500022,-0.0896151467656753,-0.3712856089415588,-0.15307292420022642,-0.005563699721028916,-0.01371765256805438,0.023977267761305245,0.20477462081527184,-0.2665637834974919,False
fx_futures/GBP,fx_futures,5,20,long,1976-01-16,2005-04-29,2024-03-28,7383,4922,0.5271358714261064,-0.3154816818701371,0.16665574198292069,-0.05818276969161158,-0.4088750886165072,-0.40397383678552196,0.06814138127171646,-0.02350431670712871,0.068023135721978,0.29075290231729123,-0.21012274520358667,False
fx_futures/GBP,fx_futures,5,35,long,1976-02-06,2005-05-09,2024-03-28,7374,4916,0.5149067319017475,-0.2685003835089019,0.1769292490494095,-0.05671126606034936,-0.37908157036679135,-0.3588126953179653,0.06707061757346727,-0.0203487222300082,0.06793496091867032,0.2881740725099057,-0.20225606215474884,False
fx_futures/GBP,fx_futures,8,21,long,1976-01-19,2005-04-29,2024-03-28,7382,4922,0.42122736844081937,-0.3068297003321087,0.11913738825942036,-0.05974029970198092,-0.43441492522290187,-0.38512571733323103,0.05175505961196792,-0.02300752577642761,0.06823771425662865,0.29077259768868075,-0.21012274520358667,False
fx_futures/GBP,fx_futures,9,21,long,1976-01-19,2005-04-29,2024-03-28,7382,4922,0.4135000289505695,-0.28460155403373183,0.1183578440097401,-0.058097484639498084,-0.42773716508234105,-0.37146431323805695,0.050626048661984176,-0.021581142232469718,0.06840220489100468,0.29077259768868075,-0.21012274520358667,False
fx_futures/GBP,fx_futures,10,20,long,1976-01-16,2005-04-29,2024-03-28,7383,4922,0.44003918547936866,-0.2699477407579919,0.12964686634290937,-0.057042786842488306,-0.4212377935005526,-0.3619501000206706,0.0546121599125482,-0.020646642403096434,0.06854319581130959,0.29075290231729123,-0.21012274520358667,False
fx_futures/GBP,fx_futures,10,30,long,1976-01-30,2005-05-05,2024-03-28,7377,4918,0.48828672585342797,-0.23055496445149085,0.16806816990900722,-0.052571649829426075,-0.37404829599563705,-0.33533024578954085,0.06286561256556936,-0.01762886425886312,0.06728327062333844,0.2907364358666462,-0.2099213555639414,False
fx_futures/GBP,fx_futures,10,100,long,1976-05-11,2005-06-14,2024-03-28,7335,4890,0.49717309110937263,0.013167758330189388,0.16052787803415916,-0.006450728834802593,-0.41583592235424843,-0.2019028478159475,0.06675325822590487,-0.0013024205222350923,0.0656933708543663,0.2952939000213068,-0.17631915850794727,True
fx_futures/GBP,fx_futures,12,26,long,1976-01-26,2005-05-03,2024-03-28,7379,4920,0.4986738964129588,-0.2763699962603153,0.1665026217933309,-0.05746825486505407,-0.38617109194449917,-0.3592804308487433,0.06429849926955256,-0.020647219368042015,0.06726666957903384,0.2888112015358481,-0.20421450627079285,False
fx_futures/GBP,fx_futures,13,48,long,1976-02-26,2005-05-16,2024-03-28,7366,4911,0.47434804103627576,-0.07324585259747039,0.16668764570443956,-0.029251429991749237,-0.368097414153445,-0.2434312136718008,0.061357291355129795,-0.007120711104527231,0.06688497565360904,0.2831180056973938,-0.18701905473952804,True
fx_futures/GBP,fx_futures,20,50,long,1976-03-01,2005-05-17,2024-03-28,7365,4910,0.45924810473486444,0.016298028063517645,0.14442431676675255,-0.0054251565971635335,-0.40979313329217865,-0.21212437868398168,0.05918409329142966,-0.0011508079724366189,0.06677907446065061,0.28297323463454355,-0.18655035268151698,True
fx_futures/GBP,fx_futures,20,60,long,1976-03-15,2005-05-23,2024-03-28,7359,4906,0.4324770435532705,0.03705029804497663,0.13101858717319328,0.0012426111543634845,-0.4292152553985558,-0.19208689624195158,0.0562351763555001,0.0002386893198773103,0.06662418558119396,0.2821007255564222,-0.18434729137072944,True
fx_futures/GBP,fx_futures,20,100,long,1976-05-11,2005-06-14,2024-03-28,7335,4890,0.4483958729547783,-0.023791910901137667,0.13313543871195962,-0.016428512966806235,-0.44117340193228,-0.22285543788713405,0.05873581441430179,-0.0036611834510520635,0.06497792457028254,0.2952939000213068,-0.17631915850794727,True
fx_futures/GBP,fx_futures,21,55,long,1976-03-08,2005-05-19,2024-03-28,7362,4908,0.4001049539885487,0.040588629947555466,0.11717108565048749,0.0026896337960549107,-0.43244705744774986,-0.17806650454791548,0.050670291207511584,0.0004789336885774389,0.06646139208826841,0.2829002761475333,-0.1862120295908351,True
fx_futures/GBP,fx_futures,30,90,long,1976-04-27,2005-06-08,2024-03-28,7341,4894,0.4362983002064167,-0.0034718378446424113,0.11353429896487754,-0.009451565228456082,-0.4995524089345347,-0.24700717142037665,0.05671633254459822,-0.0023346043925761228,0.06483358546773195,0.30146511271685744,-0.1838017542865679,True
fx_futures/GBP,fx_futures,30,200,long,1976-10-01,2005-08-09,2024-03-28,7275,4850,0.5734166239866596,-0.22127790537788755,0.2314695911201576,-0.04599380052100548,-0.3353963084678234,-0.31551428265813486,0.07763404638425735,-0.014511700978106393,0.05836059078448808,0.32481973037284884,-0.17204024335935023,False
fx_futures/GBP,fx_futures,40,100,long,1976-05-11,2005-06-14,2024-03-28,7335,4890,0.498995050840489,0.11040705268198622,0.17805404942568534,0.025828398849883194,-0.3761090843067962,-0.1883562450192102,0.06696774548661154,0.004864940222222486,0.06057194520031497,0.2952939000213068,-0.17631915850794727,True
fx_futures/GBP,fx_futures,50,150,long,1976-07-22,2005-07-12,2024-03-28,7305,4870,0.5995278106359919,-0.12889088214874458,0.27004583636545987,-0.03582251649053354,-0.3028472798483564,-0.2610781018443924,0.08178264697765389,-0.009352474608637942,0.05926988987710534,0.29958561231463654,-0.1676341366482255,True
fx_futures/GBP,fx_futures,50,200,long,1976-10-01,2005-08-09,2024-03-28,7275,4850,0.5571851636343941,-0.166851574732746,0.23072204190620846,-0.04023136632201944,-0.32487677553907146,-0.27500194290486096,0.07495623302027953,-0.011063703904272536,0.05695327899188066,0.32481973037284884,-0.17204024335935023,True
fx_futures/GBP,fx_futures,60,120,long,1976-06-09,2005-06-24,2024-03-28,7323,4882,0.5889695140511644,-0.06037651728012373,0.2915689740443002,-0.02182893641727474,-0.2785108254603376,-0.24623024668181243,0.0812051156397018,-0.0053749443988271575,0.05972224197184095,0.31110096137601584,-0.1824490021667383,True
fx_futures/GBP,fx_futures,60,132,long,1976-06-25,2005-06-30,2024-03-28,7315,4878,0.6290093694497463,-0.12390041115034939,0.310457738939666,-0.03348912452381468,-0.27831571075154626,-0.2715971517311461,0.08640526627131113,-0.009095550834637743,0.05946924766362423,0.30657805326647714,-0.17178013836733072,True
fx_futures/GBP,fx_futures,60,180,long,1976-09-02,2005-07-28,2024-03-28,7287,4858,0.5680411561013704,-0.18091612336661242,0.2684359383536457,-0.040312302672087935,-0.2851131310398512,-0.2940722167453698,0.0765346108676284,-0.011854728208891194,0.05694968463373088,0.29694158015278765,-0.1613161237934476,False
fx_futures/GBP,fx_futures,60,400,long,1977-07-21,2005-11-30,2024-03-28,7155,4770,0.4567476135152426,-0.3349233244795196,0.167836586670262,-0.052702952773995004,-0.3509883559208679,-0.33243775930533154,0.05890868761876551,-0.017520451528961607,0.049163504423250556,0.2812324651843643,-0.15603869222720862,False
fx_futures/GBP,fx_futures,62,758,long,1978-12-21,2006-06-22,2024-03-28,6940,4627,0.26982596539823345,-0.2917255010731814,0.06443026726703296,-0.04457395464792242,-0.4362504832905847,-0.2860307806019248,0.02810773523378467,-0.012749523042460043,0.041088738985191935,0.2276426993737916,-0.1959430154335614,False
fx_futures/GBP,fx_futures,74,758,long,1978-12-21,2006-06-22,2024-03-28,6940,4627,0.33194069435015966,-0.16476363347693493,0.1053141672491109,-0.032670501090728776,-0.3475382186413358,-0.2294511346933698,0.03660069808345171,-0.007496283546268694,0.04065205366646433,0.2276426993737916,-0.1959430154335614,True
fx_futures/GBP,fx_futures,80,144,long,1976-07-14,2005-07-07,2024-03-28,7308,4873,0.5502021213248085,-0.21428665182362847,0.2489845008724298,-0.04258674852962848,-0.29554873998226433,-0.3317198328146486,0.07358705550795962,-0.014126869102367844,0.05841821560812257,0.29722090219422914,-0.15578358918417362,False
fx_futures/GBP,fx_futures,80,300,long,1977-02-25,2005-10-05,2024-03-28,7215,4810,0.4849105722794255,-0.4261951841819155,0.19390370236282703,-0.060677274988740766,-0.32580091027016894,-0.3822491300971457,0.06317400273456496,-0.023193835581111454,0.05189743811352361,0.298122013723328,-0.1657993269015228,False
fx_futures/GBP,fx_futures,100,200,long,1976-10-01,2005-08-09,2024-03-28,7275,4850,0.5550086977901999,-0.436837535612529,0.2690941538780893,-0.06351013173640498,-0.27532534071337866,-0.41601958229725944,0.0740884396004633,-0.02642145847662312,0.05750226439840443,0.32481973037284884,-0.17204024335935023,False
fx_futures/GBP,fx_futures,100,250,long,1976-12-14,2005-09-07,2024-03-28,7245,4830,0.4794724300880223,-0.3953940451417272,0.19128211506382284,-0.05974175034657846,-0.32434336774707756,-0.3733982907636271,0.06204108538958429,-0.022307467466639724,0.053441031997623505,0.3243771055730989,-0.1911458985129566,False
fx_futures/GBP,fx_futures,100,300,long,1977-02-25,2005-10-05,2024-03-28,7215,4810,0.46054216901064826,-0.44481291618392393,0.16687792301789525,-0.061085023750774105,-0.35460251363024775,-0.3837707950073846,0.05917533097154064,-0.023442648127879547,0.05046303161739678,0.298122013723328,-0.1657993269015228,False
fx_futures/GBP,fx_futures,100,400,long,1977-07-21,2005-11-30,2024-03-28,7155,4770,0.45360561739011285,-0.38726579184545096,0.15703040308021668,-0.05555897919370627,-0.3693044846553757,-0.34908921231971035,0.05799203208476534,-0.019395040284018096,0.04764068888263828,0.2812324651843643,-0.15603869222720862,False
fx_futures/GBP,fx_futures,116,378,long,1977-06-17,2005-11-17,2024-03-28,7168,4779,0.43783764895594507,-0.4340402711824374,0.14454006571985034,-0.05991759556990843,-0.38349996759325944,-0.3623765614503325,0.05543111051949019,-0.021712732252995092,0.04792640750777093,0.2821269913099787,-0.15250349304802985,False
fx_futures/GBP,fx_futures,120,398,long,1977-07-19,2005-11-29,2024-03-28,7156,4771,0.4595650623734893,-0.4268581814463156,0.17646036724771616,-0.05837127830153645,-0.3327181162445869,-0.35699834947554726,0.05871156098248812,-0.02083845001042634,0.046768536417655104,0.28047737890381164,-0.15265887281611287,False
fx_futures/GBP,fx_futures,134,750,long,1978-12-11,2006-06-19,2024-03-28,6945,4630,0.3465933580593287,-0.20157125069523882,0.10675085523250269,-0.037277538232968054,-0.35790937886001506,-0.24181592651490946,0.03820713228904043,-0.009014302446000131,0.04079345186437316,0.2348852559107005,-0.20037609185143473,False
fx_futures/GBP,fx_futures,150,400,long,1977-07-21,2005-11-30,2024-03-28,7155,4770,0.39222618645751617,-0.3261713531147729,0.13749729809072522,-0.052821623791743315,-0.3375918949961829,-0.307588709205434,0.04641797341930297,-0.01624733508023737,0.04685282418571134,0.2812324651843643,-0.15603869222720862,False
fx_futures/GBP,fx_futures,150,500,long,1977-12-12,2006-01-27,2024-03-28,7095,4730,0.38621879531773967,-0.20634449354124906,0.1383896312572203,-0.03663434168779714,-0.32985020563832984,-0.2844599542661699,0.04564784832840676,-0.010421003161082016,0.04570436191121516,0.25794300351735255,-0.17158043449904878,False
fx_futures/GBP,fx_futures,150,710,long,1978-10-11,2006-05-26,2024-03-28,6969,4646,0.3225030631722072,-0.23722204385037032,0.08664315477758265,-0.042241532218174734,-0.40623262761880014,-0.2519651737918512,0.0351972764304798,-0.010643395006586478,0.04147947237921982,0.2344773403531946,-0.20564491300177024,False
fx_futures/GBP,fx_futures,162,678,long,1978-08-25,2006-05-09,2024-03-28,6988,4659,0.3700366367618901,-0.3002345862116386,0.11649319645242344,-0.048290991138909944,-0.36057036563579614,-0.27801083289491213,0.04200399443893295,-0.013425418667849175,0.04207010754132283,0.2510428651164776,-0.20928943408082887,False
fx_futures/GBP,fx_futures,174,698,long,1978-09-25,2006-05-19,2024-03-28,6976,4651,0.3533902762633127,-0.39636251369040193,0.11235233811051547,-0.05544128903490289,-0.35023234315460167,-0.3184384237280878,0.039349422635343884,-0.017654636689727794,0.04264211942533189,0.24182328574951528,-0.2138573515993643,False
fx_futures/GBP,fx_futures,200,400,long,1977-07-21,2005-11-30,2024-03-28,7155,4770,0.39805709179428517,-0.3118265008620582,0.14347886074812816,-0.049654815272619494,-0.33111976378567637,-0.31771805778324014,0.047508686479158145,-0.015776231468002236,0.04739282056126698,0.2812324651843643,-0.15603869222720862,False
fx_futures/GBP,fx_futures,200,600,long,1978-05-05,2006-03-24,2024-03-28,7035,4690,0.3913730614276655,-0.28682084690276494,0.12996411806826105,-0.04044314691229492,-0.3474919139212049,-0.33296274133813725,0.04516148012862148,-0.013466061064258737,0.043904441351052884,0.25990835246849225,-0.161519593160699,False
fx_futures/INR,fx_futures,5,20,long,2015-12-07,2020-11-26,2024-03-28,1293,862,0.6199181418325521,-0.6227184774086469,0.4047879152615605,-0.19071990498965607,-0.07558032697643992,-0.11269467063177739,0.030594002991580195,-0.02149311687573317,0.03396131903456946,0.5372052225957168,-0.07301569615449344,False
fx_futures/INR,fx_futures,5,35,long,2015-12-28,2020-12-04,2024-03-28,1284,856,0.5164588476735569,-0.6935793758460175,0.3769560614758088,-0.20268498427009182,-0.06716448323154815,-0.11742266626211335,0.025318059070022395,-0.023799811264288685,0.03389734536054915,0.5461612589062462,-0.08984550721123317,False
fx_futures/INR,fx_futures,8,21,long,2015-12-08,2020-11-26,2024-03-28,1292,862,0.4889563300376107,-0.677553743663803,0.2828185972282306,-0.20435087128692953,-0.08321279833698422,-0.11766725407322842,0.02353412689710152,-0.024045405891804737,0.035013333590395906,0.5374131491934643,-0.07301569615449344,False
fx_futures/INR,fx_futures,9,21,long,2015-12-08,2020-11-26,2024-03-28,1292,862,0.4511462544532142,-0.7418150597004367,0.2798020197720745,-0.2156646482974937,-0.07828212457134245,-0.12114065657173521,0.02190349656711076,-0.026125757094070744,0.034863550048442826,0.5374131491934643,-0.07301569615449344,False
fx_futures/INR,fx_futures,10,20,long,2015-12-07,2020-11-26,2024-03-28,1293,862,0.5650449654812908,-0.8124179627050269,0.38526004325661295,-0.22252705187886643,-0.07278360074309495,-0.12851764276060398,0.028040613170656807,-0.028598652157938546,0.034958822439484935,0.5372052225957168,-0.07301569615449344,False
fx_futures/INR,fx_futures,10,30,long,2015-12-21,2020-12-02,2024-03-28,1287,858,0.3338444693487902,-0.5653399428218643,0.18631810776056906,-0.17214263970382526,-0.08615182876455453,-0.11544364693422288,0.016051645715524365,-0.019872774120293542,0.034451840978573935,0.5408704451136654,-0.07909823127203951,False
fx_futures/INR,fx_futures,10,100,long,2016-03-29,2021-01-12,2024-03-28,1245,830,0.6306075322973972,-0.8337886024019671,0.5202200662338046,-0.2590244603008392,-0.06368672578512281,-0.10917919412018419,0.03313111270615074,-0.028280081833061268,0.03372051265642155,0.4850043839775032,-0.16340835047314642,False
fx_futures/INR,fx_futures,12,26,long,2015-12-15,2020-11-30,2024-03-28,1289,860,0.2903214279124395,-0.7835883895687702,0.1570752281806834,-0.20025985369122637,-0.08773100299858047,-0.13733404603884652,0.013780367314522247,-0.02750249596656355,0.034812474731878436,0.533469010428233,-0.06308913945729927,False
fx_futures/INR,fx_futures,13,48,long,2016-01-15,2020-12-11,2024-03-28,1276,851,0.40842858176456814,-0.9872024262495102,0.25573392189314426,-0.24817373217343466,-0.07834025666848311,-0.13634413086593677,0.020034261079946734,-0.03383703181694272,0.03427002667225806,0.5484848511350219,-0.09242671176699342,False
fx_futures/INR,fx_futures,20,50,long,2016-01-19,2020-12-14,2024-03-28,1275,850,0.5829368064361924,-0.7961166728815909,0.49559982299834104,-0.23798022317015288,-0.05972239221655969,-0.11459442433916775,0.029598407011564486,-0.02727120667829034,0.0340009178590371,0.5576754610736634,-0.11281356275631142,False
fx_futures/INR,fx_futures,20,60,long,2016-02-02,2020-12-18,2024-03-28,1269,846,0.5651017750177545,-0.9510722506954618,0.42221797130365313,-0.251275367549414,-0.06835209960818545,-0.12944216539906106,0.028859484830913284,-0.032525627687041106,0.034150218354384386,0.5695306520251999,-0.1178993404736448,False
fx_futures/INR,fx_futures,20,100,long,2016-03-29,2021-01-12,2024-03-28,1245,830,0.4314951953973247,-0.8855399846629656,0.24271462615634284,-0.2626006777678914,-0.091753251135648,-0.11583373393143082,0.022269856048017844,-0.030418017038779336,0.03421775160273038,0.4850043839775032,-0.16340835047314642,False
fx_futures/INR,fx_futures,21,55,long,2016-01-26,2020-12-16,2024-03-28,1272,848,0.6223749042303075,-0.9616089947526921,0.5755411811741307,-0.24950272147542937,-0.05532524062138224,-0.13155920141421917,0.03184195433597333,-0.03282437878798184,0.03409896732525785,0.5571330748609045,-0.11027794239663186,False
fx_futures/INR,fx_futures,30,90,long,2016-03-15,2021-01-06,2024-03-28,1251,834,0.43743805816905246,-0.7694764507279866,0.24506018386612274,-0.26057983238929894,-0.09307071538716805,-0.10574338725876384,0.02280792662533098,-0.02755459412816541,0.035489639359114096,0.5460372389804524,-0.17777770324333658,False
fx_futures/INR,fx_futures,30,200,long,2016-08-16,2021-03-09,2024-03-28,1185,790,0.5009308356640989,-0.341192548931028,0.3061978918824597,-0.18179380412420354,-0.08622212871281086,-0.06722586313014343,0.026401034045480786,-0.012221245393961811,0.0343135472554447,0.4623545249774286,-0.2620082317738167,False
fx_futures/INR,fx_futures,40,100,long,2016-03-29,2021-01-12,2024-03-28,1245,830,0.674946011592355,-0.18155837537577565,0.4184319497382282,-0.1188709684330664,-0.08529254140868713,-0.061270583368919225,0.03568912439976552,-0.00728329358152236,0.036570327766704325,0.4850043839775032,-0.16340835047314642,False
fx_futures/INR,fx_futures,50,150,long,2016-06-07,2021-02-09,2024-03-28,1215,810,0.5907018043201162,-0.27035860412302054,0.392519578586559,-0.16419172518637482,-0.08032947277636154,-0.06640056574074962,0.0315308908022579,-0.010902423442324977,0.037886332409547044,0.48737348137773345,-0.224630646123439,False
fx_futures/INR,fx_futures,50,200,long,2016-08-16,2021-03-09,2024-03-28,1185,790,0.5932996671040179,-0.2074375219604076,0.4650794987489363,-0.14375852615375923,-0.06709016677106469,-0.05464226821765332,0.031202261132869308,-0.007855291944668242,0.03505521170194195,0.4623545249774286,-0.2620082317738167,True
fx_futures/INR,fx_futures,60,120,long,2016-04-26,2021-01-22,2024-03-28,1233,822,0.5392192746376321,-0.20462869777200052,0.3195603352858667,-0.14162228721321185,-0.0896641206439969,-0.05860759631758106,0.02865309645610805,-0.008300141838564442,0.037320064839021075,0.4805577430726013,-0.20289933669315102,False
fx_futures/INR,fx_futures,60,132,long,2016-05-12,2021-01-28,2024-03-28,1225,818,0.5633726969909301,-0.17695811028617184,0.3675762801136455,-0.12319854004180945,-0.08214549445730544,-0.05992402221715404,0.03019473528071242,-0.007382552050586331,0.037822874054112464,0.4765467974124299,-0.19738636913421703,True
fx_futures/INR,fx_futures,60,180,long,2016-07-19,2021-02-25,2024-03-28,1197,798,0.6317963623366539,-0.23390929214497103,0.44353084436778867,-0.18073796249152474,-0.07376632328880574,-0.05393642195495269,0.032717639654191284,-0.009748359008221292,0.03867583549086271,0.5227786321948651,-0.28861713166581954,True
fx_futures/INR,fx_futures,60,400,long,2017-05-24,2021-06-29,2024-03-28,1065,710,-0.17049137803326578,-0.1314197999663886,-0.08310296297511159,-0.0988255899485796,-0.1346879976683333,-0.044585122963040805,-0.01119297168342342,-0.004406151079752471,0.030146910558904453,0.19939445979283968,-0.30433057776339956,True
fx_futures/INR,fx_futures,62,758,long,2018-10-09,2022-01-17,2024-03-28,850,567,0.1776708340300753,-0.9602814751989194,0.0856139721890829,-0.45529358704486644,-0.10223515420000875,-0.05739377083835094,0.008752757648426151,-0.02613101579902385,0.02718772713404717,0.7960074327104476,-0.6387428167086788,False
fx_futures/INR,fx_futures,74,758,long,2018-10-09,2022-01-17,2024-03-28,850,567,0.2823009124683778,-0.8262199477317885,0.14695669706933187,-0.4198248944971387,-0.10223515420000874,-0.05739377083835094,0.015024140585607117,-0.02409533378700364,0.02901028321320213,0.7960074327104476,-0.6387428167086788,False
fx_futures/INR,fx_futures,80,144,long,2016-05-30,2021-02-04,2024-03-28,1218,813,0.6191463481488545,-0.04856468280832782,0.435693105291982,-0.059829535934276715,-0.07524806645096555,-0.04338774825164597,0.03278506373923859,-0.0025958688431292043,0.038349987150008,0.5067119650985596,-0.2131337851823392,True
fx_futures/INR,fx_futures,80,300,long,2017-01-04,2021-05-04,2024-03-28,1125,750,0.07354498487645941,-0.08645620477605469,0.016452896339065697,-0.06818168909869109,-0.15644877012568187,-0.04699125655766605,0.002574035397252162,-0.0032039432449716154,0.031414415335570434,0.4585238264281467,-0.24056698034876872,True
fx_futures/INR,fx_futures,100,200,long,2016-08-16,2021-03-09,2024-03-28,1185,790,0.25700901341924226,-0.14492898307628946,0.10613560644060854,-0.11693576472979109,-0.12215403606257833,-0.04820492805772063,0.012964892696669717,-0.0056368801261741245,0.0348208617094781,0.4623545249774286,-0.2620082317738167,True
fx_futures/INR,fx_futures,100,250,long,2016-10-25,2021-04-06,2024-03-28,1155,770,0.0702193649896219,-0.14485354966426084,0.01594763334903534,-0.11212461530827185,-0.14953808760126558,-0.048785736242623286,0.0023847785927809113,-0.005470081908734952,0.0339004784852047,0.4199617423160009,-0.2619842876542445,True
fx_futures/INR,fx_futures,100,300,long,2017-01-04,2021-05-04,2024-03-28,1125,750,0.07456836444679395,-0.055226738786072725,0.016840738856489693,-0.049853750658933105,-0.15624060974014575,-0.044585122963040826,0.0026312073074125143,-0.00222273560329731,0.031381962799218066,0.4585238264281467,-0.24056698034876872,True
fx_futures/INR,fx_futures,100,400,long,2017-05-24,2021-06-29,2024-03-28,1065,710,-0.2828971699731362,-0.2768559030216172,-0.11062427508735251,-0.16349185358141388,-0.16252366465673562,-0.05455661705354566,-0.01797906258719135,-0.008919562447215555,0.030664709889311567,0.19939445979283968,-0.30433057776339956,True
fx_futures/INR,fx_futures,116,378,long,2017-04-24,2021-06-16,2024-03-28,1078,719,-0.24099294851704406,-0.4362987344654935,-0.09833908492986218,-0.25151413308196297,-0.16027058237472694,-0.05612634312553178,-0.015760862411906745,-0.014116568534278917,0.031451918524085104,0.23467203359710198,-0.3991208368504008,False
fx_futures/INR,fx_futures,120,398,long,2017-05-22,2021-06-28,2024-03-28,1066,711,-0.3788075351667033,-0.3712699626495134,-0.1351632707430692,-0.19491216026066902,-0.17529646992999887,-0.060562011242307125,-0.023693644225452722,-0.011804272440969005,0.03071353048497268,0.18798571887209728,-0.31162340926780285,False
fx_futures/INR,fx_futures,134,750,long,2018-09-27,2022-01-12,2024-03-28,855,570,0.3101942938539642,-1.11665781227062,0.171718785880895,-0.4517205129338282,-0.10223515420000873,-0.07805372055246906,0.017555696553571584,-0.03525846668435501,0.03169322895373329,0.7044421026946871,-0.7060669794021123,False
fx_futures/INR,fx_futures,150,400,long,2017-05-24,2021-06-29,2024-03-28,1065,710,-0.4189102592367799,-0.36440383162090506,-0.1364017699823698,-0.18183904206477602,-0.1922981632565279,-0.06402607469643927,-0.026229809832549116,-0.011642440089968313,0.030832827793443925,0.19939445979283968,-0.30433057776339956,False
fx_futures/INR,fx_futures,150,500,long,2017-10-11,2021-08-24,2024-03-28,1005,670,-0.4651387242758491,-0.43449980452000786,-0.15475507331890845,-0.2260527292929369,-0.1933924406605891,-0.06402607469643928,-0.02992846133375212,-0.014473268931043547,0.03234957754300166,0.20715105024954236,-0.393907978675172,False
fx_futures/INR,fx_futures,150,710,long,2018-08-02,2021-12-20,2024-03-28,879,586,-0.05874437347023255,-0.6246958971503782,-0.05533439290030819,-0.26168944882624035,-0.10719822489229744,-0.07805372055246902,-0.005931748694405985,-0.020425835110213005,0.032204717657802195,0.2851955064062646,-0.36117742182780777,False
fx_futures/INR,fx_futures,162,678,long,2018-06-19,2021-12-01,2024-03-28,898,599,0.027016424709709073,-0.7326256631725929,-0.0032748193355223373,-0.307697329223423,-0.10997810162795613,-0.07805372055246908,-0.00036015841369527136,-0.024016921349946138,0.03246161797142562,0.33241333011353,-0.4471861008009139,False
fx_futures/INR,fx_futures,174,698,long,2018-07-17,2021-12-13,2024-03-28,886,591,0.0623787331547866,-0.6998717020307025,0.01889209109874996,-0.2647037787469665,-0.10223515420000874,-0.08974012898372591,0.0019314358466413146,-0.023754551247232417,0.03354560707167212,0.27443233937888023,-0.3504199423403059,False
fx_futures/INR,fx_futures,200,400,long,2017-05-24,2021-06-29,2024-03-28,1065,710,-0.388136462452548,-0.3298452674297386,-0.13520935999967676,-0.1750505902022123,-0.18480329394039596,-0.06402607469643927,-0.02498713509951308,-0.011207802163942626,0.0325641896042291,0.19939445979283968,-0.30433057776339956,False
fx_futures/INR,fx_futures,200,600,long,2018-03-01,2021-10-19,2024-03-28,945,630,-0.15856494808269866,-0.7764039036403273,-0.0964472626787393,-0.2910029846245453,-0.13583610584119,-0.09001320694503077,-0.013101020581322285,-0.02619411187663081,0.03346467040807931,0.11952081516521125,-0.3564533244645807,False
fx_futures/JPY,fx_futures,5,20,long,1977-07-13,2005-08-04,2024-03-28,7074,4716,0.232376369225009,-0.18336296346194347,0.05012307335596559,-0.04696905894405159,-0.20545524959594605,-0.3193300103078848,0.010298048546865822,-0.014998630076755644,0.06931953799612356,-0.024972257633974582,-0.37493127470523246,True
fx_futures/JPY,fx_futures,5,35,long,1977-08-04,2005-08-12,2024-03-28,7065,4710,0.35329621307319753,-0.3450841125143572,0.13340998620134006,-0.0655288531229803,-0.12335147075396913,-0.3934957420858842,0.016456318011202023,-0.025785324687664046,0.06883650312139904,-0.01735035851916388,-0.38371055994957837,True
fx_futures/JPY,fx_futures,8,21,long,1977-07-15,2005-08-04,2024-03-28,7073,4716,0.32831288864317115,-0.31441523314815667,0.09310933235253151,-0.06166387695921311,-0.1622409269923868,-0.38187381016284044,0.015106144392516943,-0.023547819643827298,0.06835840215170709,-0.024974022648400124,-0.37493127470523246,True
fx_futures/JPY,fx_futures,9,21,long,1977-07-15,2005-08-04,2024-03-28,7073,4716,0.3402437696412402,-0.35460243427032523,0.09828366498846561,-0.06779922605702468,-0.15976816446570122,-0.3888315410883174,0.015702600752169053,-0.026362477552348114,0.06868760340544457,-0.024974022648400124,-0.37493127470523246,True
fx_futures/JPY,fx_futures,10,20,long,1977-07-13,2005-08-04,2024-03-28,7074,4716,0.36936610409415305,-0.33243735504156974,0.12507493925115937,-0.06658270858214647,-0.13771067712139048,-0.37463107863837375,0.017224154575193936,-0.02494395193479404,0.06885406587890246,-0.024972257633974582,-0.37493127470523246,True
fx_futures/JPY,fx_futures,10,30,long,1977-07-28,2005-08-10,2024-03-28,7068,4712,0.4063958761199153,-0.19027642633111455,0.1375456486181421,-0.04890705185522417,-0.13902410442571023,-0.3118299285641198,0.019122160616790635,-0.015250682486296255,0.06845964314019022,-0.022189920860387423,-0.37828207321143154,True
fx_futures/JPY,fx_futures,10,100,long,1977-11-04,2005-09-20,2024-03-28,7026,4684,0.47710302407332245,-0.06559147530537641,0.2210443009044188,-0.03293684048419664,-0.10357209940574523,-0.20172056232507335,0.022894022306345924,-0.0066440379836833876,0.0672179050511407,-0.04310840961020023,-0.37162879239976176,True
fx_futures/JPY,fx_futures,12,26,long,1977-07-22,2005-08-08,2024-03-28,7070,4714,0.39899037024509515,-0.15655828534413724,0.12643665440410096,-0.044859423999808974,-0.1479234254864122,-0.29018462979835774,0.01870294302649628,-0.013017515346352131,0.06865196360163758,-0.02827328340217679,-0.37143334470556594,True
fx_futures/JPY,fx_futures,13,48,long,1977-08-23,2005-08-19,2024-03-28,7057,4705,0.4105075890722229,-0.047966632544465336,0.1360463098362582,-0.02791905583767925,-0.14386820749421858,-0.197072356189104,0.019572738732345545,-0.005502074116506608,0.06753176516275582,-0.021943134250901726,-0.37893395803704094,True
fx_futures/JPY,fx_futures,20,50,long,1977-08-25,2005-08-22,2024-03-28,7056,4704,0.42741758672249924,-0.1755604211236269,0.16047024343351238,-0.05384479298080415,-0.1261989066828619,-0.25983971710179204,0.020251169276441962,-0.013991015775536709,0.06734747450446336,-0.018954181128859,-0.3822820707145114,True
fx_futures/JPY,fx_futures,20,60,long,1977-09-09,2005-08-26,2024-03-28,7050,4700,0.4549127562768591,-0.09183376686872533,0.15063148912463661,-0.036478020544860566,-0.14399248638164044,-0.23288113153048298,0.02168980264642546,-0.008495042700479334,0.06785269321427106,-0.02138383368892066,-0.37980202024888954,True
fx_futures/JPY,fx_futures,20,100,long,1977-11-04,2005-09-20,2024-03-28,7026,4684,0.3884763774737881,-0.09927605085674904,0.17187883508730506,-0.031018721323024568,-0.10620883056970983,-0.2820099458842647,0.01825505007430668,-0.008747587921705246,0.06634706086679593,-0.04310840961020023,-0.37162879239976176,True
fx_futures/JPY,fx_futures,21,55,long,1977-09-01,2005-08-24,2024-03-28,7053,4702,0.4289675752243139,-0.18413409581232792,0.14651969676257348,-0.05319850677574979,-0.13830485900942818,-0.27518202823693083,0.020264386002851895,-0.014639272993726934,0.06766575384531769,-0.020915918365787326,-0.3802238970038591,True
fx_futures/JPY,fx_futures,30,90,long,1977-10-21,2005-09-14,2024-03-28,7032,4688,0.3924354636669667,-0.06820507657962425,0.19399749130246566,-0.026241994668720972,-0.09430366494007503,-0.25322685006734236,0.01829467441900284,-0.006645177649444203,0.06592160396916036,-0.03237312068616606,-0.3787842312584787,True
fx_futures/JPY,fx_futures,30,200,long,1978-03-31,2005-11-15,2024-03-28,6966,4644,0.1632583539659097,0.01129698311276147,0.028266696899958046,-0.0055169446452712516,-0.24857948774414457,-0.24565118518302076,0.00702652103561057,-0.001355243990700003,0.06459316032176114,-0.09545181402168787,-0.34050826468484935,True
fx_futures/JPY,fx_futures,40,100,long,1977-11-04,2005-09-20,2024-03-28,7026,4684,0.2907957212489048,-0.1514348225393755,0.07063716948270223,-0.043579867744768026,-0.18449491703290527,-0.2681196383635873,0.013032198723150416,-0.011684618379660167,0.06405805475043866,-0.04310840961020023,-0.37162879239976176,True
fx_futures/JPY,fx_futures,50,150,long,1978-01-18,2005-10-18,2024-03-28,6996,4664,0.19639652866675888,-0.10610926673964378,0.03858786532528726,-0.030554489655463066,-0.22263259234348945,-0.2857617283241993,0.008590916490370151,-0.008731303772008996,0.06358521273858707,-0.06248251251405396,-0.3546799192414877,True
fx_futures/JPY,fx_futures,50,200,long,1978-03-31,2005-11-15,2024-03-28,6966,4644,0.196872541342064,-0.013592131709042063,0.0428362784158644,-0.012910728446224007,-0.20617266051033845,-0.2215970808764961,0.008831669487360349,-0.0028609797356723803,0.06330505261026054,-0.09545181402168787,-0.34050826468484935,True
fx_futures/JPY,fx_futures,60,120,long,1977-12-05,2005-09-30,2024-03-28,7014,4676,0.20021528310070982,-0.15027617301655416,0.03992661384655728,-0.04315993194898563,-0.21877167157075256,-0.26427152820191924,0.00873481205137129,-0.011405941173249272,0.06308537929033715,-0.054832231263883105,-0.3637999317861753,True
fx_futures/JPY,fx_futures,60,132,long,1977-12-21,2005-10-06,2024-03-28,7006,4672,0.19058253443606654,-0.1302069424175361,0.03765702648156665,-0.03533100664956605,-0.22005479328071703,-0.287327476407272,0.008286609177967636,-0.01015156897954836,0.0630763218675437,-0.05346054094545884,-0.3655962676434871,True
fx_futures/JPY,fx_futures,60,180,long,1978-03-02,2005-11-03,2024-03-28,6978,4652,0.20365444333477767,0.004642281859083991,0.044763611361463826,-0.007830040110054984,-0.20422924021181527,-0.21715818299742826,0.009142038337488738,-0.0017003572830965237,0.06315092736138982,-0.07175308955104802,-0.3477245427856273,True
fx_futures/JPY,fx_futures,60,400,long,1979-01-17,2006-03-09,2024-03-28,6846,4564,0.15894699507787396,-0.040969181884568565,0.02908302386053527,-0.019579101719842545,-0.2323020620483754,-0.24457190574267815,0.006756046413404447,-0.004788498220351638,0.06524618084195258,-0.11412140360794909,-0.34085758212736034,True
fx_futures/JPY,fx_futures,62,758,long,1980-06-18,2006-09-27,2024-03-28,6631,4421,0.12395770463592692,-0.1359871482011897,0.02140767583751058,-0.04120279462538439,-0.2237983667463824,-0.24320913991276308,0.004791002888270861,-0.010020896242841955,0.06056636161066596,-0.09072426435890796,-0.33748982289668844,True
fx_futures/JPY,fx_futures,74,758,long,1980-06-18,2006-09-27,2024-03-28,6631,4421,0.09541254499470389,-0.12281535481387496,0.014884671933938923,-0.03985830666199356,-0.23022256479942554,-0.22920434701094325,0.0034267873488294446,-0.009135697151424163,0.06004444831458453,-0.09072426435890796,-0.33748982289668844,True
fx_futures/JPY,fx_futures,80,144,long,1978-01-10,2005-10-13,2024-03-28,6999,4667,0.24262726802151263,0.001807614175080561,0.05686498226914826,-0.008498897734631097,-0.1957655296599856,-0.22039998064164887,0.011132203373025498,-0.0018731568961880473,0.06305656124922536,-0.058878597771695386,-0.35976371806570573,True
fx_futures/JPY,fx_futures,80,300,long,1978-08-22,2006-01-12,2024-03-28,6906,4604,0.10973257616325277,0.01506013806745778,0.01667815145874293,-0.005087425250993018,-0.25929144138575144,-0.23094851636040276,0.004324501931387328,-0.001174933313811287,0.06586654499652109,-0.10713181108837636,-0.3602675400723844,True
fx_futures/JPY,fx_futures,100,200,long,1978-03-31,2005-11-15,2024-03-28,6966,4644,0.24419620601547795,0.027259258632416208,0.05497711702335616,-0.0016397238835618175,-0.2098254899269973,-0.21071938792429357,0.01153560051419957,-0.0003455216131089918,0.06517650251691658,-0.09545181402168787,-0.34050826468484935,True
fx_futures/JPY,fx_futures,100,250,long,1978-06-12,2005-12-13,2024-03-28,6936,4624,0.16810278040578477,0.016000266323295355,0.029487478078694916,-0.004970446432373311,-0.25065683646927783,-0.22349368826875018,0.007391237970662846,-0.0011108634055133622,0.06582177053168473,-0.10019110179569417,-0.3358082200828441,True
fx_futures/JPY,fx_futures,100,300,long,1978-08-22,2006-01-12,2024-03-28,6906,4604,0.133507176109149,0.035681811144670714,0.023829943859740046,0.000807768150049443,-0.23332794036644014,-0.23202996776248852,0.005560191719841042,0.00018742641781553725,0.06571006096763272,-0.10713181108837636,-0.3602675400723844,True
fx_futures/JPY,fx_futures,100,400,long,1979-01-17,2006-03-09,2024-03-28,6846,4564,0.09966257645663547,-0.0006437565488891087,0.014990680875464835,-0.009280000112716385,-0.24788258894138018,-0.23263517682934523,0.003715928785404259,-0.00215885446719812,0.06512258211586673,-0.11412140360794909,-0.34085758212736034,True
fx_futures/JPY,fx_futures,116,378,long,1978-12-14,2006-02-24,2024-03-28,6859,4573,0.10737486086276751,-0.02273745666063997,0.016775226918844758,-0.014256149875605377,-0.24448688178895653,-0.25098717634634016,0.00410132292069052,-0.003578110802848422,0.06494511941631163,-0.11100131320735966,-0.3472279388040884,True
fx_futures/JPY,fx_futures,120,398,long,1979-01-15,2006-03-08,2024-03-28,6847,4565,0.16384182041810325,0.004074742984092713,0.03400829927968378,-0.007886779441418915,-0.20165730702668996,-0.2326256197541016,0.006858022049298752,-0.0018346669554239825,0.06483302680055845,-0.1110119019497084,-0.3426744407912222,True
fx_futures/JPY,fx_futures,134,750,long,1980-06-06,2006-09-22,2024-03-28,6636,4424,0.061482736341839934,-0.2039641720512021,0.006904337008425423,-0.05282263193559833,-0.25995844058936485,-0.2529189772020738,0.0017948406820137133,-0.01335984604227313,0.05775800598181326,-0.08241771240249723,-0.34219698339371535,True
fx_futures/JPY,fx_futures,150,400,long,1979-01-17,2006-03-09,2024-03-28,6846,4564,0.10012584353721897,0.03733943121023193,0.015894940561340772,0.0015661287149206268,-0.23205635715249234,-0.2181061064255584,0.0036885220038201313,0.0003415822361726012,0.06404548378147687,-0.11412140360794909,-0.34085758212736034,True
fx_futures/JPY,fx_futures,150,500,long,1979-06-11,2006-05-05,2024-03-28,6786,4524,0.1230750775512317,-0.06258775401187998,0.021558402520771992,-0.023197443114218366,-0.220968759027284,-0.2521755732465984,0.004763733451625658,-0.005849828515183373,0.06251808155531231,-0.06358061578550031,-0.3666082298685386,True
fx_futures/JPY,fx_futures,150,710,long,1980-04-10,2006-08-31,2024-03-28,6660,4440,0.06948638335661728,-0.17043134266838939,0.008220532842644027,-0.04482314915220672,-0.2645677254767943,-0.25508236831641257,0.0021748876763856163,-0.01143359504114469,0.05769940753177868,-0.05994426824384043,-0.3388476173039196,True
fx_futures/JPY,fx_futures,162,678,long,1980-02-25,2006-08-14,2024-03-28,6679,4453,0.06780403544499604,-0.13259726775132824,0.00794949656942873,-0.03662204116245741,-0.2634524605380737,-0.2580915523421185,0.0020943144312549748,-0.009451839453555594,0.05865092767643217,-0.05553314711092649,-0.3425843588555247,True
fx_futures/JPY,fx_futures,174,698,long,1980-03-24,2006-08-24,2024-03-28,6667,4445,0.07428384285145362,-0.18186211278584935,0.008608475822660675,-0.044456044427127805,-0.27903164937955455,-0.26885770720921215,0.002402037207441026,-0.011952350176268455,0.057136426630930784,-0.054032862748140904,-0.3432691869817785,True
fx_futures/JPY,fx_futures,200,400,long,1979-01-17,2006-03-09,2024-03-28,6846,4564,0.07089636424356346,-0.024425743669560098,0.009586224816792503,-0.014582601275624765,-0.23518859390084298,-0.2389823419861657,0.0022545707354787946,-0.0034849842050992536,0.06263247290520753,-0.11412140360794909,-0.34085758212736034,True
fx_futures/JPY,fx_futures,200,600,long,1979-10-31,2006-06-30,2024-03-28,6726,4484,0.06398961402977517,-0.12735278838207256,0.00672021984633404,-0.032640329190007165,-0.28394937723032365,-0.2849073854014789,0.0019082022402174118,-0.009299470848168514,0.05947536273252977,-0.05737711168114462,-0.35498922391750865,True
fx_futures/NOK,fx_futures,5,20,long,2002-07-16,2015-11-09,2024-03-28,3336,2224,-0.07290908114884267,-0.4060866141823813,-0.03254339296433959,-0.12026711803494144,-0.3355280086153926,-0.26450945038148255,-0.010919219834913042,-0.03181178929038725,0.0730378490626894,0.06403363631987682,-0.2659520081464334,False
fx_futures/NOK,fx_futures,5,35,long,2002-08-06,2015-11-17,2024-03-28,3327,2218,-0.12152548655177539,-0.3216004047186026,-0.049798182782196374,-0.09673916360889835,-0.3197308218172668,-0.25526309185276064,-0.015922013905958113,-0.02469393800605746,0.070102761804458,0.06360726319654575,-0.26561092826448396,False
fx_futures/NOK,fx_futures,8,21,long,2002-07-17,2015-11-09,2024-03-28,3335,2224,-0.1398238528257731,-0.10765493660688043,-0.050540956856008595,-0.04874584270401154,-0.34735260257107115,-0.20920236835038528,-0.017555532900366808,-0.010197745740914563,0.07148909403376047,0.06404323311689711,-0.2659520081464334,True
fx_futures/NOK,fx_futures,9,21,long,2002-07-17,2015-11-09,2024-03-28,3335,2224,-0.1800729084571906,-0.15953888712551262,-0.05642541014326252,-0.06634128290886812,-0.3772169074498526,-0.20784773972157555,-0.02128461871583103,-0.01378888570283783,0.07116603109425193,0.06404323311689711,-0.2659520081464334,True
fx_futures/NOK,fx_futures,10,20,long,2002-07-16,2015-11-09,2024-03-28,3336,2224,-0.2512152099106018,-0.16914766315554364,-0.06764656392984972,-0.06700067055022944,-0.4118558633956705,-0.2164492379153265,-0.027860633993078678,-0.014502244080413023,0.07133090317966406,0.06403363631987682,-0.2659520081464334,True
fx_futures/NOK,fx_futures,10,30,long,2002-07-30,2015-11-13,2024-03-28,3330,2220,-0.13323190409684818,-0.022134093145644518,-0.049933822486738354,-0.021576697812175288,-0.3402686699837762,-0.19096959264139213,-0.016990915364768436,-0.0041204931917375315,0.07141513481707387,0.06086985116006565,-0.26094763052734365,True
fx_futures/NOK,fx_futures,10,100,long,2002-11-07,2015-12-24,2024-03-28,3288,2192,-0.000507858079524157,-0.5317357825090823,-0.02184894813834068,-0.1218197045397925,-0.2221430223612034,-0.31390670061119147,-0.0048535913748641865,-0.03824002152151645,0.06884965254900599,0.03087203356683841,-0.2643572602730777,False
fx_futures/NOK,fx_futures,12,26,long,2002-07-24,2015-11-11,2024-03-28,3332,2222,-0.14048239106524651,-0.030403275860273974,-0.04878273841233675,-0.024769621337660152,-0.36010534290829566,-0.18934581633703446,-0.017566924743980212,-0.004690024172538489,0.07123593786412001,0.06808008317755455,-0.2728025930695998,True
fx_futures/NOK,fx_futures,13,48,long,2002-08-23,2015-11-24,2024-03-28,3319,2213,-0.04550180704909314,-0.27405220117386686,-0.029504572662671678,-0.10480413432905708,-0.30553392677349905,-0.20522908490606018,-0.00901464794340011,-0.02150885658272419,0.07031413054996512,0.066205265551839,-0.27030569922716446,False
fx_futures/NOK,fx_futures,20,50,long,2002-08-27,2015-11-25,2024-03-28,3318,2212,-0.07028038818833413,-0.4702393270327376,-0.03469765735240233,-0.11675899011568773,-0.3308426234670778,-0.30250777405924506,-0.011479463986630528,-0.03532050220130209,0.07107978934127256,0.06476002247534829,-0.2679393559940137,False
fx_futures/NOK,fx_futures,20,60,long,2002-09-11,2015-12-02,2024-03-28,3312,2208,-0.01738282185029368,-0.4984714354089254,-0.02049004051587483,-0.11727090733663267,-0.3074792459088071,-0.31466294448669063,-0.0063002622064620975,-0.03690080900517069,0.07043300843618144,0.06384411630212616,-0.2678022316606803,False
fx_futures/NOK,fx_futures,20,100,long,2002-11-07,2015-12-24,2024-03-28,3288,2192,0.10838211511326415,-0.6470645109481771,0.03019653052892452,-0.12864846936398402,-0.1929039246258226,-0.34895872689755014,0.005825029249113007,-0.04489300608657435,0.06745099269287007,0.03087203356683841,-0.2643572602730777,False
fx_futures/NOK,fx_futures,21,55,long,2002-09-04,2015-11-30,2024-03-28,3315,2210,0.016189371717685853,-0.46327443092255366,-0.010548935161628453,-0.11524405702509474,-0.2936000202024281,-0.30258262812285025,-0.0030971675765682177,-0.03487084965019279,0.07113382646040109,0.06287480914856133,-0.2648754546542366,False
fx_futures/NOK,fx_futures,30,90,long,2002-10-24,2015-12-18,2024-03-28,3294,2196,0.1487918522665798,-0.5707314697848856,0.04965739042886782,-0.12509842424888645,-0.19659085131575033,-0.3207742401011497,0.009762188658529717,-0.040128351976287786,0.067722957210839,0.05440245281437134,-0.2606373769468267,False
fx_futures/NOK,fx_futures,30,200,long,2003-04-04,2016-02-23,2024-03-28,3228,2152,-0.02224748450062147,-0.3074666495505125,-0.031162136422300677,-0.11819885829081637,-0.21841194265099487,-0.1658916375769574,-0.006806182753150014,-0.019608202161590257,0.05876661763069919,0.020958037207323147,-0.2789513326120733,False
fx_futures/NOK,fx_futures,40,100,long,2002-11-07,2015-12-24,2024-03-28,3288,2192,0.23656349991911402,-0.5771191591202514,0.10411831960180512,-0.12215553112464789,-0.1753146774437897,-0.3158063051741781,0.01825346961697987,-0.038577486941064366,0.06454084087976181,0.03087203356683841,-0.2643572602730777,False
fx_futures/NOK,fx_futures,50,150,long,2003-01-23,2016-01-26,2024-03-28,3258,2172,0.0052393432999385935,-0.29309572009175094,-0.02008171850024032,-0.12434027070384718,-0.2063663629371722,-0.15519900211746426,-0.004144191208422719,-0.019297485936252457,0.060265515670679067,-0.008710971273779627,-0.26660576029055016,False
fx_futures/NOK,fx_futures,50,200,long,2003-04-04,2016-02-23,2024-03-28,3228,2152,-0.010924895550457904,-0.4671421867082143,-0.025872747739405677,-0.12942841364675278,-0.21688477622977403,-0.22353554866639855,-0.005611405103910392,-0.02893185145754847,0.0590928585069661,0.020958037207323147,-0.2789513326120733,False
fx_futures/NOK,fx_futures,60,120,long,2002-12-09,2016-01-07,2024-03-28,3276,2184,0.1598999776337361,-0.30403815984657795,0.06085199637236624,-0.11404040788276983,-0.17745564027728955,-0.17746734680142826,0.010798529978409552,-0.020238448615107846,0.06108874847117921,0.012282464885050233,-0.24493213294364702,False
fx_futures/NOK,fx_futures,60,132,long,2002-12-26,2016-01-13,2024-03-28,3268,2180,0.05751006867893792,-0.3127173486783532,0.004953664337836969,-0.12435009067524697,-0.1857652420748252,-0.1649198104395497,0.0009202186548757132,-0.020507793382302547,0.06040558801865618,-0.0056188234920668025,-0.25305379922176946,False
fx_futures/NOK,fx_futures,60,180,long,2003-03-07,2016-02-11,2024-03-28,3240,2160,0.05553068283575098,-0.30628389309949466,0.0038762084335696202,-0.10765373979437451,-0.1889501790433126,-0.18534686128722241,0.000732410277532178,-0.019953282776718668,0.05992165995447787,0.023279358137538494,-0.28274512852181494,False
fx_futures/NOK,fx_futures,60,400,long,2004-01-23,2016-06-15,2024-03-28,3108,2072,-0.2154725375947838,-0.3243877609778102,-0.07059961658988266,-0.10662384267387519,-0.3647265049682236,-0.16131409291335724,-0.02574955141092452,-0.017199928463872687,0.049674218438607864,-0.02011990156635606,-0.31592782338632014,False
fx_futures/NOK,fx_futures,62,758,long,2005-06-28,2017-01-05,2024-03-28,2893,1929,-0.2121266588301536,-0.5841757264267693,-0.06347201996665584,-0.14150167676467426,-0.4108099801747794,-0.15639199340849372,-0.026074939264155085,-0.022129729299871746,0.0371237685412822,-0.061119650120161746,-0.3188698251996358,False
fx_futures/NOK,fx_futures,74,758,long,2005-06-28,2017-01-05,2024-03-28,2893,1929,-0.12592018643892813,-0.40166408927265873,-0.04804929879655928,-0.13802071518702771,-0.36984812999384803,-0.11645882279514062,-0.0177709433074231,-0.016073730012024636,0.03849409548640936,-0.061119650120161746,-0.3188698251996358,False
fx_futures/NOK,fx_futures,80,144,long,2003-01-14,2016-01-21,2024-03-28,3261,2175,0.02607413141277002,-0.33277268188149745,-0.010874624505425512,-0.12178812452583695,-0.19569172656845335,-0.17891381130816528,-0.0021280740452503315,-0.02178957753099093,0.060654699882597474,-0.014659444149525714,-0.2561805530775025,False
fx_futures/NOK,fx_futures,80,300,long,2003-08-27,2016-04-20,2024-03-28,3168,2112,-0.0952777209763632,-0.290803027667268,-0.0393074494818458,-0.10826546969972099,-0.3676829312469702,-0.15200392595674853,-0.014452678245327265,-0.01645677643990899,0.05234313757771443,0.07714394666028175,-0.33747652672209855,True
fx_futures/NOK,fx_futures,100,200,long,2003-04-04,2016-02-23,2024-03-28,3228,2152,-0.14007136786421187,-0.2807318259578424,-0.05176340457528753,-0.11734016868519509,-0.3559131698092109,-0.14988845691720037,-0.018423277402507196,-0.01758793681862789,0.05734241841176504,0.020958037207323147,-0.2789513326120733,False
fx_futures/NOK,fx_futures,100,250,long,2003-06-17,2016-03-22,2024-03-28,3198,2132,-0.10001728812871574,-0.21404759592952582,-0.0466792797551968,-0.08896245840533873,-0.3163079678116818,-0.14828337933498986,-0.014765028118279278,-0.0131916539662921,0.054970049032825416,-0.005483766725946897,-0.29884999868143125,True
fx_futures/NOK,fx_futures,100,300,long,2003-08-27,2016-04-20,2024-03-28,3168,2112,-0.19081306656736954,-0.09783844611797754,-0.056922454479785244,-0.058871048925660245,-0.42035681021792887,-0.10313424783205935,-0.02392774139489778,-0.006071621350032335,0.049646101721959796,0.07714394666028175,-0.33747652672209855,True
fx_futures/NOK,fx_futures,100,400,long,2004-01-23,2016-06-15,2024-03-28,3108,2072,-0.31399483435832765,-0.16577092139156827,-0.08399602482733444,-0.08949131127564523,-0.4313465818097371,-0.10529166476727041,-0.03623139819487652,-0.009422689146418684,0.04966747991785502,-0.02011990156635606,-0.31592782338632014,True
fx_futures/NOK,fx_futures,116,378,long,2003-12-19,2016-06-02,2024-03-28,3121,2081,-0.3451279506454009,-0.14006247922767434,-0.08707375024275034,-0.07935254866907511,-0.45399883025198207,-0.10313424783205934,-0.03953138075586189,-0.008183965420541943,0.049810754662808855,-0.030163465491879263,-0.314603801159658,True
fx_futures/NOK,fx_futures,120,398,long,2004-01-21,2016-06-14,2024-03-28,3109,2073,-0.33873089305216686,-0.2502636533568587,-0.08652476999493955,-0.1055227198467039,-0.4485609303843411,-0.12769370994510504,-0.038811631330221204,-0.013474587580723587,0.04933962994542115,-0.02881118735780335,-0.31265303783596593,True
fx_futures/NOK,fx_futures,134,750,long,2005-06-16,2016-12-30,2024-03-28,2898,1932,-0.14303999212510163,-0.137194666675754,-0.05072549298631075,-0.05521001060454988,-0.4017195404542665,-0.10313424783205936,-0.020377421731776875,-0.005694042916500273,0.03670768273166927,-0.07979203146914665,-0.30041379376046484,True
fx_futures/NOK,fx_futures,150,400,long,2004-01-23,2016-06-15,2024-03-28,3108,2072,-0.26647377111170356,-0.28553784003532023,-0.07550284402979163,-0.10963286329375792,-0.4273118334332619,-0.14102404007132846,-0.032263258711795875,-0.015460869306273392,0.05015973141107016,-0.02011990156635606,-0.31592782338632014,True
fx_futures/NOK,fx_futures,150,500,long,2004-06-17,2016-08-11,2024-03-28,3048,2032,-0.2609709944862196,-0.31221284546330325,-0.07141940462026275,-0.11688333058880497,-0.44861956449629864,-0.1305565578899349,-0.03204014219732721,-0.015259885316385714,0.04587972829108546,-0.006834927518307121,-0.3369756834254361,True
fx_futures/NOK,fx_futures,150,710,long,2005-04-20,2016-12-07,2024-03-28,2922,1948,-0.20191176364272317,-0.14209589487887608,-0.06357269560859456,-0.05651974368029987,-0.4159664093002205,-0.10313424783205934,-0.026444105921842976,-0.0058291212521285165,0.036460664080408316,-0.09074576771824837,-0.33224928210878907,True
fx_futures/NOK,fx_futures,162,678,long,2005-03-04,2016-11-18,2024-03-28,2941,1961,-0.20649067659298623,-0.1377261174101957,-0.0644357694732718,-0.05663535428465855,-0.4183229087591739,-0.10313424783205934,-0.02695495851419464,-0.005841044664850459,0.0374419384040142,-0.10932456899503104,-0.30236705572674044,True
fx_futures/NOK,fx_futures,174,698,long,2005-04-04,2016-11-30,2024-03-28,2929,1953,-0.17736651949917978,-0.1926553724308199,-0.05756306495652028,-0.07239270480887784,-0.4173836743316351,-0.10313424783205934,-0.024025883557343017,-0.007466167158991921,0.03560562485317882,-0.08738400427019176,-0.3128556715894442,True
fx_futures/NOK,fx_futures,200,400,long,2004-01-23,2016-06-15,2024-03-28,3108,2072,-0.2650179531163607,-0.4310595653404765,-0.0770303140761513,-0.1266000610843462,-0.4288908771968001,-0.17452051170652363,-0.033037598974865544,-0.02209430744251725,0.04903810348071322,-0.02011990156635606,-0.31592782338632014,False
fx_futures/NOK,fx_futures,200,600,long,2004-11-09,2016-10-06,2024-03-28,2988,1992,-0.14614529775401017,-0.287020945971054,-0.05361067914352671,-0.11412127907399985,-0.391082770971479,-0.10313424783205936,-0.0209662129531133,-0.01176981227892951,0.03864553601526703,-0.05010875578174956,-0.3669960534840706,True
fx_futures/NZD,fx_futures,5,20,long,2003-04-08,2015-12-17,2024-03-28,3125,2084,0.4026221141426848,-0.14685772725018859,0.1933697826026773,-0.08946019770879106,-0.27801234316723095,-0.17525999318367286,0.05375918635910836,-0.015678793640652746,0.08373175597724024,0.49916851695242065,-0.07568371392064042,False
fx_futures/NZD,fx_futures,5,35,long,2003-04-30,2015-12-28,2024-03-28,3116,2078,0.3926963682380199,-0.17956019699635692,0.19739169220492273,-0.10580884689672866,-0.2678962434181053,-0.1708683849652886,0.0528804928236417,-0.018079386784283516,0.08260216803424174,0.5106338654775782,-0.10607334888460722,False
fx_futures/NZD,fx_futures,8,21,long,2003-04-09,2015-12-17,2024-03-28,3124,2084,0.3961736829455867,-0.2635146610485154,0.1973723643139123,-0.11679502183236072,-0.26952835488826965,-0.21708322629670773,0.053197448653937,-0.025354240154763282,0.08404749778417725,0.4992484413447897,-0.07568371392064042,False
fx_futures/NZD,fx_futures,9,21,long,2003-04-09,2015-12-17,2024-03-28,3124,2084,0.3662810370891807,-0.28577255944712865,0.1662718331982473,-0.12454475547547507,-0.2886519429308342,-0.21864140469966423,0.047994687707345655,-0.027230640285134066,0.08419941966135593,0.4992484413447897,-0.07568371392064042,False
fx_futures/NZD,fx_futures,10,20,long,2003-04-08,2015-12-17,2024-03-28,3125,2084,0.3712853371636408,-0.25954505793131943,0.17776613969106447,-0.12632453613379396,-0.2748167655004776,-0.1996266469160152,0.04885311552540441,-0.02521774357161029,0.0846107099087063,0.49916851695242065,-0.07568371392064042,False
fx_futures/NZD,fx_futures,10,30,long,2003-04-23,2015-12-23,2024-03-28,3119,2080,0.43397027958934326,-0.3379430526956568,0.2080150265354514,-0.13556432136603397,-0.2910530990102785,-0.22814711288043438,0.06054341811384844,-0.030928608529256035,0.08281208741441035,0.5069415114259436,-0.09629651024436262,False
fx_futures/NZD,fx_futures,10,100,long,2003-08-01,2016-02-03,2024-03-28,3077,2052,0.42671640870922606,-0.16409191589489341,0.1989501309761019,-0.0776643255816249,-0.3097699959953665,-0.21965608297721947,0.06162878127574472,-0.017059441544327186,0.08357017411431836,0.49642210547455223,-0.07665693268597866,False
fx_futures/NZD,fx_futures,12,26,long,2003-04-16,2015-12-21,2024-03-28,3121,2082,0.41952737817997227,-0.32343449405208796,0.19414011426975386,-0.1294296499038404,-0.2979231008978727,-0.23046182230571846,0.05783882485191242,-0.029828592977230214,0.0829771891563875,0.504574380972231,-0.09004123137299998,False
fx_futures/NZD,fx_futures,13,48,long,2003-05-19,2016-01-05,2024-03-28,3108,2073,0.42085742535286524,-0.23936949002337468,0.18044520618207283,-0.10128741718089644,-0.32654500982241164,-0.22396524290927763,0.058923481625132064,-0.022684860992572813,0.08185540333549209,0.5015330428184617,-0.07950910120345756,False
fx_futures/NZD,fx_futures,20,50,long,2003-05-21,2016-01-06,2024-03-28,3107,2072,0.5825100978916906,-0.47275311529766684,0.34497263164931197,-0.14574074960821462,-0.258895746956766,-0.279542796926514,0.08931194715048991,-0.040740776771647065,0.08102814758349398,0.49739071619125824,-0.06787151819804822,False
fx_futures/NZD,fx_futures,20,60,long,2003-06-05,2016-01-12,2024-03-28,3101,2068,0.6086064094589146,-0.34721225286744595,0.36740439491953547,-0.11901435376436979,-0.25798122115006633,-0.261285171334393,0.094783434457243,-0.03109668581457542,0.08142645974075988,0.49718098566343744,-0.048015784086903164,False
fx_futures/NZD,fx_futures,20,100,long,2003-08-01,2016-02-03,2024-03-28,3077,2052,0.4807693132168013,-0.41845009836736446,0.24328216757663262,-0.1175828028291041,-0.2944689484866948,-0.31551161746181944,0.07163904407185488,-0.037098740306304834,0.08225115523350432,0.49642210547455223,-0.07665693268597866,False
fx_futures/NZD,fx_futures,21,55,long,2003-05-29,2016-01-08,2024-03-28,3104,2070,0.6129394394331527,-0.3623905871462937,0.35732025592772343,-0.1172539644574736,-0.2669420280759316,-0.27484197588734216,0.09538379378995741,-0.03222631127211623,0.08126989713197254,0.49142351859073097,-0.05073336816177022,False
fx_futures/NZD,fx_futures,30,90,long,2003-07-18,2016-01-28,2024-03-28,3083,2056,0.5040544157623248,-0.4759912334850094,0.2544220138769326,-0.12312041538408268,-0.29965736821135575,-0.3348300495316982,0.07623943109339465,-0.04122441478141566,0.0814631732758414,0.5025269799958945,-0.03843438705133808,False
fx_futures/NZD,fx_futures,30,200,long,2003-12-26,2016-03-31,2024-03-28,3017,2012,0.40834569377275415,-0.3031624220728562,0.1937107885546689,-0.1156371947805812,-0.30685437905682794,-0.22782642956025623,0.059441003738551414,-0.02634520921122371,0.07801957195201761,0.4076386098550616,-0.1350919200784944,False
fx_futures/NZD,fx_futures,40,100,long,2003-08-01,2016-02-03,2024-03-28,3077,2052,0.4475196960989562,-0.34028704135530985,0.21795368227128165,-0.10822648318509319,-0.3002574315232001,-0.2819968329150794,0.06544221282979866,-0.030519525495733373,0.08135286788382368,0.49642210547455223,-0.07665693268597866,False
fx_futures/NZD,fx_futures,50,150,long,2003-10-14,2016-03-02,2024-03-28,3047,2032,0.4586190386528537,-0.35607016252601176,0.224006742265089,-0.11332393853127906,-0.3068543790568279,-0.26702688396881946,0.06873744980229676,-0.03026053818508148,0.07779217786019108,0.4786624989127773,-0.07950739599749988,False
fx_futures/NZD,fx_futures,50,200,long,2003-12-26,2016-03-31,2024-03-28,3017,2012,0.4128783443920568,-0.4183036577605365,0.1966220468625167,-0.12216762393275178,-0.30685437905682794,-0.2803798239378324,0.06033433609888008,-0.03425333688916826,0.07634721858132193,0.4076386098550616,-0.1350919200784944,False
fx_futures/NZD,fx_futures,60,120,long,2003-08-29,2016-02-15,2024-03-28,3065,2044,0.4886540347171304,-0.37932649921999145,0.23037864004814027,-0.1170810673302922,-0.3234767010015009,-0.28544568567825224,0.07452212246398467,-0.03342028554403687,0.08096366610238576,0.5046154247430533,-0.07625890767099036,False
fx_futures/NZD,fx_futures,60,132,long,2003-09-17,2016-02-22,2024-03-28,3058,2039,0.47554012271991597,-0.4302281122929544,0.23479417138203504,-0.12400102433096209,-0.3068543790568279,-0.2936684827407607,0.0720476196655968,-0.036415192673573786,0.0789670299054179,0.5026337744548091,-0.08709167511373522,False
fx_futures/NZD,fx_futures,60,180,long,2003-11-26,2016-03-18,2024-03-28,3029,2020,0.44852518036962447,-0.4145409811762015,0.21941343923850753,-0.12314258466748149,-0.30685437905682794,-0.27666530371286363,0.06732797465425527,-0.03406928058701579,0.07654435625597567,0.409526483929289,-0.10825915014657227,False
fx_futures/NZD,fx_futures,60,400,long,2004-10-14,2016-07-21,2024-03-28,2897,1932,0.3452722469234017,-0.24154797675123735,0.18400258962747823,-0.10702204829884213,-0.24122699200024178,-0.1755590641601521,0.04438639121609146,-0.018788690643847323,0.06873928753935292,0.37751901011082883,-0.1690931660320702,False
fx_futures/NZD,fx_futures,62,758,long,2006-03-23,2017-02-17,2024-03-28,2682,1789,0.34277245293178304,-0.533434897165027,0.1384980655711173,-0.17793191567340638,-0.3236692781994965,-0.19145286687271262,0.04482756891543007,-0.0340655753638274,0.061431326499008225,0.44745235564323266,-0.24303078192557936,False
fx_futures/NZD,fx_futures,74,758,long,2006-03-23,2017-02-17,2024-03-28,2682,1789,0.32029286023614245,-0.4565871814910363,0.11307922726969294,-0.17264134588573204,-0.36235724699181254,-0.1750971440958263,0.04097507748540743,-0.030229006617451412,0.06289149812971254,0.44745235564323266,-0.24303078192557936,False
fx_futures/NZD,fx_futures,80,144,long,2003-10-03,2016-02-29,2024-03-28,3051,2034,0.5272021655951044,-0.4383174475075219,0.27058835508789886,-0.12509817976855245,-0.3068543790568279,-0.2853001051157821,0.08303122168050565,-0.035690523837761015,0.07627160590766069,0.4815440561828586,-0.06334469771549461,False
fx_futures/NZD,fx_futures,80,300,long,2004-05-20,2016-05-26,2024-03-28,2957,1972,0.46275391162992696,-0.14109029276691337,0.27482848905136037,-0.08460650740239889,-0.24122699200024178,-0.14810462843347114,0.06629604972983104,-0.012530615341886013,0.07133430350492526,0.46814791262522715,-0.10837301679569776,False
fx_futures/NZD,fx_futures,100,200,long,2003-12-26,2016-03-31,2024-03-28,3017,2012,0.4705758730985785,-0.12039357352748532,0.2333285139276281,-0.06639523438429648,-0.30685437905682794,-0.16873858755385412,0.07159787625751475,-0.011203438070313277,0.07203076432197854,0.4076386098550616,-0.1350919200784944,True
fx_futures/NZD,fx_futures,100,250,long,2004-03-10,2016-04-28,2024-03-28,2987,1992,0.3470976486791656,-0.11813920565226735,0.19403353766109022,-0.07370190635412752,-0.24122699200024175,-0.14719940617453345,0.04680612663715042,-0.010848876849258643,0.07099405334085439,0.37732034466137626,-0.14865462181071162,True
fx_futures/NZD,fx_futures,100,300,long,2004-05-20,2016-05-26,2024-03-28,2957,1972,0.4669023340331305,-0.08874223914337648,0.27962102025340135,-0.05943106082955083,-0.24122699200024178,-0.1459764949616839,0.0674521376157667,-0.008675537951752457,0.07032269405180053,0.46814791262522715,-0.10837301679569776,True
fx_futures/NZD,fx_futures,100,400,long,2004-10-14,2016-07-21,2024-03-28,2897,1932,0.27735810089532303,-0.19420130132063795,0.11897138618955144,-0.09466658228941868,-0.2769122286536912,-0.16880114388812636,0.03294463169576767,-0.015979827378433318,0.07024165191701838,0.37751901011082883,-0.1690931660320702,False
fx_futures/NZD,fx_futures,116,378,long,2004-09-13,2016-07-08,2024-03-28,2910,1941,0.2797970457568054,-0.05589632358025438,0.1116063579363549,-0.0517942571954102,-0.3001369268961969,-0.12541717608640954,0.03349718929309454,-0.006495889474941545,0.07121928192249115,0.4401385869111279,-0.23207685452973825,True
fx_futures/NZD,fx_futures,120,398,long,2004-10-12,2016-07-20,2024-03-28,2898,1933,0.281288232603596,-0.1642315501559331,0.11342168000240223,-0.10196282735912288,-0.29758069913751733,-0.137379366341053,0.03375210283246662,-0.014007588612938483,0.07068051009589534,0.38264832291613027,-0.1755898915439582,True
fx_futures/NZD,fx_futures,134,750,long,2006-03-13,2017-02-14,2024-03-28,2687,1792,0.23072830267781264,-0.39481857256039676,0.06678418772313496,-0.1387723525986895,-0.3777938733139676,-0.19936259158328518,0.025230656956050278,-0.02766601585418418,0.06560478598951518,0.42225879242112624,-0.2377673019292571,False
fx_futures/NZD,fx_futures,150,400,long,2004-10-14,2016-07-21,2024-03-28,2897,1932,0.15285052949429712,-0.24250071875835916,0.028775053287096237,-0.1261058189528279,-0.400927197715828,-0.15281055278513156,0.01153670147851912,-0.019270299903603353,0.07010328537190706,0.37751901011082883,-0.1690931660320702,False
fx_futures/NZD,fx_futures,150,500,long,2005-03-10,2016-09-19,2024-03-28,2837,1892,0.03298843822228125,-0.3341580853487982,-0.02482817943358168,-0.14429579318415442,-0.36235724699181243,-0.17431168703590835,-0.008996670747371394,-0.025152443142114483,0.06908738735709036,0.3178875691101631,-0.24469191064084858,False
fx_futures/NZD,fx_futures,150,710,long,2006-01-11,2017-01-23,2024-03-28,2711,1808,0.15602186918628008,-0.43038476853537566,0.031895235974065086,-0.14575551211047788,-0.3777938733139677,-0.20594432326129303,0.01204982473890505,-0.03001752030319557,0.0657814551603957,0.3587173522806076,-0.24766671118958716,False
fx_futures/NZD,fx_futures,162,678,long,2005-11-23,2017-01-04,2024-03-28,2730,1821,0.12362653920016274,-0.27156654413295755,0.015805117991324617,-0.10028830549604527,-0.4034176819950746,-0.2018896358349954,0.006376064063718826,-0.020247169475105346,0.06704243399451096,0.34387147104303956,-0.18969961905889685,False
fx_futures/NZD,fx_futures,174,698,long,2005-12-22,2017-01-16,2024-03-28,2718,1813,0.16967396652679617,-0.3240279041365376,0.035298667484027706,-0.11205813252356008,-0.40908461069117324,-0.2107271241631797,0.014440141645620649,-0.02361368800578629,0.06684960264042937,0.3791435049270267,-0.21925024492478318,False
fx_futures/NZD,fx_futures,200,400,long,2004-10-14,2016-07-21,2024-03-28,2897,1932,0.10921481734092725,-0.3311014532029475,0.010006400477008069,-0.1380957466744806,-0.38711522417488137,-0.17978967797314507,0.0038736299638406184,-0.024828189824065885,0.06878384192356919,0.37751901011082883,-0.1690931660320702,False
fx_futures/NZD,fx_futures,200,600,long,2005-08-02,2016-11-17,2024-03-28,2777,1852,0.11172317053271343,-0.2302782321222003,0.009979408721073852,-0.08755097000571027,-0.4371143083455225,-0.20464421821868103,0.004362142340809472,-0.01791679981110577,0.06835970755682509,0.357444387785624,-0.1956405620148098,False
fx_futures/PLN,fx_futures,5,20,long,2004-10-06,2015-09-22,2024-03-28,2743,1829,0.126553568396588,0.059682976304263745,0.026024219857497456,0.006879969746385535,-0.3078727637292167,-0.21220430928373524,0.008012148491424504,0.0014599592279247375,0.08488560154038945,0.10556768670447143,0.002474081653143734,True
fx_futures/PLN,fx_futures,5,35,long,2004-10-28,2015-09-30,2024-03-28,2734,1823,0.10831400097361923,-0.16564056022821155,0.017144965265255458,-0.06749994407777814,-0.33673765445822323,-0.2594417433626688,0.005773355389189832,-0.01751230316842141,0.08487466866157962,0.10221164597635295,0.01022960563576823,False
fx_futures/PLN,fx_futures,8,21,long,2004-10-07,2015-09-22,2024-03-28,2742,1829,0.07368229468154208,-0.057026673904691426,0.004516888937887144,-0.03108557622366455,-0.3373470217947938,-0.26917431132481734,0.0015237590309740774,-0.00836743857214002,0.08457366875158785,0.10558692891174921,0.002474081653143734,False
fx_futures/PLN,fx_futures,9,21,long,2004-10-07,2015-09-22,2024-03-28,2742,1829,0.10311532354086468,0.07282217349267404,0.015199430850767096,0.01011023924014674,-0.33790498046687595,-0.25756967918206375,0.005135963384736087,0.0026040910775385075,0.08296906473369405,0.10558692891174921,0.002474081653143734,True
fx_futures/PLN,fx_futures,10,20,long,2004-10-06,2015-09-22,2024-03-28,2743,1829,0.11760220933514881,0.0624633667520279,0.02110149107007298,0.006964313994233864,-0.32777190940114476,-0.25034862332295105,0.0069164760192490255,0.0017435064208452104,0.0829292057083151,0.10556768670447143,0.002474081653143734,True
fx_futures/PLN,fx_futures,10,30,long,2004-10-21,2015-09-28,2024-03-28,2737,1825,0.22230496624529542,-0.1414794289968204,0.06566644892442652,-0.05323531985300959,-0.30540969712472776,-0.2787768596793695,0.02005517027726551,-0.014840775292648807,0.0819384798108058,0.10599763661435499,0.0017753934385236144,False
fx_futures/PLN,fx_futures,10,100,long,2005-02-02,2015-11-05,2024-03-28,2695,1797,0.09810324411071053,-0.0039291933471159194,0.015724981130959933,-0.013852737837315688,-0.28461804149127823,-0.2482337898952826,0.004475613331981121,-0.003438717613782654,0.07910033412701235,0.08278172021975345,0.039727540360877715,False
fx_futures/PLN,fx_futures,12,26,long,2004-10-15,2015-09-24,2024-03-28,2739,1827,0.2266963097862581,-0.12773323722286242,0.07704810450677307,-0.04697950784078348,-0.26703958411704665,-0.2879671434114582,0.020574893784495427,-0.013528554671786621,0.08096931920515058,0.10739234003938598,-0.0013835480439649776,False
fx_futures/PLN,fx_futures,13,48,long,2004-11-17,2015-10-07,2024-03-28,2726,1818,0.21615771272105463,-0.12918854719952858,0.08276552764680738,-0.05032355126347099,-0.23413355052732357,-0.27477924009404747,0.01937818684921437,-0.013827867175010401,0.0818424003193664,0.10773456189138557,-0.001677493627518402,False
fx_futures/PLN,fx_futures,20,50,long,2004-11-19,2015-10-08,2024-03-28,2725,1817,0.18606566463628196,0.1669108893812456,0.0724673243559226,0.05470925218119355,-0.21426047643954899,-0.18735505083405798,0.015526883442799308,0.010250054723500816,0.08056239238061529,0.1103514691835715,-0.007429928428838729,True
fx_futures/PLN,fx_futures,20,60,long,2004-12-06,2015-10-14,2024-03-28,2719,1813,0.2202734464617169,-0.014274018100717656,0.09256103183293399,-0.018029130738224885,-0.21429381303180367,-0.24185933227158213,0.019835256449637583,-0.004360513521784127,0.0802408002682839,0.12416392343550431,-0.027126530278555945,True
fx_futures/PLN,fx_futures,20,100,long,2005-02-02,2015-11-05,2024-03-28,2695,1797,0.1914131158062017,-0.02537871593634727,0.07089361977365924,-0.025431851579574134,-0.22965184661707855,-0.19633007037702213,0.01628085069438988,-0.004993037210435771,0.07779238778741962,0.08278172021975345,0.039727540360877715,False
fx_futures/PLN,fx_futures,21,55,long,2004-11-29,2015-10-12,2024-03-28,2722,1815,0.22184376670434572,-0.013312471208760628,0.0955906033621585,-0.01816500998467678,-0.21005390797638276,-0.2364191855669921,0.020079179802041745,-0.004294556866393564,0.08035819792380165,0.11560459808571116,-0.018951832373694688,True
fx_futures/PLN,fx_futures,30,90,long,2005-01-19,2015-10-30,2024-03-28,2701,1801,0.2500681506036485,-0.04864603773134285,0.08517273686006638,-0.030337439649311765,-0.27992811895017206,-0.21820504937261387,0.023842244015076366,-0.006619782516516767,0.07641376204650027,0.10365560745686814,0.02652555551130129,False
fx_futures/PLN,fx_futures,30,200,long,2005-06-27,2016-01-27,2024-03-28,2635,1757,0.19888426818344057,0.06733340187406225,0.05068882484946501,0.01282947521226058,-0.3393257355566308,-0.17635970415329852,0.01720002277654594,0.0022626024528763526,0.07088280052206183,0.10477731472129101,0.10019236153746808,False
fx_futures/PLN,fx_futures,40,100,long,2005-02-02,2015-11-05,2024-03-28,2695,1797,0.18166512299912568,0.12266413553862322,0.05167116134235411,0.05326152484139733,-0.2881058265868451,-0.12138025286433755,0.014886762649241167,0.006464897353189004,0.0762949928419513,0.08278172021975345,0.039727540360877715,True
fx_futures/PLN,fx_futures,50,150,long,2005-04-15,2015-12-04,2024-03-28,2665,1777,0.06454818911208489,0.06684631287018661,0.0003164581576409788,0.01241171682545859,-0.3910017702038519,-0.1795177524304539,0.00012373569983307233,0.0022281235083095744,0.07086094527698987,0.0981766225539979,0.05730540333167936,True
fx_futures/PLN,fx_futures,50,200,long,2005-06-27,2016-01-27,2024-03-28,2635,1757,0.08615884395459815,0.02469710742625457,0.006576271809092584,-0.003475191648510081,-0.4334377490141499,-0.23371330295483758,0.0028504044498383007,-0.000812198518574358,0.07193409961772981,0.10477731472129101,0.10019236153746808,False
fx_futures/PLN,fx_futures,60,120,long,2005-03-03,2015-11-17,2024-03-28,2683,1789,0.027853988704881826,-0.0035583872074180026,-0.012077914867469503,-0.014445090921194396,-0.3841916668581493,-0.1874563158905871,-0.004640234245103932,-0.0027078235267916683,0.07015970704603443,0.05185224584336386,0.06406628583407907,False
fx_futures/PLN,fx_futures,60,132,long,2005-03-21,2015-11-24,2024-03-28,2676,1784,0.022822542758247827,0.020756399345669235,-0.012713846018128947,-0.005399143734387291,-0.41159644359604886,-0.18786675494270008,-0.005232973805489661,-0.0010143196128485517,0.07034304285299418,0.06780614391751343,0.06699473008066627,False
fx_futures/PLN,fx_futures,60,180,long,2005-05-27,2015-12-31,2024-03-28,2647,1765,0.03534452907360514,0.002133670955090364,-0.008147279852330323,-0.010492913889660574,-0.4434083414364257,-0.2284404298417776,-0.003612571846540196,-0.00239700575924682,0.07141644533303664,0.12009884375948172,0.04497715644948961,False
fx_futures/PLN,fx_futures,60,400,long,2006-04-17,2016-08-30,2024-03-28,2515,1677,-0.01934367722325393,-0.08566813286518633,-0.019768832672573584,-0.03639810205480117,-0.5359372998202786,-0.23170438703095184,-0.010594854803137987,-0.008433599925697734,0.07013560513398066,0.10538222711716794,0.03763183555107569,False
fx_futures/PLN,fx_futures,62,758,long,2007-09-17,2017-07-06,2024-03-28,2300,1534,-0.2724932638524599,-0.3406849247089475,-0.07249105107594758,-0.08855834179864461,-0.5809130518154912,-0.2548816491710939,-0.04211099770984136,-0.022571896205495955,0.06146215968175609,0.029927185826847027,-0.03768664948983949,False
fx_futures/PLN,fx_futures,74,758,long,2007-09-17,2017-07-06,2024-03-28,2300,1534,-0.17851000029150704,-0.32815785338801057,-0.05760707750649268,-0.08349521474963473,-0.5224856836304111,-0.2556174820596889,-0.03009887327292991,-0.02134283655833463,0.0602118696566948,0.029927185826847027,-0.03768664948983949,False
fx_futures/PLN,fx_futures,80,144,long,2005-04-07,2015-12-01,2024-03-28,2668,1780,0.013539799286711918,-0.056692839639878694,-0.015140454357520386,-0.026060534032763236,-0.42880935911107987,-0.2510942313967495,-0.006492368529698873,-0.006543649762745518,0.07113414830031048,0.08653700070402917,0.07433155245668926,False
fx_futures/PLN,fx_futures,80,300,long,2005-11-18,2016-05-11,2024-03-28,2575,1717,0.11122611814578763,0.182311101257465,0.012243815838951495,0.05812182318974134,-0.488535132542295,-0.18223188102239643,0.005981534193705619,0.010591649168317705,0.07202290437140502,0.1435504796119874,0.02940789816531548,True
fx_futures/PLN,fx_futures,100,200,long,2005-06-27,2016-01-27,2024-03-28,2635,1757,0.0035712061400133416,0.043129057676579645,-0.014922952748756246,0.0023502386557580223,-0.5569134995793079,-0.2108788280420833,-0.008310793839366493,0.000495615573345453,0.07254552855414999,0.10477731472129101,0.10019236153746808,False
fx_futures/PLN,fx_futures,100,250,long,2005-09-07,2016-02-25,2024-03-28,2605,1737,-0.027349100607955423,0.16280760868595867,-0.022629062772450005,0.04997174755818826,-0.5438207877429515,-0.1830747417167328,-0.01230615474279846,0.00914856477734909,0.07175458338417628,0.09035805137481127,0.05387957331331994,True
fx_futures/PLN,fx_futures,100,300,long,2005-11-18,2016-05-11,2024-03-28,2575,1717,0.010965070914940065,0.09364842935362237,-0.012972766797754264,0.02216584687213848,-0.5492749517650527,-0.18655983981469274,-0.00712561585709575,0.004135256841823163,0.07094932177213623,0.1435504796119874,0.02940789816531548,True
fx_futures/PLN,fx_futures,100,400,long,2006-04-17,2016-08-30,2024-03-28,2515,1677,-0.06533651405234181,-0.13286153631128333,-0.029339004372281284,-0.0470914633479847,-0.5628553587965587,-0.237342256609158,-0.016513615832694187,-0.011176794178038144,0.06745714294749976,0.10538222711716794,0.03763183555107569,False
fx_futures/PLN,fx_futures,116,378,long,2006-03-15,2016-08-05,2024-03-28,2528,1686,-0.02053995286603725,-0.03871594367460882,-0.020222092398265997,-0.024725999329548658,-0.5402628319449653,-0.18948555238314066,-0.010925244906939942,-0.004685219641184693,0.06564163912335835,0.11165425628469053,0.02144217392953556,False
fx_futures/PLN,fx_futures,120,398,long,2006-04-12,2016-08-25,2024-03-28,2516,1678,0.019948408377042516,-0.10586953756469746,-0.010840669046530438,-0.0442892947537804,-0.5237607540049118,-0.204401337011399,-0.005677916993728491,-0.009052791062964654,0.06558051568229437,0.12711424710830446,0.008862040318655413,False
fx_futures/PLN,fx_futures,134,750,long,2007-09-05,2017-07-03,2024-03-28,2305,1537,-0.2666187447832995,-0.26478317445529437,-0.07045653452622533,-0.07064927951102372,-0.587950417407549,-0.22946223209594221,-0.04142494888378357,-0.016211341372569618,0.0558357728611856,0.047939001898445494,-0.031612758704790384,False
fx_futures/PLN,fx_futures,150,400,long,2006-04-17,2016-08-30,2024-03-28,2515,1677,-0.10789172222744836,-0.25024428786221153,-0.03702969072865362,-0.07468789527648981,-0.5722728253113211,-0.24126368823451774,-0.021191085733691037,-0.018019477080879347,0.0643773213984035,0.10538222711716794,0.03763183555107569,False
fx_futures/PLN,fx_futures,150,500,long,2006-09-07,2016-11-09,2024-03-28,2455,1637,-0.056076919328011815,-0.19833107807784342,-0.025807292437436586,-0.06206333256564491,-0.5274690889715251,-0.22892100436691468,-0.013612549030796405,-0.014207600425285277,0.06234530813457478,0.10127884518307229,0.020281711198152377,False
fx_futures/PLN,fx_futures,150,710,long,2007-07-10,2017-06-07,2024-03-28,2329,1553,-0.4359442071828434,-0.12474527565032112,-0.09229719461766113,-0.0411257820683043,-0.632982292346707,-0.1981234400167934,-0.058422489826257286,-0.008147981416753405,0.05392478398741337,0.03102568663915545,-0.0336648512450007,False
fx_futures/PLN,fx_futures,162,678,long,2007-05-23,2017-05-15,2024-03-28,2348,1566,-0.3692275239215989,-0.1581127305811931,-0.08169736408856997,-0.046102817817383096,-0.612950495541295,-0.21436694273684953,-0.050076439802506555,-0.009882920107066368,0.05369494921386261,0.03390968886130218,0.0053189445201854025,False
fx_futures/PLN,fx_futures,174,698,long,2007-06-21,2017-05-26,2024-03-28,2336,1558,-0.3650415785603796,-0.3244473271742598,-0.08126552190347039,-0.07970655784810622,-0.6113293969747007,-0.23093100318008927,-0.049680002500082886,-0.018406715363894988,0.05293790610714016,0.056617485627986755,-0.037013656448684436,False
fx_futures/PLN,fx_futures,200,400,long,2006-04-17,2016-08-30,2024-03-28,2515,1677,0.02276370365513637,-0.1433866944252405,-0.00910771338397861,-0.04529875475568313,-0.49837548745526317,-0.23683147937075322,-0.0045390610973431635,-0.010728171102441378,0.061870622797616466,0.10538222711716794,0.03763183555107569,False
fx_futures/PLN,fx_futures,200,600,long,2007-02-01,2017-01-31,2024-03-28,2395,1597,-0.22335498137739318,-0.3412297099307964,-0.05714930352918668,-0.07874323780918621,-0.5755628093089422,-0.247096994785592,-0.03289301368930813,-0.019457217422337116,0.053399569532130375,0.05206148721155286,0.06886246213357033,False
fx_futures/SEK,fx_futures,5,20,long,2002-07-16,2016-01-28,2024-03-28,3279,2187,0.019663159121646186,-0.10778043296951076,-0.006440071881466251,-0.04510509751092319,-0.2683898202958619,-0.18422012353904998,-0.0017284497349591603,-0.008309266635703166,0.060467891482954096,0.09660587691694209,-0.41298484733622554,True
fx_futures/SEK,fx_futures,5,35,long,2002-08-06,2016-02-05,2024-03-28,3270,2181,-0.040271498328222965,-0.4183436597675509,-0.020939637855078286,-0.0958655954836966,-0.3192362730339652,-0.2706780886339206,-0.006684691947536125,-0.025948716151279607,0.05872322273810913,0.09802414075375163,-0.4174558162277613,False
fx_futures/SEK,fx_futures,8,21,long,2002-07-17,2016-01-29,2024-03-28,3279,2186,0.12959729744968737,-0.25898407817549246,0.03042512895949033,-0.07453416402828113,-0.24005226313839467,-0.23437727310755066,0.007303621063003165,-0.017469114118299423,0.06089244135843226,0.09052130488170822,-0.4020600207605147,True
fx_futures/SEK,fx_futures,9,21,long,2002-07-17,2016-01-29,2024-03-28,3279,2186,0.09293004882980635,-0.21909496686971397,0.017343798666681398,-0.069833158698284,-0.24632880474513955,-0.21376003714753494,0.004272277195303974,-0.014927538597474893,0.06034143210374371,0.09052130488170822,-0.4020600207605147,True
fx_futures/SEK,fx_futures,10,20,long,2002-07-16,2016-01-28,2024-03-28,3279,2187,0.04947387872169798,-0.24121150578672468,0.002585135233175366,-0.07632216343722988,-0.25973157872263036,-0.21354523015623356,0.000671441255324133,-0.016298233957224927,0.06053313386845812,0.09660587691694209,-0.41298484733622554,True
fx_futures/SEK,fx_futures,10,30,long,2002-07-30,2016-02-03,2024-03-28,3273,2183,0.015914470660653084,-0.2708826908564228,-0.007308263394447099,-0.08571995094812847,-0.28526049862124336,-0.20149269007103637,-0.00208475885995536,-0.01727194350929569,0.05809047428118268,0.1026083942785139,-0.4255557651925052,True
fx_futures/SEK,fx_futures,10,100,long,2002-11-07,2016-03-14,2024-03-28,3231,2155,-0.013198595998192647,-0.3911255350465277,-0.015455020886832854,-0.09803952644341914,-0.30237771977478045,-0.22989787835755524,-0.0046732539748321235,-0.022539079124521494,0.05448624146003955,0.08139119951528907,-0.4379089727997517,True
fx_futures/SEK,fx_futures,12,26,long,2002-07-24,2016-02-02,2024-03-28,3276,2184,0.020772981515890847,-0.29802711518636366,-0.006225334927930454,-0.08678665426537761,-0.26775772537365927,-0.21780686339608799,-0.0016668815199918513,-0.018902728950182617,0.0583257147753159,0.09196083594485262,-0.4049902407361684,True
fx_futures/SEK,fx_futures,13,48,long,2002-08-23,2016-02-12,2024-03-28,3262,2176,0.1197033062083233,-0.5134895169766497,0.026489645690521108,-0.12134573360047321,-0.2463427862076344,-0.24554592058982094,0.006525533125056025,-0.029795949866575362,0.055866072451465,0.10241572434744327,-0.4261695572468844,False
fx_futures/SEK,fx_futures,20,50,long,2002-08-27,2016-02-15,2024-03-28,3261,2175,0.13788922749687793,-0.37273401983576204,0.03417837285002174,-0.11701861313520232,-0.2358951453369952,-0.19105946933237283,0.00806251223083789,-0.022357514127621988,0.05639465106386297,0.09786016557390603,-0.4179070706212405,True
fx_futures/SEK,fx_futures,20,60,long,2002-09-11,2016-02-19,2024-03-28,3255,2171,0.06065021070236573,-0.33517980075068016,0.006476255869784457,-0.10954700684657502,-0.24214589569255235,-0.18273889792133396,0.0015681987783231072,-0.020018499301723947,0.05570068123474866,0.09818153004297175,-0.4214196410923383,True
fx_futures/SEK,fx_futures,20,100,long,2002-11-07,2016-03-14,2024-03-28,3231,2155,-0.10598122137273422,-0.0786876447283758,-0.04082410583052624,-0.03503294322203542,-0.3090805661539173,-0.16667710983456657,-0.012617937742826487,-0.0058391897252473325,0.055116111057630576,0.08139119951528907,-0.4379089727997517,True
fx_futures/SEK,fx_futures,21,55,long,2002-09-04,2016-02-17,2024-03-28,3258,2173,0.1227025619034098,-0.40709390642166526,0.029072930144575935,-0.11785142948053567,-0.2338365841494526,-0.2046482029064056,0.006798314676223288,-0.024118083253142613,0.0561020187594956,0.09622621167236055,-0.4149854375667398,True
fx_futures/SEK,fx_futures,30,90,long,2002-10-24,2016-03-08,2024-03-28,3237,2159,0.02321814200549153,-0.14825695136684533,-0.0063418453407488515,-0.06433543789849838,-0.26294094676865715,-0.14930938367272495,-0.0016675308181569,-0.009605884580939665,0.05492356854157684,0.09076678617125265,-0.4168981907068325,True
fx_futures/SEK,fx_futures,30,200,long,2003-04-04,2016-05-10,2024-03-28,3171,2115,0.22053684514152955,-0.05729814140489357,0.0879199907429923,-0.03395891270497437,-0.1724818433487939,-0.11721541742557108,0.015164602070560208,-0.0039805081280321,0.04880656511842685,0.056747459330040266,-0.4720762603273031,True
fx_futures/SEK,fx_futures,40,100,long,2002-11-07,2016-03-14,2024-03-28,3231,2155,0.22177320393566574,-0.22567119592150253,0.09515155831566147,-0.07691386196903895,-0.15746199081509718,-0.17708702335571963,0.01498275380154287,-0.013620446870889796,0.05424434412944064,0.08139119951528907,-0.4379089727997517,True
fx_futures/SEK,fx_futures,50,150,long,2003-01-23,2016-04-12,2024-03-28,3201,2135,0.20713136748187036,-0.17357517231471686,0.0765082350540209,-0.077443842211188,-0.1856024156154491,-0.12673445120880292,0.01420011324050086,-0.009814802842136037,0.04970116431622726,0.0653811689754284,-0.47436209865257517,True
fx_futures/SEK,fx_futures,50,200,long,2003-04-04,2016-05-10,2024-03-28,3171,2115,0.13397255911558753,-0.10910126944594306,0.03731073860136154,-0.05720319449489771,-0.20900735626204833,-0.11338462394990356,0.00779821883525493,-0.0064859626965371705,0.048743378513839114,0.056747459330040266,-0.4720762603273031,True
fx_futures/SEK,fx_futures,60,120,long,2002-12-09,2016-03-24,2024-03-28,3219,2147,0.2821657373614344,-0.20895985631287534,0.13102531058604958,-0.08219384196512848,-0.15604538506636756,-0.14306083014061746,0.02044589504384051,-0.011758719263978002,0.050497939011985155,0.08033665055788754,-0.4472818022572818,True
fx_futures/SEK,fx_futures,60,132,long,2002-12-26,2016-04-01,2024-03-28,3212,2142,0.1904565386943136,-0.17933202659928357,0.05959583430677817,-0.07627859612133406,-0.21302354609613008,-0.13327278519620464,0.01269531595658729,-0.010165860955946602,0.04999991487144358,0.08083987256955094,-0.4727664267229148,True
fx_futures/SEK,fx_futures,60,180,long,2003-03-07,2016-04-28,2024-03-28,3183,2123,0.13842532044224198,-0.10433930185807765,0.04089200293045923,-0.05571264395044403,-0.1998108699433262,-0.11338462394990356,0.008170666679260103,-0.006316957183575966,0.04914781438973949,0.047794244641568895,-0.4802980419680255,True
fx_futures/SEK,fx_futures,60,400,long,2004-01-23,2016-08-29,2024-03-28,3051,2035,-0.10105789021310946,-0.24047608794474593,-0.05133384525886049,-0.10622754994362091,-0.21972003816224675,-0.1059735100198497,-0.011279074439291697,-0.011257306328334394,0.04319613245227236,-0.09546624254672792,-0.43565534388791005,True
fx_futures/SEK,fx_futures,62,758,long,2005-06-28,2017-03-20,2024-03-28,2836,1892,-0.17762647623443514,-0.09577146760239626,-0.05866730510995395,-0.04346396173631449,-0.29217714979562415,-0.09112959918201233,-0.017141245993216602,-0.00396085341189266,0.035032100326832086,-0.09065880178888944,-0.3964058227006938,True
fx_futures/SEK,fx_futures,74,758,long,2005-06-28,2017-03-20,2024-03-28,2836,1892,-0.18897228186976253,-0.07479855683699428,-0.06238116573367984,-0.030766167193727902,-0.28748112250218594,-0.09606951900857795,-0.01793340754811318,-0.00295569088403893,0.03250924308816626,-0.09065880178888944,-0.3964058227006938,True
fx_futures/SEK,fx_futures,80,144,long,2003-01-14,2016-04-08,2024-03-28,3205,2137,0.13592949661828435,-0.042388791761507914,0.035960188785008465,-0.02901266456471524,-0.22133978665932305,-0.11306754039685296,0.007959420513902755,-0.003280390622691285,0.049078596270048805,0.0672965266859568,-0.46902339436572604,True
fx_futures/SEK,fx_futures,80,300,long,2003-08-27,2016-07-04,2024-03-28,3111,2075,-0.0015367774522958813,-0.08933115054504993,-0.013429130457316921,-0.048296354165601296,-0.26465300987345125,-0.09585339902839742,-0.00355405979551216,-0.004629369707452185,0.042045900814641865,0.0187828887662736,-0.43623382762026475,True
fx_futures/SEK,fx_futures,100,200,long,2003-04-04,2016-05-10,2024-03-28,3171,2115,0.07035178293205852,-0.16709769695326018,0.009970656609330874,-0.08527126367253611,-0.2339958293905177,-0.10525210543694934,0.0023330920628684246,-0.008974980034803678,0.047262150107183626,0.056747459330040266,-0.4720762603273031,True
fx_futures/SEK,fx_futures,100,250,long,2003-06-17,2016-06-07,2024-03-28,3141,2095,-0.09664321680604832,-0.12211635532748023,-0.041390170631416076,-0.05749647287177972,-0.286887734208104,-0.10482728088164546,-0.011874332270933766,-0.0060271989114339605,0.04220849632865268,-0.019328972085281188,-0.4802707382870239,True
fx_futures/SEK,fx_futures,100,300,long,2003-08-27,2016-07-04,2024-03-28,3111,2075,0.024347432402249507,-0.267442204225346,-0.005505514527926865,-0.09753651990146374,-0.25200735292846876,-0.12697927222360528,-0.0013874301426920776,-0.012385116312311057,0.043120031187347106,0.0187828887662736,-0.43623382762026475,True
fx_futures/SEK,fx_futures,100,400,long,2004-01-23,2016-08-29,2024-03-28,3051,2035,-0.1299028140853353,-0.3731779782581754,-0.059851212311970034,-0.12146809768050125,-0.23124224868495216,-0.1378486748426304,-0.013840128921540445,-0.016744216300912284,0.04279360270310735,-0.09546624254672792,-0.43565534388791005,True
fx_futures/SEK,fx_futures,116,378,long,2003-12-19,2016-08-16,2024-03-28,3064,2044,-0.16766771961808968,-0.3684931995765916,-0.06383593523347511,-0.11884796682478006,-0.2671041608461828,-0.13933555937172265,-0.017050843912368645,-0.016559747937722667,0.042824707677701294,-0.08240553003181311,-0.4433261237480434,True
fx_futures/SEK,fx_futures,120,398,long,2004-01-21,2016-08-26,2024-03-28,3052,2036,-0.19814920737637826,-0.4508179777902253,-0.06725665776852578,-0.13379783718048352,-0.2889471768933761,-0.1485116033838724,-0.01943362138949948,-0.019870531328967905,0.04251321516488092,-0.10068887019322613,-0.43305427462450874,False
fx_futures/SEK,fx_futures,134,750,long,2005-06-16,2017-03-15,2024-03-28,2841,1895,-0.17810011037533635,-0.3235062536484556,-0.06256851914509712,-0.09401329469293718,-0.27723589717677943,-0.10840807111388898,-0.0173462395402135,-0.010191799936722935,0.030249858514249117,-0.10447739542590323,-0.38962646920392857,True
fx_futures/SEK,fx_futures,150,400,long,2004-01-23,2016-08-29,2024-03-28,3051,2035,-0.19676213278563204,-0.40874894261120454,-0.06699276271402603,-0.12255655176989076,-0.2879021798683367,-0.14642919303515914,-0.019287362420770324,-0.01794585697683681,0.042129580785878404,-0.09546624254672792,-0.43565534388791005,True
fx_futures/SEK,fx_futures,150,500,long,2004-06-17,2016-10-24,2024-03-28,2991,1995,-0.1745649145296507,-0.3762433871413886,-0.06100612958889281,-0.1269023629216818,-0.27892007829873605,-0.11234625662651765,-0.01701583444163682,-0.014257005431310742,0.036402936772494024,-0.10867080670782228,-0.37501794526414733,False
fx_futures/SEK,fx_futures,150,710,long,2005-04-20,2017-02-21,2024-03-28,2865,1911,-0.30808226288291,-0.33152850850437826,-0.0911142341946488,-0.09594251064821492,-0.30354476298843686,-0.10910909874555491,-0.0276572486234876,-0.010468200868212535,0.030351064881114657,-0.17250916933826144,-0.37413622590041895,True
fx_futures/SEK,fx_futures,162,678,long,2005-03-04,2017-02-02,2024-03-28,2884,1924,-0.3382364240690434,-0.33449377889370024,-0.09734550837395657,-0.09632087016870365,-0.3099114663133729,-0.11105426023659237,-0.030168489239193602,-0.010696842981930242,0.030737402890929136,-0.1725357721217634,-0.4032130121921867,True
fx_futures/SEK,fx_futures,174,698,long,2005-04-04,2017-02-14,2024-03-28,2872,1916,-0.2620073426212514,-0.38941263828119804,-0.08153135845810586,-0.11148424817333621,-0.3025349355907104,-0.11078749648553804,-0.024666084279746175,-0.012351060752696336,0.030702539152249252,-0.15770550134344893,-0.37886410045360164,False
fx_futures/SEK,fx_futures,200,400,long,2004-01-23,2016-08-29,2024-03-28,3051,2035,-0.19708198594608867,-0.48028644973841733,-0.07219254667421286,-0.13060266966022985,-0.2695248286664635,-0.14260359673854273,-0.01945768377336289,-0.018624410437204527,0.03766411290372167,-0.09546624254672792,-0.43565534388791005,False
fx_futures/SEK,fx_futures,200,600,long,2004-11-09,2016-12-19,2024-03-28,2931,1955,-0.22406074093818087,-0.31886367716836195,-0.07334269698437908,-0.09230419511342135,-0.29603575589409525,-0.11078749648553804,-0.02171206074108224,-0.010226150691728586,0.03075111049197454,-0.19256193601521587,-0.31965185715381667,True
fx_futures/SGD,fx_futures,5,20,long,2020-11-11,2023-01-04,2024-03-29,530,354,0.20800586114392253,0.32802218448162757,0.2127045305513663,0.3811371797649204,-0.030837832733716552,-0.027785274997480184,0.006559346734846735,0.010590001351532354,0.03385758239718684,0.10979059415594303,0.3631224377907417,False
fx_futures/SGD,fx_futures,5,35,long,2020-11-30,2023-01-13,2024-03-29,521,348,0.09862167616171653,0.34098620274034247,0.09903818409329278,0.31268938697485416,-0.029837417058054674,-0.034724637779335245,0.002955043603463973,0.010858025700144198,0.03329207573191492,-0.06629130799652547,0.6799823478809098,False
fx_futures/SGD,fx_futures,8,21,long,2020-11-12,2023-01-04,2024-03-29,529,354,0.16083723676537343,0.42928301826226856,0.17416660028189804,0.39636818758770576,-0.029837417058054667,-0.035263185711614804,0.005196681490194493,0.013977205009081442,0.03364947505911809,0.10989412531796473,0.3631224377907417,True
fx_futures/SGD,fx_futures,9,21,long,2020-11-12,2023-01-04,2024-03-29,529,354,0.20850588469432688,0.30214642674397607,0.23185727766346284,0.24157945245338103,-0.029837417058054667,-0.04030004316499315,0.0069180222915899234,0.009735662361646667,0.033970132591287915,0.10989412531796473,0.3631224377907417,False
fx_futures/SGD,fx_futures,10,20,long,2020-11-11,2023-01-04,2024-03-29,530,354,0.08635823973934809,0.21784222734770373,0.08270409952986582,0.16943305339822212,-0.029837417058054674,-0.04030004316499315,0.00246767671008347,0.006828159365524941,0.0338621096515576,0.10979059415594303,0.3631224377907417,False
fx_futures/SGD,fx_futures,10,30,long,2020-11-24,2023-01-11,2024-03-29,524,350,-0.04510843659483169,0.1771378273391394,-0.07788933219136793,0.15705899576195292,-0.02954628094233737,-0.03468591363986235,-0.002301340091337199,0.005447734763362606,0.03390614890240802,0.013530481229737882,0.5356232826765213,False
fx_futures/SGD,fx_futures,10,100,long,2021-02-26,2023-02-15,2024-03-29,482,322,-0.30516248775723354,-0.18367459640204678,-0.26557319176643657,-0.21672302550206263,-0.052033974507551393,-0.028772987659412795,-0.013818828690263817,-0.006235768938281453,0.03138288459427559,-0.0022539874124714847,0.5605321396678099,False
fx_futures/SGD,fx_futures,12,26,long,2020-11-18,2023-01-09,2024-03-29,526,352,-0.015806043596163232,0.03375804363444689,-0.04182326568217287,0.01647506538498132,-0.02954628094233737,-0.03468591363986235,-0.0012357219577714968,0.0005714526951545477,0.03326676532167156,0.026437309467999253,0.5117478987874668,False
fx_futures/SGD,fx_futures,13,48,long,2020-12-15,2023-01-20,2024-03-29,513,343,-0.08605312396744919,-0.4659406172330096,-0.11452553723724178,-0.45120264969891277,-0.035116163852337845,-0.03541003915614064,-0.004021697530900001,-0.01597710349319291,0.03337422830582047,-0.05453773065844699,0.6730843155372351,False
fx_futures/SGD,fx_futures,20,50,long,2020-12-17,2023-01-21,2024-03-29,512,342,-0.46845687034538874,-0.4988478859823891,-0.3784582569313929,-0.4640166425467785,-0.052033974507551393,-0.03671383489808372,-0.019692687293340432,-0.017035830404425554,0.033332949941800034,-0.05829297636842074,0.6806288543910136,False
fx_futures/SGD,fx_futures,20,60,long,2020-12-31,2023-01-26,2024-03-29,506,338,-0.47272974414522323,-0.6073526839485606,-0.38601461005713683,-0.5311950905959368,-0.052033974507551393,-0.03701397229793463,-0.02008587437925545,-0.019661640368116882,0.03186050007414775,-0.11529933514989774,0.8248340898989276,False
fx_futures/SGD,fx_futures,20,100,long,2021-02-26,2023-02-15,2024-03-29,482,322,-0.41492663227621696,-0.3099886608305829,-0.32951139772485905,-0.2911716457576519,-0.0578404269394076,-0.03437221553837198,-0.01905907992580679,-0.010008214566644504,0.03091105664972227,-0.0022539874124714847,0.5605321396678099,False
fx_futures/SGD,fx_futures,21,55,long,2020-12-23,2023-01-24,2024-03-29,509,340,-0.5479219769992486,-0.5591656140778465,-0.4418468234663267,-0.5446586822865762,-0.0520339745075514,-0.0337060180240383,-0.02299104634848941,-0.01835827536210029,0.03221028667446795,-0.06695124475252542,0.6989076765403565,False
fx_futures/SGD,fx_futures,30,90,long,2021-02-15,2023-02-10,2024-03-29,488,326,-0.3233383665192971,-0.26129660031623286,-0.2634505191520857,-0.26820446091466654,-0.0575576942476819,-0.03181573087348049,-0.015163604430748814,-0.008533120947527948,0.03096675168186559,-0.012437190006623274,0.6533420349059448,False
fx_futures/SGD,fx_futures,30,200,long,2021-08-16,2023-04-10,2024-03-29,422,282,-0.08988491789331973,-0.5206552150111359,-0.09337701345193637,-0.39938282996150587,-0.05793720097320111,-0.036157138471839885,-0.005410002794642141,-0.01444054028619345,0.027227396988538946,-0.21055223821709435,0.6901570923249936,False
fx_futures/SGD,fx_futures,40,100,long,2021-02-26,2023-02-15,2024-03-29,482,322,-0.12463674418492811,-0.5274975512109541,-0.11653540504912802,-0.4183231784211225,-0.0575576942476819,-0.03848177598002323,-0.006707509212847476,-0.016097818839252924,0.029918680968240817,-0.0022539874124714847,0.5605321396678099,False
fx_futures/SGD,fx_futures,50,150,long,2021-05-24,2023-03-16,2024-03-29,452,302,-0.2910946206136584,-0.38788996816625515,-0.2114926644588508,-0.26262362055758925,-0.06982941870120911,-0.042451412965934146,-0.01476840981873142,-0.011148743770899014,0.027901776256635747,0.15048178014308272,0.38006239343006565,False
fx_futures/SGD,fx_futures,50,200,long,2021-08-16,2023-04-10,2024-03-29,422,282,-0.12425265049414289,-0.3056337979798006,-0.10466290015118912,-0.22542793556616447,-0.06955028378634502,-0.04046647082654425,-0.007279334407417097,-0.00912227297807629,0.028644781982662394,-0.21055223821709435,0.6901570923249936,False
fx_futures/SGD,fx_futures,60,120,long,2021-03-25,2023-02-27,2024-03-29,470,314,-0.285491930437156,-0.9605688520951967,-0.2034491189219783,-0.5904830956112361,-0.06982941870120911,-0.04811589727832797,-0.014206733709594908,-0.02841162397301935,0.029550870657066148,-0.029399498580789094,0.3477153113508863,False
fx_futures/SGD,fx_futures,60,132,long,2021-04-22,2023-03-07,2024-03-29,463,309,-0.2604813423561214,-0.37495229898895344,-0.19036347832479963,-0.25142487874895136,-0.06955028378634502,-0.04245452003600673,-0.013239833940045553,-0.010674122552397917,0.027606527920639157,0.09182709382500678,0.4093399408533633,False
fx_futures/SGD,fx_futures,60,180,long,2021-07-16,2023-03-31,2024-03-29,434,290,-0.17189322947599725,-0.34669245304750906,-0.13738495970280193,-0.24523532356650707,-0.06955028378634502,-0.04141278019392856,-0.009555162935305448,-0.010155876550646705,0.02829145157521444,-0.19916691568791123,0.6852838276375497,False
fx_futures/SGD,fx_futures,80,144,long,2021-05-07,2023-03-14,2024-03-29,456,304,-0.22238261631344583,-0.4539297166279494,-0.1687373375033116,-0.28843678076179813,-0.06955028378634502,-0.04503438791692523,-0.0117357297087076,-0.012989573874335934,0.02794450211924731,0.05368347745765093,0.41594095184549995,False
fx_futures/SGD,fx_futures,100,200,long,2021-08-16,2023-04-10,2024-03-29,422,282,-0.15875540861967183,-0.9085431014834515,-0.12675150700422821,-0.5080766373900583,-0.07320206170653777,-0.05021827216162181,-0.009278471637120167,-0.025514730855415578,0.028015336715898013,-0.21055223821709435,0.6901570923249936,False
fx_futures/ZAR,fx_futures,5,20,long,1997-07-17,2015-05-15,2024-03-28,3786,2524,0.023671586300503047,0.12265939951676007,-0.2946267639996308,0.028905529724561133,-0.9891888759663489,-0.23625111906097798,-0.2914415175103975,0.00682896374447793,0.15825704884502637,0.36377220935110394,0.06201440416774068,True
fx_futures/ZAR,fx_futures,5,35,long,1997-08-18,2015-05-25,2024-03-28,3777,2518,0.17163939712796122,-0.07811043227647174,-0.22486527751906946,-0.06750773434983863,-0.961334788258481,-0.3688018999196587,-0.21617081395047918,-0.024896980687492094,0.1592484993779163,0.36326528185387474,0.06880871698318194,False
fx_futures/ZAR,fx_futures,8,21,long,1997-07-18,2015-05-15,2024-03-28,3785,2524,0.0934522995980115,0.07923319925143936,-0.26852046085327663,-0.0006274763440380187,-0.9833971801869487,-0.2828087090838634,-0.26406226402561217,-0.00017745577483805423,0.15959112614977963,0.363820269424648,0.06201440416774068,True
fx_futures/ZAR,fx_futures,9,21,long,1997-07-18,2015-05-15,2024-03-28,3785,2524,0.18702176645067586,0.04172406146341485,-0.2178111774597981,-0.021851752835897274,-0.9603085869758395,-0.27887880281465416,-0.20916594405396255,-0.006093990670276756,0.15915256075147308,0.363820269424648,0.06201440416774068,False
fx_futures/ZAR,fx_futures,10,20,long,1997-07-17,2015-05-15,2024-03-28,3786,2524,0.17854881838428893,0.008119188746882111,-0.22373382409491455,-0.03759477244478702,-0.9620779890740013,-0.30361646208339105,-0.21524938757307174,-0.011414391802516391,0.15927656640948523,0.36377220935110394,0.06201440416774068,False
fx_futures/ZAR,fx_futures,10,30,long,1997-08-11,2015-05-21,2024-03-28,3780,2520,0.12888140585102903,-0.03587704350162913,-0.2547395512398441,-0.0606927707658246,-0.9772218027867765,-0.30028232700536034,-0.2489370435036949,-0.018224966437964715,0.15876631949418435,0.3639546239595752,0.0628178483255677,False
fx_futures/ZAR,fx_futures,10,100,long,1997-11-19,2015-06-30,2024-03-28,3738,2492,0.31722101641607553,-0.017285860995631713,-0.14301806535144376,-0.04345216589069831,-0.9629873942864989,-0.36255912547928715,-0.13772459408868304,-0.01575397926551249,0.16117750142628204,0.3728670584720711,0.08650232166812037,False
fx_futures/ZAR,fx_futures,12,26,long,1997-07-31,2015-05-19,2024-03-28,3782,2522,0.1349083062658532,-0.05932132481829828,-0.2518981369951041,-0.06649373395230317,-0.9764926401473922,-0.3266687883864162,-0.2459766768425587,-0.02172142750548758,0.15803786874689277,0.3633439746094898,0.0664777574760484,False
fx_futures/ZAR,fx_futures,13,48,long,1997-09-05,2015-06-01,2024-03-28,3769,2513,0.08708679088736675,-0.1471803521125144,-0.29785909895136703,-0.10543049033307644,-0.9885559393733835,-0.34273077163174837,-0.2944503813647782,-0.03613427330536888,0.16114106713923457,0.3614643269227923,0.08453661741794262,False
fx_futures/ZAR,fx_futures,20,50,long,1997-09-09,2015-06-02,2024-03-28,3768,2512,0.1540541153927479,-0.11724848632174359,-0.25319554275835104,-0.0754951436683554,-0.9871869549107403,-0.41935845057482735,-0.2499513368525887,-0.031659526474685507,0.1618592552658051,0.36106060197973033,0.08779001039047847,False
fx_futures/ZAR,fx_futures,20,60,long,1997-09-23,2015-06-08,2024-03-28,3762,2508,0.2588742148137355,-0.03245913143777417,-0.18588495518005163,-0.05477250092247236,-0.977912425988659,-0.33579285597430936,-0.18177920747491744,-0.018392214513612486,0.1624615286503289,0.3565451874885986,0.11199736867420293,False
fx_futures/ZAR,fx_futures,20,100,long,1997-11-19,2015-06-30,2024-03-28,3738,2492,0.3950214637064525,0.046722716670708445,-0.09339534823394334,-0.016710966828435255,-0.9622833180203271,-0.34002878589348756,-0.08987278558622289,-0.005682209761779185,0.16238859126452984,0.3728670584720711,0.08650232166812037,False
fx_futures/ZAR,fx_futures,21,55,long,1997-09-16,2015-06-04,2024-03-28,3765,2510,0.205170007745407,-0.03780833321826095,-0.22033731737296722,-0.05388243729683965,-0.9827475403431579,-0.35593488174338356,-0.21653595669409328,-0.0191786389472959,0.16212076594547453,0.35994617986253324,0.09685016370381146,False
fx_futures/ZAR,fx_futures,30,90,long,1997-11-04,2015-06-24,2024-03-28,3744,2496,0.4109648284668982,0.08288058319913966,-0.08053895260951338,0.0005424768339636828,-0.9622833180203271,-0.32669789629980234,-0.07750129054696442,0.00017722604044731233,0.16232154472743823,0.3712057291507737,0.0838439873871086,False
fx_futures/ZAR,fx_futures,30,200,long,1998-04-16,2015-08-21,2024-03-28,3678,2452,0.35722722282737346,0.04052254176666361,-0.12103869064635003,-0.0151656241345256,-0.9733220280833127,-0.3763701130758559,-0.1178096238564541,-0.005707887670377329,0.15422775576250386,0.3685600360463195,0.12464303009448228,False
fx_futures/ZAR,fx_futures,40,100,long,1997-11-19,2015-06-30,2024-03-28,3738,2492,0.41195785418846154,-0.027992680639611273,-0.07700192695836643,-0.04813227090150781,-0.9622833180203271,-0.3647692975091663,-0.07409766976745571,-0.01755717464426389,0.16174275695208074,0.3728670584720711,0.08650232166812037,False
fx_futures/ZAR,fx_futures,50,150,long,1998-02-03,2015-07-27,2024-03-28,3708,2472,0.32935724612686895,0.013966008154797878,-0.14159347728854227,-0.025793659067738197,-0.9790150938777232,-0.37450468846945006,-0.13862215146011547,-0.0096598462536505,0.15339728510406186,0.3666287046015191,0.1082815021568916,False
fx_futures/ZAR,fx_futures,50,200,long,1998-04-16,2015-08-21,2024-03-28,3678,2452,0.3022737505462934,-0.047289500645677524,-0.15886270509334616,-0.04374491572501061,-0.9779705841911983,-0.4293720082533903,-0.1553630525063338,-0.01878284231572312,0.15267549873282688,0.3685600360463195,0.12464303009448228,False
fx_futures/ZAR,fx_futures,60,120,long,1997-12-18,2015-07-09,2024-03-28,3726,2484,0.34659581870489964,-0.10877207914431579,-0.12724249004076593,-0.07736658069111674,-0.9772710505847051,-0.381587895262463,-0.12435040192115321,-0.029522150689576747,0.15870960861437527,0.3646939760234086,0.10089371733953593,False
fx_futures/ZAR,fx_futures,60,132,long,1998-01-07,2015-07-15,2024-03-28,3718,2480,0.3017541659792346,-0.005166658980903693,-0.16309999841018483,-0.030313066265068637,-0.9820931879183946,-0.41886206349411353,-0.16017939738814352,-0.01269699348662045,0.15425741412745664,0.37170535753582246,0.09170181526909112,False
fx_futures/ZAR,fx_futures,60,180,long,1998-03-18,2015-08-12,2024-03-28,3690,2460,0.29296510774558915,-0.039397524834208796,-0.16478315461913443,-0.039687394266635305,-0.9800678361185906,-0.4398238185766359,-0.1614986697763702,-0.017455461295708026,0.1519093230257414,0.3644677241091071,0.11991532467073333,False
fx_futures/ZAR,fx_futures,60,400,long,1999-05-05,2015-12-10,2024-03-28,3558,2372,0.38532220122423905,-0.17402896100841708,-0.0030799174842248557,-0.08582850089817595,-0.9052338404076404,-0.46258484729052396,-0.0027880455323835043,-0.03970296398115732,0.15933051058174472,0.4102423678010053,0.24070602720870649,False
fx_futures/ZAR,fx_futures,62,758,long,2003-05-01,2016-06-23,2024-03-28,3343,2229,0.38824043122441027,-0.23179801813489004,0.004275266716300014,-0.09329662962214308,-0.9052338404076404,-0.48022540983791717,0.0038701161083632236,-0.04480341219679002,0.14937418733489508,0.3648138850181075,0.1898918377358131,False
fx_futures/ZAR,fx_futures,74,758,long,2003-05-01,2016-06-23,2024-03-28,3343,2229,0.37215114439205976,-0.1862829952776787,-0.007995126832610755,-0.08572387897951468,-0.9052338404076404,-0.4497872036367249,-0.0072374593672304074,-0.03855750381108893,0.1502154622833818,0.3648138850181075,0.1898918377358131,False
fx_futures/ZAR,fx_futures,80,144,long,1998-01-26,2015-07-22,2024-03-28,3711,2475,0.3462348586761909,-0.10067587466687172,-0.11740008443079873,-0.057058058644274066,-0.9641170514216174,-0.46911432146765275,-0.1131874232380706,-0.026766752465170168,0.1527448496573594,0.3677838749936076,0.08974566957307761,False
fx_futures/ZAR,fx_futures,80,300,long,1998-12-09,2015-10-15,2024-03-28,3618,2412,0.3664082359018266,-0.10856006578898994,-0.021989194126306354,-0.06674467318635502,-0.9052338404076404,-0.43250152988047613,-0.01990536264642543,-0.028867173264470938,0.1563806903202162,0.436930024871915,0.13332745468072518,False
fx_futures/ZAR,fx_futures,100,200,long,1998-04-16,2015-08-21,2024-03-28,3678,2452,0.33991602987622427,0.05996883035999392,-0.043907986219085315,-0.007066715560062165,-0.9052338404076404,-0.37234883138314206,-0.039746994989668355,-0.0026312832805062136,0.15326900908441968,0.3685600360463195,0.12464303009448228,False
fx_futures/ZAR,fx_futures,100,250,long,1998-09-22,2015-09-17,2024-03-28,3648,2432,0.3558121521922529,-0.0353490745349788,-0.030022611722363757,-0.043521255396489975,-0.9052338404076404,-0.39746146850984904,-0.02717748410850279,-0.017298022081281096,0.15432928723645967,0.440012608227704,0.14569664844295754,False
fx_futures/ZAR,fx_futures,100,300,long,1998-12-09,2015-10-15,2024-03-28,3618,2412,0.3726798135790926,-0.022215698422359473,-0.011182049711753479,-0.04111091138783905,-0.9052338404076404,-0.3735499544030285,-0.01012236980419975,-0.015356979074394223,0.15462731220313106,0.436930024871915,0.13332745468072518,False
fx_futures/ZAR,fx_futures,100,400,long,1999-05-05,2015-12-10,2024-03-28,3558,2372,0.2975479744113727,-0.18926463878147012,-0.06491041933361755,-0.07837637343050649,-0.9149542596288333,-0.5044533630299369,-0.05939006466358714,-0.03953722515910919,0.15184632597393627,0.4102423678010053,0.24070602720870649,False
fx_futures/ZAR,fx_futures,116,378,long,1999-04-05,2015-11-27,2024-03-28,3571,2381,0.33254791090200636,-0.13812931603349568,-0.03730180613667136,-0.06870972711537972,-0.9052338404076404,-0.4609491980212427,-0.033766857223240306,-0.03167169361009271,0.150502184620254,0.4288369005469102,0.19864653833385706,False
fx_futures/ZAR,fx_futures,120,398,long,1999-05-03,2015-12-09,2024-03-28,3559,2373,0.32515781111632885,-0.20539381768479487,-0.04080561324303249,-0.08245969712871383,-0.9052338404076404,-0.4996386585251324,-0.03693862198617917,-0.04120005245577929,0.14984148918273277,0.40126104339531626,0.2307045421553351,False
fx_futures/ZAR,fx_futures,134,750,long,2003-04-21,2016-06-20,2024-03-28,3348,2232,0.356783061458976,-0.1354823961104785,0.005934191536325352,-0.08038704263181567,-0.9125334141207123,-0.4019573305154264,0.005415148062689209,-0.03231216106431441,0.1542362830865227,0.4228170923778277,0.2185532346180822,False
fx_futures/ZAR,fx_futures,150,400,long,1999-05-05,2015-12-10,2024-03-28,3558,2372,0.3902218646408285,-0.1877184414125989,0.01816236699201943,-0.07348709148269722,-0.9052338404076404,-0.503534974042352,0.016441189223078714,-0.0370033207021879,0.14476856540856375,0.4102423678010053,0.24070602720870649,False
fx_futures/ZAR,fx_futures,150,500,long,1999-09-28,2016-02-03,2024-03-28,3498,2332,0.38752731281502845,-0.21794463526118196,0.01972350433442057,-0.08568072510260988,-0.9052338404076404,-0.49797276613316765,0.017854383574944274,-0.042666667683642176,0.14892880573911182,0.33222246283685447,0.28221531701466096,False
fx_futures/ZAR,fx_futures,150,710,long,2000-08-29,2016-05-31,2024-03-28,3372,2248,0.3011601734515797,-0.15769136858662616,-0.031847450069689455,-0.08650501325899548,-0.9092176130717401,-0.40989179414803195,-0.02895626253478447,-0.035457695087528954,0.1536919827263271,0.47168384888175907,0.2724092894526286,False
fx_futures/ZAR,fx_futures,162,678,long,2000-07-14,2016-05-13,2024-03-28,3391,2261,0.2993842931854446,-0.16843721769068637,-0.031948665543367845,-0.08896319364484119,-0.9052338404076404,-0.4147466834552709,-0.028921013205722126,-0.03689718951378691,0.1532014237531651,0.4688603854110502,0.23224844235236874,False
fx_futures/ZAR,fx_futures,174,698,long,2000-08-11,2016-05-24,2024-03-28,3379,2253,0.25700506217566915,-0.16880906604829596,-0.0555788512712653,-0.09482965529268997,-0.9052338404076404,-0.3902347365954889,-0.05031185698173256,-0.03700582555458388,0.1533723300973976,0.4645272212736366,0.2742646915429041,False
fx_futures/ZAR,fx_futures,200,400,long,1999-05-05,2015-12-10,2024-03-28,3558,2372,0.34021375436531626,-0.16408685038028,-0.012985565157753521,-0.07057232158337037,-0.9095073348249908,-0.48188978647319036,-0.011810466757824666,-0.03400808097872767,0.14578687448901345,0.4102423678010053,0.24070602720870649,False
fx_futures/ZAR,fx_futures,200,600,long,2000-02-22,2016-03-31,2024-03-28,3438,2292,0.29437800230309813,-0.20179607465778504,-0.03010285962618111,-0.09718917908217281,-0.9146095889479122,-0.42711552951472154,-0.027532364068858207,-0.04151100768678334,0.1523324020453371,0.3910830733290963,0.2218085176250904,False
index/^DJI,index,5,20,long,2009-01-30,2015-02-12,2019-02-22,1519,1013,0.663364701972173,0.35811751381491963,0.5985030226477462,0.1392922744580057,-0.1152992431411697,-0.19136746909682537,0.06900694552898749,0.026656010027768923,0.08315806093451997,0.9067135065498687,0.7363483990999699,False
index/^DJI,index,5,35,long,2009-02-23,2015-02-23,2019-02-22,1510,1007,0.5209964410937599,0.19456566894301255,0.4285243813848859,0.06415124170179877,-0.12381816371410743,-0.20479916931828682,0.053059102009800414,0.013138121011265028,0.0863089589857451,1.0569121955607548,0.7244052414578859,False
index/^DJI,index,8,21,long,2009-02-02,2015-02-12,2019-02-22,1518,1013,0.6542204612282215,0.3029763496943961,0.6203863800976142,0.11079929032950099,-0.11193143692775397,-0.19638849839210412,0.0694407389747337,0.021759706250721482,0.0822735528174677,0.9153971265867334,0.7363483990999699,False
index/^DJI,index,9,21,long,2009-02-02,2015-02-12,2019-02-22,1518,1013,0.5767717648840627,0.4396802240860062,0.4358695654073011,0.18507451526403718,-0.13499179141116957,-0.1823204872910993,0.05883881345593952,0.03374287580810325,0.08343104083225844,0.9153971265867334,0.7363483990999699,False
index/^DJI,index,10,20,long,2009-01-30,2015-02-12,2019-02-22,1519,1013,0.5822078936474947,0.49169708112292115,0.4623274708775073,0.22501836529703131,-0.1285222520705828,-0.1688745058963103,0.059419367751274016,0.03799986525713162,0.08286809289147817,0.9067135065498687,0.7363483990999699,False
index/^DJI,index,10,30,long,2009-02-13,2015-02-19,2019-02-22,1513,1009,0.5005820418783513,0.4348824272032614,0.4407112268471682,0.19025186010264455,-0.11502061134271073,-0.18088454989303104,0.05069087473755735,0.03441362208097877,0.0864388737322745,0.9379678449887601,0.7365251579528701,False
index/^DJI,index,10,100,long,2009-05-27,2015-03-31,2019-02-22,1471,981,0.5690173687388859,0.5211201595630638,0.3787707471460327,0.2468851161206208,-0.1633355367168251,-0.19107802611193966,0.0618667232777301,0.04717432066474524,0.09764876615073213,0.9608786267791553,0.7783182550139627,False
index/^DJI,index,12,26,long,2009-02-09,2015-02-17,2019-02-22,1515,1011,0.5444187624313582,0.5470031068662786,0.4830009914668749,0.26499876457919763,-0.11502061134271073,-0.16725854334242196,0.05555506931765536,0.044323307351058,0.08609966997714087,0.8816104459332534,0.7295717579291564,False
index/^DJI,index,13,48,long,2009-03-12,2015-03-02,2019-02-22,1502,1002,0.613476365733843,0.6240529945530614,0.5184251574758671,0.3642526883149353,-0.1278708758920123,-0.1495290625619533,0.06629147897089353,0.054466363019403635,0.09176633244243014,1.0935080457461914,0.7095342669934901,False
index/^DJI,index,20,50,long,2009-03-16,2015-03-03,2019-02-22,1501,1001,0.5636034988009089,0.8147524958002766,0.35475437132711174,0.7241012033551977,-0.17324351638506288,-0.10355336564387344,0.06145889474168117,0.07498311667420954,0.09422454809782659,1.0817841827772,0.7184634316522508,True
index/^DJI,index,20,60,long,2009-03-30,2015-03-09,2019-02-22,1495,997,0.5226124424162549,0.6801294453141219,0.3570563947015128,0.511782372889257,-0.15921677144228,-0.12270086760728909,0.05684936638719528,0.06279614117962898,0.09641822388966266,1.051209066883944,0.7421266979751039,False
index/^DJI,index,20,100,long,2009-05-27,2015-03-31,2019-02-22,1471,981,0.6444750517039921,0.32529346219707245,0.3531250167080591,0.13358700749566665,-0.20785491599623568,-0.21147904056630654,0.07339877068402295,0.02825085217730758,0.1015653147015663,0.9608786267791553,0.7783182550139627,False
index/^DJI,index,21,55,long,2009-03-23,2015-03-05,2019-02-22,1498,999,0.5638477676037257,0.8032370643150187,0.3919872674041026,0.7159497520467477,-0.15802254402275331,-0.10355336564387344,0.06194282521972358,0.07413900645633739,0.09464742344593492,1.015268011596955,0.7261063867766037,True
index/^DJI,index,30,90,long,2009-05-12,2015-03-25,2019-02-22,1477,985,0.6804097266544142,0.48552109395648885,0.4511674801204444,0.28626011953764424,-0.17460569427142542,-0.15845500916924826,0.07877641109911972,0.045359349866127524,0.1021628439659287,0.9245935818697931,0.7812328958296406,False
index/^DJI,index,30,200,long,2009-10-16,2015-05-28,2019-02-22,1411,941,0.5819838608888009,0.5565569833103693,0.37115497357519067,0.40759956843619477,-0.18915964488432654,-0.1421414712560271,0.07020754299853467,0.05793680234084243,0.11264465549695807,0.8068052055600136,0.7639541827148918,False
index/^DJI,index,40,100,long,2009-05-27,2015-03-31,2019-02-22,1471,981,0.5115915917889263,0.5566037371408596,0.22419379410566612,0.3667087111655163,-0.25354083092721824,-0.15144563906496356,0.05684228084627627,0.05553643511315075,0.1075391496387711,0.9608786267791553,0.7783182550139627,False
index/^DJI,index,50,150,long,2009-08-06,2015-04-29,2019-02-22,1441,961,0.7102907804539981,0.48789920749994126,0.4914438886233882,0.31059465716943974,-0.17616208429322264,-0.15833094115820928,0.08657377973306243,0.04917674438834875,0.11109482709873077,0.8771674238487607,0.7617649645876792,False
index/^DJI,index,50,200,long,2009-10-16,2015-05-28,2019-02-22,1411,941,0.7302532737044869,0.2285337018500376,0.5363114219537632,0.10101031400170951,-0.17134746677274787,-0.1955933058002673,0.09189560355306761,0.01975694123551739,0.11432351002358992,0.8068052055600136,0.7639541827148918,False
index/^DJI,index,60,120,long,2009-06-24,2015-04-13,2019-02-22,1459,973,0.8010537308566362,0.5283866258239222,0.5555613158563152,0.33277194565029644,-0.17938820962253552,-0.1606606136614777,0.09966114978700434,0.053463344997500536,0.11008881283856425,0.9854485605356087,0.7610746353967811,False
index/^DJI,index,60,132,long,2009-07-13,2015-04-20,2019-02-22,1452,968,0.8105106980186345,0.5012391900741465,0.5295255786577728,0.3307195829867376,-0.18985729931216708,-0.15291876913356658,0.10053429628067725,0.05057323155869834,0.11070613723137315,0.9937319279776302,0.7586950038283882,False
index/^DJI,index,60,180,long,2009-09-18,2015-05-15,2019-02-22,1423,949,0.795036685420821,0.2580262865862531,0.6211823716151804,0.12545110605180096,-0.16319371413191347,-0.18414161259979772,0.1013730583771518,0.023100768970806873,0.11364395745568136,0.8312413934426895,0.744615198663937,False
index/^DJI,index,60,400,long,2010-08-04,2015-09-21,2019-02-22,1291,861,0.667227511818288,0.6862860301148554,0.5274625113872397,0.43767304128928264,-0.16823960796645981,-0.1877187296246917,0.08874008613279354,0.08215942730179937,0.12680810266339315,0.667227511818288,1.056964884824421,False
index/^DJI,index,62,758,long,2012-01-04,2016-04-15,2019-02-22,1076,718,0.7428684525495549,1.079717938867997,0.6170293702869909,0.7486403609151677,-0.14483149640654766,-0.18771872962469185,0.0893652870254547,0.1405338174967661,0.12961144220715645,0.7428684525495549,1.079717938867997,False
index/^DJI,index,74,758,long,2012-01-04,2016-04-15,2019-02-22,1076,718,0.7428684525495549,1.079717938867997,0.6170293702869909,0.7486403609151677,-0.14483149640654766,-0.18771872962469185,0.0893652870254547,0.1405338174967661,0.12961144220715645,0.7428684525495549,1.079717938867997,False
index/^DJI,index,80,144,long,2009-07-29,2015-04-24,2019-02-22,1444,964,0.8905811099105241,0.23349045250755213,0.702230406754242,0.10017582704425022,-0.1631937141319136,-0.2006625757480554,0.11459958825458917,0.02010153948239096,0.11241805355323661,0.9029352705922415,0.7557544925459065,False
index/^DJI,index,80,300,long,2010-03-12,2015-07-24,2019-02-22,1351,901,0.7236109134564439,0.5802534082408412,0.5845924777427148,0.37021788773432135,-0.16823960796645981,-0.1877187296246917,0.09835160927557572,0.06949683156982353,0.130509872777485,0.7236109134564439,0.8522976442811364,False
index/^DJI,index,100,200,long,2009-10-16,2015-05-28,2019-02-22,1411,941,0.636631876413832,0.25066603029527335,0.3743504570927837,0.10684141174446721,-0.2164627689751031,-0.22025137566097158,0.08103293650939948,0.023531967914279188,0.12306849132997537,0.8068052055600136,0.7639541827148918,False
index/^DJI,index,100,250,long,2009-12-29,2015-06-25,2019-02-22,1381,921,0.7009131493357471,0.47428561030717553,0.5602951574433352,0.25758860148471396,-0.16823960796645981,-0.21111064775461094,0.09426383763377259,0.0543796965136423,0.1293207975935811,0.7413386432139841,0.8012010853333694,False
index/^DJI,index,100,300,long,2010-03-12,2015-07-24,2019-02-22,1351,901,0.7236109134564439,0.45466563842069485,0.5845924777427148,0.24359652771204976,-0.16823960796645981,-0.2167392094044267,0.09835160927557572,0.052796918829973186,0.13252076722449344,0.7236109134564439,0.8522976442811364,False
index/^DJI,index,100,400,long,2010-08-04,2015-09-21,2019-02-22,1291,861,0.667227511818288,0.8667834756966356,0.5274625113872397,0.586039397845885,-0.16823960796645981,-0.18771872962469183,0.08874008613279354,0.1100105712736489,0.13023579166072607,0.667227511818288,1.056964884824421,False
index/^DJI,index,116,378,long,2010-07-02,2015-09-08,2019-02-22,1304,870,0.7889760586748725,0.9272684648423761,0.6438456394791022,0.6369643354275094,-0.16823960796645995,-0.18771872962469185,0.10832033797687887,0.11957013586268816,0.1311153485068614,0.7889760586748725,1.0469524017328051,False
index/^DJI,index,120,398,long,2010-08-02,2015-09-18,2019-02-22,1292,862,0.6573579589385499,0.9205431649795285,0.518118929248714,0.6335997068349707,-0.16823960796645981,-0.18771872962469185,0.08716812553680559,0.1189385320576379,0.13151742208190959,0.6573579589385499,1.0725621682384896,False
index/^DJI,index,134,750,long,2011-12-21,2016-04-12,2019-02-22,1081,721,0.7673992312566449,1.1031553134104752,0.6411656205296384,0.7663531822768869,-0.1448314964065477,-0.18771872962469185,0.09286097626574025,0.14385884582085712,0.12948285686156744,0.7673992312566449,1.1031553134104752,False
index/^DJI,index,150,400,long,2010-08-04,2015-09-21,2019-02-22,1291,861,0.667227511818288,0.9289707902859429,0.5274625113872397,0.6482450171694728,-0.16823960796645981,-0.18771872962469185,0.08874008613279354,0.12168773110858999,0.13320704141590078,0.667227511818288,1.056964884824421,False
index/^DJI,index,150,500,long,2010-12-27,2015-11-16,2019-02-22,1231,821,0.662105426744346,0.9756466584335216,0.5258559542885888,0.6923636927586312,-0.16823960796645987,-0.18771872962469185,0.08846979959634083,0.12996963284291072,0.13456419055462773,0.662105426744346,0.9756466584335216,False
index/^DJI,index,150,710,long,2011-10-25,2016-03-18,2019-02-22,1105,737,0.7649532099222016,1.1048622587844257,0.6730658306214917,0.7626061957542483,-0.1448314964065477,-0.18771872962469185,0.09748113142902662,0.14315546627090656,0.12862552967402818,0.7649532099222016,1.1048622587844257,False
index/^DJI,index,162,678,long,2011-09-09,2016-03-01,2019-02-22,1124,750,0.7619389927811642,1.2041154052291327,0.6954858913808637,0.836471296054714,-0.14483149640654763,-0.18771872962469185,0.10072826237833214,0.15702132906291044,0.12797175179771708,0.7619389927811642,1.2041154052291327,False
index/^DJI,index,174,698,long,2011-10-07,2016-03-11,2019-02-22,1112,742,0.8032937386421637,1.1590370107840289,0.7212975804060295,0.8034699658615777,-0.14483149640654763,-0.18771872962469188,0.10446660792462736,0.15082636128312993,0.12835704380206256,0.8032937386421637,1.1590370107840289,False
index/^DJI,index,200,400,long,2010-08-04,2015-09-21,2019-02-22,1291,861,0.667227511818288,1.056964884824421,0.5274625113872397,0.7594300332297083,-0.16823960796645981,-0.18771872962469185,0.08874008613279354,0.14255924107671836,0.13471804499490678,0.667227511818288,1.056964884824421,False
index/^DJI,index,200,600,long,2011-05-19,2016-01-14,2019-02-22,1171,781,0.4560730074434147,1.1986459062763852,0.35653498752357266,0.8589861911237416,-0.16260952968608472,-0.18771872962469185,0.05797598663784223,0.16124779656290153,0.1320386796562811,0.4560730074434147,1.1986459062763852,False
index/^GSPC,index,5,20,long,2009-01-30,2015-02-12,2019-02-22,1519,1013,0.4592050440445591,-0.07271573785914036,0.3453307929214715,-0.05369409863850579,-0.1464093847318691,-0.170262019966282,0.05055966892060114,-0.009142065694460789,0.08101582762300097,0.950077459504646,0.597681723455084,False
index/^GSPC,index,5,35,long,2009-02-23,2015-02-23,2019-02-22,1510,1007,0.6750113601491942,0.046374584298033115,0.6449908039997624,0.0021104822534970696,-0.1216883857050114,-0.15597896307118775,0.0784878897333085,0.00032919083348061654,0.08466972133899806,1.0780297751533832,0.5811743714549118,False
index/^GSPC,index,8,21,long,2009-02-02,2015-02-12,2019-02-22,1518,1013,0.6661680396634634,0.09527849131549652,0.6820595232289727,0.02672324553237813,-0.11505504438573735,-0.16579129131037074,0.07847438871882431,0.004430481384817066,0.08065276563253887,0.9508879749423861,0.597681723455084,False
index/^GSPC,index,9,21,long,2009-02-02,2015-02-12,2019-02-22,1518,1013,0.5457017960788498,0.17472204455964413,0.3976496455291632,0.08208838733722106,-0.15643420491219323,-0.13209097194486086,0.062206006131970124,0.010843134868759739,0.08018527419245525,0.9508879749423861,0.597681723455084,False
index/^GSPC,index,10,20,long,2009-01-30,2015-02-12,2019-02-22,1519,1013,0.6049027944497085,0.2758941241186025,0.44952984730604645,0.14689437830280416,-0.15617650383963982,-0.1296642466759144,0.07020599992382547,0.019046948903559884,0.08003528349332036,0.950077459504646,0.597681723455084,False
index/^GSPC,index,10,30,long,2009-02-13,2015-02-19,2019-02-22,1513,1009,0.651193208849321,0.3504742170138406,0.5514171426561014,0.1980168246398053,-0.13539067803630742,-0.12995990854978995,0.07465674082505283,0.02573424842150889,0.08216415520548133,0.9627346013418722,0.5910950625329336,False
index/^GSPC,index,10,100,long,2009-05-27,2015-03-31,2019-02-22,1471,981,0.7302800417202266,0.44742602235435047,0.4453677195929482,0.31534413433398584,-0.19771020430733136,-0.1233271906495487,0.08805374283261205,0.03889050617522437,0.09550722250013022,0.9752256439343607,0.6316797622875535,False
index/^GSPC,index,12,26,long,2009-02-09,2015-02-17,2019-02-22,1515,1011,0.6663937742257018,0.36453612650958567,0.5512701702276498,0.2069493394663914,-0.13896350262640733,-0.12945855074007412,0.07660643374829003,0.026791361563934656,0.08172061924872336,0.9106807418946278,0.5879919097834071,False
index/^GSPC,index,13,48,long,2009-03-12,2015-03-02,2019-02-22,1502,1002,0.7885631671149516,0.2132961263411716,0.6387676335526348,0.10857172151645375,-0.1509190842439854,-0.1415407957835607,0.09640222630046127,0.015367327863030005,0.09098485941241899,1.1080329360548558,0.5760799721647467,False
index/^GSPC,index,20,50,long,2009-03-16,2015-03-03,2019-02-22,1501,1001,0.7553609933000519,0.5064715638221098,0.42536784787921106,0.3876663231530837,-0.22076157078188408,-0.11342559404588079,0.09390487425792415,0.043971282995220906,0.0936635838112803,1.0998825222675361,0.5847813224776682,False
index/^GSPC,index,20,60,long,2009-03-30,2015-03-09,2019-02-22,1495,997,0.799318743296439,0.682066483816739,0.46887886133855444,0.6123000002734809,-0.21384080931861563,-0.10159530543092786,0.10026543518102744,0.0622068055431415,0.09514570103014384,1.0705303941503446,0.6116237236663233,True
index/^GSPC,index,20,100,long,2009-05-27,2015-03-31,2019-02-22,1471,981,0.6699679936435853,0.3593823522182922,0.3432244162248749,0.22603343890347113,-0.23189456466329694,-0.1357137088181711,0.07959187658228159,0.03067583631051555,0.09729329104287278,0.9752256439343607,0.6316797622875535,False
index/^GSPC,index,21,55,long,2009-03-23,2015-03-05,2019-02-22,1498,999,0.7761858935946918,0.5586794932256139,0.4630667896226841,0.45840620354483447,-0.2083353263675582,-0.10731187707658248,0.0964731707460193,0.04919243016594612,0.09387776959003863,1.0286887842293155,0.5913168911078976,False
index/^GSPC,index,30,90,long,2009-05-12,2015-03-25,2019-02-22,1477,985,0.7344283050892871,0.2519004277119351,0.40662433454539076,0.14422105571945043,-0.2202250709640899,-0.14173256476828766,0.08954887293098451,0.02044082012070783,0.10042903741084967,0.9438222608022233,0.6357866451485381,False
index/^GSPC,index,30,200,long,2009-10-16,2015-05-28,2019-02-22,1411,941,0.5986284501712271,0.1526068896762438,0.34521115224343873,0.05033168603835914,-0.21451964183865285,-0.2141364780093189,0.07405457273797114,0.010777849980525035,0.11024595365224905,0.8354928881367994,0.6010908804159583,False
index/^GSPC,index,40,100,long,2009-05-27,2015-03-31,2019-02-22,1471,981,0.975204002810366,0.35315381701567666,0.9432068192226535,0.18991424754799305,-0.13188705699932984,-0.16853505873286448,0.1243967715289747,0.03200720886470877,0.10483768638358372,0.9752256439343607,0.6316797622875535,False
index/^GSPC,index,50,150,long,2009-08-06,2015-04-29,2019-02-22,1441,961,0.7389801331772939,0.21301827277919244,0.5215601033751692,0.0857741578116912,-0.1811633129811512,-0.20242792150530797,0.09448755624623736,0.017363084484688925,0.10864156350898307,0.9052095579217211,0.6043428070900291,False
index/^GSPC,index,50,200,long,2009-10-16,2015-05-28,2019-02-22,1411,941,0.7475278623874126,0.14624087597811658,0.5500942428998513,0.0478727597329665,-0.17904681447459436,-0.2143890220910331,0.09849262185203213,0.010263394143949675,0.11601935643282789,0.8354928881367994,0.6010908804159583,False
index/^GSPC,index,60,120,long,2009-06-24,2015-04-13,2019-02-22,1459,973,0.8423632239149347,0.2587250428703319,0.6124795700488227,0.10914743726285599,-0.18116331298115118,-0.20447415721491322,0.11095882804331578,0.022317830246490093,0.10792683378374972,0.9911125967767311,0.6125367925754768,False
index/^GSPC,index,60,132,long,2009-07-13,2015-04-20,2019-02-22,1452,968,0.8529089837237664,0.19404258677102584,0.6238392494877936,0.07221431407217832,-0.1790468144745943,-0.2108813558909766,0.11169643036501113,0.015228652466277796,0.10818730104261143,1.004073365778928,0.6077120966655435,False
index/^GSPC,index,60,180,long,2009-09-18,2015-05-15,2019-02-22,1423,949,0.70695530846719,0.19199631281993418,0.5222857696565939,0.07826285342293025,-0.17904681447459436,-0.1987454056370139,0.09351360330242489,0.015554382549850435,0.11491212322302362,0.8483543109099941,0.5961125982798948,False
index/^GSPC,index,60,400,long,2010-08-04,2015-09-21,2019-02-22,1291,861,0.6517851802011153,0.6025039324471668,0.37975090331595807,0.3610305354923619,-0.23945201040044012,-0.19778210423952908,0.09093211725038933,0.07140537900440333,0.12813490824871443,0.7851827772391526,0.83629272458052,False
index/^GSPC,index,62,758,long,2012-01-04,2016-04-15,2019-02-22,1076,718,0.9348281186538493,0.8832713737999416,0.8549641730083074,0.550135716627346,-0.14160750432729632,-0.1977821042395291,0.12106934282895722,0.10880699965187779,0.1259509643439243,0.9348281186538493,0.8832713737999416,False
index/^GSPC,index,74,758,long,2012-01-04,2016-04-15,2019-02-22,1076,718,0.9348281186538493,0.8832713737999416,0.8549641730083074,0.550135716627346,-0.14160750432729632,-0.1977821042395291,0.12106934282895722,0.10880699965187779,0.1259509643439243,0.9348281186538493,0.8832713737999416,False
index/^GSPC,index,80,144,long,2009-07-29,2015-04-24,2019-02-22,1444,964,0.800708655178763,0.23841140648415488,0.6046585377923375,0.11371905971327437,-0.1790468144745944,-0.18370924391122945,0.10826218503658418,0.020891242478221588,0.11415805682376771,0.9334973895135275,0.5935359792987204,False
index/^GSPC,index,80,300,long,2010-03-12,2015-07-24,2019-02-22,1351,901,0.6547100685820122,0.16452126044416376,0.39317686062435614,0.06581421913134068,-0.22700370815400414,-0.19778210423952902,0.0892526053220789,0.013016874748678029,0.13041016796284893,0.784608943786528,0.6603447532366009,False
index/^GSPC,index,100,200,long,2009-10-16,2015-05-28,2019-02-22,1411,941,0.7689505658154764,-0.04833831771957331,0.590769041733714,-0.06644366997860444,-0.17904681447459436,-0.1982634349769853,0.10577531501263018,-0.013173350242435312,0.1213764391985022,0.8354928881367994,0.6010908804159583,False
index/^GSPC,index,100,250,long,2009-12-29,2015-06-25,2019-02-22,1381,921,0.7510754681959877,0.06740955337361043,0.5781825358873965,0.0017243835202415878,-0.17904681447459436,-0.19778210423952897,0.10352174123548119,0.0003410522011493476,0.12923675633130172,0.80502563997111,0.6269109572172514,False
index/^GSPC,index,100,300,long,2010-03-12,2015-07-24,2019-02-22,1351,901,0.7042953163502625,0.4510881191239971,0.48258986440643326,0.2671286397453647,-0.21057331178228622,-0.19778210423952908,0.1016205459806271,0.05283326447148134,0.1341161334152721,0.784608943786528,0.6603447532366009,False
index/^GSPC,index,100,400,long,2010-08-04,2015-09-21,2019-02-22,1291,861,0.7851827772391526,0.6079510434829217,0.5920870648143384,0.37075657623558034,-0.19388242085950966,-0.19778210423952908,0.11479527348580533,0.07332901580851646,0.1304246701984666,0.7851827772391526,0.83629272458052,False
index/^GSPC,index,116,378,long,2010-07-02,2015-09-08,2019-02-22,1304,870,0.8970932836039099,0.6401423225628611,0.6964470041658287,0.39527531396562726,-0.1938824208595096,-0.19778210423952916,0.13502883116802383,0.0781783833500623,0.1310338590015413,0.8970932836039099,0.8247669602501891,False
index/^GSPC,index,120,398,long,2010-08-02,2015-09-18,2019-02-22,1292,862,0.780532451892787,0.8013957047676098,0.5878699748199363,0.5166050946291543,-0.19388242085950966,-0.19778210423952913,0.11397765386870824,0.1021752426766152,0.13236201543677206,0.780532451892787,0.845706406157213,False
index/^GSPC,index,134,750,long,2011-12-21,2016-04-12,2019-02-22,1081,721,0.9605613240842253,0.9061532307403403,0.8830584200323858,0.5657323223733801,-0.14160750432729585,-0.19778210423952908,0.1250476990359911,0.11189172915532274,0.12581931630849466,0.9605613240842253,0.9061532307403403,False
index/^GSPC,index,150,400,long,2010-08-04,2015-09-21,2019-02-22,1291,861,0.7851827772391526,0.83629272458052,0.5920870648143384,0.5462229626961794,-0.19388242085950966,-0.1977821042395291,0.11479527348580533,0.10803312694600017,0.13333260120822898,0.7851827772391526,0.83629272458052,False
index/^GSPC,index,150,500,long,2010-12-27,2015-11-16,2019-02-22,1231,821,0.7281578054482306,0.779333844672259,0.5444836506778953,0.5006396066119315,-0.19388242085950969,-0.19778210423952908,0.10556580831185394,0.09901755486135788,0.13243891542801867,0.7281578054482306,0.779333844672259,False
index/^GSPC,index,150,710,long,2011-10-25,2016-03-18,2019-02-22,1105,737,0.90437913202175,0.9068451367671592,0.8735305350956634,0.5641399532604612,-0.14160750432729596,-0.19778210423952913,0.12369847902858432,0.11157678704144362,0.12534497801692412,0.90437913202175,0.9068451367671592,False
index/^GSPC,index,162,678,long,2011-09-09,2016-03-01,2019-02-22,1124,750,0.9007795474851182,0.9896696209107874,0.9067677705114572,0.620915818934032,-0.1416075043272959,-0.1977821042395291,0.12840512098655363,0.1228060372243833,0.12496788557075658,0.9007795474851182,0.9896696209107874,False
index/^GSPC,index,174,698,long,2011-10-07,2016-03-11,2019-02-22,1112,742,0.9642790584960954,0.9396005458046797,0.9549575984936445,0.5858558083936523,-0.1416075043272959,-0.19778210423952913,0.13522916226107287,0.11587179456504694,0.12504096171314344,0.9642790584960954,0.9396005458046797,False
index/^GSPC,index,200,400,long,2010-08-04,2015-09-21,2019-02-22,1291,861,0.7851827772391526,0.83629272458052,0.5920870648143384,0.5462229626961794,-0.19388242085950966,-0.1977821042395291,0.11479527348580533,0.10803312694600017,0.13333260120822898,0.7851827772391526,0.83629272458052,False
index/^GSPC,index,200,600,long,2011-05-19,2016-01-14,2019-02-22,1171,781,0.5667881166679855,0.9969813831954087,0.4266066888175002,0.647963742636252,-0.187693055410871,-0.19778210423952908,0.08007111288287126,0.12815563248951858,0.12938107814285857,0.5667881166679855,0.9969813831954087,False
index/^IXIC,index,5,20,long,2009-01-30,2015-02-12,2019-02-22,1519,1013,0.5647242770231875,0.34620340175044023,0.33685289425789805,0.1750810309376345,-0.20858918949678787,-0.17639423767785845,0.07026387219290214,0.030883284984097585,0.10331601786120582,1.1138191878575736,0.7446607728065031,False
index/^IXIC,index,5,35,long,2009-02-23,2015-02-23,2019-02-22,1510,1007,0.8410236259167665,0.6253567430630521,0.5954640731929062,0.48012484165644725,-0.1890387328954325,-0.12954498109738113,0.11256577388114006,0.06219776353676757,0.10540287116518128,1.2037148527653856,0.7151804505160595,False
index/^IXIC,index,8,21,long,2009-02-02,2015-02-12,2019-02-22,1518,1013,0.8288109643953264,0.5207405572628907,0.7784834342310376,0.4125732705402385,-0.14298010303524486,-0.12189588407574119,0.11130764163758503,0.05029098355852232,0.10480015051099259,1.1040848760318571,0.7446607728065031,False
index/^IXIC,index,9,21,long,2009-02-02,2015-02-12,2019-02-22,1518,1013,0.7916029291517901,0.5944929993457507,0.6442864412308018,0.4470845051178223,-0.16459896585940248,-0.1276877104781128,0.10604888194382467,0.05708719684873483,0.10218795919926314,1.1040848760318571,0.7446607728065031,False
index/^IXIC,index,10,20,long,2009-01-30,2015-02-12,2019-02-22,1519,1013,0.8073244422016468,0.6210478245411275,0.7073119835690288,0.4664336313869954,-0.15281859386515373,-0.1276877104781128,0.1080904227529917,0.05955784248179746,0.1014579242411429,1.1138191878575736,0.7446607728065031,False
index/^IXIC,index,10,30,long,2009-02-13,2015-02-19,2019-02-22,1513,1009,0.7859177914193664,0.5742408719287334,0.4296873413400705,0.4087780887960846,-0.23908166429060204,-0.1393094727955337,0.10273036469218808,0.056946660040548415,0.10633439665542772,1.1015987864380061,0.7255057203855203,False
index/^IXIC,index,10,100,long,2009-05-27,2015-03-31,2019-02-22,1471,981,0.7587835716117092,0.6014926204089065,0.4389815789794976,0.3338841386585267,-0.23252308018234058,-0.2000527544717185,0.1020733488876202,0.06679444161305545,0.11940707266665322,1.0917326106031533,0.7482230430893091,False
index/^IXIC,index,12,26,long,2009-02-09,2015-02-17,2019-02-22,1515,1011,0.7871054534686672,0.6496601040072033,0.449077503466084,0.5143237145108883,-0.2288967897993777,-0.1261883700443782,0.10279239891450553,0.0649016712092991,0.10537757746406758,1.0612151067258258,0.732597313176256,False
index/^IXIC,index,13,48,long,2009-03-12,2015-03-02,2019-02-22,1502,1002,1.0149734874520546,0.7239802636440156,0.6483693637304674,0.7628638190819724,-0.2220666606294418,-0.10332024238656833,0.1439812194580608,0.0788192746954926,0.11377729504401307,1.222391467815457,0.702865956976145,True
index/^IXIC,index,20,50,long,2009-03-16,2015-03-03,2019-02-22,1501,1001,0.8335723314641359,0.37877758150475876,0.4326941383961863,0.1973498062826824,-0.2662460714826124,-0.19100693741885472,0.11520311450153842,0.037695182098259415,0.11532005563641008,1.2326850749417941,0.711909276803986,False
index/^IXIC,index,20,60,long,2009-03-30,2015-03-09,2019-02-22,1495,997,0.690751405875563,0.5235769082679905,0.3431107410395703,0.32792161125431396,-0.27287969611923785,-0.1703619356282448,0.09362795475012445,0.055865360427617757,0.11694523091765309,1.1932278695064564,0.7252644561127338,False
index/^IXIC,index,20,100,long,2009-05-27,2015-03-31,2019-02-22,1471,981,0.6984831358924509,0.5234265826249165,0.34871539816496,0.2149703709195215,-0.2648385114526347,-0.2770832901583957,0.09235326697062084,0.05956469766095173,0.12570221169540624,1.0917326106031533,0.7482230430893091,False
index/^IXIC,index,21,55,long,2009-03-23,2015-03-05,2019-02-22,1498,999,0.725109343942572,0.5055241431497425,0.37867830851846956,0.3146682052046869,-0.26138972023361173,-0.1703619356282448,0.09898261712218007,0.053607484519336196,0.11686834766284163,1.1581851852364424,0.7117717691258446,False
index/^IXIC,index,30,90,long,2009-05-12,2015-03-25,2019-02-22,1477,985,0.7437658758057647,0.5727517259830323,0.3884205767340194,0.2515957071838228,-0.2582813093779227,-0.264023236200429,0.10032177514819043,0.06642711282480841,0.12627608033387092,1.0844856006636234,0.7537068176886005,False
index/^IXIC,index,30,200,long,2009-10-16,2015-05-28,2019-02-22,1411,941,0.8229634867026436,0.34416047828749496,0.6822938352445476,0.14029664289519303,-0.182257505028695,-0.27513386909570225,0.12435317210813074,0.038600358180892524,0.13769111114060562,0.9635280090321128,0.7071904886087008,False
index/^IXIC,index,40,100,long,2009-05-27,2015-03-31,2019-02-22,1471,981,0.753221587386506,0.5028704047425147,0.38859836048439705,0.23672556301143774,-0.2695451845357883,-0.24792278603456747,0.10474481678707159,0.0586896611073972,0.1303892900445283,1.0917326106031533,0.7482230430893091,False
index/^IXIC,index,50,150,long,2009-08-06,2015-04-29,2019-02-22,1441,961,0.9150087561590117,0.35618001686949924,0.7665132307423423,0.14392260666108103,-0.17951728216723142,-0.2793310948495951,0.13760237192808925,0.0402020592922474,0.13717030619658863,1.0176723613852194,0.7192186411934267,False
index/^IXIC,index,50,200,long,2009-10-16,2015-05-28,2019-02-22,1411,941,0.8625662285481223,0.2556655598283976,0.7118028403994958,0.08830744286079176,-0.1860352940185715,-0.30069128673008677,0.13242045069697453,0.026553278621655088,0.14219504992365573,0.9635280090321128,0.7071904886087008,False
index/^IXIC,index,60,120,long,2009-06-24,2015-04-13,2019-02-22,1459,973,0.9922726257422209,0.3494546435773182,0.8279272586248038,0.13310950812477731,-0.18222651902613168,-0.2927374579766271,0.15087030234604584,0.0389661390409665,0.13592511985911876,1.0885951869143928,0.7241917381330512,False
index/^IXIC,index,60,132,long,2009-07-13,2015-04-20,2019-02-22,1452,968,0.9970583556234555,0.4407203252168796,0.8244696893580147,0.20768603479580544,-0.18483628847840086,-0.2507456927602373,0.15239191734387555,0.05207637867150098,0.13636868448108633,1.0966003941853892,0.7252325240423577,False
index/^IXIC,index,60,180,long,2009-09-18,2015-05-15,2019-02-22,1423,949,0.788993575335284,0.2909333053074251,0.6427908073541562,0.10742640204546873,-0.18503307550398132,-0.29410957805587373,0.11893755999042668,0.03159513377765346,0.1414226036976305,0.9563889110823764,0.7187887339249748,False
index/^IXIC,index,60,400,long,2010-08-04,2015-09-21,2019-02-22,1291,861,0.9279475496928217,0.6467376965579031,0.8306637499488468,0.40273266138542574,-0.1871245758549183,-0.23635552443373042,0.15543760188723388,0.09518808938834428,0.16058742263137282,0.9279475496928217,0.8743895898786785,False
index/^IXIC,index,62,758,long,2012-01-04,2016-04-15,2019-02-22,1076,718,1.0368014320114272,1.0194054199293145,0.8612367890188827,0.6746801365149131,-0.18241915743887022,-0.2363555244337304,0.1571060894081826,0.1594643774910031,0.15734028923646812,1.0368014320114272,1.0194054199293145,False
index/^IXIC,index,74,758,long,2012-01-04,2016-04-15,2019-02-22,1076,718,1.0368014320114272,1.0194054199293145,0.8612367890188827,0.6746801365149131,-0.18241915743887022,-0.2363555244337304,0.1571060894081826,0.1594643774910031,0.15734028923646812,1.0368014320114272,1.0194054199293145,False
index/^IXIC,index,80,144,long,2009-07-29,2015-04-24,2019-02-22,1444,964,0.8352663404503547,0.25623084174421684,0.6461352082903051,0.0883509593615199,-0.19672392202075464,-0.30003014342384254,0.12711025233056605,0.026507951008870902,0.14110357552663014,1.031838237084839,0.6966257177738512,False
index/^IXIC,index,80,300,long,2010-03-12,2015-07-24,2019-02-22,1351,901,0.9032228937732351,0.3050144824023743,0.8197751610820093,0.14541913093119607,-0.1871245758549183,-0.2539657493679342,0.15340007931386831,0.03693147855937495,0.16201402200247003,0.9032228937732351,0.7330568174690488,False
index/^IXIC,index,100,200,long,2009-10-16,2015-05-28,2019-02-22,1411,941,0.8744154157460124,0.11914086039834068,0.7531022173628392,0.027809101873567336,-0.1850330755039814,-0.23681371111907018,0.13934881944751404,0.006585576617567769,0.15043385125456418,0.9635280090321128,0.7071904886087008,False
index/^IXIC,index,100,250,long,2009-12-29,2015-06-25,2019-02-22,1381,921,0.9262402313830165,0.32710083259057077,0.8442065956339554,0.17062242137195185,-0.1871245758549183,-0.2363555244337304,0.1579718011419284,0.04032755188352061,0.16016142594302202,0.9262402313830165,0.7122933492076285,False
index/^IXIC,index,100,300,long,2010-03-12,2015-07-24,2019-02-22,1351,901,0.9032228937732351,0.48949726426433193,0.8197751610820093,0.2935236751835657,-0.1871245758549183,-0.23635552443373034,0.15340007931386831,0.06937594218172759,0.16485289975574707,0.9032228937732351,0.7330568174690488,False
index/^IXIC,index,100,400,long,2010-08-04,2015-09-21,2019-02-22,1291,861,0.9279475496928217,0.8743895898786785,0.8306637499488468,0.5870502515799072,-0.1871245758549183,-0.23635552443373034,0.15543760188723388,0.1387525700811223,0.16404542871650035,0.9279475496928217,0.8743895898786785,False
index/^IXIC,index,116,378,long,2010-07-02,2015-09-08,2019-02-22,1304,870,1.0179303446725079,0.8738356196332681,0.9334822885643521,0.5855018966285254,-0.18712457585491823,-0.23635552443373026,0.17467747731568278,0.13838660783457885,0.16372057028851741,1.0179303446725079,0.8738356196332681,False
index/^IXIC,index,120,398,long,2010-08-02,2015-09-18,2019-02-22,1292,862,0.9309930336828551,0.8745180579496239,0.8338449749019672,0.5868258605250108,-0.1871245758549183,-0.23635552443373034,0.1560328872572856,0.13869953401566404,0.1639501769544825,0.9309930336828551,0.8745180579496239,False
index/^IXIC,index,134,750,long,2011-12-21,2016-04-12,2019-02-22,1081,721,1.053153539272081,1.0458917764260498,0.8768725921468832,0.6948172366198463,-0.18241915743887022,-0.2363555244337305,0.15995835944067252,0.1642238923468792,0.15726303376319195,1.053153539272081,1.0458917764260498,False
index/^IXIC,index,150,400,long,2010-08-04,2015-09-21,2019-02-22,1291,861,0.9279475496928217,0.8743895898786785,0.8306637499488468,0.5870502515799072,-0.1871245758549183,-0.23635552443373034,0.15543760188723388,0.1387525700811223,0.16404542871650035,0.9279475496928217,0.8743895898786785,False
index/^IXIC,index,150,500,long,2010-12-27,2015-11-16,2019-02-22,1231,821,0.8275463577238885,0.8561935221374248,0.729783444755462,0.5706575418500589,-0.18712457585491835,-0.2363555244337304,0.13656041756580706,0.13487806257603413,0.1634334822293308,0.8275463577238885,0.8561935221374248,False
index/^IXIC,index,150,710,long,2011-10-25,2016-03-18,2019-02-22,1105,737,0.9376269448638191,1.0617922805113569,0.8003007702931416,0.7052021889198845,-0.18241915743887022,-0.23635552443373026,0.1459901922145537,0.16667843319397382,0.15682791851178648,0.9376269448638191,1.0617922805113569,False
index/^IXIC,index,162,678,long,2011-09-09,2016-03-01,2019-02-22,1124,750,0.9566732877025053,1.096783802699272,0.8485701000679821,0.729158276998971,-0.18241915743887022,-0.23635552443373034,0.15479544268221906,0.172340586955287,0.1561435863900249,0.9566732877025053,1.096783802699272,False
index/^IXIC,index,174,698,long,2011-10-07,2016-03-11,2019-02-22,1112,742,0.9949776928713708,1.0791326674836232,0.8697460591915038,0.7166620211196297,-0.18241915743887022,-0.23635552443373026,0.15865834330349188,0.16938702784346715,0.15639539549128975,0.9949776928713708,1.0791326674836232,False
index/^IXIC,index,200,400,long,2010-08-04,2015-09-21,2019-02-22,1291,861,0.9279475496928217,0.8743895898786785,0.8306637499488468,0.5870502515799072,-0.1871245758549183,-0.23635552443373034,0.15543760188723388,0.1387525700811223,0.16404542871650035,0.9279475496928217,0.8743895898786785,False
index/^IXIC,index,200,600,long,2011-05-19,2016-01-14,2019-02-22,1171,781,0.6877900341109063,1.0615274194462023,0.5968891865339054,0.7235209850840022,-0.18687552667041923,-0.23635552443373034,0.11154398109740168,0.17100818186833852,0.16097980017939167,0.6877900341109063,1.0615274194462023,False
index/^RUT,index,5,20,long,2009-01-30,2015-02-12,2019-02-22,1519,1013,0.31059370749230425,0.1973280701268798,0.16159822309810248,0.10167387089650753,-0.24141238766606965,-0.15495262846456118,0.039011812880707125,0.01575463354158029,0.10986596662662465,0.8033593202668511,0.48852101233651296,False
index/^RUT,index,5,35,long,2009-02-23,2015-02-23,2019-02-22,1510,1007,0.4193434117240795,0.2928278082787907,0.274940781846777,0.18745548240863538,-0.2121485920577888,-0.14375968380435186,0.0583282997680614,0.026948540878457664,0.1124385334697925,0.9009909969712878,0.4706944429821069,False
index/^RUT,index,8,21,long,2009-02-02,2015-02-12,2019-02-22,1518,1013,0.5433193817399955,0.2559904132431143,0.42858034205336165,0.1587784213540932,-0.18901524600028966,-0.1394314007778719,0.08100821878410444,0.022138697702700383,0.108631187583799,0.7945589487053237,0.48852101233651296,False
index/^RUT,index,9,21,long,2009-02-02,2015-02-12,2019-02-22,1518,1013,0.5006849867663594,0.2918869334695571,0.44545731926584986,0.2171145709726693,-0.1611516858515315,-0.11936636046870291,0.07178619797459561,0.025916176141731428,0.10749103213775936,0.7945589487053237,0.48852101233651296,False
index/^RUT,index,10,20,long,2009-01-30,2015-02-12,2019-02-22,1519,1013,0.458763962731898,0.30653323508549457,0.3960759652575327,0.2308751676412036,-0.16222858359128145,-0.1193663604687029,0.06425484283827913,0.02755872848393212,0.10761957091330994,0.8033593202668511,0.48852101233651296,False
index/^RUT,index,10,30,long,2009-02-13,2015-02-19,2019-02-22,1513,1009,0.36143601591112434,0.43211924684133385,0.2345387893170754,0.34521752359272884,-0.20433209910674904,-0.12424821855705431,0.047923803143113584,0.04289266232107443,0.11164891957530697,0.8071745708210893,0.4750612339366769,False
index/^RUT,index,10,100,long,2009-05-27,2015-03-31,2019-02-22,1471,981,0.5693160107762467,0.4529990618720161,0.28564483391575696,0.29892715777279993,-0.2945840513634065,-0.15768383245241738,0.08414641242593106,0.04713597986172352,0.1167627938474809,0.8338125787718685,0.45337977682737707,False
index/^RUT,index,12,26,long,2009-02-09,2015-02-17,2019-02-22,1515,1011,0.4068279156140936,0.429022075448206,0.2964660691300821,0.3135674098229898,-0.1887336078289382,-0.1335488557591729,0.055953110825783796,0.04187656878522793,0.10967106113145982,0.774269701935996,0.4781756146271008,False
index/^RUT,index,13,48,long,2009-03-12,2015-03-02,2019-02-22,1502,1002,0.46029787724661914,0.24231957608020446,0.3031093831581637,0.1367323604558825,-0.22229520487211288,-0.15656944205368506,0.06737976242780376,0.02140810938726087,0.1145499713927424,0.9377844144664571,0.4586820508333224,False
index/^RUT,index,20,50,long,2009-03-16,2015-03-03,2019-02-22,1501,1001,0.4675325057352457,0.3344329043829146,0.2505065022605904,0.22468714081697816,-0.2745264619607956,-0.1456562907275127,0.06877066376377393,0.03272709550557136,0.11670472968974421,0.9407919031544496,0.4686607357480063,False
index/^RUT,index,20,60,long,2009-03-30,2015-03-09,2019-02-22,1495,997,0.5789169470794041,0.208874515487453,0.3392424543754151,0.10078003975499551,-0.26478511846790675,-0.17628341573150624,0.08982635347113774,0.0177658496455676,0.11734561257261139,0.901505099428315,0.4838507196015679,False
index/^RUT,index,20,100,long,2009-05-27,2015-03-31,2019-02-22,1471,981,0.6366519719082453,0.45556450183378694,0.4369912617254385,0.4790057969750936,-0.21934490283487917,-0.10024171894893265,0.09585180584285756,0.04801636447528682,0.11836621457575905,0.8338125787718685,0.45337977682737707,True
index/^RUT,index,21,55,long,2009-03-23,2015-03-05,2019-02-22,1498,999,0.5439601327970458,0.23111080631846698,0.29050418401262157,0.1309055220029626,-0.28604653496980736,-0.15549740323289196,0.08309771523104172,0.020355468740306887,0.11674868389095516,0.870328007317356,0.46971400547963815,False
index/^RUT,index,30,90,long,2009-05-12,2015-03-25,2019-02-22,1477,985,0.5904021550968881,0.686993293664533,0.3885180981245522,0.6909923645392636,-0.22888387299295213,-0.11276588999167031,0.08892552702660331,0.07792036896471875,0.11967559884296188,0.804997220305126,0.47570445452914817,True
index/^RUT,index,30,200,long,2009-10-16,2015-05-28,2019-02-22,1411,941,0.3947204299669462,0.32057280396725674,0.18124889014326098,0.16903318161882325,-0.31393907053544184,-0.19144377069398427,0.056901108107155755,0.032360349661508594,0.12302138012250766,0.6883977254636022,0.46564816011671023,False
index/^RUT,index,40,100,long,2009-05-27,2015-03-31,2019-02-22,1471,981,0.648752062405621,0.6940238915048258,0.4988902118241244,0.7078814689349451,-0.20213688235852642,-0.11223322992962806,0.10084411205731336,0.07944782366589856,0.1206760434497225,0.8338125787718685,0.45337977682737707,True
index/^RUT,index,50,150,long,2009-08-06,2015-04-29,2019-02-22,1441,961,0.47056569170162604,0.3460885487790393,0.23570583951820342,0.18692874706951818,-0.30504044771981714,-0.19144377069398427,0.07189981481680814,0.03578634419009062,0.12380382655166963,0.749541813876294,0.4666468309991662,False
index/^RUT,index,50,200,long,2009-10-16,2015-05-28,2019-02-22,1411,941,0.48407287763042456,0.4618711456629446,0.30756113819176184,0.2870267425161871,-0.24769725924180286,-0.17885897298782033,0.0761820509793888,0.05133730838648477,0.12548415340599328,0.6883977254636022,0.46564816011671023,False
index/^RUT,index,60,120,long,2009-06-24,2015-04-13,2019-02-22,1459,973,0.5711666463175297,0.3598710246446841,0.327899206977393,0.20670315677298207,-0.2788018933476714,-0.18169001223105188,0.09141891973249716,0.037555899082280145,0.12380788557386789,0.8428264792113668,0.4395185081004486,False
index/^RUT,index,60,132,long,2009-07-13,2015-04-20,2019-02-22,1452,968,0.5662827613112288,0.31414425690577336,0.2979766158073616,0.16544263104640838,-0.3062982931468689,-0.19144377069398427,0.09126972881947518,0.03167296112105805,0.1236730011352563,0.8509677851434102,0.442064125720921,False
index/^RUT,index,60,180,long,2009-09-18,2015-05-15,2019-02-22,1423,949,0.463496243847997,0.4744995548643105,0.29170567313997875,0.29680298606831995,-0.24769725924180286,-0.17849811425002834,0.07225469574205792,0.052978773316972545,0.1254139425369117,0.6743138253357893,0.47478711546911645,False
index/^RUT,index,60,400,long,2010-08-04,2015-09-21,2019-02-22,1291,861,0.5510912358045733,0.17714215044197867,0.34817609572118285,0.07001321966542436,-0.25641114613718546,-0.209332904801034,0.0892762317614389,0.014656070647036158,0.1297738529020774,0.6292790634317204,0.6365949935061694,False
index/^RUT,index,62,758,long,2012-01-04,2016-04-15,2019-02-22,1076,718,0.5486583624362293,0.7971869412208382,0.3379269371188658,0.43638486986919095,-0.2322349456864387,-0.27219873962372537,0.07847844388778438,0.11878341156925719,0.1561248212772514,0.6634702569925077,0.8426244789329601,False
index/^RUT,index,74,758,long,2012-01-04,2016-04-15,2019-02-22,1076,718,0.4794362309514042,0.7971869412208382,0.2786640079791067,0.43638486986919095,-0.23982976867212613,-0.27219873962372537,0.06683192457087667,0.11878341156925719,0.1561248212772514,0.6634702569925077,0.8426244789329601,False
index/^RUT,index,80,144,long,2009-07-29,2015-04-24,2019-02-22,1444,964,0.5735924163693039,0.480882140503502,0.3798836495538293,0.3077714243778356,-0.25001991857798217,-0.17557254049918425,0.09497847913055511,0.05403621087106916,0.125988261938808,0.7744044374513798,0.4397682139787395,True
index/^RUT,index,80,300,long,2010-03-12,2015-07-24,2019-02-22,1351,901,0.4727420071832815,0.16813758382243613,0.2529445538854765,0.07085156490003067,-0.30215246002932017,-0.19002523454568446,0.07642781920751565,0.01346358523805711,0.1296775062312424,0.618833110452164,0.516451711221089,False
index/^RUT,index,100,200,long,2009-10-16,2015-05-28,2019-02-22,1411,941,0.6179556398010713,0.30491294697000576,0.4185209489836327,0.19956581274688662,-0.2572650743291758,-0.15628323940830094,0.10767082304859145,0.031188791691233838,0.12741840222044296,0.6883977254636022,0.46564816011671023,False
index/^RUT,index,100,250,long,2009-12-29,2015-06-25,2019-02-22,1381,921,0.5902125406267751,0.062045111416279726,0.35425726444523775,-0.0021982487280791775,-0.28626036181738157,-0.1900252345456844,0.10140981269652959,-0.00041772273014299813,0.13016472451305514,0.7024715311425468,0.4332157413850908,False
index/^RUT,index,100,300,long,2010-03-12,2015-07-24,2019-02-22,1351,901,0.4713130948078885,0.03750419690053754,0.25438414921071306,-0.015059639981341476,-0.3013498735154615,-0.25818485594117474,0.07665863118898666,-0.0038881709791086043,0.13317423360031433,0.618833110452164,0.516451711221089,False
index/^RUT,index,100,400,long,2010-08-04,2015-09-21,2019-02-22,1291,861,0.6292790634317204,0.2579999945223488,0.39102395045182214,0.09882584950669017,-0.2956234262544526,-0.27219873962372537,0.11559583998011896,0.026900271677965028,0.1419457937869534,0.6292790634317204,0.6365949935061694,False
index/^RUT,index,116,378,long,2010-07-02,2015-09-08,2019-02-22,1304,870,0.7121958195375021,0.3223649798168245,0.46201248208012796,0.13374645243275884,-0.29562342625445265,-0.27219873962372537,0.13658171292485133,0.036405615781341494,0.14238010501776116,0.7121958195375021,0.630795027064656,False
index/^RUT,index,120,398,long,2010-08-02,2015-09-18,2019-02-22,1292,862,0.6322175066216131,0.2437723552108385,0.3933587839868101,0.09220756467327725,-0.2956234262544526,-0.27219873962372537,0.11628607146946592,0.025098782887839212,0.14458447930878632,0.6322175066216131,0.6327906668618307,False
index/^RUT,index,134,750,long,2011-12-21,2016-04-12,2019-02-22,1081,721,0.6421959711064201,0.8889191808924525,0.37116689071623626,0.4973809988949169,-0.26399140690262435,-0.27219873962372537,0.09798486967585184,0.13538648101198592,0.15669235660720385,0.6421959711064201,0.8889191808924525,False
index/^RUT,index,150,400,long,2010-08-04,2015-09-21,2019-02-22,1291,861,0.6292790634317204,0.3453685401491972,0.39102395045182214,0.1498887445502822,-0.2956234262544526,-0.27219873962372537,0.11559583998011896,0.04079952735036935,0.1471697140912104,0.6292790634317204,0.6365949935061694,False
index/^RUT,index,150,500,long,2010-12-27,2015-11-16,2019-02-22,1231,821,0.4764316756150513,0.35598852599865255,0.271989734277636,0.1565221332445497,-0.2956234262544526,-0.27219873962372537,0.08040653715319289,0.04260512739238323,0.14798943730279382,0.4764316756150513,0.6774567939812248,False
index/^RUT,index,150,710,long,2011-10-25,2016-03-18,2019-02-22,1105,737,0.6395993058022932,0.8779617143613672,0.3942822437134717,0.49110828503293447,-0.2639914069026243,-0.27219873962372537,0.10408712423464278,0.13367905620473403,0.15698379081366137,0.6395993058022932,0.8779617143613672,False
index/^RUT,index,162,678,long,2011-09-09,2016-03-01,2019-02-22,1124,750,0.6191927350106328,0.9531701765046849,0.399899021241585,0.5436309380649039,-0.26399140690262396,-0.27219873962372537,0.10556990523654833,0.14797565616173036,0.15790430916171663,0.6191927350106328,0.9531701765046849,False
index/^RUT,index,174,698,long,2011-10-07,2016-03-11,2019-02-22,1112,742,0.7144045183694987,0.8996665996412516,0.45949126896629966,0.5058465700185653,-0.2639914069026239,-0.27219873962372537,0.12130174655388541,0.137690798802038,0.15715482316880955,0.7144045183694987,0.8996665996412516,False
index/^RUT,index,200,400,long,2010-08-04,2015-09-21,2019-02-22,1291,861,0.6292790634317204,0.37609759773122237,0.39102395045182214,0.1696772903729989,-0.2956234262544526,-0.27219873962372537,0.11559583998011896,0.04618594458229917,0.1499686357190493,0.6292790634317204,0.6365949935061694,False
index/^RUT,index,200,600,long,2011-05-19,2016-01-14,2019-02-22,1171,781,0.31573048533971987,0.954573374619919,0.15604630383116658,0.5582644138162126,-0.289729754164322,-0.27219873962372554,0.04521125724725499,0.15195886981755102,0.16198345957255159,0.31573048533971987,0.954573374619919,False
index_pkg/NDX,index_pkg,5,20,long,1999-02-02,2011-01-12,2018-12-31,3006,2004,0.38033776308177525,0.19271088351224056,0.1917914418768152,0.07263901906229829,-0.2709744731460356,-0.2085891894967878,0.05197058491648852,0.01515171411204652,0.10887730409560575,0.17747994653101193,0.7441889765405948,False
index_pkg/NDX,index_pkg,5,35,long,1999-02-24,2011-01-21,2018-12-31,2997,1998,0.49324800200113406,0.4456383999185316,0.1939318459149128,0.23630654888621438,-0.3684914125443419,-0.18903873289543258,0.07146221983851789,0.04467109057634256,0.11224193957180471,0.18699507280925248,0.7589588281621193,False
index_pkg/NDX,index_pkg,8,21,long,1999-02-03,2011-01-12,2018-12-31,3005,2004,0.43031432215364684,0.4924849855449739,0.21471929295902822,0.3193546965352796,-0.2813863414192995,-0.15621643194822,0.060419076277879714,0.04988845121864795,0.11151017099705282,0.17407164102321132,0.7441889765405948,False
index_pkg/NDX,index_pkg,9,21,long,1999-02-03,2011-01-12,2018-12-31,3005,2004,0.43943702750817715,0.5024843289827154,0.21269685891181878,0.3304746688921609,-0.2930494535843523,-0.15281859386515378,0.062330698283216565,0.05050267420815231,0.11015088886185612,0.17407164102321132,0.7441889765405948,False
index_pkg/NDX,index_pkg,10,20,long,1999-02-02,2011-01-12,2018-12-31,3006,2004,0.49543195653586214,0.49096305308245275,0.24706386276452932,0.3211259105296466,-0.29340317088999357,-0.15281859386515378,0.07248932074744312,0.04907401010080778,0.10990856319988303,0.17747994653101193,0.7441889765405948,False
index_pkg/NDX,index_pkg,10,30,long,1999-02-17,2011-01-19,2018-12-31,3000,2000,0.5297526373286854,0.4216226985778362,0.22165435428255142,0.17744640477567902,-0.35271890928519056,-0.23908166429060226,0.07818168208085474,0.042424181776153216,0.1140045962428839,0.20194794167072042,0.7485698376427713,False
index_pkg/NDX,index_pkg,10,100,long,1999-05-27,2011-03-01,2018-12-31,2958,1972,0.474474444171264,0.5088056796084934,0.13651438786186829,0.24910304587137821,-0.4830237385241572,-0.23252308018234058,0.06593968998737644,0.05792220750881574,0.1264391648350825,0.18266715785862317,0.754367229404639,False
index_pkg/NDX,index_pkg,12,26,long,1999-02-10,2011-01-14,2018-12-31,3002,2002,0.4701196165068896,0.4288752048408896,0.17382558452650018,0.18867756705254168,-0.388315161898066,-0.2288967897993779,0.06749910999743387,0.04318768940548366,0.1137043442789708,0.19759057779030514,0.7397429860865339,False
index_pkg/NDX,index_pkg,13,48,long,1999-03-15,2011-01-28,2018-12-31,2989,1993,0.6743621401307401,0.6449786647674989,0.2932873385459521,0.3269461317560451,-0.3470956991541151,-0.22206666062944172,0.1017987738256569,0.0726038356847784,0.11984546132647264,0.1758663205876521,0.7617134871520841,False
index_pkg/NDX,index_pkg,20,50,long,1999-03-17,2011-01-31,2018-12-31,2988,1992,0.5542779496324595,0.35879415229581346,0.21081108756630107,0.1393318104729525,-0.3886206630444387,-0.26624607148261253,0.08192554462713515,0.03709654717098353,0.12251732432542527,0.17758375869280238,0.7582601149353558,False
index_pkg/NDX,index_pkg,20,60,long,1999-03-31,2011-02-04,2018-12-31,2982,1988,0.410835996442809,0.36548275466300756,0.1092142053870049,0.13996626720434122,-0.5138750340501402,-0.2728796961192379,0.05612245351200615,0.03819395246166468,0.12351076816342675,0.18102077521902316,0.7405014363656167,False
index_pkg/NDX,index_pkg,20,100,long,1999-05-27,2011-03-01,2018-12-31,2958,1972,0.44155339891360634,0.40032522964028316,0.13379045170828877,0.16044275905351227,-0.4567443211155903,-0.2770832901583957,0.06110802903725052,0.04445600756063791,0.12977167905547718,0.18266715785862317,0.754367229404639,False
index_pkg/NDX,index_pkg,21,55,long,1999-03-24,2011-02-02,2018-12-31,2985,1990,0.45844567997497,0.387629003785951,0.1340721601237349,0.15694680073090195,-0.4829522521706884,-0.26138972023361173,0.06475045168514693,0.04102428033461087,0.12346224595819877,0.19037073131040283,0.7454625917225989,False
index_pkg/NDX,index_pkg,30,90,long,1999-05-13,2011-02-23,2018-12-31,2964,1976,0.47929272881898993,0.43064671764554735,0.13484289508066685,0.18274462128721602,-0.5058420414780335,-0.264023236200429,0.0682092053264128,0.04824882631047258,0.12874691949520653,0.16228860221638614,0.7568930499673344,False
index_pkg/NDX,index_pkg,30,200,long,1999-10-19,2011-04-27,2018-12-31,2898,1932,0.426194008342887,0.5995726367455562,0.1341301263573616,0.28829840907169685,-0.4374475872491198,-0.2751338690957026,0.058674900152447404,0.07932065674203155,0.1448985018628489,0.16602023499292703,0.7301186870436978,False
index_pkg/NDX,index_pkg,40,100,long,1999-05-27,2011-03-01,2018-12-31,2958,1972,0.4324663098771103,0.46332835186569393,0.10922556446503054,0.2031183647952623,-0.5509061525150529,-0.26954518453578835,0.06017303547571486,0.05474957712134655,0.13473815322517976,0.18266715785862317,0.754367229404639,False
index_pkg/NDX,index_pkg,50,150,long,1999-08-09,2011-03-29,2018-12-31,2928,1952,0.4747494390922195,0.674133807765015,0.16528326432485926,0.3215641049027177,-0.4107147520489745,-0.27933109484959573,0.06788427492502969,0.0898228534868064,0.14278574639062327,0.17319455734664724,0.7558814875945996,False
index_pkg/NDX,index_pkg,50,200,long,1999-10-19,2011-04-27,2018-12-31,2898,1932,0.46696720086622606,0.5395212382522581,0.17731881267764435,0.23568892412921277,-0.3803362231462727,-0.30069128673008705,0.06744076750659667,0.07086960586444285,0.14704363190168152,0.16602023499292703,0.7301186870436978,False
index_pkg/NDX,index_pkg,60,120,long,1999-06-25,2011-03-11,2018-12-31,2946,1964,0.4405786351216546,0.6757051353342248,0.13520013599578995,0.30696069625133726,-0.45272269539551174,-0.29273745797662765,0.06120816998585377,0.0898588939193522,0.14242799864581496,0.16474860206749836,0.7633415108154724,False
index_pkg/NDX,index_pkg,60,132,long,1999-07-14,2011-03-17,2018-12-31,2938,1960,0.3390812821418479,0.7527794190266986,0.10523528154033886,0.4066374117066278,-0.41757503989313904,-0.25074569276023767,0.043943626887372716,0.10196257950060837,0.14254302053448617,0.12743584467664934,0.7876121396396841,False
index_pkg/NDX,index_pkg,60,180,long,1999-09-21,2011-04-14,2018-12-31,2910,1940,0.41035998994303435,0.5825741879238656,0.15349704360044483,0.26364987812127477,-0.3731851524450913,-0.29410957805587395,0.05728281761590283,0.07754195440873071,0.14677329960935165,0.1402524319468796,0.7576221297738714,False
index_pkg/NDX,index_pkg,60,400,long,2000-08-03,2011-08-19,2018-12-31,2778,1852,0.13127482066627533,0.8486533178249016,0.02510882894876448,0.5565197435268103,-0.336763582388345,-0.2363555244337303,0.008455739186362108,0.13153651583900436,0.16092071169979746,-0.012998009378671002,0.9535098300344408,False
index_pkg/NDX,index_pkg,62,758,long,2002-01-10,2012-03-15,2018-12-31,2563,1709,0.22330016413825007,0.8198002348014152,0.06484944829450304,0.5123281537085316,-0.3488704408847871,-0.2363555244337304,0.02262405561763848,0.12109158945194481,0.15393354114072705,0.2830578636569459,0.8198002348014152,False
index_pkg/NDX,index_pkg,74,758,long,2002-01-10,2012-03-15,2018-12-31,2563,1709,0.3068652451553234,0.8198002348014152,0.12448403668807838,0.5123281537085316,-0.28755221546930554,-0.2363555244337304,0.03579566054021925,0.12109158945194481,0.15393354114072705,0.2830578636569459,0.8198002348014152,False
index_pkg/NDX,index_pkg,80,144,long,1999-07-30,2011-03-24,2018-12-31,2931,1955,0.42189347923338144,0.5559213512929985,0.1599176564567295,0.2434518728560231,-0.37318515244509143,-0.3000301434238429,0.05967889500346636,0.07304290032979577,0.14610540766615415,0.1574293745860509,0.7608446446201542,False
index_pkg/NDX,index_pkg,80,300,long,2000-03-13,2011-06-23,2018-12-31,2838,1892,0.13523948989866746,0.6615730173151707,0.0209437143245992,0.38642783117144286,-0.4022361139224958,-0.26290722267423156,0.008424318261029691,0.10159466785731089,0.1675486503897999,-0.03768456382908895,0.7948278663393565,False
index_pkg/NDX,index_pkg,100,200,long,1999-10-19,2011-04-27,2018-12-31,2898,1932,0.44313852489670047,0.4619188856464356,0.16568854326520863,0.2596081399772021,-0.39098607921662343,-0.23681371111907012,0.0647819139023778,0.06147876706472026,0.15541735015338992,0.16602023499292703,0.7301186870436978,False
index_pkg/NDX,index_pkg,100,250,long,1999-12-30,2011-05-25,2018-12-31,2868,1912,0.22718555887727415,0.6721081321084298,0.059818809375238695,0.4368233590025961,-0.4160240200363524,-0.2363555244337304,0.02488606155007505,0.10324561410196229,0.16701955776163424,0.033213124807016624,0.765581126613782,False
index_pkg/NDX,index_pkg,100,300,long,2000-03-13,2011-06-23,2018-12-31,2838,1892,0.00770140925263815,0.6814224933772036,-0.028815256445541677,0.43268279527800046,-0.4805018996044902,-0.24358957288784916,-0.013845785459673306,0.10539701729768881,0.16778435291499402,-0.03768456382908895,0.7948278663393565,False
index_pkg/NDX,index_pkg,100,400,long,2000-08-03,2011-08-19,2018-12-31,2778,1852,0.06267163618728312,0.9535098300344408,-0.0063609496029900505,0.6441299659170399,-0.3864602229528882,-0.23635552443372995,-0.0024582540017636205,0.15224367589780255,0.16252326195910435,-0.012998009378671002,0.9535098300344408,False
index_pkg/NDX,index_pkg,116,378,long,2000-07-03,2011-08-08,2018-12-31,2791,1861,0.07108491453915872,0.9257357254023525,-0.0034497118908816218,0.6363423567635963,-0.3922501668188454,-0.23635552443372995,-0.0013531500646752708,0.15040303145225548,0.16634983998674988,-0.029493858484390525,0.9257357254023525,False
index_pkg/NDX,index_pkg,120,398,long,2000-08-01,2011-08-18,2018-12-31,2779,1853,0.02480591713309824,0.938999240655817,-0.020811893649636624,0.6329341006117005,-0.4208982999076803,-0.23635552443372995,-0.008759690654991503,0.14959747128206968,0.16259782221409347,-0.001176574053826542,0.938999240655817,False
index_pkg/NDX,index_pkg,134,750,long,2001-12-28,2012-03-12,2018-12-31,2568,1712,0.24009166551114103,0.841369682479605,0.08031304512851825,0.5282150936884817,-0.3183519363934344,-0.2363555244337304,0.02556781343431707,0.12484655548255313,0.15396972046348043,0.2849882585152315,0.841369682479605,False
index_pkg/NDX,index_pkg,150,400,long,2000-08-03,2011-08-19,2018-12-31,2778,1852,-0.0012309237156584755,0.9535098300344408,-0.0302671267475104,0.6441299659170399,-0.4490793145484206,-0.23635552443372995,-0.013592340533122136,0.15224367589780255,0.16252326195910435,-0.012998009378671002,0.9535098300344408,False
index_pkg/NDX,index_pkg,150,500,long,2000-12-26,2011-10-17,2018-12-31,2718,1812,0.2975806486005648,0.9005403240048385,0.13055502703198912,0.5849629350605304,-0.2643892555253595,-0.2363555244337304,0.03451734640208079,0.13825922129052584,0.15765519177069318,0.15111994122813166,0.9005403240048385,False
index_pkg/NDX,index_pkg,150,710,long,2001-10-31,2012-02-16,2018-12-31,2592,1728,0.23461273956339573,0.8434150440827625,0.07702848759595232,0.528591592837304,-0.3195335376458043,-0.2363555244337303,0.0246131851410406,0.12493554313632182,0.1536276636421158,0.3437738222071563,0.8434150440827625,False
index_pkg/NDX,index_pkg,162,678,long,2001-09-17,2012-01-30,2018-12-31,2611,1741,0.2075269163433548,0.8869095592584532,0.06320132304377259,0.5598261516921259,-0.3208051022595958,-0.23635552443373048,0.02027530690199921,0.13231800367490956,0.15343956865472344,0.3473787619185644,0.8869095592584532,False
index_pkg/NDX,index_pkg,174,698,long,2001-10-15,2012-02-09,2018-12-31,2599,1733,0.26980482902341196,0.851841807814669,0.09761580869373133,0.5346486328899805,-0.3118749895191153,-0.2363555244337303,0.030443929313257425,0.1263671580144883,0.15359569126153802,0.3371795106095755,0.851841807814669,False
index_pkg/NDX,index_pkg,200,400,long,2000-08-03,2011-08-19,2018-12-31,2778,1852,0.011149132317804124,0.9535098300344408,-0.028811663772540793,0.6441299659170399,-0.45874316248805225,-0.23635552443372995,-0.01321715375555781,0.15224367589780255,0.16252326195910435,-0.012998009378671002,0.9535098300344408,False
index_pkg/NDX,index_pkg,200,600,long,2001-05-21,2011-12-13,2018-12-31,2658,1772,0.20099525779674818,0.9528985046197669,0.07178817047588161,0.6084996265766346,-0.26591048570485715,-0.2363555244337303,0.019089227279104764,0.14382224835724952,0.1534234024598593,0.16889583309060063,0.9528985046197669,False
index_pkg/SPX,index_pkg,5,20,long,1999-02-02,2011-01-12,2018-12-31,3006,2004,-0.1326984619818376,-0.07603372956424556,-0.04732058843810695,-0.05614537346882488,-0.47466422895910165,-0.19924654582278922,-0.022461390624865015,-0.01118677172759383,0.09206215271388853,0.11514703964194814,0.6481521768732295,False
index_pkg/SPX,index_pkg,5,35,long,1999-02-24,2011-01-21,2018-12-31,2997,1998,-0.03858835365204211,0.15594146185079866,-0.025695401081301493,0.05216584432473177,-0.41949110445387444,-0.1989221734647222,-0.010778992178980443,0.010376943133697988,0.09554738196029124,0.11690540840183103,0.65113296919578,False
index_pkg/SPX,index_pkg,8,21,long,1999-02-03,2011-01-12,2018-12-31,3005,2004,-0.055596420561157364,0.13026452468243516,-0.031041252657715596,0.04118764497993737,-0.4244891630860185,-0.1896546645497738,-0.01317667536181534,0.007811428992265197,0.0930400054674988,0.11206797523416864,0.6481521768732295,False
index_pkg/SPX,index_pkg,9,21,long,1999-02-03,2011-01-12,2018-12-31,3005,2004,-0.06673555862971269,0.08336543787795057,-0.03677470280643227,0.017970331414209423,-0.3921309408695412,-0.1905258725975613,-0.014420498811684042,0.003423813073559618,0.09304494647765797,0.11206797523416864,0.6481521768732295,False
index_pkg/SPX,index_pkg,10,20,long,1999-02-02,2011-01-12,2018-12-31,3006,2004,-0.02691174572062887,0.17711773772496636,-0.026758177834476763,0.06973597802695888,-0.3681286839877584,-0.1754287218860419,-0.009850452792116337,0.012233693494742499,0.09326233863938167,0.11514703964194814,0.6481521768732295,False
index_pkg/SPX,index_pkg,10,30,long,1999-02-17,2011-01-19,2018-12-31,3000,2000,0.006466023991070258,0.19578607493353287,-0.01386295593162619,0.0720788387185456,-0.40925821988752314,-0.1958258645317238,-0.005673528666956515,0.01411490090650188,0.09439930581500422,0.12574565977157082,0.6517589372115091,False
index_pkg/SPX,index_pkg,10,100,long,1999-05-27,2011-03-01,2018-12-31,2958,1972,0.2053306695340301,0.4719393026159939,0.04629255694369307,0.23153221159571485,-0.3579555921245715,-0.19771020430733138,0.016570679631740096,0.045776280858317066,0.10700706497402658,0.11531767011911255,0.6425363504562341,False
index_pkg/SPX,index_pkg,12,26,long,1999-02-10,2011-01-14,2018-12-31,3002,2002,0.01891156191891677,0.22623786294829096,-0.011782567319174049,0.09302069256148049,-0.3718814808709648,-0.18265761882150522,-0.004381718583116279,0.01699093820440733,0.09407686335573216,0.12937303100646788,0.6436883759055302,False
index_pkg/SPX,index_pkg,13,48,long,1999-03-15,2011-01-28,2018-12-31,2989,1993,0.23790643762725378,0.27108767915887844,0.05755171409083249,0.11459852629577927,-0.3580011325701575,-0.19812231692297014,0.020603578825871924,0.022704525545677708,0.10208292046865183,0.0983989675769491,0.6572564866701804,False
index_pkg/SPX,index_pkg,20,50,long,1999-03-17,2011-01-31,2018-12-31,2988,1992,0.19757865019558665,0.4412333697531126,0.046263305856326646,0.18957239290375155,-0.3466417960761702,-0.22076157078188413,0.01603679543445827,0.041850299234312695,0.10558592136195563,0.10423798148228455,0.6508936607164947,False
index_pkg/SPX,index_pkg,20,60,long,1999-03-31,2011-02-04,2018-12-31,2982,1988,0.16633063405091236,0.6039964450812654,0.030287883614878382,0.2833178098733697,-0.4115458704078436,-0.21384080931861565,0.012464853425096588,0.06058490975769905,0.10686977023667894,0.11511295300316092,0.6354464652094572,False
index_pkg/SPX,index_pkg,20,100,long,1999-05-27,2011-03-01,2018-12-31,2958,1972,0.18053736896220884,0.35025778158663584,0.0377137686844271,0.13935259880655035,-0.37018073148078695,-0.231894564663297,0.01396091047849842,0.03231511023494407,0.10727318086497946,0.11531767011911255,0.6425363504562341,False
index_pkg/SPX,index_pkg,21,55,long,1999-03-24,2011-02-02,2018-12-31,2985,1990,0.23702028676481454,0.5291195871735254,0.059437298200299166,0.24794468624273158,-0.3458544218018282,-0.20833532636755822,0.020556652402527312,0.051655637129481305,0.10579755861179878,0.11854085676948366,0.6396470960472586,False
index_pkg/SPX,index_pkg,30,90,long,1999-05-13,2011-02-23,2018-12-31,2964,1976,0.09639950151044567,0.38406252404239083,0.013228837998961986,0.16653144023094607,-0.3430476995554285,-0.22022507096408991,0.004538122443335348,0.0366743982426122,0.10940824100991238,0.08998532070354362,0.6405941427794921,False
index_pkg/SPX,index_pkg,30,200,long,1999-10-19,2011-04-27,2018-12-31,2898,1932,0.4401227867102862,0.4714331802190136,0.24188955283780025,0.23466381768921293,-0.1845818684920244,-0.21507326475378044,0.04464842563150143,0.05046991339000496,0.11972335920265167,0.13693427966867378,0.6202632079264884,False
index_pkg/SPX,index_pkg,40,100,long,1999-05-27,2011-03-01,2018-12-31,2958,1972,0.3777346021908527,0.6079073482499752,0.19882747487500366,0.3775120254198626,-0.18542464776393075,-0.1685350587328646,0.03686751449448934,0.06362401137649921,0.1117840421521515,0.11531767011911255,0.6425363504562341,False
index_pkg/SPX,index_pkg,50,150,long,1999-08-09,2011-03-29,2018-12-31,2928,1952,0.43863412382326644,0.4938193904992467,0.29134706648634423,0.26096171291282694,-0.1537760330549217,-0.20242792150530803,0.04480219612645855,0.052825937137408456,0.11855046175305442,0.11458704542107764,0.6400734927624552,False
index_pkg/SPX,index_pkg,50,200,long,1999-10-19,2011-04-27,2018-12-31,2898,1932,0.5538097889045577,0.4989146088359988,0.3517517748372867,0.25765018587410937,-0.16902498910153452,-0.21532550779092194,0.059454839908317805,0.05547865710576803,0.12360078181453094,0.13693427966867378,0.6202632079264884,False
index_pkg/SPX,index_pkg,60,120,long,1999-06-25,2011-03-11,2018-12-31,2946,1964,0.4510557282385195,0.5172356276257658,0.2870103828682067,0.27278284257952323,-0.1612543018490956,-0.2044741572149133,0.046281658912854295,0.05577704183913638,0.11860920853710269,0.10447101390020616,0.6465817707973587,False
index_pkg/SPX,index_pkg,60,132,long,1999-07-14,2011-03-17,2018-12-31,2938,1960,0.365965233908999,0.521834080379197,0.2288849043963591,0.26690809057345943,-0.15807985705152533,-0.2108813558909767,0.03618209296822849,0.056285940038402746,0.1184521898960595,0.07091987562102185,0.6692310731306368,False
index_pkg/SPX,index_pkg,60,180,long,1999-09-21,2011-04-14,2018-12-31,2910,1940,0.4782958185757797,0.501887636469643,0.27279458479113855,0.2823750942994777,-0.18559013975115293,-0.198745405637014,0.050627985114745144,0.05612075265833978,0.12424772074969932,0.11004551477875092,0.645614131610832,False
index_pkg/SPX,index_pkg,60,400,long,2000-08-03,2011-08-19,2018-12-31,2778,1852,0.23131091628245154,0.7219694765807935,0.09804578720970968,0.45849202581424464,-0.20386455884853627,-0.19778210423952908,0.019988061156464922,0.0906815176425858,0.13240217029140464,0.001266656412366022,0.8525379855531586,False
index_pkg/SPX,index_pkg,62,758,long,2002-01-10,2012-03-15,2018-12-31,2563,1709,0.24330355453818198,0.7260446521212537,0.0746303846850434,0.4520111492557667,-0.3024537876966212,-0.19778210423952908,0.022572242525247286,0.08939971623953338,0.12952280435660146,0.19610258427211932,0.7260446521212537,False
index_pkg/SPX,index_pkg,74,758,long,2002-01-10,2012-03-15,2018-12-31,2563,1709,0.21480325078222895,0.7260446521212537,0.059503284151567304,0.4520111492557667,-0.3191712319505643,-0.19778210423952908,0.018991736507760225,0.08939971623953338,0.12952280435660146,0.19610258427211932,0.7260446521212537,False
index_pkg/SPX,index_pkg,80,144,long,1999-07-30,2011-03-24,2018-12-31,2931,1955,0.513405951820307,0.511999433403498,0.3468780914051821,0.3110824695585857,-0.15994677260904935,-0.1837092439112295,0.0554820312090457,0.05714872527664585,0.12351597370792379,0.10221869619562148,0.6460548304218027,False
index_pkg/SPX,index_pkg,80,300,long,2000-03-13,2011-06-23,2018-12-31,2838,1892,0.38484031991803036,0.5023288440791233,0.2053146873838434,0.30551182934706994,-0.1865700922805071,-0.19778210423952908,0.03830558017174713,0.060424772478331404,0.1350071259535275,0.0767552829096877,0.6803854613957299,False
index_pkg/SPX,index_pkg,100,200,long,1999-10-19,2011-04-27,2018-12-31,2898,1932,0.4909769823096919,0.35979919627889523,0.26664061787345483,0.19664362879949843,-0.19738299526089723,-0.19826343497698543,0.05263032381407884,0.038987241312127816,0.129808357022714,0.13693427966867378,0.6202632079264884,False
index_pkg/SPX,index_pkg,100,250,long,1999-12-30,2011-05-25,2018-12-31,2868,1912,0.3558989705866088,0.4518935529048231,0.20259461132374537,0.2686266680552038,-0.17558331288902554,-0.19778210423952902,0.0355722330296877,0.05312954766281168,0.1347056991008549,0.06592679497047503,0.6482791757975559,False
index_pkg/SPX,index_pkg,100,300,long,2000-03-13,2011-06-23,2018-12-31,2838,1892,0.418543775916501,0.42950141675318554,0.22567916586884912,0.20052295396281367,-0.18754598802567748,-0.25703503526965016,0.04232522213968406,0.051541424544206245,0.13987049126322795,0.0767552829096877,0.6803854613957299,False
index_pkg/SPX,index_pkg,100,400,long,2000-08-03,2011-08-19,2018-12-31,2778,1852,0.19977089236186574,0.7520939693551996,0.0737951241504492,0.5005948490254145,-0.22284912617769628,-0.19778210423952908,0.016445178933102215,0.09900870261171585,0.1382696490162649,0.001266656412366022,0.8525379855531586,False
index_pkg/SPX,index_pkg,116,378,long,2000-07-03,2011-08-08,2018-12-31,2791,1861,0.11914615826446828,0.7524201521467806,0.02813654607427181,0.5153526555072824,-0.25162712918879276,-0.19778210423952908,0.007079918313957213,0.10192753263165943,0.14252909691810609,-0.006607791462054247,0.8322530862282231,False
index_pkg/SPX,index_pkg,120,398,long,2000-08-01,2011-08-18,2018-12-31,2779,1853,0.1467667938732959,0.8172269370090972,0.040784694914771547,0.5544666255402645,-0.2540908765078408,-0.19778210423952908,0.010363018878999179,0.10966357592994452,0.13922126296351667,0.011736543546828737,0.8369763666431858,False
index_pkg/SPX,index_pkg,134,750,long,2001-12-28,2012-03-12,2018-12-31,2568,1712,0.27001678186714556,0.7503089332605438,0.09854059914402603,0.4696347946048655,-0.2550622109073583,-0.19778210423952908,0.02513398308181102,0.09288535790104933,0.12960756155522396,0.1839743773208849,0.7503089332605438,False
index_pkg/SPX,index_pkg,150,400,long,2000-08-03,2011-08-19,2018-12-31,2778,1852,0.17640422220308066,0.8525379855531586,0.061322232046196704,0.5834105174816786,-0.22637472013424734,-0.19778210423952908,0.013881803117465152,0.11538815978299896,0.13954546407914492,0.001266656412366022,0.8525379855531586,False
index_pkg/SPX,index_pkg,150,500,long,2000-12-26,2011-10-17,2018-12-31,2718,1812,0.15645022860309674,0.8296939417898213,0.03946621513429579,0.5449323989780217,-0.29484231787609433,-0.19778210423952908,0.011636310347992363,0.10777787653816773,0.1342615679193405,0.07095449021838207,0.8296939417898213,False
index_pkg/SPX,index_pkg,150,710,long,2001-10-31,2012-02-16,2018-12-31,2592,1728,0.23792423723675116,0.7562010273818289,0.07899822415249208,0.47279783038607304,-0.26822646580773224,-0.19778210423952908,0.021189414469509983,0.09351094977364148,0.12930261350575165,0.21962541502520067,0.7562010273818289,False
index_pkg/SPX,index_pkg,162,678,long,2001-09-17,2012-01-30,2018-12-31,2611,1741,0.22373823355673902,0.7897623640378204,0.07734610121582092,0.4961418831719765,-0.2514647459170334,-0.19778210423952908,0.019449817689909554,0.09812798565511612,0.1291135926430556,0.21277612069052904,0.7897623640378204,False
index_pkg/SPX,index_pkg,174,698,long,2001-10-15,2012-02-09,2018-12-31,2599,1733,0.2467232665668399,0.7595069214358171,0.08742890419148999,0.4749857539864665,-0.25528949653938127,-0.19778210423952908,0.02231968093403528,0.09394368190724263,0.12925226380791385,0.20485083353225544,0.7595069214358171,False
index_pkg/SPX,index_pkg,200,400,long,2000-08-03,2011-08-19,2018-12-31,2778,1852,0.039491501934956805,0.8525379855531586,-0.008829434183188304,0.5834105174816786,-0.2769116396908964,-0.19778210423952908,-0.0024449730972095234,0.11538815978299896,0.13954546407914492,0.001266656412366022,0.8525379855531586,False
index_pkg/SPX,index_pkg,200,600,long,2001-05-21,2011-12-13,2018-12-31,2658,1772,0.1644499213613991,0.8523534665202186,0.04891772243629447,0.5415468807631058,-0.2523364464848085,-0.19778210423952908,0.012343724249704736,0.10710828162168042,0.12920362944591188,0.07969151655872056,0.8523534665202186,False
stock/AAPL,stock,5,20,long,2009-01-30,2015-02-12,2019-02-22,1519,1013,1.101678119824486,0.7026127351872964,0.8221269216354148,0.34192027368315003,-0.281595756510054,-0.29273615917421286,0.23150745244520649,0.10009242766180103,0.15220051058684955,1.6992289764876063,0.5082874778012683,True
stock/AAPL,stock,5,35,long,2009-02-23,2015-02-23,2019-02-22,1510,1007,1.2487837505157997,0.6571172943178148,1.0933482354334882,0.46424562551365794,-0.260176777969208,-0.20737317039072345,0.28446382109340407,0.09627208720279178,0.1590594785432522,1.7745749120260426,0.4595112510578133,True
stock/AAPL,stock,8,21,long,2009-02-02,2015-02-12,2019-02-22,1518,1013,1.2714307947980168,0.5278603289676073,1.0305410697250978,0.2681467286635129,-0.2822998518114946,-0.2660336872510617,0.2909215912690542,0.07133606295066429,0.1524832751563221,1.6910013395596155,0.5082874778012683,True
stock/AAPL,stock,9,21,long,2009-02-02,2015-02-12,2019-02-22,1518,1013,1.3378659247407503,0.5733665312809365,1.2539689380570924,0.32988992115698695,-0.24670751996378168,-0.24025730293700268,0.30936356681968225,0.07925846272327815,0.15350845869839572,1.6910013395596155,0.5082874778012683,True
stock/AAPL,stock,10,20,long,2009-01-30,2015-02-12,2019-02-22,1519,1013,1.3088682895336916,0.6313990457426584,1.2296770929643392,0.4217905686431513,-0.24670751996378168,-0.21195238967505448,0.30337058596150474,0.08939951896631601,0.15443920756495969,1.6992289764876063,0.5082874778012683,True
stock/AAPL,stock,10,30,long,2009-02-13,2015-02-19,2019-02-22,1513,1009,1.1958493876621714,0.5791621902174776,1.2003908499429923,0.4616888764558373,-0.2286133747258471,-0.18319965993825574,0.2744254031954954,0.08458124516398476,0.16311534337700442,1.6635837106712306,0.4936696978722849,True
stock/AAPL,stock,10,100,long,2009-05-27,2015-03-31,2019-02-22,1471,981,1.6670573493302345,0.42642114432232586,2.1603868768858283,0.22475908332151937,-0.2057452802018352,-0.27172524606742404,0.44448940332924236,0.06107271722142851,0.1749826019422057,1.550584885784417,0.5364820304208007,False
stock/AAPL,stock,12,26,long,2009-02-09,2015-02-17,2019-02-22,1515,1011,1.1908446014669216,0.5556292289666582,1.3924249615497608,0.35791330451782505,-0.1963546269892664,-0.2237394669982101,0.2734090839356469,0.08007933198438624,0.16229240961133756,1.6353621192784331,0.49800940208043565,True
stock/AAPL,stock,13,48,long,2009-03-12,2015-03-02,2019-02-22,1502,1002,1.619468909214793,0.4701610030092258,2.4722343101290782,0.32485930590301365,-0.16828085033462858,-0.2080277308159235,0.4160296919349652,0.06757974424143987,0.16967860450256336,1.7190709746320416,0.49131195370015146,False
stock/AAPL,stock,20,50,long,2009-03-16,2015-03-03,2019-02-22,1501,1001,1.6704779494204216,0.10037449674269204,2.237768696502896,0.008489752574125427,-0.19989167731149254,-0.2885013446190097,0.4473113381791161,0.002449305033117885,0.17244941919521295,1.7270518114866509,0.48944420385694076,False
stock/AAPL,stock,20,60,long,2009-03-30,2015-03-09,2019-02-22,1495,997,1.662463670516505,0.24955783989582006,1.988594718850581,0.09905869052658656,-0.2246492315095624,-0.2885909454300009,0.4467362753737573,0.02858744115212549,0.1729041424556665,1.6758173362047875,0.5081591236718129,False
stock/AAPL,stock,20,100,long,2009-05-27,2015-03-31,2019-02-22,1471,981,1.7120002398475573,0.25379588791938423,2.278339201181035,0.08987781854113032,-0.2031582953185229,-0.3316532308694352,0.4628635082693042,0.0298082689026627,0.17879762587329515,1.550584885784417,0.5364820304208007,False
stock/AAPL,stock,21,55,long,2009-03-23,2015-03-05,2019-02-22,1498,999,1.6193800981148692,0.2189621847781115,1.9248590502145453,0.08576841019331513,-0.2246492315095624,-0.26868289347427526,0.4324181063949238,0.023044504619428433,0.17049813496293956,1.64807048647077,0.5134784097592785,False
stock/AAPL,stock,30,90,long,2009-05-12,2015-03-25,2019-02-22,1477,985,1.7135035837473094,0.5507405857527382,2.236495397436011,0.30741025696023355,-0.2096970448801129,-0.2811240346454338,0.4689864757303051,0.0864204117280504,0.1799313245882124,1.572625841280416,0.5435078334350671,True
stock/AAPL,stock,30,200,long,2009-10-16,2015-05-28,2019-02-22,1411,941,1.5123010362172356,0.43699043778365776,1.5904616409325467,0.2142405384629702,-0.25575359674198295,-0.31426096617544913,0.40676628514865504,0.06732743861132148,0.1908301625659863,1.4170883332524473,0.4862470910944275,False
stock/AAPL,stock,40,100,long,2009-05-27,2015-03-31,2019-02-22,1471,981,1.644252783628266,0.4672300130672045,1.9296826995057537,0.2414181461594935,-0.2287445450442076,-0.29417236316705486,0.44140439117812197,0.07101854656714765,0.18257033650353566,1.550584885784417,0.5364820304208007,False
stock/AAPL,stock,50,150,long,2009-08-06,2015-04-29,2019-02-22,1441,961,1.5334018221690413,0.4444667943054092,1.4073934299432094,0.2515990640286515,-0.29221517195142394,-0.27216434390961336,0.41126171313415927,0.06847629418963073,0.1894870154518506,1.4660698096117741,0.5086227276455229,False
stock/AAPL,stock,50,200,long,2009-10-16,2015-05-28,2019-02-22,1411,941,1.442899838984964,0.4083281795523872,1.2022724469950592,0.22134954182831404,-0.31970547732553584,-0.2851668781438051,0.3843730865418954,0.06312155782174192,0.19790627786476933,1.4170883332524473,0.4862470910944275,False
stock/AAPL,stock,60,120,long,2009-06-24,2015-04-13,2019-02-22,1459,973,1.6167623143136163,0.544634971349498,1.4122691269979923,0.34687959002427016,-0.31183702093393617,-0.2550043603860528,0.4403977973200247,0.08845580798511522,0.18821148404381507,1.559904540817399,0.5190405296569726,True
stock/AAPL,stock,60,132,long,2009-07-13,2015-04-20,2019-02-22,1452,968,1.6170925228139226,0.45501919382105493,1.5072710578168442,0.2595192870618978,-0.29221517195142394,-0.27216434390961336,0.4404474713373538,0.07063189649509202,0.18954826004745062,1.5429113861887884,0.5146427930710279,False
stock/AAPL,stock,60,180,long,2009-09-18,2015-05-15,2019-02-22,1423,949,1.4216273287954737,0.4396538197376702,1.150824595798547,0.23785282050152026,-0.32697028179963594,-0.2918192693176079,0.37628544239020306,0.06941003628388578,0.19668276884228325,1.4044906205619803,0.5081338046886836,False
stock/AAPL,stock,60,400,long,2010-08-04,2015-09-21,2019-02-22,1291,861,1.0740271712807876,0.44948391154229217,0.6862549188090042,0.2005225701410748,-0.3972157786913969,-0.38515912432223265,0.27259128195551996,0.07723309752237985,0.21901779255624948,1.2073211301915163,0.6800688135794037,False
stock/AAPL,stock,62,758,long,2012-01-04,2016-04-15,2019-02-22,1076,718,0.972773083998294,0.8568954095880353,0.6386865954165206,0.5042759151683858,-0.40119676143814165,-0.38515912432223265,0.2562389936550607,0.19422646990304793,0.24119766042661364,0.972773083998294,0.8568954095880353,False
stock/AAPL,stock,74,758,long,2012-01-04,2016-04-15,2019-02-22,1076,718,0.972773083998294,0.8568954095880353,0.6386865954165206,0.5042759151683858,-0.40119676143814165,-0.38515912432223265,0.2562389936550607,0.19422646990304793,0.24119766042661364,0.972773083998294,0.8568954095880353,False
stock/AAPL,stock,80,144,long,2009-07-29,2015-04-24,2019-02-22,1444,964,1.5349955018762347,0.5413083201303812,1.3478254618920815,0.3127966564293139,-0.30717196072071823,-0.29111037969730524,0.41401418983869837,0.09105835342118511,0.1968290709070654,1.4887054365911276,0.49418700019376616,True
stock/AAPL,stock,80,300,long,2010-03-12,2015-07-24,2019-02-22,1351,901,1.2028964647761082,0.21748563432854653,0.7934265243857805,0.06187031319318045,-0.3947889005777446,-0.3851591243222328,0.31323598525148333,0.02382991565102767,0.2227314671465512,1.31780974275393,0.5629376843849225,False
stock/AAPL,stock,100,200,long,2009-10-16,2015-05-28,2019-02-22,1411,941,1.3366695719164032,0.23017136313481124,0.9388326361958668,0.06927056207457392,-0.38364857591091694,-0.38515912432223265,0.36018180389523624,0.02668018902995175,0.2177317197316295,1.4170883332524473,0.4862470910944275,False
stock/AAPL,stock,100,250,long,2009-12-29,2015-06-25,2019-02-22,1381,921,1.2798599117190568,0.17684304282311283,0.9196580407905861,0.03792709240334779,-0.3700383384494901,-0.38515912432223276,0.34030873335586187,0.014607965698161841,0.22257645645275526,1.359678533082513,0.5276372448037291,False
stock/AAPL,stock,100,300,long,2010-03-12,2015-07-24,2019-02-22,1351,901,1.1788449720527954,0.24264796961459692,0.7456806519501344,0.07689975389534905,-0.4111097183207784,-0.38515912432223276,0.30655656278047416,0.02961864187092785,0.22443862675324247,1.31780974275393,0.5629376843849225,False
stock/AAPL,stock,100,400,long,2010-08-04,2015-09-21,2019-02-22,1291,861,1.0082542328216406,0.4608212093311324,0.5809467925741539,0.2129020676632004,-0.4388378826290916,-0.38515912432223265,0.2549414603734038,0.08200117394755099,0.2271438479038202,1.2073211301915163,0.6800688135794037,False
stock/AAPL,stock,116,378,long,2010-07-02,2015-09-08,2019-02-22,1304,870,1.048870813660994,0.5229055503956547,0.6339314323814833,0.25285670252986453,-0.42285307226846314,-0.38515912432223265,0.2680598537900577,0.09739006612540989,0.22723270272468296,1.2250792713079928,0.704626531212605,False
stock/AAPL,stock,120,398,long,2010-08-02,2015-09-18,2019-02-22,1292,862,1.0636020933829915,0.337311309280068,0.6914849233017328,0.13706502794756653,-0.40119676143814187,-0.38515912432223276,0.2774215118119571,0.052791846139487085,0.2337113141647821,1.1989691438672787,0.6977577571886713,False
stock/AAPL,stock,134,750,long,2011-12-21,2016-04-12,2019-02-22,1081,721,1.0111618308225871,0.8461909813821933,0.6700793122371173,0.4961915377244641,-0.4011967614381416,-0.38515912432223265,0.2688336499762287,0.19111269816605667,0.2411473604711885,1.0111618308225871,0.8461909813821933,False
stock/AAPL,stock,150,400,long,2010-08-04,2015-09-21,2019-02-22,1291,861,1.2073211301915163,0.39354378147182917,0.8247800770296877,0.17404927395368805,-0.40119676143814187,-0.38515912432223276,0.3308990958030119,0.06703666594492289,0.23560100936530065,1.2073211301915163,0.6800688135794037,False
stock/AAPL,stock,150,500,long,2010-12-27,2015-11-16,2019-02-22,1231,821,1.0822215216303632,0.6061317978343498,0.7261698172455227,0.32291266286830933,-0.401196761438142,-0.38515912432223265,0.2913369789330311,0.12437275846291834,0.2417780765425724,1.0822215216303632,0.7138387475107029,False
stock/AAPL,stock,150,710,long,2011-10-25,2016-03-18,2019-02-22,1105,737,0.9539553332930992,0.8928779264703537,0.6215628788540534,0.5288083592580365,-0.40119676143814165,-0.3851591243222327,0.2493690140264142,0.20367536458610197,0.23998333914974407,0.9539553332930992,0.8928779264703537,False
stock/AAPL,stock,162,678,long,2011-09-09,2016-03-01,2019-02-22,1124,750,0.9332093938986429,0.9565957274380372,0.6099546496597763,0.5739309170392531,-0.40119676143814176,-0.38515912432223265,0.2447118300676386,0.22105472942829468,0.2386661526288215,0.9332093938986429,0.9565957274380372,False
stock/AAPL,stock,174,698,long,2011-10-07,2016-03-11,2019-02-22,1112,742,0.9728954668287433,0.9387322532991489,0.6439166272580513,0.5624072132271831,-0.4011967614381416,-0.3851591243222327,0.2583372654921012,0.21661626975908904,0.23955076464863415,0.9728954668287433,0.9387322532991489,False
stock/AAPL,stock,200,400,long,2010-08-04,2015-09-21,2019-02-22,1291,861,1.2073211301915163,0.48482105726932834,0.8247800770296877,0.23842665141349165,-0.40119676143814187,-0.3851591243222326,0.3308990958030119,0.09183220027350264,0.24155419415597135,1.2073211301915163,0.6800688135794037,False
stock/AAPL,stock,200,600,long,2011-05-19,2016-01-14,2019-02-22,1171,781,0.9708813799150247,0.9287218575531397,0.6412767568125743,0.5646777493881288,-0.4011967614381419,-0.38515912432223265,0.25727815801875975,0.21749078747858083,0.24410022159258501,0.9708813799150247,0.9287218575531397,False
stock/AXP,stock,5,20,long,2009-01-30,2015-02-12,2019-02-22,1519,1013,0.6402340495420193,0.4057751631151831,0.4880885194213819,0.16222610310501587,-0.3148301139497774,-0.2739985699658445,0.15366496418701178,0.04444972026190599,0.12704627012991732,0.9308471860990706,0.5255072683175771,False
stock/AXP,stock,5,35,long,2009-02-23,2015-02-23,2019-02-22,1510,1007,0.6113076338423987,0.3472911542634549,0.3415016839410047,0.15872681306974296,-0.41780280301308625,-0.2324838861675601,0.14268036078424085,0.03690142634144571,0.12784672249251217,1.0951172131849474,0.5313865462733813,False
stock/AXP,stock,8,21,long,2009-02-02,2015-02-12,2019-02-22,1518,1013,0.6469391976880206,0.2089634406498707,0.4194368531068333,0.07618016623011449,-0.36240261389177314,-0.243321060943781,0.15200501192845609,0.018536238869985056,0.12557385496079693,0.9245637814410775,0.5255072683175771,False
stock/AXP,stock,9,21,long,2009-02-02,2015-02-12,2019-02-22,1518,1013,0.666320821242096,0.21214390018839008,0.44010325218123025,0.07943066941787741,-0.35959326050465207,-0.23872153901876428,0.1582581634105497,0.018961811648726387,0.1257834292272861,0.9245637814410775,0.5255072683175771,False
stock/AXP,stock,10,20,long,2009-01-30,2015-02-12,2019-02-22,1519,1013,0.6923667858016523,0.21793046301931215,0.4544197153648873,0.08330972973875363,-0.36612482345834907,-0.2363491977605203,0.1663743380639626,0.01969018778940018,0.12564019747144145,0.9308471860990706,0.5255072683175771,False
stock/AXP,stock,10,30,long,2009-02-13,2015-02-19,2019-02-22,1513,1009,0.6107388305495473,-0.0009439693227771074,0.35633907331538445,-0.03380887959896279,-0.39735263059593295,-0.22866319596201223,0.14159226816598502,-0.0077308464609937054,0.12339269270177826,0.9545868538030038,0.5592001630515063,False
stock/AXP,stock,10,100,long,2009-05-27,2015-03-31,2019-02-22,1471,981,0.5786363420672364,0.2313565608557053,0.25787295897182755,0.11907007297743785,-0.4474488096253883,-0.19251967082659946,0.11538494852652084,0.02292333125491551,0.14107475989238463,0.9560461189806828,0.571764985335241,False
stock/AXP,stock,12,26,long,2009-02-09,2015-02-17,2019-02-22,1515,1011,0.6254849603059814,0.06559615174596942,0.36111275383362035,0.0019204738305258625,-0.40481068798357966,-0.2286631959620122,0.1461823023190329,0.0004391416838494515,0.12358134004659921,0.8997466610245024,0.5479466406322748,False
stock/AXP,stock,13,48,long,2009-03-12,2015-03-02,2019-02-22,1502,1002,0.6305877424680392,-0.15683798135749147,0.33696697636807166,-0.1136900768543983,-0.44484489345770883,-0.243804806466381,0.14989803870122112,-0.02771818718463456,0.12730649231791982,1.109661048556713,0.5078497607910635,False
stock/AXP,stock,20,50,long,2009-03-16,2015-03-03,2019-02-22,1501,1001,0.3636329377700571,-0.16187735001740017,0.1265865462554715,-0.10913851369704486,-0.5111502158124752,-0.2744258708601515,0.06470474043744014,-0.02995043166569411,0.13294629411535655,1.1285049341722095,0.5098715323952185,False
stock/AXP,stock,20,60,long,2009-03-30,2015-03-09,2019-02-22,1495,997,0.3705428794065732,0.07582480157276113,0.12914103396843005,0.003440472284929768,-0.5168400484363859,-0.20558129148076282,0.06674525825136834,0.0007072967356396327,0.1412133083153661,1.1622370215279774,0.5321112938790409,False
stock/AXP,stock,20,100,long,2009-05-27,2015-03-31,2019-02-22,1471,981,0.5136620097525192,0.37159279722171507,0.19403172764486645,0.2878031334301278,-0.5103745752374301,-0.15250045133474566,0.09902886057933344,0.043890107743648515,0.14331120640692877,0.9560461189806828,0.571764985335241,False
stock/AXP,stock,21,55,long,2009-03-23,2015-03-05,2019-02-22,1498,999,0.3637226531689795,-0.2079449440822879,0.12429118437522307,-0.12975529737797306,-0.5202886616166398,-0.28332248710999425,0.06466729396933182,-0.03676259356882424,0.13562430391940322,1.0858002521293395,0.5218997769421964,False
stock/AXP,stock,30,90,long,2009-05-12,2015-03-25,2019-02-22,1477,985,0.43347527994023033,0.17721239214349574,0.15980793506033486,0.07638199145857529,-0.5022889501061013,-0.20056355514209642,0.08026975992007962,0.015319443755765102,0.14689078424069613,0.9034273751979495,0.5433656323918645,False
stock/AXP,stock,30,200,long,2009-10-16,2015-05-28,2019-02-22,1411,941,0.6260397248871626,0.7998211736042559,0.4820390917166407,0.5496872568073661,-0.26789364268461574,-0.20719284926588216,0.12913520819635446,0.11389126894306487,0.14866421642195488,0.7732585006068229,0.5567286937547289,True
stock/AXP,stock,40,100,long,2009-05-27,2015-03-31,2019-02-22,1471,981,0.6323123990854859,0.14008483244551692,0.35643797238632535,0.04542758389585179,-0.38108407280609297,-0.21526836051418022,0.13583283421972656,0.009779121507380391,0.148914935172928,0.9560461189806828,0.571764985335241,False
stock/AXP,stock,50,150,long,2009-08-06,2015-04-29,2019-02-22,1441,961,0.6611133841713629,0.6709977102145713,0.5110942270303,0.456016422231306,-0.27555472220837623,-0.20719284926588227,0.1408344277516391,0.09448334183413791,0.15166982964082765,0.8040970349294296,0.5965207883819206,True
stock/AXP,stock,50,200,long,2009-10-16,2015-05-28,2019-02-22,1411,941,0.7634270658196979,0.9773704881440333,0.7874673085324138,0.6985214187587998,-0.21519258080847367,-0.2071928492658821,0.1694571224253927,0.14472864302588212,0.14977317820877212,0.7732585006068229,0.5567286937547289,True
stock/AXP,stock,60,120,long,2009-06-24,2015-04-13,2019-02-22,1459,973,0.81021131137764,0.5756533311892026,0.6351491029324423,0.3743975207845041,-0.2983036254545794,-0.20719284926588227,0.18946728010897138,0.07757248908942378,0.14906401217568743,1.0005422921715248,0.5566504745832436,True
stock/AXP,stock,60,132,long,2009-07-13,2015-04-20,2019-02-22,1452,968,0.812904065725289,0.6625295859921252,0.6832072145526705,0.44790513626495426,-0.27555472220837596,-0.20719284926588227,0.18826097421681945,0.09280274138355912,0.1511754837273737,0.9479192718832625,0.5928766789616513,True
stock/AXP,stock,60,180,long,2009-09-18,2015-05-15,2019-02-22,1423,949,0.7292026905818205,1.0125983324696932,0.6990736103060539,0.7268222749714465,-0.2295936884363379,-0.2071928492658821,0.16050288867867402,0.15059237806124443,0.14958249933010256,0.7734680582511265,0.5518511309871319,True
stock/AXP,stock,60,400,long,2010-08-04,2015-09-21,2019-02-22,1291,861,0.6736450457973706,0.9001044368583125,0.649439149016378,0.6526980078652159,-0.20134356061440106,-0.20719284926588227,0.13076039066534415,0.13523435995975933,0.1541022927319539,0.6499591615261376,0.6543093013952875,True
stock/AXP,stock,62,758,long,2012-01-04,2016-04-15,2019-02-22,1076,718,0.6509678052673982,0.9329443528504305,0.45008653788674885,0.7380769448146921,-0.242455515664633,-0.20719284926588227,0.10912596363704107,0.1529242651736134,0.1675751811826415,0.45900853301511213,1.1416661429683133,False
stock/AXP,stock,74,758,long,2012-01-04,2016-04-15,2019-02-22,1076,718,0.6693154807691657,0.9059749393226157,0.4643069386023048,0.7121912599958595,-0.24341307370021822,-0.20719284926588227,0.11301837906552552,0.1475609363808009,0.167377414283097,0.45900853301511213,1.1416661429683133,False
stock/AXP,stock,80,144,long,2009-07-29,2015-04-24,2019-02-22,1444,964,0.8434429762346932,0.8724901537597318,0.7645094821074594,0.6116964855618482,-0.2573900708802512,-0.20719284926588227,0.19677714978826308,0.12673913772948595,0.1495814527467423,0.8896445216105016,0.5821291534549999,True
stock/AXP,stock,80,300,long,2010-03-12,2015-07-24,2019-02-22,1351,901,0.6954494275442754,0.8790149095800184,0.6797727770661193,0.6217245072293125,-0.21519258080847362,-0.20719284926588227,0.14628205826020138,0.12881687211126788,0.15077173879648523,0.6619499051544686,0.6390006182378063,True
stock/AXP,stock,100,200,long,2009-10-16,2015-05-28,2019-02-22,1411,941,0.7609962137167015,0.8634882857516379,0.7918716151635614,0.5989597064450541,-0.21519258080847367,-0.20719284926588227,0.17040489653602126,0.12410016817380719,0.14818546386716472,0.7732585006068229,0.5567286937547289,True
stock/AXP,stock,100,250,long,2009-12-29,2015-06-25,2019-02-22,1381,921,0.6959663035320833,0.8832464054149776,0.6901007943896722,0.6188154836546769,-0.21519258080847362,-0.20719284926588227,0.14850457096269137,0.1282141432282575,0.14917426288734867,0.6817625698989596,0.5675009314605618,True
stock/AXP,stock,100,300,long,2010-03-12,2015-07-24,2019-02-22,1351,901,0.7245926241247943,0.8102331592325839,0.7179798671821589,0.562507240941169,-0.21519258080847362,-0.20719284926588227,0.15450394058745387,0.11654747798329095,0.14992014012629848,0.6619499051544686,0.6390006182378063,True
stock/AXP,stock,100,400,long,2010-08-04,2015-09-21,2019-02-22,1291,861,0.6682805241214754,0.8204737384641132,0.6463284652903504,0.5815185976729367,-0.20134356061440106,-0.20719284926588227,0.13013407452800047,0.12048649515295601,0.1528881843763382,0.6499591615261376,0.6543093013952875,True
stock/AXP,stock,116,378,long,2010-07-02,2015-09-08,2019-02-22,1304,870,0.7516081111889028,0.8253911225101525,0.7620357715448081,0.5822435425606189,-0.2013435606144012,-0.20719284926588227,0.15343099555837406,0.12063669854979564,0.15197093395122238,0.7190117568972714,0.6724257022711351,True
stock/AXP,stock,120,398,long,2010-08-02,2015-09-18,2019-02-22,1292,862,0.676649018940916,0.821711974395783,0.6571630869066118,0.5802164758818561,-0.20134356061440106,-0.20719284926588227,0.1323155558221283,0.12021670482897082,0.1522459405422947,0.6236340267994128,0.6681867363083642,True
stock/AXP,stock,134,750,long,2011-12-21,2016-04-12,2019-02-22,1081,721,0.6000360814497623,0.85587452614248,0.3574957614156433,0.6594262852947311,-0.2786077937537941,-0.20719284926588227,0.09960110536434513,0.1366284109310319,0.16564977627244093,0.4525658766446964,1.1783977782420185,False
stock/AXP,stock,150,400,long,2010-08-04,2015-09-21,2019-02-22,1291,861,0.679094597504653,0.7845877723548539,0.6632370752636588,0.5482462321929158,-0.20134356061440106,-0.20719284926588227,0.13353851426506658,0.1135926989473347,0.15180133919400016,0.6499591615261376,0.6543093013952875,True
stock/AXP,stock,150,500,long,2010-12-27,2015-11-16,2019-02-22,1231,821,0.6953438046108976,0.7977707152238015,0.6172535983777796,0.5693491106849856,-0.22072077043402466,-0.20719284926588227,0.13624068978711754,0.11796506446981835,0.15477698275690654,0.6433638814508336,0.7766202783479357,True
stock/AXP,stock,150,710,long,2011-10-25,2016-03-18,2019-02-22,1105,737,0.5729266869723916,0.8443309137369673,0.3647212990593382,0.6403207221573736,-0.26767134907070916,-0.20719284926588227,0.09762544215403463,0.1326698748677736,0.1633310076066079,0.39782387771045213,1.1530580708434024,False
stock/AXP,stock,162,678,long,2011-09-09,2016-03-01,2019-02-22,1124,750,0.5754339096859099,0.8472442636456252,0.3769970193053012,0.6366876493292093,-0.26840367772163803,-0.20719284926588227,0.10118738647163822,0.13191712815691578,0.16166618311009115,0.36035657140514266,1.2659341929915544,False
stock/AXP,stock,174,698,long,2011-10-07,2016-03-11,2019-02-22,1112,742,0.6912957053553123,0.820470520382607,0.45385414001494906,0.614882125716039,-0.2778856794332272,-0.20719284926588227,0.12611956606163713,0.12739917958976854,0.16216280526356258,0.49861670843821443,1.1973364390329737,False
stock/AXP,stock,200,400,long,2010-08-04,2015-09-21,2019-02-22,1291,861,0.628475098440624,0.7615941357847269,0.5858004563894488,0.5254444570197342,-0.2095344625742155,-0.20719284926588227,0.12274538380529332,0.10886833418088315,0.1505536859030436,0.6499591615261376,0.6543093013952875,True
stock/AXP,stock,200,600,long,2011-05-19,2016-01-14,2019-02-22,1171,781,0.45858905890802737,0.7484603081411796,0.30990728292822894,0.5384566357840755,-0.25745587432927874,-0.20719284926588227,0.07978745048729834,0.11156436457422403,0.15796201002238686,0.365869594942877,0.9928773870482852,False
stock/BA,stock,5,20,long,2009-01-30,2015-02-12,2019-02-22,1519,1013,0.7593847632442394,1.0605634853082362,0.39560172709944313,0.663419011656265,-0.3615779982622204,-0.2892730240147512,0.14304088059369385,0.19190922369068525,0.18092779157597177,0.9962174882532191,1.306956136055545,False
stock/BA,stock,5,35,long,2009-02-23,2015-02-23,2019-02-22,1510,1007,0.8307635796601933,1.1186528712009796,0.45895084521247664,0.8358267334327664,-0.35375828535720366,-0.2449901344812352,0.16235766406560512,0.20476930382670494,0.1811699465810752,1.157102418821374,1.2697581802143392,False
stock/BA,stock,8,21,long,2009-02-02,2015-02-12,2019-02-22,1518,1013,0.8197725670662627,1.2020169103532397,0.4259398386483059,0.8361791346263645,-0.3757021535023067,-0.2617279062644275,0.16002651464259357,0.21885141416775922,0.17776703523080462,1.019817169069131,1.306956136055545,False
stock/BA,stock,9,21,long,2009-02-02,2015-02-12,2019-02-22,1518,1013,0.7425219300421091,1.2728064111833908,0.3797096399087643,0.9082156143509665,-0.3748706204781655,-0.2585377356685355,0.14234198831413925,0.23480800843310676,0.1781610304759126,1.019817169069131,1.306956136055545,False
stock/BA,stock,10,20,long,2009-01-30,2015-02-12,2019-02-22,1519,1013,0.7497241312992333,1.2890402251649555,0.38481114306710656,0.9487517663338756,-0.373951674275589,-0.25112095010950736,0.1439007712298477,0.23825144497983616,0.1780664643183899,0.9962174882532191,1.306956136055545,False
stock/BA,stock,10,30,long,2009-02-13,2015-02-19,2019-02-22,1513,1009,0.8607750076692091,1.2143868362855816,0.5813667464824468,0.9592136243511992,-0.2931243068654526,-0.2371404118847882,0.1704127245972905,0.22746831396414388,0.18246186257818875,1.0474728434434124,1.2721121617651363,False
stock/BA,stock,10,100,long,2009-05-27,2015-03-31,2019-02-22,1471,981,0.48786768337760816,1.068725394206829,0.1900048942957002,0.6095513524168225,-0.43658508984610445,-0.35386780520743005,0.08295330384728784,0.21570059924096166,0.201804588827327,1.054264871381706,1.3261489880350832,False
stock/BA,stock,12,26,long,2009-02-09,2015-02-17,2019-02-22,1515,1011,0.8188984627517641,1.269223030930039,0.5524633009111432,1.0228044702093575,-0.2890134416176771,-0.23320638503555674,0.15966931996379186,0.23852453309573204,0.18151096552228962,0.9939228304405409,1.295936035099686,False
stock/BA,stock,13,48,long,2009-03-12,2015-03-02,2019-02-22,1502,1002,0.8649672524176486,1.0180833814763262,0.6828549372595484,0.7467883128979708,-0.24908782183673056,-0.2576432732481277,0.1700908489524382,0.19240498535848016,0.19070296042489174,1.1891589416493462,1.2804764600030818,False
stock/BA,stock,20,50,long,2009-03-16,2015-03-03,2019-02-22,1501,1001,0.8320727079140477,0.888607286913515,0.48468562911207935,0.5506658665673917,-0.3351577695789933,-0.2983989466467172,0.1624461544001957,0.1643181145380114,0.19189397841324662,1.193153527556925,1.2695603431813411,False
stock/BA,stock,20,60,long,2009-03-30,2015-03-09,2019-02-22,1495,997,0.7785610297850717,0.9743784797717264,0.43419143046085396,0.587191328320863,-0.3452927530773527,-0.3206917945681527,0.1499231543864222,0.18830744083407489,0.19695578269452516,1.1787625596138032,1.2781482344741526,False
stock/BA,stock,20,100,long,2009-05-27,2015-03-31,2019-02-22,1471,981,0.597930683408534,0.9948211826238008,0.232084693630819,0.5434537477253815,-0.47561558321763214,-0.36617423414559347,0.11038309691710745,0.1989987598668941,0.2031744755552987,1.054264871381706,1.3261489880350832,False
stock/BA,stock,21,55,long,2009-03-23,2015-03-05,2019-02-22,1498,999,0.757229757798337,0.9682434173549012,0.4174438732953685,0.5766553910076726,-0.3470717083344562,-0.324138207850558,0.14488295823837583,0.1869160449885898,0.1970029097622005,1.1696268625566981,1.2783268261216936,False
stock/BA,stock,30,90,long,2009-05-12,2015-03-25,2019-02-22,1477,985,0.596049858618869,1.108138694184315,0.2524977551941323,0.7246432388089897,-0.43628294969832665,-0.31604354043267047,0.11016046542830203,0.22901881474379024,0.20507748385899682,1.0326478961660812,1.3341869493616298,False
stock/BA,stock,30,200,long,2009-10-16,2015-05-28,2019-02-22,1411,941,0.8060863332713647,1.2685196156074863,0.6465420559069204,0.9946495448299038,-0.2544044048734174,-0.27980576256288336,0.16448314695863586,0.27830867437395607,0.21116557419523865,0.9467026806445815,1.4141769053336466,False
stock/BA,stock,40,100,long,2009-05-27,2015-03-31,2019-02-22,1471,981,0.7478864017406643,1.0508240259639803,0.5001356046800204,0.6585384495228952,-0.29858289201092253,-0.3268107278961773,0.14933193524299196,0.21521743003619742,0.20561882325756417,1.054264871381706,1.3261489880350832,False
stock/BA,stock,50,150,long,2009-08-06,2015-04-29,2019-02-22,1441,961,0.7674841685857465,1.1651357959848325,0.4915646958055757,0.9069659651693677,-0.31949585161960775,-0.2729593344445247,0.15705288111253585,0.24756482621646655,0.2085165498221182,1.0416642666802711,1.372143876757869,False
stock/BA,stock,50,200,long,2009-10-16,2015-05-28,2019-02-22,1411,941,0.7997298107306856,1.126522104799775,0.5583011814705566,0.7839910030214666,-0.2984021459641747,-0.3160398312275497,0.16659827064514823,0.2477723842788217,0.2174895441124327,0.9467026806445815,1.4141769053336466,False
stock/BA,stock,60,120,long,2009-06-24,2015-04-13,2019-02-22,1459,973,1.002656134843518,0.9469279527961296,0.8513127568350058,0.5473231058738522,-0.255880215112273,-0.3485277410935574,0.21783409134676343,0.19075728573852369,0.20701569963686783,1.1332395729124394,1.3106380150105772,False
stock/BA,stock,60,132,long,2009-07-13,2015-04-20,2019-02-22,1452,968,0.9089900793478433,1.0974239395914493,0.6526608705253368,0.7714383556917084,-0.29762047738952174,-0.2977533449738831,0.19424523985921158,0.22969835084835838,0.20815909681901937,1.1535425198257692,1.3195910687709822,False
stock/BA,stock,60,180,long,2009-09-18,2015-05-15,2019-02-22,1423,949,0.8190402508619896,1.090064231440924,0.6080116612318298,0.7585552714624165,-0.2836804250583462,-0.31277932263734826,0.17248100649867665,0.23726040399100448,0.21687380426186423,0.9624273100278338,1.3727604299980134,False
stock/BA,stock,60,400,long,2010-08-04,2015-09-21,2019-02-22,1291,861,0.744197731012398,1.3823657424075688,0.5500471762277881,1.186558372884318,-0.2732376822378879,-0.2950694768557981,0.15029361555397588,0.3501171583458427,0.23769066576405476,0.7896849908733647,1.5686185990356156,False
stock/BA,stock,62,758,long,2012-01-04,2016-04-15,2019-02-22,1076,718,0.8388771698081776,1.9351395875843243,0.5736692379376044,2.2485081325786473,-0.29547734454441404,-0.24670306744550347,0.16950626307262098,0.554713853483313,0.243470424502415,0.8388771698081776,1.9351395875843243,False
stock/BA,stock,74,758,long,2012-01-04,2016-04-15,2019-02-22,1076,718,0.8388771698081776,1.9351395875843243,0.5736692379376044,2.2485081325786473,-0.29547734454441404,-0.24670306744550347,0.16950626307262098,0.554713853483313,0.243470424502415,0.8388771698081776,1.9351395875843243,False
stock/BA,stock,80,144,long,2009-07-29,2015-04-24,2019-02-22,1444,964,0.8794057827094287,1.0342361717442896,0.5773397508466684,0.7208058729826173,-0.33004075574969616,-0.3066932124309417,0.19054564769377574,0.22106626872412824,0.215554925658115,1.0905944875923321,1.353455612285594,False
stock/BA,stock,80,300,long,2010-03-12,2015-07-24,2019-02-22,1351,901,0.7273127356215544,1.3336301672946287,0.539335743729567,1.2649862277240782,-0.27323768223788797,-0.2613624542805083,0.1473668485647144,0.3306199051090071,0.2349726898601183,0.7860412969384495,1.442262005705428,False
stock/BA,stock,100,200,long,2009-10-16,2015-05-28,2019-02-22,1411,941,0.8588541575619746,1.3055020446655734,0.6759792638959838,1.1897783853540127,-0.27323768223788797,-0.266070307241638,0.18470300730781225,0.3165647005406021,0.23122303478193373,0.9467026806445815,1.4141769053336466,False
stock/BA,stock,100,250,long,2009-12-29,2015-06-25,2019-02-22,1381,921,0.8741435474316555,1.3225530776086107,0.6916766984556864,1.2370994781780063,-0.27323768223788797,-0.2631746401593517,0.18899213794398628,0.32557321001081857,0.2338704214443281,0.9358555193815075,1.4323031292769939,False
stock/BA,stock,100,300,long,2010-03-12,2015-07-24,2019-02-22,1351,901,0.6610641935502639,1.3379636499236605,0.4761785980446481,1.3112035064891663,-0.2769560848982536,-0.2547013127413138,0.13188056022678493,0.3339652543738044,0.23632678067178323,0.7860412969384495,1.442262005705428,False
stock/BA,stock,100,400,long,2010-08-04,2015-09-21,2019-02-22,1291,861,0.7896849908733647,1.364527236572084,0.6108904158151129,1.1961912749114145,-0.2732376822378879,-0.2934510860543903,0.16691828131866104,0.35102362875154036,0.242078914207172,0.7896849908733647,1.5686185990356156,False
stock/BA,stock,116,378,long,2010-07-02,2015-09-08,2019-02-22,1304,870,0.8627200269233328,1.4380123546097823,0.6886293252006568,1.385418128824754,-0.27323768223788797,-0.2674462634837713,0.18815948073886826,0.3705249019168586,0.2391945193645648,0.8627200269233328,1.5778767455886404,False
stock/BA,stock,120,398,long,2010-08-02,2015-09-18,2019-02-22,1292,862,0.7895746683239542,1.3265495657903263,0.6105789393008976,1.1040375533106639,-0.2732376822378879,-0.30926643804867576,0.1668331741978453,0.341441761584364,0.24398796348111718,0.7895746683239542,1.5670940721638003,False
stock/BA,stock,134,750,long,2011-12-21,2016-04-12,2019-02-22,1081,721,0.833120779285211,1.9487689048285137,0.5682829812386597,2.2650198112219995,-0.29547734454441404,-0.24670306744550355,0.16791474624618224,0.5587873352533026,0.24306225412063537,0.833120779285211,1.9487689048285137,False
stock/BA,stock,150,400,long,2010-08-04,2015-09-21,2019-02-22,1291,861,0.7896849908733647,1.5686185990356156,0.6108904158151129,1.629814188331049,-0.2732376822378879,-0.2674462634837714,0.16691828131866104,0.43588771484197475,0.2508464861532678,0.7896849908733647,1.5686185990356156,False
stock/BA,stock,150,500,long,2010-12-27,2015-11-16,2019-02-22,1231,821,0.9441795929698794,1.5501296049441176,0.7566981109331417,1.6155591280976243,-0.273237682237888,-0.2674462634837714,0.20675843798515992,0.43207525224680915,0.25236296827428234,0.9441795929698794,1.5501296049441176,False
stock/BA,stock,150,710,long,2011-10-25,2016-03-18,2019-02-22,1105,737,0.9883012989986212,1.8712441230407075,0.7242291499178004,2.1318958914735773,-0.29547734454441404,-0.2467030674455033,0.21399330605937,0.5259452559009973,0.24153708986349978,0.9883012989986212,1.8712441230407075,False
stock/BA,stock,162,678,long,2011-09-09,2016-03-01,2019-02-22,1124,750,0.8789174204537563,2.001113456515025,0.6383256425274966,2.3187597666024113,-0.29547734454441404,-0.24670306744550322,0.18861076580863156,0.572045147090034,0.24065604823249925,0.8789174204537563,2.001113456515025,False
stock/BA,stock,174,698,long,2011-10-07,2016-03-11,2019-02-22,1112,742,0.9364867999268655,1.96063925363457,0.6805669307725912,2.2673968190754743,-0.29547734454441404,-0.24670306744550322,0.20109210948942732,0.5593737503820961,0.24160431823687667,0.9364867999268655,1.96063925363457,False
stock/BA,stock,200,400,long,2010-08-04,2015-09-21,2019-02-22,1291,861,0.7896849908733647,1.5686185990356156,0.6108904158151129,1.629814188331049,-0.2732376822378879,-0.2674462634837714,0.16691828131866104,0.43588771484197475,0.2508464861532678,0.7896849908733647,1.5686185990356156,False
stock/BA,stock,200,600,long,2011-05-19,2016-01-14,2019-02-22,1171,781,0.6855063923435489,1.769284485588839,0.540306292682769,2.075476876714265,-0.25926672237821613,-0.24670306744550355,0.14008344158418665,0.5120265118976224,0.2517604163081748,0.6855063923435489,1.769284485588839,False
stock/CAT,stock,5,20,long,2009-01-30,2015-02-12,2019-02-22,1519,1013,0.9280039146944431,0.22749971468120886,0.9989568709680331,0.06798485706274247,-0.2043723760825186,-0.37294355992034134,0.20415918932369487,0.02535451461365474,0.18790837996057902,0.7537181764419203,0.7309036913739478,False
stock/CAT,stock,5,35,long,2009-02-23,2015-02-23,2019-02-22,1510,1007,0.7298893056408271,0.3747802419382614,0.47843689350914936,0.14493300730736747,-0.31840152679502104,-0.3706478129261952,0.15233503736838006,0.05371910217929202,0.1859356742952455,0.8684063117061127,0.7343512901424402,False
stock/CAT,stock,8,21,long,2009-02-02,2015-02-12,2019-02-22,1518,1013,0.6116456027151785,0.35922337274101757,0.37288684137808265,0.1342849725764174,-0.32202739900599775,-0.37775799780725533,0.12007977965254601,0.05072722237606962,0.18618624378782928,0.7634394546889456,0.7309036913739478,False
stock/CAT,stock,9,21,long,2009-02-02,2015-02-12,2019-02-22,1518,1013,0.6009342802845622,0.4925775940202998,0.371310563607336,0.20717578832450304,-0.31617731844129604,-0.372958111721677,0.11739997831029378,0.0772678908079565,0.1865831956415299,0.7634394546889456,0.7309036913739478,False
stock/CAT,stock,10,20,long,2009-01-30,2015-02-12,2019-02-22,1519,1013,0.600018403600541,0.4738022699292788,0.369507731651587,0.19413755687803128,-0.31701481390713754,-0.3785589465274416,0.11713942478677637,0.07349250901315879,0.18655376998369988,0.7537181764419203,0.7309036913739478,False
stock/CAT,stock,10,30,long,2009-02-13,2015-02-19,2019-02-22,1513,1009,0.7081575650489571,0.4948676985586538,0.4694396478377367,0.21359591497767572,-0.31422440530718837,-0.3662853661933766,0.14750939416942874,0.07823705793500728,0.18812411027992348,0.75479264542182,0.7354809113794611,False
stock/CAT,stock,10,100,long,2009-05-27,2015-03-31,2019-02-22,1471,981,0.5103179289053797,0.7220388698527956,0.24937713856123325,0.35828439269013423,-0.36999398851509663,-0.36644059463125267,0.0922680421407526,0.13128994590447002,0.19809892900211395,0.7212426566301511,0.7877817577944604,False
stock/CAT,stock,12,26,long,2009-02-09,2015-02-17,2019-02-22,1515,1011,0.6998025997447287,0.5794028052329521,0.4711023708245111,0.2747115007469407,-0.30859876102541844,-0.34772480673409617,0.14538160795258137,0.09552400350486347,0.18813388739928957,0.7373432097332736,0.7116997501144556,False
stock/CAT,stock,13,48,long,2009-03-12,2015-03-02,2019-02-22,1502,1002,0.546034124045036,0.6024368120748425,0.3399596721579376,0.3022523545773711,-0.30121683270201116,-0.33183057686356404,0.10240157569382806,0.10029657317777955,0.1881546394804643,0.8521517731931461,0.7421093742744931,False
stock/CAT,stock,20,50,long,2009-03-16,2015-03-03,2019-02-22,1501,1001,0.5361315419824756,0.8097272758705525,0.29529503596912615,0.4742678367314295,-0.34069251348773066,-0.30854956090409036,0.10060480802477142,0.1463351327744154,0.19129958836485447,0.8637260853621047,0.7442780091853567,True
stock/CAT,stock,20,60,long,2009-03-30,2015-03-09,2019-02-22,1495,997,0.5017368752412446,0.7960699704030945,0.26695866475793456,0.41888076143085307,-0.3457327206567828,-0.3462726232569716,0.09229634546966271,0.14504694009253918,0.19378050570491837,0.8418131015517663,0.7693949514293708,True
stock/CAT,stock,20,100,long,2009-05-27,2015-03-31,2019-02-22,1471,981,0.4683562555412018,0.6054828355997974,0.21686256614159835,0.2662696742791187,-0.3900523696673037,-0.3856591141038318,0.08458775781566283,0.10268932669520077,0.19179942342606965,0.7212426566301511,0.7877817577944604,False
stock/CAT,stock,21,55,long,2009-03-23,2015-03-05,2019-02-22,1498,999,0.4736751687318597,0.7919952228440804,0.21537143009146417,0.4231383038224862,-0.39684058766387825,-0.3396894813899192,0.08546812488350651,0.14373563098167041,0.19318405445173478,0.7990828156287346,0.7602472126938997,True
stock/CAT,stock,30,90,long,2009-05-12,2015-03-25,2019-02-22,1477,985,0.5099600134817563,0.5269048327182587,0.24824760748937183,0.22388488400792705,-0.387247533146864,-0.3853799273892744,0.0961332736098702,0.08628074034253105,0.19202431860484184,0.6664873540299187,0.787528821843563,False
stock/CAT,stock,30,200,long,2009-10-16,2015-05-28,2019-02-22,1411,941,0.23671987526398322,0.6560740279075779,0.06007414936168213,0.32049576961923243,-0.4697467989479751,-0.3702120517761661,0.028219639362172724,0.11865139645631748,0.20207667209852173,0.5290146990106808,0.7303978071388538,False
stock/CAT,stock,40,100,long,2009-05-27,2015-03-31,2019-02-22,1471,981,0.571386317547505,0.60066807732808,0.29187679594048144,0.2685143915923078,-0.3758854610262659,-0.3820675657314209,0.1097122440049572,0.10259063995952655,0.19392459658055075,0.7212426566301511,0.7877817577944604,False
stock/CAT,stock,50,150,long,2009-08-06,2015-04-29,2019-02-22,1441,961,0.4709989753815818,0.6234572156220332,0.21788675244030373,0.28589892856965893,-0.3813286008837721,-0.38007833427304516,0.08308645045916983,0.10866398854120429,0.1964326824884584,0.619294475232328,0.7049397130307135,False
stock/CAT,stock,50,200,long,2009-10-16,2015-05-28,2019-02-22,1411,941,0.30382426508656174,0.7227913022268205,0.09547206799233061,0.3809880950411206,-0.45696793344700437,-0.3583121035184566,0.04362767361236721,0.1365126457496736,0.20663638125210873,0.5290146990106808,0.7303978071388538,False
stock/CAT,stock,60,120,long,2009-06-24,2015-04-13,2019-02-22,1459,973,0.5940241359502259,0.6395553836358245,0.3173419877697056,0.29088442140909115,-0.3543932989887436,-0.379318108702879,0.1124638739533515,0.11033772858002772,0.19272509153529627,0.7735125821094797,0.7672157143231804,False
stock/CAT,stock,60,132,long,2009-07-13,2015-04-20,2019-02-22,1452,968,0.4769177508354709,0.6548244239031551,0.1975194917642192,0.315013452688965,-0.42928093526426603,-0.36475385281677036,0.08479135215746651,0.11490237055741341,0.19523814920647303,0.8321332765828852,0.7341400176836976,False
stock/CAT,stock,60,180,long,2009-09-18,2015-05-15,2019-02-22,1423,949,0.3588637971734004,0.5871968164604927,0.13203061265807883,0.254621021183462,-0.4288001793465271,-0.40870572159469165,0.056614750387016056,0.10406506819596412,0.2041319676892876,0.5560118582555053,0.6996204280272237,False
stock/CAT,stock,60,400,long,2010-08-04,2015-09-21,2019-02-22,1291,861,0.16870600195112323,0.700436827946529,0.033310133846537776,0.39358567946837253,-0.386118772421674,-0.36720932272558693,0.01286166799002682,0.14452833079207103,0.23093794768529846,0.23828770639258398,0.9536824182850008,False
stock/CAT,stock,62,758,long,2012-01-04,2016-04-15,2019-02-22,1076,718,0.04130439261701955,0.921387093895497,-0.031934695681677575,0.684899190517078,-0.31173102120256163,-0.3310206572530334,-0.009955035296642385,0.22671578019703373,0.2580454045911291,0.07858100536438875,0.9716448224199365,False
stock/CAT,stock,74,758,long,2012-01-04,2016-04-15,2019-02-22,1076,718,0.03487562918194509,0.9384028159755669,-0.036050952015461005,0.7006104925444543,-0.31173102120256163,-0.33102065725303353,-0.011238200087104206,0.2319165457204368,0.25781579682210853,0.07858100536438875,0.9716448224199365,False
stock/CAT,stock,80,144,long,2009-07-29,2015-04-24,2019-02-22,1444,964,0.455431012906304,0.5147649368853138,0.18183604109922796,0.20471252664023035,-0.44670988163472003,-0.4241367342023726,0.08122795639636221,0.0868261024995035,0.20107275652757872,0.6695750583754768,0.7358241119479951,False
stock/CAT,stock,80,300,long,2010-03-12,2015-07-24,2019-02-22,1351,901,0.14088579569752085,0.8466542928446943,0.011706569799482116,0.5171408963939591,-0.48624625119719606,-0.33102065725303353,0.00569227567937649,0.17118431941675127,0.2136395752813071,0.39500112573084645,0.8647838440756047,False
stock/CAT,stock,100,200,long,2009-10-16,2015-05-28,2019-02-22,1411,941,0.1902864050532976,0.8524718714012147,0.034117318873701334,0.4995699558647489,-0.511130008585977,-0.3310206572530334,0.01743838548884548,0.16536797513421808,0.20398521588968696,0.5290146990106808,0.7303978071388538,True
stock/CAT,stock,100,250,long,2009-12-29,2015-06-25,2019-02-22,1381,921,0.17131542494310575,0.7226087963725597,0.025440835014454374,0.4184179946291349,-0.48942226842059605,-0.33102065725303353,0.012451311183288388,0.1385049995886325,0.21010660038413304,0.49832560937153186,0.7312112835524116,False
stock/CAT,stock,100,300,long,2010-03-12,2015-07-24,2019-02-22,1351,901,0.2501715611136531,0.7367767787984696,0.07527390202377336,0.43806350529846705,-0.4211264323030613,-0.33102065725303353,0.03169982980480186,0.1450080694424663,0.21528239973284055,0.39500112573084645,0.8647838440756047,False
stock/CAT,stock,100,400,long,2010-08-04,2015-09-21,2019-02-22,1291,861,0.06890002096159951,0.8412623083950672,-0.022988837393107676,0.5612396935309981,-0.4418365412695375,-0.3310206572530334,-0.010157308401578507,0.18578193222912207,0.2356829228142177,0.23828770639258398,0.9536824182850008,False
stock/CAT,stock,116,378,long,2010-07-02,2015-09-08,2019-02-22,1304,870,0.31645716559129267,0.848327869117685,0.11789787256404273,0.5641260082226691,-0.4022911859028811,-0.3310206572530334,0.0474292749692155,0.18673736201539806,0.2342818544636914,0.4013388646627298,0.915115419491352,False
stock/CAT,stock,120,398,long,2010-08-02,2015-09-18,2019-02-22,1292,862,0.08900454988673721,0.8313590515176534,-0.01328645063126916,0.5519767799148575,-0.4510554287431474,-0.3310206572530335,-0.005992925685961772,0.18271571647582915,0.2352515967954422,0.23579631857380118,0.957486034751287,False
stock/CAT,stock,134,750,long,2011-12-21,2016-04-12,2019-02-22,1081,721,0.06983965360913238,0.939613645112148,-0.01656217915143643,0.6986481647961016,-0.31173102120256163,-0.33102065725303353,-0.005162945020217053,0.23126697469943122,0.2565850170448658,0.07365512047118127,1.0179358617458982,False
stock/CAT,stock,150,400,long,2010-08-04,2015-09-21,2019-02-22,1291,861,0.14254079540644332,0.8335286982949071,0.01414727454604748,0.5534389789045472,-0.41535311105241324,-0.33102065725303353,0.005876114495613437,0.18319973454643096,0.23508307322656374,0.23828770639258398,0.9536824182850008,False
stock/CAT,stock,150,500,long,2010-12-27,2015-11-16,2019-02-22,1231,821,-0.02621787007403652,0.8762225706068328,-0.0886879168991568,0.6020289051371439,-0.3861187724216739,-0.3310206572530334,-0.03424406960173785,0.19928400386382147,0.24052905565591698,0.010157773350009777,1.0138686131395789,False
stock/CAT,stock,150,710,long,2011-10-25,2016-03-18,2019-02-22,1105,737,0.14209603864982825,0.944600300357675,0.025508743028956126,0.6923375311374282,-0.31173102120256163,-0.3310206572530334,0.007951866514010218,0.229178024598054,0.2522631915287694,0.09167472218176817,1.0136915138852076,False
stock/CAT,stock,162,678,long,2011-09-09,2016-03-01,2019-02-22,1124,750,0.22271184951396197,0.8972522822057233,0.08064178597863268,0.6422131460078313,-0.31173102120256163,-0.3310206572530335,0.02513854629471758,0.21258581768805068,0.24969846467907106,0.0843061855355619,1.1054779285657927,False
stock/CAT,stock,174,698,long,2011-10-07,2016-03-11,2019-02-22,1112,742,0.30324321225119977,0.8559845077478038,0.13849451622891634,0.6043801970395681,-0.3117310212025617,-0.3310206572530334,0.04317303697499485,0.20006233005475568,0.2495725797980115,0.22516413839946772,1.0536492178561907,False
stock/CAT,stock,200,400,long,2010-08-04,2015-09-21,2019-02-22,1291,861,0.19792688270292824,0.8859406733442899,0.04858544986581176,0.5939602781837016,-0.386118772421674,-0.3310206572530334,0.01875975425974202,0.19661312166656347,0.23348285249553596,0.23828770639258398,0.9536824182850008,False
stock/CAT,stock,200,600,long,2011-05-19,2016-01-14,2019-02-22,1171,781,0.03190892437063903,0.8209838415217309,-0.05949927938529706,0.5592974568695807,-0.36783129703259615,-0.33102065725303353,-0.02188569710879863,0.18513901177291878,0.24298071360026155,-0.19372695679361193,1.2017383826342554,False
stock/CSCO,stock,5,20,long,2009-01-30,2015-02-12,2019-02-22,1519,1013,-0.0033935202247919144,0.3003827053469125,-0.058686873299406715,0.15218724474717676,-0.4016675349853033,-0.22580438788258575,-0.02357261173416751,0.03436454764367351,0.15024300308578162,0.5940467076190346,0.8732353677053919,False
stock/CSCO,stock,5,35,long,2009-02-23,2015-02-23,2019-02-22,1510,1007,0.1282831890401714,0.0062913673338580185,0.008229676427226693,-0.044753107293941635,-0.46982860356168593,-0.2469077701314379,0.003866537383568442,-0.011049889928400117,0.15500261618553351,0.6274529713255194,0.8694876451960009,False
stock/CSCO,stock,8,21,long,2009-02-02,2015-02-12,2019-02-22,1518,1013,-0.043048978060063685,-0.01767777622020291,-0.0745730280148106,-0.05267795659323543,-0.4384939609316931,-0.26014331004679303,-0.03269982243288441,-0.01370381799466555,0.14902398878350437,0.5813287104782062,0.8732353677053919,False
stock/CSCO,stock,9,21,long,2009-02-02,2015-02-12,2019-02-22,1518,1013,-0.0642700489411637,-0.12027206327263905,-0.07913013621191159,-0.09579190130317865,-0.4754486580269014,-0.3053423463181368,-0.03762231707143928,-0.029249323902187954,0.15115754976062667,0.5813287104782062,0.8732353677053919,False
stock/CSCO,stock,10,20,long,2009-01-30,2015-02-12,2019-02-22,1519,1013,-0.044709410456445844,-0.24792472518262887,-0.0729679775472795,-0.14474648597376066,-0.46034040958708694,-0.3328663549231381,-0.03359010867085601,-0.048181235174018844,0.15214203253576092,0.5940467076190346,0.8732353677053919,False
stock/CSCO,stock,10,30,long,2009-02-13,2015-02-19,2019-02-22,1513,1009,0.13002468574597115,-0.04520345012193931,0.008643847917142023,-0.07155094958379796,-0.4702678213332207,-0.2626809502378769,0.004064923527930077,-0.01879507142709447,0.15439551556899914,0.5515506499983537,0.881072671807602,False
stock/CSCO,stock,10,100,long,2009-05-27,2015-03-31,2019-02-22,1471,981,0.09535054338914746,0.546979400742494,-0.004426074796497864,0.44099345514975,-0.47641051326890893,-0.19163273228968378,-0.002108628565566129,0.08450878073221471,0.17713004967689697,0.46376393507370905,0.9671024620143096,False
stock/CSCO,stock,12,26,long,2009-02-09,2015-02-17,2019-02-22,1515,1011,0.14226477275938149,-0.04367584952734374,0.01572415982417051,-0.06938909653830372,-0.4367261765473765,-0.2665258733786538,0.006867152199429855,-0.01849398955782712,0.15403746939109283,0.5239565598705835,0.8800645865651903,False
stock/CSCO,stock,13,48,long,2009-03-12,2015-03-02,2019-02-22,1502,1002,0.46535248458186584,-0.013026937601744998,0.19265713381894276,-0.053707188258445414,-0.4182116729830089,-0.28286731802799947,0.08057146224653147,-0.015192008301491318,0.16200892987935572,0.6004482479304947,0.8514029887475641,False
stock/CSCO,stock,20,50,long,2009-03-16,2015-03-03,2019-02-22,1501,1001,0.3120582040574598,0.09566253837456339,0.09580898499652912,0.007243861428173017,-0.4682636192842855,-0.2777663754787635,0.04486386207442854,0.002012101133374038,0.16626364825455348,0.589708976820419,0.8781532137074117,False
stock/CSCO,stock,20,60,long,2009-03-30,2015-03-09,2019-02-22,1495,997,0.3203517090450045,0.30236953794226906,0.09878016989015641,0.15801701328760148,-0.472055930502567,-0.23687230068825413,0.046629765012699435,0.03742985348532059,0.1688652651500485,0.5580451980149282,0.887890806587282,False
stock/CSCO,stock,20,100,long,2009-05-27,2015-03-31,2019-02-22,1471,981,0.20754507790826116,0.6438396973574421,0.047721953235617225,0.501731180658185,-0.4486319848841341,-0.20615846903375534,0.02140959460264278,0.10343613207098994,0.1774370154834224,0.46376393507370905,0.9671024620143096,False
stock/CSCO,stock,21,55,long,2009-03-23,2015-03-05,2019-02-22,1498,999,0.3018327497209272,0.24741783851099308,0.08945096706651925,0.11725667589945002,-0.47565434963739317,-0.2368723006882541,0.04254774156446109,0.027774858591359683,0.16798564450583914,0.5305651807619153,0.8887069310066787,False
stock/CSCO,stock,30,90,long,2009-05-12,2015-03-25,2019-02-22,1477,985,0.1539231437578594,0.502659704919076,0.021517146806950452,0.3028855969309651,-0.46651443749496035,-0.2528525226380238,0.010038059639140973,0.07658538725471822,0.1787063185336218,0.43836454763381394,0.9760785429823463,False
stock/CSCO,stock,30,200,long,2009-10-16,2015-05-28,2019-02-22,1411,941,0.026791017720814936,0.7435339304602894,-0.032853679635486396,0.5910600950754415,-0.4468628464250386,-0.22983465908817083,-0.014681088797449776,0.13584609545228596,0.19771186665358154,0.338704335669947,0.9163605220255648,False
stock/CSCO,stock,40,100,long,2009-05-27,2015-03-31,2019-02-22,1471,981,0.3413584655602916,0.5994596197283218,0.12516029248153784,0.3655341859009718,-0.3930396032048036,-0.26678559666075774,0.04919295169394079,0.0975192558854951,0.18339776091991378,0.46376393507370905,0.9671024620143096,False
stock/CSCO,stock,50,150,long,2009-08-06,2015-04-29,2019-02-22,1441,961,0.3102277083486786,0.6520404408699875,0.12069914056639029,0.38738175032320044,-0.3442370552175971,-0.2950380695056527,0.041549116715869014,0.11429236377707781,0.19534507364508052,0.375361767757594,0.9166357727530965,False
stock/CSCO,stock,50,200,long,2009-10-16,2015-05-28,2019-02-22,1411,941,0.08087827510470567,0.6769481926501497,-0.0049321831581913625,0.46572119127149103,-0.42152449572317424,-0.2630581997210509,-0.002079036018570947,0.12251177814782163,0.20053787753386948,0.338704335669947,0.9163605220255648,False
stock/CSCO,stock,60,120,long,2009-06-24,2015-04-13,2019-02-22,1459,973,0.46438440492181265,0.667394784063292,0.2135549859626916,0.4734663251060265,-0.34226924875398856,-0.24566278993349455,0.07309330461311903,0.11631305836510543,0.19283719214991957,0.4637820634632538,0.9525256875212512,False
stock/CSCO,stock,60,132,long,2009-07-13,2015-04-20,2019-02-22,1452,968,0.47594634841516,0.708792063794373,0.2147819771255029,0.5088631318866833,-0.3504357413398597,-0.24725166868239887,0.0752672813804164,0.12581725848993405,0.19380364613653225,0.4776717599170173,0.9364732461304253,False
stock/CSCO,stock,60,180,long,2009-09-18,2015-05-15,2019-02-22,1423,949,0.2242469723130162,0.725143084427218,0.061275262159335334,0.5495937098329285,-0.403528247846879,-0.2413394766430544,0.024726299175514756,0.13263865829739369,0.19924195988535348,0.35843086051878115,0.9033622723410467,False
stock/CSCO,stock,60,400,long,2010-08-04,2015-09-21,2019-02-22,1291,861,0.005046942944793677,0.9673260867131165,-0.0490692547935884,0.8076351028037336,-0.4000340081629272,-0.24160321704058146,-0.019629370672647098,0.19512723903228277,0.20642083990321045,0.25903110305783655,1.1713209766673196,False
stock/CSCO,stock,62,758,long,2012-01-04,2016-04-15,2019-02-22,1076,718,0.3533131332773969,1.2570366884271993,0.2264820735007331,1.531387075765403,-0.23845574297381908,-0.17475931390487998,0.05400595110686841,0.26762415468356227,0.2055838918063114,0.6229300340641819,1.2570366884271993,False
stock/CSCO,stock,74,758,long,2012-01-04,2016-04-15,2019-02-22,1076,718,0.37850709484150497,1.2570366884271993,0.2474985072403986,1.531387075765403,-0.24086155582163982,-0.17475931390487998,0.059612875517455796,0.26762415468356227,0.2055838918063114,0.6229300340641819,1.2570366884271993,False
stock/CSCO,stock,80,144,long,2009-07-29,2015-04-24,2019-02-22,1444,964,0.2738163085303855,0.7112129286846146,0.08131813276261184,0.4851200740584105,-0.42309804725529226,-0.2649093814640446,0.03440554317830767,0.12851285875460502,0.19753277275415784,0.3870453791664851,0.9242225465710963,False
stock/CSCO,stock,80,300,long,2010-03-12,2015-07-24,2019-02-22,1351,901,-0.09992466232251772,0.7460104762114809,-0.07639597138077212,0.5545204462122171,-0.5396202859881924,-0.25895605601243443,-0.04122481592483802,0.143596427729371,0.20936417742569705,0.2787263621386706,0.9759082767517575,False
stock/CSCO,stock,100,200,long,2009-10-16,2015-05-28,2019-02-22,1411,941,0.3278019095971564,0.7142868501041517,0.11388364220120153,0.5388330367197711,-0.4043036513645478,-0.24826906707024135,0.046043572372639494,0.13377557533304268,0.20543005956907084,0.338704335669947,0.9163605220255648,False
stock/CSCO,stock,100,250,long,2009-12-29,2015-06-25,2019-02-22,1381,921,-0.012462146054036897,0.7732779871939154,-0.04528203735925405,0.616011841516546,-0.5294226031549143,-0.24266635205018372,-0.02397333409489436,0.14948534640053612,0.2083538984526957,0.31848537314989245,0.9698210693839571,False
stock/CSCO,stock,100,300,long,2010-03-12,2015-07-24,2019-02-22,1351,901,0.02220973449555683,0.7847643587014157,-0.03634904972342281,0.6529888869986077,-0.4744273223175067,-0.23534032957818843,-0.01724498232906939,0.15367461987714678,0.21051717156131042,0.2787263621386706,0.9759082767517575,False
stock/CSCO,stock,100,400,long,2010-08-04,2015-09-21,2019-02-22,1291,861,-0.010890361892608533,1.1713209766673196,-0.056527981040132805,1.1425775591023948,-0.3939391215574937,-0.2273362963960268,-0.02226858319436858,0.25974935063155086,0.21737733081313068,0.25903110305783655,1.1713209766673196,False
stock/CSCO,stock,116,378,long,2010-07-02,2015-09-08,2019-02-22,1304,870,0.16531913989813546,1.1231373399145073,0.0333483786495111,1.0826019324093485,-0.3794836764244425,-0.2273362963960268,0.012655165332710857,0.246114713785123,0.2169159062219513,0.37337778381010117,1.1231373399145073,False
stock/CSCO,stock,120,398,long,2010-08-02,2015-09-18,2019-02-22,1292,862,0.055980111835497205,1.1706384473649571,-0.025613354597991196,1.1410933404484855,-0.3558308460625299,-0.2273362963960268,-0.009114021637102798,0.2594119338597292,0.21725174563292118,0.2691768204623051,1.1706384473649571,False
stock/CSCO,stock,134,750,long,2011-12-21,2016-04-12,2019-02-22,1081,721,0.32502975164573844,1.267766484727934,0.20493281237731245,1.5479849830823678,-0.23083988637227595,-0.17475931390487998,0.04730666712312975,0.2705247935785318,0.20566029183560142,0.6711892412014872,1.267766484727934,False
stock/CSCO,stock,150,400,long,2010-08-04,2015-09-21,2019-02-22,1291,861,0.0311049901106481,1.1713209766673196,-0.03859064718082187,1.1425775591023948,-0.3595281953168665,-0.2273362963960268,-0.013874425737030809,0.25974935063155086,0.21737733081313068,0.25903110305783655,1.1713209766673196,False
stock/CSCO,stock,150,500,long,2010-12-27,2015-11-16,2019-02-22,1231,821,0.16018996244556133,1.1509785502927126,0.034417655471714936,1.3782978972146815,-0.35255411075355475,-0.1830965816076716,0.012134085919052677,0.2523616334170501,0.2157975407700243,0.44923122211415306,1.1509785502927126,False
stock/CSCO,stock,150,710,long,2011-10-25,2016-03-18,2019-02-22,1105,737,0.3931757993202192,1.2211012785092503,0.2669661298056253,1.4719317735165907,-0.2308398863722758,-0.17475931390487998,0.06162643106957677,0.25723378685455256,0.2047460166841987,0.6771768143610185,1.2211012785092503,False
stock/CSCO,stock,162,678,long,2011-09-09,2016-03-01,2019-02-22,1124,750,0.338786104576989,1.2955442004251536,0.21356469338246992,1.5756248080765165,-0.23083988637227582,-0.17475931390487984,0.04929924955353928,0.27535511043096,0.2039041156085726,0.7150494161891552,1.2955442004251536,False
stock/CSCO,stock,174,698,long,2011-10-07,2016-03-11,2019-02-22,1112,742,0.3225693735091589,1.243927434234173,0.19888008668791707,1.5017708394586795,-0.23083988637227595,-0.1747593139048799,0.04590945661274717,0.2624484415461544,0.2042355854275488,0.7097342016963588,1.243927434234173,False
stock/CSCO,stock,200,400,long,2010-08-04,2015-09-21,2019-02-22,1291,861,-0.002268090720557645,1.1713209766673196,-0.05794587028893018,1.1425775591023948,-0.3875832900060371,-0.2273362963960268,-0.022458851048846633,0.25974935063155086,0.21737733081313068,0.25903110305783655,1.1713209766673196,False
stock/CSCO,stock,200,600,long,2011-05-19,2016-01-14,2019-02-22,1171,781,0.4341207229635691,1.317899377189641,0.2791321894725391,1.7048949576032681,-0.22714460922763766,-0.17475931390487998,0.06340337210059481,0.2979462730706366,0.21557913125948375,0.5628500639511377,1.317899377189641,False
stock/CVX,stock,5,20,long,2009-01-30,2015-02-12,2019-02-22,1519,1013,0.22706216956904077,-0.1565998046433337,0.09519311074174248,-0.12417367794411531,-0.23833182996061414,-0.2710115081384742,0.02268754828272288,-0.03365249573073588,0.1483353209626556,0.6214868669199946,0.3764611176040742,False
stock/CVX,stock,5,35,long,2009-02-23,2015-02-23,2019-02-22,1510,1007,0.22116834264741284,-0.08494894216848559,0.09643074242366284,-0.06775492858386209,-0.2240746753126307,-0.331435772198594,0.021607687298738174,-0.02245640707545292,0.14448316101152764,0.6886314479487693,0.40844142565005703,False
stock/CVX,stock,8,21,long,2009-02-02,2015-02-12,2019-02-22,1518,1013,0.08468910390868607,0.18264215915211215,0.0068338851472860155,0.05953536966645971,-0.25477343117601886,-0.2715794462077344,0.0017410923672368911,0.016168582723789876,0.14624790782813515,0.6242148329319946,0.3764611176040742,False
stock/CVX,stock,9,21,long,2009-02-02,2015-02-12,2019-02-22,1518,1013,0.07061209493347723,0.24354439637925973,-0.0013082582466239247,0.09642441909758799,-0.2561453646545579,-0.26185270590864396,-0.0003351042856438177,0.02524899505637254,0.14613015037555832,0.6242148329319946,0.3764611176040742,False
stock/CVX,stock,10,20,long,2009-01-30,2015-02-12,2019-02-22,1519,1013,0.009027879763608488,0.14319051023794457,-0.03592899679190756,0.04074094298825811,-0.26008074250421886,-0.2533139598397315,-0.009344440163071016,0.010320249595960404,0.14539669151748125,0.6214868669199946,0.3764611176040742,False
stock/CVX,stock,10,30,long,2009-02-13,2015-02-19,2019-02-22,1513,1009,0.05065015270659715,-0.07354261694662453,-0.012234417051724839,-0.07599204298511175,-0.2685707668001137,-0.27908500894572313,-0.0032858067689341265,-0.02120823999630369,0.14617197520358222,0.6084663712503158,0.402982816740276,False
stock/CVX,stock,10,100,long,2009-05-27,2015-03-31,2019-02-22,1471,981,0.29724713133983255,0.11545479542429514,0.10494070401067056,0.023825076429557307,-0.3214833328486201,-0.24784090488994848,0.03373668727683092,0.005904828501373666,0.1547357768158515,0.6771151640010841,0.446836084497878,False
stock/CVX,stock,12,26,long,2009-02-09,2015-02-17,2019-02-22,1515,1011,0.0776033697430461,-0.11663117620306755,0.002236817629745759,-0.094594201279089,-0.265636119229493,-0.28852863618397434,0.0005941795545897762,-0.02729313588596791,0.1459301884385317,0.5922309900596151,0.3616818873434646,False
stock/CVX,stock,13,48,long,2009-03-12,2015-03-02,2019-02-22,1502,1002,0.24572447133157846,0.03834315501765965,0.12177214718316397,-0.0263938213501897,-0.20933084662799645,-0.20831577964780482,0.025490666665560706,-0.005498249472449644,0.1500407980767579,0.6834331980701281,0.4300354058818821,False
stock/CVX,stock,20,50,long,2009-03-16,2015-03-03,2019-02-22,1501,1001,0.060962308294391365,0.0378793362872567,-0.006843786630491804,-0.02015660748026645,-0.287857565279043,-0.2724113203404667,-0.001970035756742636,-0.005490888057283912,0.1494161505851664,0.6838887254553966,0.43809693372628045,False
stock/CVX,stock,20,60,long,2009-03-30,2015-03-09,2019-02-22,1495,997,0.04564612295264528,0.11491498746804472,-0.013786922806269187,0.023152015299317055,-0.29645940751497657,-0.25731787819861246,-0.004087262966601281,0.0059574274528420785,0.151186967866337,0.6355145609509057,0.4519990849317228,False
stock/CVX,stock,20,100,long,2009-05-27,2015-03-31,2019-02-22,1471,981,0.25323808736979764,0.21865913609518206,0.11066531267734754,0.10019042151313985,-0.249167250673089,-0.21830136261685448,0.02757417170469243,0.02187170553747544,0.15137048192440192,0.6771151640010841,0.446836084497878,False
stock/CVX,stock,21,55,long,2009-03-23,2015-03-05,2019-02-22,1498,999,0.07500379738891545,0.18662949053369418,0.0006932657762605224,0.07527518337561351,-0.297164982236083,-0.22385135576240203,0.00020601431208734243,0.01685045185389451,0.14911501124637574,0.6115815317282208,0.44311936247516065,False
stock/CVX,stock,30,90,long,2009-05-12,2015-03-25,2019-02-22,1477,985,0.1240315150815701,-0.06924583206463039,0.025785670368435765,-0.081575234250196,-0.277005088531136,-0.2573166697510997,0.007142761903243239,-0.02099066761142628,0.1479865094526253,0.6307611129748186,0.4379132235902436,False
stock/CVX,stock,30,200,long,2009-10-16,2015-05-28,2019-02-22,1411,941,0.30135540302427166,0.33131251855312394,0.17360582898479135,0.2220860916002627,-0.21918425658556667,-0.1755564384640481,0.038051664564952514,0.03898864327374246,0.14905982708287485,0.5389161441959777,0.46618826301528055,False
stock/CVX,stock,40,100,long,2009-05-27,2015-03-31,2019-02-22,1471,981,0.2553893553801011,0.03970525578859489,0.13044478178906838,-0.020029044243842452,-0.21765231862372175,-0.23605592853313778,0.028391609208756167,-0.0047279746366115285,0.14458562950637993,0.6771151640010841,0.446836084497878,False
stock/CVX,stock,50,150,long,2009-08-06,2015-04-29,2019-02-22,1441,961,0.22055480442250774,0.3850257521696706,0.09062003494468993,0.26385151792251077,-0.25862932037390896,-0.1755564384640481,0.023436998050005035,0.04632083276980894,0.1449730177126798,0.6882483907328601,0.38052890703242737,True
stock/CVX,stock,50,200,long,2009-10-16,2015-05-28,2019-02-22,1411,941,0.3687380891169494,0.46031225968310774,0.23628536136051614,0.3384023961683753,-0.21833824579393823,-0.17555643846404811,0.05159013130624189,0.05940871943901981,0.14982306434011558,0.5389161441959777,0.46618826301528055,False
stock/CVX,stock,60,120,long,2009-06-24,2015-04-13,2019-02-22,1459,973,0.2699302757345216,0.3464553565988462,0.12221507033473031,0.22745076190783298,-0.2621136250787246,-0.1755564384640481,0.032034235124687456,0.03993044568647333,0.14232377183579326,0.6820639169221621,0.432656470018225,False
stock/CVX,stock,60,132,long,2009-07-13,2015-04-20,2019-02-22,1452,968,0.1923888834860426,0.4039555836408778,0.06688411191161373,0.279159217529074,-0.27571865414651964,-0.1755564384640481,0.01844119732005534,0.049008197993814694,0.1442834882749998,0.7605560998826774,0.3939880105738475,True
stock/CVX,stock,60,180,long,2009-09-18,2015-05-15,2019-02-22,1423,949,0.4441452669372054,0.41325026977841306,0.3272858656302008,0.2944778456923667,-0.2028766822704974,-0.1755564384640481,0.06639867057308295,0.05169748179631742,0.1488528512837659,0.6238339649375567,0.4109277938897286,True
stock/CVX,stock,60,400,long,2010-08-04,2015-09-21,2019-02-22,1291,861,0.581019679989655,0.5472626360742565,0.4754095016413011,0.38621447701554756,-0.19387032775901414,-0.21492313134315102,0.09216779590294862,0.08300642477023891,0.17311717158177142,0.26404666405781874,0.8616012416787037,False
stock/CVX,stock,62,758,long,2012-01-04,2016-04-15,2019-02-22,1076,718,0.13906424667394576,0.6001251769657602,0.04050342280955034,0.4649198763191751,-0.23870578377235208,-0.21492313134315102,0.009668401287216676,0.0999220356421876,0.18825490780456153,0.14143744994559002,0.690088417743244,False
stock/CVX,stock,74,758,long,2012-01-04,2016-04-15,2019-02-22,1076,718,0.06983103607394546,0.5958623772977981,-0.0024431156756007733,0.4599778371849979,-0.250782422204017,-0.21492313134315097,-0.0006126904668517653,0.09885987711624981,0.18785386904184648,0.14143744994559002,0.690088417743244,False
stock/CVX,stock,80,144,long,2009-07-29,2015-04-24,2019-02-22,1444,964,0.5189640211774855,0.3874006695319456,0.39426296624452195,0.26920894025491726,-0.204932890372095,-0.1755564384640481,0.08079744923916561,0.04726136275383398,0.1472655285437748,0.6991729555491109,0.39922829172269236,False
stock/CVX,stock,80,300,long,2010-03-12,2015-07-24,2019-02-22,1351,901,0.6875709842408466,0.40584588664300875,0.6407704652383426,0.2554706405523694,-0.18280503887171337,-0.21492313134315102,0.11713606980574108,0.05490655003375581,0.1654695353083426,0.4579016784728741,0.6364995791474015,False
stock/CVX,stock,100,200,long,2009-10-16,2015-05-28,2019-02-22,1411,941,0.6433139951287755,0.31302803579472127,0.5898320957756393,0.20322588646599565,-0.18280503887171337,-0.18472170292371393,0.10782427919604992,0.03754023182618006,0.15739571635430832,0.5389161441959777,0.46618826301528055,False
stock/CVX,stock,100,250,long,2009-12-29,2015-06-25,2019-02-22,1381,921,0.615857230121914,0.36018650800679075,0.5629818237923014,0.21635901432386703,-0.18280503887171337,-0.21492313134315102,0.10291591418241974,0.04650055685280317,0.16319039976457256,0.49120511798136773,0.5296962271219162,False
stock/CVX,stock,100,300,long,2010-03-12,2015-07-24,2019-02-22,1351,901,0.6220640160472594,0.4240624123803038,0.5364001848013054,0.27242415062581504,-0.1938703277590143,-0.21492313134315105,0.10399207963742492,0.05855025150599841,0.16714932532673327,0.4579016784728741,0.6364995791474015,False
stock/CVX,stock,100,400,long,2010-08-04,2015-09-21,2019-02-22,1291,861,0.6371962014706845,0.5395417806235814,0.4387655453280115,0.3766243005813213,-0.23870578377235208,-0.21492313134315102,0.10473587338982646,0.08094527402086171,0.1715672722386242,0.26404666405781874,0.8616012416787037,False
stock/CVX,stock,116,378,long,2010-07-02,2015-09-08,2019-02-22,1304,870,0.7439943695727802,0.5579231507165683,0.5350831295521296,0.39045842084853877,-0.23870578377235224,-0.2149231313431511,0.12772743782310417,0.08391854646806987,0.1705185976935966,0.3978975736929338,0.8742956736044502,False
stock/CVX,stock,120,398,long,2010-08-02,2015-09-18,2019-02-22,1292,862,0.5994782999477706,0.5183697292257362,0.40970059060900826,0.35725938929661444,-0.23870578377235216,-0.21492313134315089,0.0977979005933189,0.07678330664937014,0.17091686917481078,0.27440330780673866,0.8670255137311957,False
stock/CVX,stock,134,750,long,2011-12-21,2016-04-12,2019-02-22,1081,721,0.16677042107896833,0.5730042753178236,0.05827182735918233,0.43099213113442375,-0.238705783772352,-0.21492313134315089,0.013909822221620802,0.09263017840766827,0.18425552245905702,0.19317052604735327,0.6831820193327132,False
stock/CVX,stock,150,400,long,2010-08-04,2015-09-21,2019-02-22,1291,861,0.5674233400114522,0.5412592960136103,0.38477843221468716,0.3747266073663626,-0.23870578377235208,-0.21492313134315097,0.09184883724050374,0.08053741585277412,0.16975492925523375,0.26404666405781874,0.8616012416787037,False
stock/CVX,stock,150,500,long,2010-12-27,2015-11-16,2019-02-22,1231,821,0.4176371076538799,0.507949320515875,0.26054339001268656,0.3509271409250158,-0.238705783772352,-0.21492313134315075,0.06219321411968393,0.07542236000090355,0.1724507379975448,0.28980830131550894,0.6752071255360956,False
stock/CVX,stock,150,710,long,2011-10-25,2016-03-18,2019-02-22,1105,737,0.19541127934664476,0.5021189631626783,0.0788996537567341,0.36117124274844015,-0.238705783772352,-0.21492313134315072,0.018833803689368413,0.07762405444259197,0.18183523459246223,0.2113783888823755,0.6662135380328853,False
stock/CVX,stock,162,678,long,2011-09-09,2016-03-01,2019-02-22,1124,750,0.3375943043313153,0.5174195797539789,0.1867848012013488,0.3722956952713194,-0.238705783772352,-0.21492313134315075,0.04458661236753092,0.0800149566132874,0.18015618896064242,0.1767888381918387,0.8708781754649626,False
stock/CVX,stock,174,698,long,2011-10-07,2016-03-11,2019-02-22,1112,742,0.3355400642091041,0.5739210238635958,0.18199943145332928,0.4244251646349759,-0.23870578377235194,-0.21492313134315089,0.04344431693118941,0.09121878540418137,0.1805207280673399,0.2820684240546741,0.720713164306776,False
stock/CVX,stock,200,400,long,2010-08-04,2015-09-21,2019-02-22,1291,861,0.5692210010869918,0.4754750338700493,0.3920916778912577,0.3164823872336167,-0.23870578377235208,-0.2149231313431508,0.09359455128164929,0.06801938567920451,0.16816199819227526,0.26404666405781874,0.8616012416787037,False
stock/CVX,stock,200,600,long,2011-05-19,2016-01-14,2019-02-22,1171,781,0.21018351654267242,0.5640637004269401,0.09236025433156786,0.40331168949442714,-0.238705783772352,-0.21492313134315089,0.022046926899630673,0.08668101121343885,0.17433476481214102,0.07714322330887786,0.828976625572899,False
stock/DIS,stock,5,20,long,2009-01-30,2015-02-12,2019-02-22,1519,1013,1.039851162531507,0.28521884746521997,0.8426091785633231,0.15679176815570675,-0.23868500668200612,-0.18712583653201112,0.20111817741570645,0.02933979077746977,0.13233110436790682,1.2269515387335943,0.31320019379912234,False
stock/DIS,stock,5,35,long,2009-02-23,2015-02-23,2019-02-22,1510,1007,0.9528787076894253,0.24175661920509073,0.7735369934582105,0.1252092074092593,-0.23459490973939526,-0.1883859523896073,0.18146784116041206,0.023587655785741186,0.13372907464362857,1.3889354572849442,0.29617370917708186,False
stock/DIS,stock,8,21,long,2009-02-02,2015-02-12,2019-02-22,1518,1013,1.02047783288688,0.5683704287004829,0.8443928483320813,0.473153507322012,-0.23016545542935005,-0.14424201907876907,0.19435006449763959,0.06824861723032816,0.13148714192031344,1.2434075387269208,0.31320019379912234,True
stock/DIS,stock,9,21,long,2009-02-02,2015-02-12,2019-02-22,1518,1013,1.1913456909947986,0.555395434718077,1.0855740267987668,0.4544181431763367,-0.2169626981689162,-0.14611872038046494,0.23552906991635578,0.06639899759859323,0.13142297077402557,1.2434075387269208,0.31320019379912234,True
stock/DIS,stock,10,20,long,2009-01-30,2015-02-12,2019-02-22,1519,1013,1.1473398607893037,0.6387299819156743,1.0385998202216302,0.635133899664185,-0.2169626981689162,-0.12263053173742125,0.22533741931303616,0.07788680784028096,0.13095907311298188,1.2269515387335943,0.31320019379912234,True
stock/DIS,stock,10,30,long,2009-02-13,2015-02-19,2019-02-22,1513,1009,1.118712943315561,0.3210631642801229,1.1967639127363627,0.20523088552891516,-0.18724617667806448,-0.16669918131254766,0.22408946704616473,0.03421182059771934,0.132203234396679,1.3185276303495863,0.30986370087349185,True
stock/DIS,stock,10,100,long,2009-05-27,2015-03-31,2019-02-22,1471,981,1.0986259346858012,-0.16988189180694835,0.7400505181556672,-0.11371658657989268,-0.290181419850614,-0.276190024638617,0.21474891011959413,-0.031407386849319985,0.13424001420133821,1.2872514787857026,0.3030568118795865,False
stock/DIS,stock,12,26,long,2009-02-09,2015-02-17,2019-02-22,1515,1011,1.077115360976095,0.4193465323955422,1.114927289555832,0.28947157975340704,-0.1893376008973823,-0.16458721973711102,0.2110976581795223,0.04764332250452266,0.13189112165454797,1.2841812911535595,0.30661659261044316,True
stock/DIS,stock,13,48,long,2009-03-12,2015-03-02,2019-02-22,1502,1002,1.2901377891083154,0.029154448437910988,1.2662674996393188,-0.028441115141573367,-0.21562524830480673,-0.18420131264501735,0.2730392440300349,-0.0052388907421658925,0.13497859240277998,1.4088322660985426,0.285693878867962,False
stock/DIS,stock,20,50,long,2009-03-16,2015-03-03,2019-02-22,1501,1001,1.3774041354530027,0.07760553808733474,1.2748163148767404,0.0062800239983284226,-0.231811762483496,-0.21213080916059987,0.2955174167942926,0.001332186572313394,0.1341890241783958,1.4215215649497253,0.2800444786828161,False
stock/DIS,stock,20,60,long,2009-03-30,2015-03-09,2019-02-22,1495,997,1.1936653378871784,-0.06597362272916267,0.9814305459060019,-0.06597056723023074,-0.2561145157507084,-0.2670817940052367,0.2513586090076691,-0.017619537447393106,0.13337668666019165,1.4138819994288574,0.2945673534552659,False
stock/DIS,stock,20,100,long,2009-05-27,2015-03-31,2019-02-22,1471,981,1.153660912055616,-0.2849678768365828,0.8303752029598562,-0.15915479572213376,-0.2763075139691742,-0.30301768229416376,0.22943890799148633,-0.04822671732572206,0.13908925756135507,1.2872514787857026,0.3030568118795865,False
stock/DIS,stock,21,55,long,2009-03-23,2015-03-05,2019-02-22,1498,999,1.2400821033651712,0.033468192084139065,0.9822263636209079,-0.019251521292430067,-0.26532708420077855,-0.24055041211727574,0.26061125708466915,-0.004630961380778562,0.1346807290463957,1.36367419676068,0.29707934968343397,False
stock/DIS,stock,30,90,long,2009-05-12,2015-03-25,2019-02-22,1477,985,1.2030079038518613,-0.32804907945881134,0.8858847327216715,-0.16258947451587846,-0.2741072263654562,-0.3321770164168122,0.24282740696584088,-0.05400848654546183,0.13929870585953996,1.2629934895906576,0.3009345768663779,False
stock/DIS,stock,30,200,long,2009-10-16,2015-05-28,2019-02-22,1411,941,1.326768542633891,-0.1624846851041281,1.2851771610327933,-0.11612121523606093,-0.2073540467846645,-0.3162268815099411,0.2664866851753761,-0.03672064977124421,0.15532817252506542,1.248714404081503,0.23654399510437385,False
stock/DIS,stock,40,100,long,2009-05-27,2015-03-31,2019-02-22,1471,981,1.4319600315765868,-0.2576578117417037,1.6639000792681364,-0.14532873148642791,-0.18160907198582818,-0.31536471286059925,0.3021793492730322,-0.04583155367561247,0.14233771935237313,1.2872514787857026,0.3030568118795865,False
stock/DIS,stock,50,150,long,2009-08-06,2015-04-29,2019-02-22,1441,961,1.4392158256982301,-0.20167520469623035,1.8092343927563226,-0.12358350926340311,-0.16453692181811977,-0.3352345771947902,0.29768585783160045,-0.041429465476165384,0.15199600101234087,1.3220211401910649,0.24296967915212336,False
stock/DIS,stock,50,200,long,2009-10-16,2015-05-28,2019-02-22,1411,941,1.2507251209536798,-0.19358147373298362,1.0031316651882816,-0.1276505977267142,-0.25051056629943386,-0.33066207253879265,0.2512950815192105,-0.04220921120513101,0.15782503673906084,1.248714404081503,0.23654399510437385,False
stock/DIS,stock,60,120,long,2009-06-24,2015-04-13,2019-02-22,1459,973,1.5216351770721575,-0.24263983277581777,1.9613431530104721,-0.12496153836533212,-0.16453692181811977,-0.36835232100421134,0.32271336502538855,-0.04602987269312689,0.1483848519612326,1.3452794250878561,0.2832965734012821,False
stock/DIS,stock,60,132,long,2009-07-13,2015-04-20,2019-02-22,1452,968,1.4789815558872774,-0.326878169455556,1.8196523790017525,-0.15063186309840984,-0.17246799046442876,-0.38981833302850555,0.31383178915024934,-0.058719061774000186,0.15024907803910303,1.3724941703225877,0.2621992008940301,False
stock/DIS,stock,60,180,long,2009-09-18,2015-05-15,2019-02-22,1423,949,1.2610314450481608,-0.22801438856163875,1.0156350048504144,-0.1361682024026658,-0.25051056629943386,-0.3456017327055912,0.25442730021860555,-0.04705996668976695,0.1568962776047128,1.2630151326673928,0.23843721182823785,False
stock/DIS,stock,60,400,long,2010-08-04,2015-09-21,2019-02-22,1291,861,1.0974411954974248,-0.16779617138295932,0.767233032120711,-0.11637859101286885,-0.2843205045528677,-0.3492103980709968,0.21814008280218714,-0.04064061409454566,0.16544796036985845,1.14801912568836,0.3510491015727036,False
stock/DIS,stock,62,758,long,2012-01-04,2016-04-15,2019-02-22,1076,718,1.280962850554211,0.5002988953993647,0.9768632297354906,0.4684071883845044,-0.26518565046359394,-0.1570175754986602,0.25905011099137326,0.07354816106627907,0.171159780669667,1.280962850554211,0.5002988953993647,False
stock/DIS,stock,74,758,long,2012-01-04,2016-04-15,2019-02-22,1076,718,1.280962850554211,0.5002988953993647,0.9768632297354906,0.4684071883845044,-0.26518565046359394,-0.1570175754986602,0.25905011099137326,0.07354816106627907,0.171159780669667,1.280962850554211,0.5002988953993647,False
stock/DIS,stock,80,144,long,2009-07-29,2015-04-24,2019-02-22,1444,964,1.3226699381716749,-0.2466019228821922,1.099184437529891,-0.13835480658759533,-0.25051056629943386,-0.35867827755787934,0.27535731591313767,-0.049624863718692236,0.15635020793558813,1.2981779381897691,0.2461195683560912,False
stock/DIS,stock,80,300,long,2010-03-12,2015-07-24,2019-02-22,1351,901,1.2089721171806918,-0.3716602266245932,0.856226560335454,-0.20962034138811364,-0.2843205045528677,-0.35436258773648643,0.24344276764614273,-0.07428160661649766,0.1689172035367625,1.252571927734788,0.1277197224236782,False
stock/DIS,stock,100,200,long,2009-10-16,2015-05-28,2019-02-22,1411,941,1.1602755398903826,-0.3001551987889462,0.8260317265025965,-0.16054671352338312,-0.2843205045528677,-0.37737314608132927,0.23485775725589467,-0.060586018375336975,0.1633468584195839,1.248714404081503,0.23654399510437385,False
stock/DIS,stock,100,250,long,2009-12-29,2015-06-25,2019-02-22,1381,921,1.1611354875746556,-0.2636433258921859,0.8170979135527938,-0.1658129876776074,-0.2843205045528677,-0.3424444410130209,0.23231769105042582,-0.05678173587795719,0.16781869423914283,1.2237245994597532,0.1895263923635539,False
stock/DIS,stock,100,300,long,2010-03-12,2015-07-24,2019-02-22,1351,901,1.152054735070963,-0.3590167176461217,0.7829514075367956,-0.20978900682987212,-0.2956660093329487,-0.3546750208910676,0.2314921181680195,-0.07440692038010122,0.17319564491338918,1.252571927734788,0.1277197224236782,False
stock/DIS,stock,100,400,long,2010-08-04,2015-09-21,2019-02-22,1291,861,1.0024183862043403,0.08805244527908027,0.6057084847166567,0.0003447809058695419,-0.3294758966704081,-0.27488406043709485,0.19956634612289464,9.477477536659947e-05,0.17473049761004872,1.14801912568836,0.3510491015727036,False
stock/DIS,stock,116,378,long,2010-07-02,2015-09-08,2019-02-22,1304,870,1.0671022694322325,0.09079281431465472,0.6369839190763514,0.0020771521750228665,-0.3419560384856536,-0.2695029057203642,0.21782049754641528,0.0005597985467920371,0.1748968479948088,1.230421652548997,0.3391389541378913,False
stock/DIS,stock,120,398,long,2010-08-02,2015-09-18,2019-02-22,1292,862,1.1080587723052198,0.15224943373901598,0.6770110717897367,0.04219221683290548,-0.3419560384856536,-0.26887687911283836,0.2315080241201448,0.01134451158488379,0.17613092604251662,1.1509922444068814,0.3597730010043643,False
stock/DIS,stock,134,750,long,2011-12-21,2016-04-12,2019-02-22,1081,721,1.341565171812729,0.5240117499452702,1.0341952311455977,0.4966927180037098,-0.2651856504635941,-0.15701757549866022,0.2742537350776924,0.07798948634878225,0.17135852648497943,1.341565171812729,0.5240117499452702,False
stock/DIS,stock,150,400,long,2010-08-04,2015-09-21,2019-02-22,1291,861,1.14801912568836,0.1146583625855497,0.7443302574772124,0.01639331925787886,-0.34195603848565365,-0.2814398637900233,0.2545282261719141,0.004613733539003792,0.17704700433889578,1.14801912568836,0.3510491015727036,False
stock/DIS,stock,150,500,long,2010-12-27,2015-11-16,2019-02-22,1231,821,1.22597290719228,0.1697640292983831,0.8079478223030417,0.05651480142539166,-0.34195603848565365,-0.25527154904592264,0.276282636617859,0.014426620903882447,0.18084830173578087,1.22597290719228,0.1697640292983831,False
stock/DIS,stock,150,710,long,2011-10-25,2016-03-18,2019-02-22,1105,737,1.3570216842948761,0.4784134338912693,1.1027727673739833,0.44153101749119444,-0.26518565046359427,-0.1570175754986602,0.2924395136296077,0.06932812987392388,0.17052799909694524,1.3570216842948761,0.4784134338912693,False
stock/DIS,stock,162,678,long,2011-09-09,2016-03-01,2019-02-22,1124,750,1.385143650132899,0.5033406077257652,1.180843622478471,0.469712471672709,-0.26518565046359427,-0.1570175754986602,0.3131427841227403,0.07375311348353188,0.17016642726124415,1.385143650132899,0.5033406077257652,False
stock/DIS,stock,174,698,long,2011-10-07,2016-03-11,2019-02-22,1112,742,1.4102944771218233,0.5018381312881169,1.1751216149264079,0.4680722889850103,-0.26518565046359427,-0.15701757549866016,0.31162538982808885,0.07349557597453453,0.17021493441892385,1.4102944771218233,0.5018381312881169,False
stock/DIS,stock,200,400,long,2010-08-04,2015-09-21,2019-02-22,1291,861,1.14801912568836,0.23741752527652757,0.7443302574772124,0.10498917610421536,-0.34195603848565365,-0.2552715490459227,0.2545282261719141,0.026800749617178227,0.17891311275659105,1.14801912568836,0.3510491015727036,False
stock/DIS,stock,200,600,long,2011-05-19,2016-01-14,2019-02-22,1171,781,1.0295432280887562,0.4474881649347503,0.7410912528392689,0.417848581199208,-0.30338706136086735,-0.1570175754986602,0.22483749739914935,0.06560957114545468,0.1771142686273823,1.0295432280887562,0.4474881649347503,False
stock/GE,stock,5,20,long,2009-01-30,2015-02-12,2019-02-22,1519,1013,0.5614284795700948,-0.07805817686786506,0.32890043450951484,-0.0663127706791653,-0.28988969982790685,-0.41854977723306225,0.09534484823323139,-0.02775519539547178,0.17245916934494174,0.6677073587265439,-0.53269315673926,True
stock/GE,stock,5,35,long,2009-02-23,2015-02-23,2019-02-22,1510,1007,0.5772359562920255,-0.19171684134340128,0.42345727718769754,-0.10070732661099867,-0.22967068778539915,-0.41860955595721444,0.09725572409943091,-0.04215704927426832,0.1593262918154894,0.8660621521779991,-0.5527246752480968,True
stock/GE,stock,8,21,long,2009-02-02,2015-02-12,2019-02-22,1518,1013,0.5874660806164164,0.06975950513464427,0.35898481390274534,-0.005694997438256277,-0.2800062590710819,-0.3901016217967285,0.10051799480423623,-0.002221627736791988,0.16820629541991794,0.692556200610667,-0.53269315673926,True
stock/GE,stock,9,21,long,2009-02-02,2015-02-12,2019-02-22,1518,1013,0.5403625667447227,-0.002552417811339613,0.32268552721704175,-0.03333359443055765,-0.2806824765568217,-0.4220251733288186,0.09057217292832298,-0.014067615967228638,0.16688320980652838,0.692556200610667,-0.53269315673926,True
stock/GE,stock,10,20,long,2009-01-30,2015-02-12,2019-02-22,1519,1013,0.5522609876625606,-0.2222881971266976,0.33436050785948573,-0.10548766257602364,-0.2788908383118779,-0.44155152095123823,0.09325008233531722,-0.04657823785203425,0.15847035170445928,0.6677073587265439,-0.53269315673926,True
stock/GE,stock,10,30,long,2009-02-13,2015-02-19,2019-02-22,1513,1009,0.4789225412000241,-0.19228578004331467,0.31636623589943,-0.09253434383629645,-0.24371015457831452,-0.45272081054565233,0.0771016642544096,-0.04189222314487822,0.15826902582349262,0.7227565776128939,-0.5463860851622974,True
stock/GE,stock,10,100,long,2009-05-27,2015-03-31,2019-02-22,1471,981,0.3656651506792112,0.03506201708808451,0.2033334409879451,-0.012359512939406235,-0.25525164104302556,-0.20994699027422054,0.05190119449109818,-0.0025948425428836235,0.1163889077412681,0.7213477199070182,-0.5507141383923473,True
stock/GE,stock,12,26,long,2009-02-09,2015-02-17,2019-02-22,1515,1011,0.36537843921867996,-0.19632546254264155,0.1889169742205037,-0.09558139459776628,-0.2825430726480712,-0.4495737795735469,0.05337718237163757,-0.04297088882622838,0.1596394698643829,0.6603130980926595,-0.5433542403524392,True
stock/GE,stock,13,48,long,2009-03-12,2015-03-02,2019-02-22,1502,1002,0.4076493072788428,0.05329666303533078,0.2710631832101311,-0.008151319381792302,-0.22608499431654577,-0.281318018271323,0.0612833182354873,-0.0022931130147824364,0.14155264125350672,0.9040324544389318,-0.5877472657290816,True
stock/GE,stock,20,50,long,2009-03-16,2015-03-03,2019-02-22,1501,1001,0.29187136174871225,0.07358353609270538,0.157949901531996,0.004829196668389615,-0.2416058554009788,-0.20095601657463338,0.03816162107013826,0.0009704561257350678,0.1355432320954807,0.8919986472416155,-0.5795201942012839,True
stock/GE,stock,20,60,long,2009-03-30,2015-03-09,2019-02-22,1495,997,0.44348650803752276,-0.0613297470038679,0.3216125602227868,-0.07215088628671745,-0.2131884677950407,-0.20790173394795394,0.06856408893753617,-0.015000294364890211,0.12338024751918084,0.8880406030907722,-0.5735539694298745,True
stock/GE,stock,20,100,long,2009-05-27,2015-03-31,2019-02-22,1471,981,0.48622955249027666,0.17455240871401836,0.28675072292765064,0.10034990133783625,-0.2671931382396525,-0.13554765984943917,0.07661782555152805,0.013602194292465808,0.11420143484334574,0.7213477199070182,-0.5507141383923473,True
stock/GE,stock,21,55,long,2009-03-23,2015-03-05,2019-02-22,1498,999,0.45747495030976104,-0.15248504248208586,0.3106220390456713,-0.12150918318170352,-0.22935530560533274,-0.2127687321088452,0.07124281269307155,-0.025853354845152474,0.12276611954792234,0.8531884981502171,-0.5788430089438266,True
stock/GE,stock,30,90,long,2009-05-12,2015-03-25,2019-02-22,1477,985,0.3554027681109526,0.20123470250080258,0.18970343023758424,0.11483970773914912,-0.270251577263171,-0.1466359938920861,0.051267651233941065,0.01683963468260682,0.11581783637000136,0.6801673187770363,-0.5528652974272416,True
stock/GE,stock,30,200,long,2009-10-16,2015-05-28,2019-02-22,1411,941,0.45764065786907926,-0.32961195194975756,0.26983157263819574,-0.24062877556021325,-0.26652516355039124,-0.1699725175428418,0.0719169040284544,-0.040900278775220886,0.10873574953787683,0.6800738595887902,-0.6864340240137238,True
stock/GE,stock,40,100,long,2009-05-27,2015-03-31,2019-02-22,1471,981,0.4560091095001969,0.27723092681563033,0.29948924616631617,0.19487996237808677,-0.23786857577619297,-0.13405603994878829,0.07123908044586728,0.02612483602177516,0.11761681256515787,0.7213477199070182,-0.5507141383923473,True
stock/GE,stock,50,150,long,2009-08-06,2015-04-29,2019-02-22,1441,961,0.5162489898089169,-0.17735530355128432,0.3007973129459681,-0.15058881127098314,-0.28807779996571403,-0.1651432777202908,0.08665302814907289,-0.024868729881292427,0.10868092501296582,0.7296597906343978,-0.6589344155879587,True
stock/GE,stock,50,200,long,2009-10-16,2015-05-28,2019-02-22,1411,941,0.3184694411048154,-0.21013403405579575,0.1481217659904651,-0.19520163033384672,-0.29891568837516735,-0.15535361315032772,0.04427591964438533,-0.030325278565197702,0.11504764338013901,0.6800738595887902,-0.6864340240137238,True
stock/GE,stock,60,120,long,2009-06-24,2015-04-13,2019-02-22,1459,973,0.5512381807832223,-0.22537005422489798,0.32565535243116517,-0.19052828132525512,-0.28588219715790475,-0.1570647484340956,0.09309906766925331,-0.02992527657593179,0.10862106720647101,0.8662221904921255,-0.672296693981896,True
stock/GE,stock,60,132,long,2009-07-13,2015-04-20,2019-02-22,1452,968,0.4829683656412012,-0.17047479710013613,0.2520831056530001,-0.14846366257028967,-0.3134947911178069,-0.16274688632996112,0.07902674055101531,-0.02416199881645664,0.10876421415822286,0.8741832537087687,-0.6534271492198757,True
stock/GE,stock,60,180,long,2009-09-18,2015-05-15,2019-02-22,1423,949,0.3327788505910109,-0.11210833971040153,0.16783529177531767,-0.12538538734720672,-0.28368576412591745,-0.15535361315032772,0.0476124829945773,-0.01947907296064195,0.11573952759412205,0.6411229304505177,-0.6707767370694706,True
stock/GE,stock,60,400,long,2010-08-04,2015-09-21,2019-02-22,1291,861,0.5073558670449423,0.437468115870593,0.2892591732187419,0.30488829979788035,-0.2881328438749245,-0.1496315936941993,0.0833450681964255,0.04562092219747166,0.11778944053332781,0.650871715259809,-0.6665083964373495,True
stock/GE,stock,62,758,long,2012-01-04,2016-04-15,2019-02-22,1076,718,0.9196884687400732,-0.51783634781167,0.9439774057040203,-0.2721017607997962,-0.17685237060858355,-0.20750762452306187,0.16694464199969664,-0.0564631900121081,0.10213951002162173,0.9196884687400732,-1.049940901921318,True
stock/GE,stock,74,758,long,2012-01-04,2016-04-15,2019-02-22,1076,718,0.9196884687400732,-0.583766308389607,0.9439774057040203,-0.2792253548710302,-0.17685237060858355,-0.22599335930246733,0.16694464199969664,-0.06310307594972767,0.10261489079067615,0.9196884687400732,-1.049940901921318,True
stock/GE,stock,80,144,long,2009-07-29,2015-04-24,2019-02-22,1444,964,0.379014384401695,-0.07928449031561735,0.20393891182187887,-0.10203381700613588,-0.2836857641259174,-0.15535361315032772,0.05785456603519779,-0.015851322135422563,0.11627859713664537,0.8296524849357451,-0.6476326082576753,True
stock/GE,stock,80,300,long,2010-03-12,2015-07-24,2019-02-22,1351,901,0.4896236419731123,0.31811673518240025,0.28579575302318805,0.22665493858755137,-0.28813284387492455,-0.14807760524919947,0.08234714308594673,0.03356252052394898,0.13042299307222688,0.6044551522704411,-0.6462159103524004,True
stock/GE,stock,100,200,long,2009-10-16,2015-05-28,2019-02-22,1411,941,0.46877651878356813,0.22433367812099717,0.2626458292867904,0.1346358581925702,-0.3004494670099434,-0.15535361315032772,0.07891179942160076,0.020916167029810934,0.129595472257383,0.6800738595887902,-0.6864340240137238,True
stock/GE,stock,100,250,long,2009-12-29,2015-06-25,2019-02-22,1381,921,0.5593991256971783,0.2382194169053177,0.34262688256244417,0.15492305972505058,-0.2881328438749244,-0.1480776052491995,0.09872205806071678,0.022940635681964198,0.1312785828114414,0.715641817310175,-0.6827664927589712,True
stock/GE,stock,100,300,long,2010-03-12,2015-07-24,2019-02-22,1351,901,0.40315110270983995,0.35874807912672474,0.1996419215951011,0.2613455629412756,-0.31967756489395377,-0.1496315936941993,0.06382104334627156,0.03910555308781074,0.13064278327561973,0.6044551522704411,-0.6462159103524004,True
stock/GE,stock,100,400,long,2010-08-04,2015-09-21,2019-02-22,1291,861,0.4629779099823582,0.2956687952511476,0.2541504712197857,0.16546227687686324,-0.29764473213253995,-0.1778285642835894,0.07564654892757192,0.029423919140106343,0.1240251114064441,0.650871715259809,-0.6665083964373495,True
stock/GE,stock,116,378,long,2010-07-02,2015-09-08,2019-02-22,1304,870,0.6312227107970672,0.35234267459729934,0.3796700647036157,0.21026538051413263,-0.300356533490019,-0.17700556985344276,0.11403638450430924,0.037218143498355026,0.1262872538971769,0.7828202014375828,-0.6447219809562642,True
stock/GE,stock,120,398,long,2010-08-02,2015-09-18,2019-02-22,1292,862,0.528306247886615,0.3975919473993223,0.3030169314892846,0.24088885373912694,-0.30035653349001906,-0.17700556985344287,0.09101311513090413,0.04263866882743682,0.12444947142506757,0.6440343811472977,-0.6539469910616452,True
stock/GE,stock,134,750,long,2011-12-21,2016-04-12,2019-02-22,1081,721,0.9751179658687507,-0.44404784573519285,1.0174280034764374,-0.21109848576363616,-0.17685237060858347,-0.25032927291083934,0.17993455433836605,-0.05284413045379021,0.1088858986122197,0.9751179658687507,-1.0392493621095837,True
stock/GE,stock,150,400,long,2010-08-04,2015-09-21,2019-02-22,1291,861,0.47113091045047545,0.2469472262662158,0.2666612726615631,0.11963065013532338,-0.3005803338656471,-0.19628452374059355,0.08015313436565098,0.023481645186589524,0.12612090092608952,0.650871715259809,-0.6665083964373495,True
stock/GE,stock,150,500,long,2010-12-27,2015-11-16,2019-02-22,1231,821,0.7503010993250041,-0.30699229661332683,0.49444113001169004,-0.19565699124423572,-0.3003565334900191,-0.21855826912594786,0.14850862382519908,-0.0427624533487309,0.11920000035590811,0.7503010993250041,-0.9026010006529417,True
stock/GE,stock,150,710,long,2011-10-25,2016-03-18,2019-02-22,1105,737,1.0220145700529797,-0.5091408006726161,1.1318454907574156,-0.24052678426605184,-0.17685237060858355,-0.25032927291083934,0.20016955820308457,-0.06021089502090307,0.11004491194988253,1.0220145700529797,-1.0294141461403716,True
stock/GE,stock,162,678,long,2011-09-09,2016-03-01,2019-02-22,1124,750,1.0337132397306563,-0.4071965024444046,1.1834460904223099,-0.1998559203128064,-0.1768523706085836,-0.25032927291083934,0.20929524657864568,-0.05002978721883147,0.11091053266913578,1.0337132397306563,-0.9779803493019947,True
stock/GE,stock,174,698,long,2011-10-07,2016-03-11,2019-02-22,1112,742,1.0392958470646128,-0.5535508892063722,1.1648365602730895,-0.26367432061029716,-0.1768523706085836,-0.25507583323183974,0.20600410705584415,-0.0672569470315108,0.11400053914648758,1.0392958470646128,-1.0021096859968155,True
stock/GE,stock,200,400,long,2010-08-04,2015-09-21,2019-02-22,1291,861,0.650871715259809,0.1745768797562286,0.4134484956866843,0.06510341193610292,-0.30035653349001906,-0.21855826912594783,0.1241819569411156,0.014228889026948225,0.12706705031217075,0.650871715259809,-0.6665083964373495,True
stock/GE,stock,200,600,long,2011-05-19,2016-01-14,2019-02-22,1171,781,0.6504438522196491,-0.21634764457197664,0.5166803801535825,-0.131116296195718,-0.23865320708455345,-0.2503292729108394,0.12330742976131874,-0.03282224709343634,0.12062235741849042,0.6504438522196491,-0.8989041697415833,True
stock/GS,stock,5,20,long,2009-01-30,2015-02-12,2019-02-22,1519,1013,0.6480022593387331,0.35213780740612344,0.46043331615967703,0.17834221211964754,-0.2993451925071645,-0.24570261634640778,0.13782849966253066,0.043819148122803436,0.15632596621367356,0.629484697979402,0.21042564754078413,True
stock/GS,stock,5,35,long,2009-02-23,2015-02-23,2019-02-22,1510,1007,0.5645430361566499,-0.08333060960346773,0.3279381410679103,-0.07924149495511543,-0.3365329927621991,-0.3103462503575523,0.11036200405445609,-0.02459230083204697,0.15481023542778255,0.6419211177859129,0.20814566018406683,False
stock/GS,stock,8,21,long,2009-02-02,2015-02-12,2019-02-22,1518,1013,0.6775809213449931,0.33612517701643696,0.5727776185968314,0.15858041060261827,-0.26263063587020125,-0.26422835796002114,0.15042895018430544,0.04190144149815575,0.1600658081366219,0.6126996795538334,0.21042564754078413,True
stock/GS,stock,9,21,long,2009-02-02,2015-02-12,2019-02-22,1518,1013,0.651212006623425,0.3564944418370419,0.5095216664517566,0.16911520317376208,-0.28035060490014324,-0.26829199651406765,0.14284470739947897,0.04537225550037082,0.16040611095465912,0.6126996795538334,0.21042564754078413,True
stock/GS,stock,10,20,long,2009-01-30,2015-02-12,2019-02-22,1519,1013,0.6389452509028669,0.4093879397106477,0.46892605020740025,0.20989709099825896,-0.2971279447588614,-0.25958343238818943,0.13933103354201548,0.0544858073296242,0.16119149514120182,0.629484697979402,0.21042564754078413,True
stock/GS,stock,10,30,long,2009-02-13,2015-02-19,2019-02-22,1513,1009,0.458063809352017,0.1024036272737946,0.25272862645041216,0.013107111402525932,-0.3434529165367872,-0.2954893290204242,0.08680038384673028,0.0038730115537283388,0.15470822442133736,0.5429626434321655,0.21449013155655627,False
stock/GS,stock,10,100,long,2009-05-27,2015-03-31,2019-02-22,1471,981,0.43453661586841397,0.4469229182667478,0.19540954954025178,0.25669652419086764,-0.3455427870378084,-0.21456478277955687,0.06752236036194129,0.05507803395328078,0.14269198981542647,0.36401770035105185,0.22035042744613226,True
stock/GS,stock,12,26,long,2009-02-09,2015-02-17,2019-02-22,1515,1011,0.45580391672263487,0.12262379079856256,0.25242020372634894,0.02422131741421947,-0.343597970874557,-0.28951887599974213,0.08673106980811579,0.0070125285929978015,0.15489002899360174,0.5362900533243932,0.2093259821619558,False
stock/GS,stock,13,48,long,2009-03-12,2015-03-02,2019-02-22,1502,1002,0.6533270643146202,0.5937619550018381,0.40004975331589665,0.49040969156446573,-0.32810216086202654,-0.16541712505204428,0.13125718851526635,0.0811221612762537,0.15035288882610864,0.5654565012137275,0.1973360632289774,True
stock/GS,stock,20,50,long,2009-03-16,2015-03-03,2019-02-22,1501,1001,0.7155486299994079,0.36011205563592047,0.4856130340438763,0.17204643514372744,-0.3008035076299578,-0.25724652689533245,0.14607410399122409,0.04425834790544695,0.1524314357676127,0.584029441435576,0.200254443795348,True
stock/GS,stock,20,60,long,2009-03-30,2015-03-09,2019-02-22,1495,997,0.554130477136527,0.40957272581762544,0.270210569197416,0.1932949824060101,-0.3680668870241611,-0.26771359705591424,0.09945556304551958,0.05174769503277262,0.15091496030875617,0.5477472229141636,0.2189729658377787,True
stock/GS,stock,20,100,long,2009-05-27,2015-03-31,2019-02-22,1471,981,0.29836463435584143,0.4543250326292028,0.09057492402585803,0.25599829519149486,-0.44125618749797463,-0.2247966669777734,0.039966745658568816,0.0575475635110402,0.14688043373503884,0.36401770035105185,0.22035042744613226,True
stock/GS,stock,21,55,long,2009-03-23,2015-03-05,2019-02-22,1498,999,0.4960798910314578,0.3851704378858974,0.24171415666258908,0.1809768765869244,-0.35881618567234175,-0.2651051905741395,0.08673095171667707,0.04797790935708912,0.15130610416787155,0.4908392203379607,0.20693896818314436,True
stock/GS,stock,30,90,long,2009-05-12,2015-03-25,2019-02-22,1477,985,0.31873106532881307,0.5722315910450451,0.10709582252399652,0.3922608036097155,-0.418102158761384,-0.19414292663893842,0.044776994591609,0.07615466041853203,0.14719409374383965,0.3820156702007301,0.22341408746469313,True
stock/GS,stock,30,200,long,2009-10-16,2015-05-28,2019-02-22,1411,941,0.25362970845500726,0.44337040007362516,0.08674312196617104,0.2697614246327961,-0.3520916605363305,-0.22377870895722948,0.030541529853174605,0.06036686333079008,0.16173050079874118,0.2647827862518002,0.1088480431016907,True
stock/GS,stock,40,100,long,2009-05-27,2015-03-31,2019-02-22,1471,981,0.2600626499663077,0.4575134869477309,0.07286258448890225,0.25868291542849103,-0.4466101281663673,-0.22987208487677144,0.0325411681971214,0.05946398109154878,0.15129574385415376,0.36401770035105185,0.22035042744613226,True
stock/GS,stock,50,150,long,2009-08-06,2015-04-29,2019-02-22,1441,961,0.18716090117702217,0.5522891616128469,0.0404110436297822,0.39438686727187544,-0.43073019947675184,-0.20097166815072426,0.017406256883719808,0.07926058661236708,0.16185404605645543,0.2941676075165505,0.16373965220242379,True
stock/GS,stock,50,200,long,2009-10-16,2015-05-28,2019-02-22,1411,941,0.14121790864371875,0.361944993231543,0.020110552757944666,0.21530897086788467,-0.4196311992717238,-0.21881260890105939,0.008439015371833593,0.047112317635404036,0.16469727152872146,0.2647827862518002,0.1088480431016907,True
stock/GS,stock,60,120,long,2009-06-24,2015-04-13,2019-02-22,1459,973,0.1691635095209179,0.6419375793243381,0.027009929294909134,0.516234968660116,-0.5064345080716217,-0.18397434058134515,0.013678760255516592,0.09497398794427622,0.1617480013725655,0.379311172507446,0.17898313516762762,True
stock/GS,stock,60,132,long,2009-07-13,2015-04-20,2019-02-22,1452,968,0.23158612250754915,0.5554932381509863,0.057223246119516014,0.39836076551607835,-0.4619452555851265,-0.19998174516070139,0.026434007054090422,0.0796648810914583,0.16148871926208605,0.35998112487674333,0.1656738025754098,True
stock/GS,stock,60,180,long,2009-09-18,2015-05-15,2019-02-22,1423,949,0.0905673928384581,0.44075163907633835,-0.0033008908335440223,0.2865854377228235,-0.4662499407197992,-0.21166934896880138,-0.001539040155462429,0.06066135302672903,0.16426057755275705,0.24876262062297827,0.14087428078179867,True
stock/GS,stock,60,400,long,2010-08-04,2015-09-21,2019-02-22,1291,861,0.4131735482664065,0.2562874825652423,0.2035036277616123,0.14095754638461047,-0.28746428674733293,-0.21563073482397202,0.05850002520498662,0.030394779305897675,0.18004422031129813,0.30033718178392627,0.25593537668740296,True
stock/GS,stock,62,758,long,2012-01-04,2016-04-15,2019-02-22,1076,718,0.33610694197321267,0.26403054525628517,0.14399620919307352,0.10371281427479888,-0.3172107279468647,-0.31911826956332506,0.045677142339723864,0.033096653822916336,0.19692849230330972,0.6921194758064467,0.4862229351867585,False
stock/GS,stock,74,758,long,2012-01-04,2016-04-15,2019-02-22,1076,718,0.2723646979631661,0.18929761620150182,0.09591225049234539,0.05304406498915866,-0.351380890346454,-0.33936258186192353,0.03370173197313244,0.018001170847172548,0.19738461557121476,0.6921194758064467,0.4862229351867585,False
stock/GS,stock,80,144,long,2009-07-29,2015-04-24,2019-02-22,1444,964,0.16106532840909382,0.45479132379963544,0.025347405951265993,0.28332408727358416,-0.48105144616165546,-0.22203768785118505,0.012193406289303058,0.062908625250774,0.16361035187978587,0.32021906318778315,0.16658323661657523,True
stock/GS,stock,80,300,long,2010-03-12,2015-07-24,2019-02-22,1351,901,0.15288093182840906,0.31524192988735245,0.023414803358184185,0.21739486592553472,-0.4672842877113932,-0.19175293687922823,0.010941369709131434,0.041686104003687344,0.18224444370525625,0.2994065818710478,0.11608083560009769,True
stock/GS,stock,100,200,long,2009-10-16,2015-05-28,2019-02-22,1411,941,0.21558028520934694,0.2808547030301132,0.05698867253529407,0.1583298323635157,-0.404282637852324,-0.21038270204905768,0.023039530860270975,0.03330985794761077,0.1654269591099579,0.2647827862518002,0.1088480431016907,True
stock/GS,stock,100,250,long,2009-12-29,2015-06-25,2019-02-22,1381,921,0.3304983011050836,0.2912241922860321,0.1095598795485748,0.19097112881911454,-0.4152327415661503,-0.1917529368792282,0.045492849150611914,0.03661927481020663,0.1778192590404494,0.3570034169849589,0.08675716496206691,True
stock/GS,stock,100,300,long,2010-03-12,2015-07-24,2019-02-22,1351,901,0.4882112913541496,0.004435447706277504,0.2684846397175639,-0.07685908339753118,-0.2893801386174787,-0.20083306618237282,0.07769412225813248,-0.015435845382692893,0.1807388587509638,0.2994065818710478,0.11608083560009769,False
stock/GS,stock,100,400,long,2010-08-04,2015-09-21,2019-02-22,1291,861,0.38092596869334305,-0.12214630281561377,0.21079842347974706,-0.16607800180562698,-0.24451954583298233,-0.2418760026646303,0.05154433477157643,-0.04017028320727431,0.18891988866565224,0.30033718178392627,0.25593537668740296,False
stock/GS,stock,116,378,long,2010-07-02,2015-09-08,2019-02-22,1304,870,0.6004066783061915,-0.2231976939872495,0.37797388430593415,-0.2283399714650098,-0.24451954583298227,-0.255327663277546,0.0924220025272152,-0.058301511347022494,0.188858423078577,0.4381441281331788,0.23856736668514852,False
stock/GS,stock,120,398,long,2010-08-02,2015-09-18,2019-02-22,1292,862,0.3900216396485294,-0.1740841874905404,0.2176380562000501,-0.19623777994806835,-0.24451954583298233,-0.2563357497083889,0.05321675865800934,-0.05030275844409795,0.19111160178091727,0.3079984706304411,0.2713767264132761,False
stock/GS,stock,134,750,long,2011-12-21,2016-04-12,2019-02-22,1081,721,0.21675529302523322,-0.03688975867892336,0.06608763915701012,-0.06529938140705499,-0.3513808903464538,-0.42183046920694656,0.023221933487885378,-0.027545268697861367,0.202105067116573,0.6898824804714946,0.5233710703402072,False
stock/GS,stock,150,400,long,2010-08-04,2015-09-21,2019-02-22,1291,861,0.2898567764688526,-0.21804548583099764,0.1372824846364774,-0.19810688338241714,-0.2578963488275289,-0.3035440322803992,0.035404651545718854,-0.060134162204401716,0.19595529520332336,0.30033718178392627,0.25593537668740296,False
stock/GS,stock,150,500,long,2010-12-27,2015-11-16,2019-02-22,1231,821,0.1051185237931803,-0.5232262316351117,0.011153210587268795,-0.34022546807899356,-0.31083212740980554,-0.3468618453142769,0.003466776174290326,-0.11801123368079332,0.2010987289980241,0.27730489968040933,0.2043315685086328,False
stock/GS,stock,150,710,long,2011-10-25,2016-03-18,2019-02-22,1105,737,0.23077817124815522,-0.18908981983588122,0.07332394835884751,-0.13008947421472342,-0.35138089034645387,-0.4218304692069465,0.02576463425804924,-0.05487570394688175,0.1962173247903594,0.5871545697647962,0.4852653712756519,False
stock/GS,stock,162,678,long,2011-09-09,2016-03-01,2019-02-22,1124,750,0.1992750178336063,-0.12022036198715404,0.0563868899423643,-0.10046982949318246,-0.3513808903464539,-0.42183046920694645,0.019813275591815477,-0.04238123531625106,0.19744217402279485,0.5365783822920668,0.5056873422114844,False
stock/GS,stock,174,698,long,2011-10-07,2016-03-11,2019-02-22,1112,742,0.19741427757933885,-0.04360474643878929,0.05549293614069211,-0.06815283113279251,-0.3513808903464539,-0.4218304692069465,0.019499157309055305,-0.028748940734527658,0.20155358733902587,0.6316928382865717,0.5160650545213968,False
stock/GS,stock,200,400,long,2010-08-04,2015-09-21,2019-02-22,1291,861,0.23464880798941293,-0.41236696707922027,0.09819135319536958,-0.279027348253609,-0.2623169926647014,-0.3563209988952867,0.025757260475886862,-0.09942330344882898,0.2034620797565526,0.30033718178392627,0.25593537668740296,False
stock/GS,stock,200,600,long,2011-05-19,2016-01-14,2019-02-22,1171,781,-0.06861365454897389,-0.20081661480325708,-0.10569225638010893,-0.1475908384558749,-0.2930582331848015,-0.4218304692069466,-0.03097398591606979,-0.06225831263648837,0.20990116352331792,0.30393566081793894,0.432256794721966,False
stock/HD,stock,5,20,long,2009-01-30,2015-02-12,2019-02-22,1519,1013,1.1059824425033338,0.8025732622761218,0.7097414443480805,0.6216009340848292,-0.2572929464352834,-0.16033384610978765,0.18261146742355133,0.09966366850725726,0.1287255735562289,1.3990452252564658,0.924913030119741,False
stock/HD,stock,5,35,long,2009-02-23,2015-02-23,2019-02-22,1510,1007,1.103314507051109,0.7867043960236322,0.858134001399249,0.4110942727481265,-0.2213731343286942,-0.24135504313648867,0.18996781356377582,0.0992196759322875,0.13120883142440345,1.5308196368794642,0.9268508539160575,False
stock/HD,stock,8,21,long,2009-02-02,2015-02-12,2019-02-22,1518,1013,1.1904526941751494,1.0862472110624648,1.050526903187882,1.074524589559356,-0.18835807301336674,-0.1274895078729143,0.19787522313316913,0.13699061112026753,0.12546356049896001,1.3981923054748127,0.924913030119741,True
stock/HD,stock,9,21,long,2009-02-02,2015-02-12,2019-02-22,1518,1013,1.1942794716585123,1.1698320310732213,1.058485531863795,1.1928778069945665,-0.1883580730133667,-0.1274895078729143,0.19937429509439297,0.1520794045662585,0.12805058730154123,1.3981923054748127,0.924913030119741,True
stock/HD,stock,10,20,long,2009-01-30,2015-02-12,2019-02-22,1519,1013,1.2168654031484991,1.233531909023883,1.0538082481640272,1.2846812948681798,-0.1929153296977463,-0.1274895078729143,0.20329576563276777,0.16378338605628254,0.12981625748929868,1.3990452252564658,0.924913030119741,True
stock/HD,stock,10,30,long,2009-02-13,2015-02-19,2019-02-22,1513,1009,1.133501489146133,0.7385226508326669,0.9646595055238223,0.5563352425153528,-0.20433344139384627,-0.16898230222727403,0.19711219653696865,0.09401081009041315,0.13381124530633418,1.4165748863539984,0.9416065110928681,False
stock/HD,stock,10,100,long,2009-05-27,2015-03-31,2019-02-22,1471,981,1.3041616265391764,0.7437950858945859,1.160835926551425,0.6637633121123865,-0.2121471846552922,-0.15581354162454486,0.24626807366460238,0.10342331246066909,0.14687308419825654,1.5112291261911615,0.9302076704787948,False
stock/HD,stock,12,26,long,2009-02-09,2015-02-17,2019-02-22,1515,1011,1.1475088806076288,0.8054676224686389,1.0093023561503633,0.7413505869302223,-0.19775154349739288,-0.1391463779527877,0.1995910987842897,0.1031562489645137,0.1328723791064775,1.3571111066002814,0.9277516192500421,False
stock/HD,stock,13,48,long,2009-03-12,2015-03-02,2019-02-22,1502,1002,1.2493722856019862,0.7040459980572712,1.2929929079094562,0.5729879818265163,-0.18197046483388324,-0.1597900577816428,0.23528652047919812,0.09155778272424593,0.13800298560870475,1.541380857504622,0.8886929985153313,False
stock/HD,stock,20,50,long,2009-03-16,2015-03-03,2019-02-22,1501,1001,1.3686200937684472,0.5864972810908446,1.308089961958163,0.5157120062980523,-0.20279529509291958,-0.14754008590012474,0.2652744898433916,0.07608819370894031,0.14237220534847908,1.5512380436017845,0.8897196041919135,False
stock/HD,stock,20,60,long,2009-03-30,2015-03-09,2019-02-22,1495,997,1.3760918734035958,0.5787902583813256,1.3282483486133077,0.5103336514133247,-0.20258004012214748,-0.14796806902154463,0.26907660375426,0.07551308495634372,0.14366239003964856,1.45950299449058,0.9022169233464342,False
stock/HD,stock,20,100,long,2009-05-27,2015-03-31,2019-02-22,1471,981,1.2372665550068405,0.6330003919575447,1.1733121886665454,0.472470219263662,-0.19995150729516778,-0.18764721450422714,0.23460554065166803,0.08865772058102761,0.15267671611011233,1.5112291261911615,0.9302076704787948,False
stock/HD,stock,21,55,long,2009-03-23,2015-03-05,2019-02-22,1498,999,1.3391431433445147,0.5488474010219772,1.263461177217375,0.46366432606902735,-0.20607174601471126,-0.1517387399068713,0.260363650810987,0.07035584057748291,0.14241515891458914,1.4622128879359921,0.8930544282588747,False
stock/HD,stock,30,90,long,2009-05-12,2015-03-25,2019-02-22,1477,985,1.233299647907982,0.4497575917242117,1.114419846472945,0.2592788300597672,-0.21571301753221797,-0.22970078986442366,0.24039486788047004,0.0595565520598522,0.15566276140157917,1.4370577203082138,0.9262805970182937,False
stock/HD,stock,30,200,long,2009-10-16,2015-05-28,2019-02-22,1411,941,1.2158004712189214,0.8985075402492485,0.8367902803121517,0.7552713752633303,-0.285624573545194,-0.1946224451778733,0.2390078669609217,0.14699276182660448,0.16851028547703956,1.432912962981759,0.980879778077661,False
stock/HD,stock,40,100,long,2009-05-27,2015-03-31,2019-02-22,1471,981,1.338548949452506,0.5295715941493894,0.9965298715238213,0.38060553269716124,-0.26607687005200864,-0.19533027157951532,0.2651535491283887,0.0743437820664026,0.15953339227663188,1.5112291261911615,0.9302076704787948,False
stock/HD,stock,50,150,long,2009-08-06,2015-04-29,2019-02-22,1441,961,1.1670044483023234,0.8779927942152356,0.753146736828648,0.7342724778698887,-0.30310668012268677,-0.19462244517787322,0.22828380704536635,0.14290590506985354,0.16834920439945164,1.4035177196506987,1.0061309788405501,False
stock/HD,stock,50,200,long,2009-10-16,2015-05-28,2019-02-22,1411,941,1.2186102485647028,0.7338182917970079,0.9048974431872652,0.562380078094285,-0.2716264953431233,-0.21028309931771055,0.24579412113790983,0.11825902581620235,0.17272770784061864,1.432912962981759,0.980879778077661,False
stock/HD,stock,60,120,long,2009-06-24,2015-04-13,2019-02-22,1459,973,1.3541048605884642,0.7699620320581493,0.9175681259871598,0.6266944493664764,-0.29659587537298876,-0.1946224451778731,0.2721469215415145,0.12196880611510444,0.16783247295671916,1.552754263661986,0.9253167333887187,False
stock/HD,stock,60,132,long,2009-07-13,2015-04-20,2019-02-22,1452,968,1.2866705810080048,0.8334041464211347,0.7860193478249977,0.6925699304045183,-0.32674492580455283,-0.19462244517787322,0.2568278334860219,0.13478965331199683,0.16891298862786552,1.5406533857149443,0.9476734132779133,False
stock/HD,stock,60,180,long,2009-09-18,2015-05-15,2019-02-22,1423,949,1.223479903515547,0.6801062388003871,0.9118557527951681,0.5108502514108973,-0.27095277875102075,-0.21028309931771058,0.24706985003995463,0.10742317415391514,0.17181794311419035,1.4005283893595812,0.9601763718668379,False
stock/HD,stock,60,400,long,2010-08-04,2015-09-21,2019-02-22,1291,861,1.571772057866906,0.9939374472571996,1.3964799919104538,0.7110425299853446,-0.24843053152632522,-0.2560862298333228,0.34692826665619236,0.18208820075509427,0.1857217588179601,1.571772057866906,0.9939374472571996,False
stock/HD,stock,62,758,long,2012-01-04,2016-04-15,2019-02-22,1076,718,1.6480034004465234,0.8984944809645777,1.9973619102780096,0.612085386651495,-0.16858687126710523,-0.256086229833323,0.3367289952418582,0.15674663900365315,0.18017557661422806,1.6480034004465234,0.8984944809645777,False
stock/HD,stock,74,758,long,2012-01-04,2016-04-15,2019-02-22,1076,718,1.6480034004465234,0.8984944809645777,1.9973619102780096,0.612085386651495,-0.16858687126710523,-0.256086229833323,0.3367289952418582,0.15674663900365315,0.18017557661422806,1.6480034004465234,0.8984944809645777,False
stock/HD,stock,80,144,long,2009-07-29,2015-04-24,2019-02-22,1444,964,1.2630398518687336,0.652815029239759,0.9054981907805955,0.4886712849625854,-0.28445063430374073,-0.21028309931771058,0.25756953472843,0.10275931234950059,0.17278747855861648,1.477359999854487,0.9395296712591199,False
stock/HD,stock,80,300,long,2010-03-12,2015-07-24,2019-02-22,1351,901,1.3501999845713566,0.9848272300134906,1.1602680797833334,0.7168668725141976,-0.2529407207507487,-0.2560862298333229,0.2934790443644835,0.1835797346745662,0.18942434444753284,1.3501999845713566,0.9848272300134906,False
stock/HD,stock,100,200,long,2009-10-16,2015-05-28,2019-02-22,1411,941,1.432912962981759,0.7756749208618514,1.2626447431418533,0.5744593657671226,-0.2529407207507487,-0.22853947533709945,0.31937427138244434,0.13128664205490112,0.1799979594388292,1.432912962981759,0.980879778077661,False
stock/HD,stock,100,250,long,2009-12-29,2015-06-25,2019-02-22,1381,921,1.4090180491150839,0.9225172153011504,1.224084524318591,0.6551711051493789,-0.2529407207507487,-0.25608622983332296,0.3096208218409818,0.16778029821343607,0.18718669517077635,1.4090180491150839,0.9866859696111848,False
stock/HD,stock,100,300,long,2010-03-12,2015-07-24,2019-02-22,1351,901,1.3501999845713566,0.9848272300134906,1.1602680797833334,0.7168668725141976,-0.2529407207507487,-0.2560862298333229,0.2934790443644835,0.1835797346745662,0.18942434444753284,1.3501999845713566,0.9848272300134906,False
stock/HD,stock,100,400,long,2010-08-04,2015-09-21,2019-02-22,1291,861,1.571772057866906,0.9939374472571996,1.3964799919104538,0.7110425299853446,-0.24843053152632522,-0.2560862298333228,0.34692826665619236,0.18208820075509427,0.1857217588179601,1.571772057866906,0.9939374472571996,False
stock/HD,stock,116,378,long,2010-07-02,2015-09-08,2019-02-22,1304,870,1.576167605366721,0.9852069527405788,1.414684830291885,0.7047801825802824,-0.24843053152632513,-0.2560862298333228,0.35145090433164206,0.1804844998182254,0.18605250661032233,1.576167605366721,0.9852069527405788,False
stock/HD,stock,120,398,long,2010-08-02,2015-09-18,2019-02-22,1292,862,1.544000925322327,1.0127227044060114,1.3673549503335658,0.7271813383994886,-0.24843053152632522,-0.25608622983332296,0.33969271709651977,0.18622112735587484,0.18572629348373543,1.544000925322327,1.0127227044060114,False
stock/HD,stock,134,750,long,2011-12-21,2016-04-12,2019-02-22,1081,721,1.657439797352429,0.9055274604167679,2.0103665685444527,0.6167353930028611,-0.16858687126710542,-0.256086229833323,0.33892140989089614,0.1579374415988755,0.17984818195720517,1.657439797352429,0.9055274604167679,False
stock/HD,stock,150,400,long,2010-08-04,2015-09-21,2019-02-22,1291,861,1.571772057866906,0.9939374472571996,1.3964799919104538,0.7110425299853446,-0.24843053152632522,-0.2560862298333228,0.34692826665619236,0.18208820075509427,0.1857217588179601,1.571772057866906,0.9939374472571996,False
stock/HD,stock,150,500,long,2010-12-27,2015-11-16,2019-02-22,1231,821,1.471505402044001,0.9722975752572678,1.2714260765182013,0.697832788521689,-0.24843053152632516,-0.256086229833323,0.3158610559858469,0.17870536786659394,0.18718325158279525,1.471505402044001,0.9722975752572678,False
stock/HD,stock,150,710,long,2011-10-25,2016-03-18,2019-02-22,1105,737,1.7542978212792586,0.9369977504573791,2.2125703282901976,0.6376488001608636,-0.16858687126710542,-0.256086229833323,0.37301030910487676,0.16329307719093758,0.17847283322383622,1.7542978212792586,0.9369977504573791,False
stock/HD,stock,162,678,long,2011-09-09,2016-03-01,2019-02-22,1124,750,1.7752444193019066,1.0191831153731277,2.303664269103091,0.7016640063283407,-0.16858687126710542,-0.256086229833323,0.38836755157791325,0.17968648999036968,0.17768199751174907,1.7752444193019066,1.0191831153731277,False
stock/HD,stock,174,698,long,2011-10-07,2016-03-11,2019-02-22,1112,742,1.7752658862508315,0.9759906951721343,2.267331432935985,0.6674392752956659,-0.16858687126710542,-0.25608622983332296,0.38224231240424056,0.17092200765315244,0.17794878893195107,1.7752658862508315,0.9759906951721343,False
stock/HD,stock,200,400,long,2010-08-04,2015-09-21,2019-02-22,1291,861,1.571772057866906,0.9939374472571996,1.3964799919104538,0.7110425299853446,-0.24843053152632522,-0.2560862298333228,0.34692826665619236,0.18208820075509427,0.1857217588179601,1.571772057866906,0.9939374472571996,False
stock/HD,stock,200,600,long,2011-05-19,2016-01-14,2019-02-22,1171,781,1.4352127221661866,1.0445476742173443,1.362475926761928,0.745346295044759,-0.23049932043388974,-0.25608622983332296,0.3140497752261585,0.1908729226182479,0.18340225398665927,1.4352127221661866,1.0445476742173443,False
stock/IBM,stock,5,20,long,2009-01-30,2015-02-12,2019-02-22,1519,1013,0.22122636612062335,0.24671405933723847,0.09784993382900499,0.11439699933234303,-0.21842988910767575,-0.22345186987977358,0.021373350195462968,0.02556222340944726,0.14465808238708452,0.6629312088594771,0.15690804624514684,True
stock/IBM,stock,5,35,long,2009-02-23,2015-02-23,2019-02-22,1510,1007,0.20584291275283584,0.10050776096444587,0.07640509471007602,0.01682092145653024,-0.25493285436622676,-0.24563481308893262,0.019478168882561573,0.004131803897958422,0.14389308571385126,0.7646386102358521,0.12454754882263591,False
stock/IBM,stock,8,21,long,2009-02-02,2015-02-12,2019-02-22,1518,1013,0.2212829190814837,0.05532360368309258,0.08684335786038824,-0.010236626249603375,-0.24812761247430232,-0.2524778669629968,0.02154823504514957,-0.0025845215603972817,0.1462114137515351,0.6698628863049443,0.15690804624514684,False
stock/IBM,stock,9,21,long,2009-02-02,2015-02-12,2019-02-22,1518,1013,0.13418679545706055,0.11983087808806066,0.03421247218967282,0.030436591452113092,-0.26317577131829994,-0.22688462097013165,0.00900389375722303,0.006905594515235428,0.14488879308863573,0.6698628863049443,0.15690804624514684,False
stock/IBM,stock,10,20,long,2009-01-30,2015-02-12,2019-02-22,1519,1013,0.1089910375814007,0.1322385920419862,0.02319217744560985,0.0384234887647405,-0.22977346241394514,-0.2268846209701316,0.005328946912596381,0.008717698684738259,0.1448503520424847,0.6629312088594771,0.15690804624514684,False
stock/IBM,stock,10,30,long,2009-02-13,2015-02-19,2019-02-22,1513,1009,0.010721594992994903,0.0971102878699459,-0.03147037585050851,0.014645261130104335,-0.29423768649811544,-0.249898352473645,-0.009259770583479788,0.0036598266279593856,0.14344492880305276,0.6726637406334779,0.11724125111214806,False
stock/IBM,stock,10,100,long,2009-05-27,2015-03-31,2019-02-22,1471,981,0.2572599194899033,0.06560935992722823,0.10518141025595724,-0.0010003322220267696,-0.26556791424175064,-0.2702743329370274,0.027932807738680444,-0.00027036412402369956,0.1339675924335808,0.6046595584369137,0.14343313422218618,False
stock/IBM,stock,12,26,long,2009-02-09,2015-02-17,2019-02-22,1515,1011,-0.012160853051753611,-0.0032186890832629376,-0.04708170704193509,-0.04309647488731197,-0.27148405706193235,-0.24989835247364517,-0.012781932841145887,-0.010769738071761084,0.14404793696950646,0.6285485755230643,0.13875873723563611,False
stock/IBM,stock,13,48,long,2009-03-12,2015-03-02,2019-02-22,1502,1002,0.2414420286157947,0.24345045760327197,0.09593977095296938,0.0919495992706166,-0.2642198261869501,-0.2636334694843157,0.025349189605609373,0.02424099187340516,0.1371047723156287,0.703667484875434,0.14282814320506573,True
stock/IBM,stock,20,50,long,2009-03-16,2015-03-03,2019-02-22,1501,1001,0.2195724609366564,0.17397809380975085,0.08160164708491671,0.05905218416959383,-0.27158370501260404,-0.2462359793687824,0.02216167765045264,0.014540772402865644,0.13731232430269605,0.6990479829876364,0.1387729250627095,True
stock/IBM,stock,20,60,long,2009-03-30,2015-03-09,2019-02-22,1495,997,0.2749437159525559,0.16221014540168263,0.10900119574588046,0.053024104688127516,-0.2832062720948582,-0.24553761438186372,0.030869822301072724,0.013019412169857027,0.14432108503315666,0.6751414563492935,0.14086350222582208,True
stock/IBM,stock,20,100,long,2009-05-27,2015-03-31,2019-02-22,1471,981,0.3058072837032108,-0.10569875273724243,0.12465782907131437,-0.08619550215097807,-0.28983233065223135,-0.28034753223443953,0.036129869133786525,-0.024164696317735025,0.13891300851659277,0.6046595584369137,0.14343313422218618,False
stock/IBM,stock,21,55,long,2009-03-23,2015-03-05,2019-02-22,1498,999,0.15245656981411285,0.12385500959546115,0.04037236137212094,0.029906482154508342,-0.28839280201988,-0.24837673077260777,0.011643098420265124,0.0074280742664461176,0.1442827542379757,0.6359427225923001,0.13774279061554465,False
stock/IBM,stock,30,90,long,2009-05-12,2015-03-25,2019-02-22,1477,985,0.34985874773156084,-0.15847831265872836,0.1716581111768584,-0.09943417939116582,-0.25571958308725373,-0.31892701109612587,0.04389634062369168,-0.03171224563402051,0.14036302201710787,0.5842486668451773,0.15321204924413515,False
stock/IBM,stock,30,200,long,2009-10-16,2015-05-28,2019-02-22,1411,941,0.4405939307598558,-0.25063898000217866,0.23703901185732137,-0.16109708464856537,-0.2509796903033932,-0.2713860305622439,0.059491977785772865,-0.043719498337923955,0.13917636200934033,0.5440625314209213,0.03998321647669764,False
stock/IBM,stock,40,100,long,2009-05-27,2015-03-31,2019-02-22,1471,981,0.6342776654488278,-0.0784877078365205,0.416312196632533,-0.08368284955466161,-0.22302611226453956,-0.24988219517377314,0.09284849070326437,-0.020910854145115447,0.1409915816681724,0.6046595584369137,0.14343313422218618,False
stock/IBM,stock,50,150,long,2009-08-06,2015-04-29,2019-02-22,1441,961,0.40235694424861,-0.3399551720013629,0.18446936753651808,-0.17932099319464584,-0.2893676529207766,-0.30930340900056863,0.053379467919822336,-0.055464594500471726,0.13902170586129298,0.5678686535121711,0.039946678933611465,False
stock/IBM,stock,50,200,long,2009-10-16,2015-05-28,2019-02-22,1411,941,0.427757687783129,-0.2722005966911224,0.20655559792338576,-0.1631044820513775,-0.2801238007298026,-0.2850099954454428,0.05786113915231574,-0.046486407686594414,0.13892337897250276,0.5440625314209213,0.03998321647669764,False
stock/IBM,stock,60,120,long,2009-06-24,2015-04-13,2019-02-22,1459,973,0.5087624840294594,-0.40307847245584655,0.24321074954080707,-0.19948911676732786,-0.29956153704239746,-0.3181370430461621,0.07285658595767773,-0.06346487772824824,0.13852340858869105,0.6085553772476382,0.12955737930593056,False
stock/IBM,stock,60,132,long,2009-07-13,2015-04-20,2019-02-22,1452,968,0.5315330590334446,-0.34430602954792344,0.2637030627693568,-0.17740008552021214,-0.29043235578104054,-0.3151398252724678,0.0765879017467799,-0.055905831954160504,0.13873857226389782,0.6375092584887189,0.10085071748304343,False
stock/IBM,stock,60,180,long,2009-09-18,2015-05-15,2019-02-22,1423,949,0.4029224172739533,-0.36734451874972684,0.20082115764324246,-0.18933063664570984,-0.26887960413860695,-0.3108408191730254,0.05399671336977181,-0.05885169018950287,0.13859146953724127,0.5428186623741593,0.028578692782449254,False
stock/IBM,stock,60,400,long,2010-08-04,2015-09-21,2019-02-22,1291,861,0.32755868511714786,-0.29861022238658697,0.1357260047327138,-0.15213886702078538,-0.29253749222665737,-0.31501649164417744,0.03970494505445152,-0.04792625213160786,0.13399510344003832,0.32921474051031124,0.24414856331826934,False
stock/IBM,stock,62,758,long,2012-01-04,2016-04-15,2019-02-22,1076,718,-0.042811818463208154,-0.6435372276487674,-0.07078049849079045,-0.2785084273025827,-0.22575376108010908,-0.3470616696728547,-0.01597896374542093,-0.09665959979759521,0.1420632918364515,-0.018861240460145253,0.17931531573228343,False
stock/IBM,stock,74,758,long,2012-01-04,2016-04-15,2019-02-22,1076,718,-0.03392776426204506,-0.6388432421215449,-0.06541504601351922,-0.27143194833080153,-0.22575376108010908,-0.3541141906343147,-0.01476769266878036,-0.0961179046954569,0.14214949393676066,-0.018861240460145253,0.17931531573228343,False
stock/IBM,stock,80,144,long,2009-07-29,2015-04-24,2019-02-22,1444,964,0.4347262219315417,-0.29940200010918006,0.21984026279442437,-0.15876467636624972,-0.2698133474036938,-0.3029445293552737,0.05931583719867136,-0.04809689016001587,0.13417033660452526,0.5472539517782797,0.07372113217760007,False
stock/IBM,stock,80,300,long,2010-03-12,2015-07-24,2019-02-22,1351,901,0.2916057408583181,-0.30249087761454774,0.10592663620249457,-0.14775001807128607,-0.32591234141522996,-0.2962232157700942,0.03452279802299427,-0.04376698548316589,0.12277849161330955,0.4279343864390081,0.1333029735193538,False
stock/IBM,stock,100,200,long,2009-10-16,2015-05-28,2019-02-22,1411,941,0.3849475516145055,-0.24588427170391006,0.1679621249040542,-0.12259955203272155,-0.3013929675628311,-0.28370471971220484,0.050622603262991804,-0.03478207154628514,0.11622671324524438,0.5440625314209213,0.03998321647669764,False
stock/IBM,stock,100,250,long,2009-12-29,2015-06-25,2019-02-22,1381,921,0.32533720682638556,-0.21438673042219752,0.14190823539498085,-0.11239696836713894,-0.28376385052933106,-0.2820016985048241,0.040268427297502477,-0.03169613598632617,0.11763096475848678,0.43592469429604763,0.08292093903333854,False
stock/IBM,stock,100,300,long,2010-03-12,2015-07-24,2019-02-22,1351,901,0.3343267449836254,-0.16138543515594062,0.13790211245727035,-0.09576900437816244,-0.3008102947891673,-0.27190849070545775,0.0414823751003204,-0.026040405436830522,0.11909811536748678,0.4279343864390081,0.1333029735193538,False
stock/IBM,stock,100,400,long,2010-08-04,2015-09-21,2019-02-22,1291,861,0.2645877856087004,-0.4834288017794425,0.09009613798817198,-0.19989779311888237,-0.331899152561021,-0.3144240282119374,0.02990283184729509,-0.0628526693431155,0.11939328672469415,0.32921474051031124,0.24414856331826934,False
stock/IBM,stock,116,378,long,2010-07-02,2015-09-08,2019-02-22,1304,870,0.3405186260713657,-0.3066354842657779,0.12549416801140478,-0.16404935424146455,-0.33855888319457866,-0.25314675069276654,0.042487165369374025,-0.04152856097947337,0.11613679241682882,0.4085289735406441,0.23561673516060347,False
stock/IBM,stock,120,398,long,2010-08-02,2015-09-18,2019-02-22,1292,862,0.30765977002723927,-0.3185914422384463,0.11961746338011262,-0.1622516824612856,-0.30978440961224946,-0.2669713250404516,0.037055625272523054,-0.04331654665673202,0.11723443387996184,0.3191210677228574,0.26297729865790903,False
stock/IBM,stock,134,750,long,2011-12-21,2016-04-12,2019-02-22,1081,721,-0.03270963420166838,-0.686455772206351,-0.06495271654879654,-0.2877802609994108,-0.2273953962064929,-0.36136586522816777,-0.014769948714301618,-0.10399396301164003,0.14453686385943537,-0.008112872379907933,0.20275646818744142,False
stock/IBM,stock,150,400,long,2010-08-04,2015-09-21,2019-02-22,1291,861,0.34168315119321685,-0.3173937218332994,0.14780736457431704,-0.16307256485292168,-0.2906224248901196,-0.26760090586678,0.04295613470920597,-0.04363836607666107,0.11832832981665899,0.32921474051031124,0.24414856331826934,False
stock/IBM,stock,150,500,long,2010-12-27,2015-11-16,2019-02-22,1231,821,0.24090329185359213,-0.5167461884971748,0.09862163403660429,-0.21150927227144997,-0.26858929261483494,-0.3305121128695304,0.026488714922410676,-0.06990637646993371,0.12498432969591679,0.1320841724962303,0.3732458719273154,False
stock/IBM,stock,150,710,long,2011-10-25,2016-03-18,2019-02-22,1105,737,0.01550725822368591,-0.49333982128531273,-0.038531714417778196,-0.2258367678907163,-0.22599570618437193,-0.341213866043432,-0.008708002010340329,-0.07705863666674452,0.14187900960961758,-0.011577709344870454,0.22940520064793501,False
stock/IBM,stock,162,678,long,2011-09-09,2016-03-01,2019-02-22,1124,750,0.17355151701987204,-0.5849582066947588,0.0659085818426916,-0.24790287770202163,-0.22599570618437206,-0.358365676994851,0.01489505649714957,-0.08883988259665673,0.14166441795581042,0.017268895803663482,0.3774961182839507,False
stock/IBM,stock,174,698,long,2011-10-07,2016-03-11,2019-02-22,1112,742,-0.09111830380643082,-0.26402423828223565,-0.09553756673643196,-0.18484597977273876,-0.2632554470333204,-0.2726515411578083,-0.025150784839675075,-0.05039854126186229,0.15196273529926416,-0.060969552972794494,0.28339013156345927,False
stock/IBM,stock,200,400,long,2010-08-04,2015-09-21,2019-02-22,1291,861,0.3345313797758524,-0.5325853031430641,0.14477576948145454,-0.2169004749659196,-0.2926900480572429,-0.33080201552136074,0.04237442692705125,-0.07175111428626665,0.124995084026122,0.32921474051031124,0.24414856331826934,False
stock/IBM,stock,200,600,long,2011-05-19,2016-01-14,2019-02-22,1171,781,0.12334767631642445,-0.3158710799367066,0.029645867253184414,-0.20047454928543512,-0.22599570618437187,-0.27618242606945254,0.006699838705331557,-0.0553675473868315,0.1462934927192999,-0.058747796565595464,0.3947168900033338,False
stock/INTC,stock,5,20,long,2009-01-30,2015-02-12,2019-02-22,1519,1013,0.582518054374901,0.3478986413988964,0.5389246939156731,0.1943873752108731,-0.18010877809668832,-0.25298194777465977,0.09706506810728364,0.04917649680365029,0.18943220487849952,0.8940474010054674,0.6578082040706263,False
stock/INTC,stock,5,35,long,2009-02-23,2015-02-23,2019-02-22,1510,1007,0.4992775926922474,0.508269744690366,0.3363218746867989,0.4597796355682452,-0.24055468179050055,-0.17789042737879396,0.08090380154446751,0.08179039587130127,0.19006201516303067,0.9399156850831206,0.671014980576114,False
stock/INTC,stock,8,21,long,2009-02-02,2015-02-12,2019-02-22,1518,1013,0.4786031948858318,0.31653569309161744,0.32952569438752183,0.15325835510893973,-0.23236477768808517,-0.2827182877816822,0.0765701647188684,0.04332893974463646,0.19243185388148332,0.8610649327256709,0.6578082040706263,False
stock/INTC,stock,9,21,long,2009-02-02,2015-02-12,2019-02-22,1518,1013,0.47197896329280603,0.28113233390850867,0.319890298658262,0.12235298418651273,-0.23350484361783289,-0.2956647319110459,0.07469593416305934,0.03617546226802173,0.19169406827370963,0.8610649327256709,0.6578082040706263,False
stock/INTC,stock,10,20,long,2009-01-30,2015-02-12,2019-02-22,1519,1013,0.4354637746311152,0.30489841074316953,0.26984583909582605,0.13695456068137976,-0.24892960490658586,-0.2989206513943332,0.06717261811181012,0.04093854649030277,0.19196517714654954,0.8940474010054674,0.6578082040706263,False
stock/INTC,stock,10,30,long,2009-02-13,2015-02-19,2019-02-22,1513,1009,0.6534014934307163,0.670940786794812,0.5434570930340263,0.652104104472234,-0.2096526652938786,-0.17852505788985795,0.11393722802744696,0.11641692300111955,0.19131041253133535,0.8494929983535431,0.6570945047775949,True
stock/INTC,stock,10,100,long,2009-05-27,2015-03-31,2019-02-22,1471,981,0.5126136475050498,0.10429680213108253,0.2449810468702991,0.0005411461431523786,-0.3468293805892902,-0.3334032891804546,0.0849666247421417,0.00018041990405432014,0.20646868061177628,0.7608935060837048,0.7674035752711237,False
stock/INTC,stock,12,26,long,2009-02-09,2015-02-17,2019-02-22,1515,1011,0.574188210830315,0.5743975820970855,0.46011601329376506,0.4580548846342794,-0.21201178347137045,-0.2087292805771537,0.09755001658214793,0.09560946653456427,0.1904055931629267,0.8098634163803726,0.6412920007297814,False
stock/INTC,stock,13,48,long,2009-03-12,2015-03-02,2019-02-22,1502,1002,0.5002920951538731,0.4510519605663294,0.3171991774496312,0.31813291952815165,-0.2659690278346249,-0.22355405268498266,0.08436515685622109,0.07111990345302376,0.1937837016923206,0.8420028809501809,0.6650722539298488,False
stock/INTC,stock,20,50,long,2009-03-16,2015-03-03,2019-02-22,1501,1001,0.5151140442730122,0.512604260163037,0.31421359487083184,0.34932891504251934,-0.2800200586657742,-0.24000762578487037,0.08798610926931413,0.08384160351735975,0.19342028500062355,0.8568816395931135,0.6642496906099731,False
stock/INTC,stock,20,60,long,2009-03-30,2015-03-09,2019-02-22,1495,997,0.4744907638758341,0.3409451944903933,0.2390596941335668,0.19742708363008074,-0.326794529420069,-0.24845474250929156,0.07812340024768459,0.04905169522767208,0.1977729216730132,0.819274046129796,0.7068672951607716,False
stock/INTC,stock,20,100,long,2009-05-27,2015-03-31,2019-02-22,1471,981,0.5063202502063561,0.25841430878956745,0.24164612085322315,0.12321168696658696,-0.35099405912347953,-0.2635517288550651,0.08481635282971568,0.03247265311519309,0.20563113133691321,0.7608935060837048,0.7674035752711237,False
stock/INTC,stock,21,55,long,2009-03-23,2015-03-05,2019-02-22,1498,999,0.4500282106987273,0.40381841396415086,0.23120365999307763,0.25062511865548015,-0.317808679188988,-0.24845474250929156,0.07347852980605986,0.062268999321907964,0.19819940293617025,0.7971527683565682,0.675776999616884,False
stock/INTC,stock,30,90,long,2009-05-12,2015-03-25,2019-02-22,1477,985,0.6820420803556808,0.163945231527441,0.4344289318849917,0.042948887664768225,-0.28709411519503203,-0.2950084195851167,0.12472198981464454,0.012670283472921987,0.20418499144099464,0.739542104618892,0.8066477624264597,False
stock/INTC,stock,30,200,long,2009-10-16,2015-05-28,2019-02-22,1411,941,0.27712251207701394,0.29304573625704927,0.09734828992563653,0.14218079986866788,-0.3785034421129187,-0.2862582309330339,0.03684666282065979,0.0407004242430486,0.21551272695870755,0.6567566042807786,0.6948035130868554,False
stock/INTC,stock,40,100,long,2009-05-27,2015-03-31,2019-02-22,1471,981,0.5147573635680316,0.4746531923512029,0.24775115923096758,0.31389436884740674,-0.3561830986858243,-0.2471974690992272,0.0882447755978911,0.07759389354357825,0.1993782192475271,0.7608935060837048,0.7674035752711237,False
stock/INTC,stock,50,150,long,2009-08-06,2015-04-29,2019-02-22,1441,961,0.3514307333982542,0.17288133214059187,0.1346544929428699,0.04904656712168106,-0.3945706213580138,-0.29780437554612915,0.053130706949116466,0.014606282294353536,0.2021605074913578,0.6712596625055101,0.7270728079358908,False
stock/INTC,stock,50,200,long,2009-10-16,2015-05-28,2019-02-22,1411,941,0.40324356635291997,0.05348896044709426,0.2178627842328258,-0.03604311694267866,-0.30478988404355833,-0.3387610135392814,0.06640237274372975,-0.012210002826616669,0.21885747542930006,0.6567566042807786,0.6948035130868554,False
stock/INTC,stock,60,120,long,2009-06-24,2015-04-13,2019-02-22,1459,973,0.5112996393551236,0.30395269534235925,0.241120296249766,0.15804332972182233,-0.3723427925673686,-0.2624466730032475,0.08977940445030907,0.04147794607584753,0.19872105323887285,0.749795682691002,0.7565236536290941,False
stock/INTC,stock,60,132,long,2009-07-13,2015-04-20,2019-02-22,1452,968,0.5046182735820907,0.25144724718915074,0.2459889675492943,0.11707213253560218,-0.35892128551733454,-0.26270259313016475,0.0882906764558746,0.030755152800381023,0.20035160961742368,0.7575991202073206,0.7287056679903728,False
stock/INTC,stock,60,180,long,2009-09-18,2015-05-15,2019-02-22,1423,949,0.3566950689973559,0.2152517243400103,0.16720870537643706,0.0759361644464482,-0.3325201252238589,-0.30823211254857885,0.05560025965029218,0.02340596438616501,0.21149216600852283,0.6520674674882405,0.7229193891477226,False
stock/INTC,stock,60,400,long,2010-08-04,2015-09-21,2019-02-22,1291,861,0.39214214391480084,0.8091681328576081,0.1924158869334975,0.7486780151707421,-0.3286729260482977,-0.2523130196516449,0.06324189257661103,0.18890121075452992,0.25366986596212,0.5462919890728349,0.914137800505386,False
stock/INTC,stock,62,758,long,2012-01-04,2016-04-15,2019-02-22,1076,718,0.4002197472366521,0.9420996737860436,0.2032429641999177,0.9198215169628695,-0.32374678759962355,-0.25231301965164477,0.06579925676194864,0.2320829444854582,0.2564235639527513,0.4941197236089375,0.9420996737860436,False
stock/INTC,stock,74,758,long,2012-01-04,2016-04-15,2019-02-22,1076,718,0.3900358718949746,0.9420996737860436,0.19602124083107228,0.9198215169628695,-0.32787757305941506,-0.25231301965164477,0.0642709687117871,0.2320829444854582,0.2564235639527513,0.4941197236089375,0.9420996737860436,False
stock/INTC,stock,80,144,long,2009-07-29,2015-04-24,2019-02-22,1444,964,0.3970444050855696,0.3070628048506025,0.21051287718944575,0.14862165574215344,-0.3085703752827593,-0.28796887557969575,0.0649580375162007,0.04279841109086056,0.20487007348938155,0.6303749144934429,0.751231755563037,False
stock/INTC,stock,80,300,long,2010-03-12,2015-07-24,2019-02-22,1351,901,0.3769483140550144,0.7300740929296696,0.1996343795621249,0.6408430213981453,-0.3061812968504678,-0.25231301965164477,0.06112431323026993,0.16169303785164965,0.24720705310639038,0.47659873094039856,0.925950914647681,False
stock/INTC,stock,100,200,long,2009-10-16,2015-05-28,2019-02-22,1411,941,0.5088772725962126,0.3550763674229435,0.3252039843371253,0.17268625979111726,-0.28463759650625253,-0.33737440831195703,0.09256528047597633,0.05825992472063308,0.24189975043454057,0.6567566042807786,0.6948035130868554,False
stock/INTC,stock,100,250,long,2009-12-29,2015-06-25,2019-02-22,1381,921,0.5233491677138477,0.5246621992451592,0.32047267404708385,0.41121025474468026,-0.3015377961243159,-0.2523130196516449,0.09663462385022392,0.1037537010863524,0.24574681111590022,0.6082439686846839,0.7703743859289894,False
stock/INTC,stock,100,300,long,2010-03-12,2015-07-24,2019-02-22,1351,901,0.3660015557533928,0.7399037571228663,0.18632032738222684,0.6546270804350551,-0.31479883455189384,-0.25231301965164493,0.058653421913252325,0.165170935410309,0.2483472623577583,0.47659873094039856,0.925950914647681,False
stock/INTC,stock,100,400,long,2010-08-04,2015-09-21,2019-02-22,1291,861,0.3764519515123,0.8461266723058507,0.17057753061572709,0.7959651373289938,-0.3557472993910119,-0.25231301965164477,0.06068249585333256,0.20083236733691454,0.2547117452357681,0.5462919890728349,0.914137800505386,False
stock/INTC,stock,116,378,long,2010-07-02,2015-09-08,2019-02-22,1304,870,0.43531671439689856,0.894943881820758,0.20236784949020423,0.8555006300621927,-0.37064155182822717,-0.2523130196516447,0.07500593377519041,0.21585394728487645,0.25472102467276386,0.6201862603188816,0.894943881820758,False
stock/INTC,stock,120,398,long,2010-08-02,2015-09-18,2019-02-22,1292,862,0.3627668476239965,0.9190986882667301,0.1626449273374855,0.8874575547757434,-0.35409243350952035,-0.2523130196516447,0.05759133811890936,0.2239170954581327,0.25541626953109137,0.5314019969087059,0.9190986882667301,False
stock/INTC,stock,134,750,long,2011-12-21,2016-04-12,2019-02-22,1081,721,0.5655091731863687,0.9222996013122774,0.33838382128039024,0.894085401214172,-0.3189216269282513,-0.2523130196516449,0.10791791880894068,0.22558938740680018,0.25610617511666145,0.5655091731863687,0.9222996013122774,False
stock/INTC,stock,150,400,long,2010-08-04,2015-09-21,2019-02-22,1291,861,0.3732793079650232,0.914137800505386,0.16839448549520863,0.8817664880311494,-0.35733195861221423,-0.2523130196516447,0.060172731321499,0.22248116522276515,0.2555560268070737,0.5462919890728349,0.914137800505386,False
stock/INTC,stock,150,500,long,2010-12-27,2015-11-16,2019-02-22,1231,821,0.5018801882108446,0.823648627666162,0.2817274748190025,0.7770410537655872,-0.32881677803469633,-0.25231301965164493,0.09263672055383546,0.19605757466889148,0.25778077221306983,0.6444503265906051,0.823648627666162,False
stock/INTC,stock,150,710,long,2011-10-25,2016-03-18,2019-02-22,1105,737,0.5419597490854307,0.8757674132487955,0.3266476955581106,0.83084320796863,-0.3189216269282513,-0.2523130196516449,0.10417501449975676,0.2096325586596246,0.2541783630214073,0.5419597490854307,0.8757674132487955,False
stock/INTC,stock,162,678,long,2011-09-09,2016-03-01,2019-02-22,1124,750,0.6732904523888503,0.9633456409958449,0.43909960598757075,0.9342141223144508,-0.3189216269282513,-0.25231301965164477,0.1400383607251102,0.2357143862023701,0.25289935642924305,0.6732904523888503,0.9633456409958449,False
stock/INTC,stock,174,698,long,2011-10-07,2016-03-11,2019-02-22,1112,742,0.6074485484940616,0.9099565030407143,0.38082731087693306,0.8713595237670988,-0.31892162692825127,-0.25231301965164493,0.12145406556358242,0.21985535264389597,0.2537709865757258,0.6074485484940616,0.9099565030407143,False
stock/INTC,stock,200,400,long,2010-08-04,2015-09-21,2019-02-22,1291,861,0.41149266281043123,0.914137800505386,0.21468620489844545,0.8817664880311494,-0.32615591708004255,-0.2523130196516447,0.0700211760430864,0.22248116522276515,0.2555560268070737,0.5462919890728349,0.914137800505386,False
stock/INTC,stock,200,600,long,2011-05-19,2016-01-14,2019-02-22,1171,781,0.5600393587695931,0.8339481798057155,0.34315060362690625,0.7903299206736183,-0.3189216269282513,-0.2523130196516449,0.10943814879010444,0.19941052880620558,0.25803013415284376,0.5600393587695931,0.8339481798057155,False
stock/JNJ,stock,5,20,long,2009-01-30,2015-02-12,2019-02-22,1519,1013,0.5510441781444294,0.29095538296413914,0.36054094018939636,0.14761210940280947,-0.14177800637716867,-0.18395961236803118,0.05111677571740263,0.02715466642656824,0.11519237843838151,0.9118058032570663,0.7552897008489577,False
stock/JNJ,stock,5,35,long,2009-02-23,2015-02-23,2019-02-22,1510,1007,0.5158349629446435,0.35240939242076574,0.38472423281594226,0.27206258564311125,-0.12486253708709516,-0.12650728726945043,0.048037643788284824,0.03441789967722254,0.11506940550312372,1.0251944376030855,0.7203715792320524,False
stock/JNJ,stock,8,21,long,2009-02-02,2015-02-12,2019-02-22,1518,1013,0.45062260793191666,0.2217671736829487,0.2525713188938047,0.1375305031125975,-0.1612935451271326,-0.13668328130650892,0.040738123421817284,0.01879812044516487,0.1133683560622197,0.9121068790154774,0.7552897008489577,False
stock/JNJ,stock,9,21,long,2009-02-02,2015-02-12,2019-02-22,1518,1013,0.4895644588892286,0.09907153149093798,0.28454385862268605,0.03184787518608858,-0.15793350929127462,-0.1482613388825413,0.04493901013956112,0.004721808615653558,0.11356887739507117,0.9121068790154774,0.7552897008489577,False
stock/JNJ,stock,10,20,long,2009-01-30,2015-02-12,2019-02-22,1519,1013,0.46710605364434393,0.17120260465980586,0.27336314813226964,0.0940883394802223,-0.1554741943026512,-0.1377868848434561,0.04250091520790091,0.012964139197073395,0.11319380281089884,0.9118058032570663,0.7552897008489577,False
stock/JNJ,stock,10,30,long,2009-02-13,2015-02-19,2019-02-22,1513,1009,0.3993829954436337,0.5274869063341406,0.21569989922659602,0.4022898259664075,-0.1681152137634388,-0.13636455275145098,0.0362624346672314,0.05485807219436821,0.11367573578757365,0.9559989813917289,0.7224241979868651,False
stock/JNJ,stock,10,100,long,2009-05-27,2015-03-31,2019-02-22,1471,981,0.6180235563743481,0.44667600734773183,0.2838613853532771,0.337469222244919,-0.2296116687332371,-0.1402725273164104,0.06517788637989443,0.04733766069579817,0.11988688032263072,1.0746367210323509,0.731764884579134,False
stock/JNJ,stock,12,26,long,2009-02-09,2015-02-17,2019-02-22,1515,1011,0.3977328851051548,0.4814318210408767,0.23302164453350083,0.36110736696195084,-0.15457312244027577,-0.13636533271819892,0.03601888319171124,0.049242526242759176,0.11339421506357737,0.920720103885345,0.7255016808127875,False
stock/JNJ,stock,13,48,long,2009-03-12,2015-03-02,2019-02-22,1502,1002,0.455347388746146,0.5092042433163179,0.2628272829424524,0.3856798376529692,-0.16307395163018132,-0.14013691693201943,0.04286028362564946,0.054047983371528885,0.11702927438494118,1.2067037270864898,0.676557583274232,False
stock/JNJ,stock,20,50,long,2009-03-16,2015-03-03,2019-02-22,1501,1001,0.49082805699415505,0.36630460657259906,0.2883748952061478,0.26620777533504203,-0.16325160226289484,-0.13770025400298333,0.047077663694798016,0.03665687828120441,0.11736883755283213,1.1592156884168083,0.6904231913758311,False
stock/JNJ,stock,20,60,long,2009-03-30,2015-03-09,2019-02-22,1495,997,0.5106198593077751,0.4767466150522401,0.25776972491332184,0.364540969083747,-0.19445665495753425,-0.13683709109407738,0.05012503845596835,0.04988272579403594,0.11659374815483728,1.0939390039750405,0.7195476310804038,False
stock/JNJ,stock,20,100,long,2009-05-27,2015-03-31,2019-02-22,1471,981,0.5109588027444888,0.21138927845315447,0.2107433002931641,0.09800613575667509,-0.2542693501602181,-0.18765326579251138,0.05358556201616254,0.018391171442444305,0.12196923745341512,1.0746367210323509,0.731764884579134,False
stock/JNJ,stock,21,55,long,2009-03-23,2015-03-05,2019-02-22,1498,999,0.5101693583752744,0.461540795345881,0.26609768830432673,0.3509136966299956,-0.18608813678315156,-0.13683709109407738,0.049517623018855976,0.048018009471918144,0.11657820542025121,1.1122471485127774,0.6886732643869219,False
stock/JNJ,stock,30,90,long,2009-05-12,2015-03-25,2019-02-22,1477,985,0.7068305238259183,0.5044247955318316,0.40870525082185105,0.32784849429827684,-0.19544885969981154,-0.17367178672902656,0.07988097522645625,0.05693803378120282,0.12565260245456647,1.0603972614876116,0.7337161672045379,False
stock/JNJ,stock,30,200,long,2009-10-16,2015-05-28,2019-02-22,1411,941,0.6384969224674278,0.520674840805747,0.375159086595299,0.3173765852630629,-0.20332993420520937,-0.20214174774734833,0.07628107239390859,0.06415505763916085,0.13791104344799313,0.9842397062229756,0.7325777773468436,False
stock/JNJ,stock,40,100,long,2009-05-27,2015-03-31,2019-02-22,1471,981,0.6823500503283916,0.4417978741455255,0.37609788188979,0.29093378840296263,-0.21088129350833754,-0.1691017361769953,0.07931200781866486,0.04919740873149157,0.1272947113043381,1.0746367210323509,0.731764884579134,False
stock/JNJ,stock,50,150,long,2009-08-06,2015-04-29,2019-02-22,1441,961,0.7109728214293085,0.61976820738982,0.4633176472511879,0.4598376785528106,-0.18560360663933972,-0.1691017361769953,0.08599342634947384,0.07775934980287935,0.135915394777054,0.9700751672123433,0.745437070500735,False
stock/JNJ,stock,50,200,long,2009-10-16,2015-05-28,2019-02-22,1411,941,0.7377876696941672,0.5151693685167662,0.4783872929760294,0.2969602439346003,-0.19190139613692433,-0.2184211056717834,0.09180318941626389,0.06486238482075792,0.1417121857067847,0.9842397062229756,0.7325777773468436,False
stock/JNJ,stock,60,120,long,2009-06-24,2015-04-13,2019-02-22,1459,973,0.7486140498860631,0.37835080754382644,0.45013068137147483,0.21510239891072194,-0.20262398527109018,-0.19545563696238166,0.0912072725522795,0.04204297639123147,0.1322519608040021,1.0531941812546914,0.7377116913534685,False
stock/JNJ,stock,60,132,long,2009-07-13,2015-04-20,2019-02-22,1452,968,0.7719641487567391,0.525524595642524,0.4736839137702615,0.35459136127570073,-0.1992137417308028,-0.1798098938673712,0.09436434485986474,0.06375903503727043,0.13522319334940774,1.005780436954853,0.7453986374680647,False
stock/JNJ,stock,60,180,long,2009-09-18,2015-05-15,2019-02-22,1423,949,0.7427816195969754,0.5535093978942879,0.47031484505270343,0.31538967267658874,-0.19688251249339397,-0.2235205925230836,0.09259676835691753,0.07049608651233251,0.14133257129956295,0.9727477406158953,0.7219449275008575,False
stock/JNJ,stock,60,400,long,2010-08-04,2015-09-21,2019-02-22,1291,861,0.8377533344399277,0.7332732388053255,0.7794417434964598,0.5878013847830381,-0.14545333583123954,-0.18282865420284455,0.11337240167767743,0.10746693611845125,0.1559850434251804,0.9217589797013748,0.9358811695825207,False
stock/JNJ,stock,62,758,long,2012-01-04,2016-04-15,2019-02-22,1076,718,1.1733459908309856,0.7081177419982368,1.1312015866941456,0.5817896298267519,-0.14545333583123962,-0.18282865420284453,0.16453704428225469,0.10636781505039614,0.161369625135354,1.1733459908309856,0.7081177419982368,False
stock/JNJ,stock,74,758,long,2012-01-04,2016-04-15,2019-02-22,1076,718,1.1733459908309856,0.7081177419982368,1.1312015866941456,0.5817896298267519,-0.14545333583123962,-0.18282865420284453,0.16453704428225469,0.10636781505039614,0.161369625135354,1.1733459908309856,0.7081177419982368,False
stock/JNJ,stock,80,144,long,2009-07-29,2015-04-24,2019-02-22,1444,964,0.7057381546353361,0.5865789277074266,0.4105241317061951,0.3287659969172622,-0.21214375768405916,-0.22694406698522065,0.08709013192013784,0.074611492426854,0.13945655486139302,0.9499620648830295,0.7330841606463995,False
stock/JNJ,stock,80,300,long,2010-03-12,2015-07-24,2019-02-22,1351,901,0.8033913891628635,0.4925124005143168,0.7006547005561877,0.30889363553411153,-0.15148508783083386,-0.2162754203902396,0.1061387388528407,0.06680610088100943,0.15636192779006475,0.886491210247167,0.789270044232175,False
stock/JNJ,stock,100,200,long,2009-10-16,2015-05-28,2019-02-22,1411,941,0.8791704092470232,0.5006404709876289,0.7149535702132175,0.2779133645250185,-0.16177628284455933,-0.2327247435009711,0.11566253099554098,0.06467731647457682,0.14700091072567717,0.9842397062229756,0.7325777773468436,False
stock/JNJ,stock,100,250,long,2009-12-29,2015-06-25,2019-02-22,1381,921,0.7842573786309555,0.44164037260399686,0.6780022533588829,0.2337390007677745,-0.15160952522945326,-0.2456981918551852,0.1027915997362397,0.057429249854679947,0.1533017813276587,0.8662393313005511,0.7770892810219792,False
stock/JNJ,stock,100,300,long,2010-03-12,2015-07-24,2019-02-22,1351,901,0.886491210247167,0.5191707039304871,0.9301406447016908,0.3403297030706589,-0.12856563202173146,-0.2114507204301827,0.11958411985517364,0.07196296089808099,0.15816798904935594,0.886491210247167,0.789270044232175,False
stock/JNJ,stock,100,400,long,2010-08-04,2015-09-21,2019-02-22,1291,861,0.9217589797013748,0.9358811695825207,0.874121190300985,0.8078774159073289,-0.14545333583123954,-0.18282865420284458,0.12714384305005202,0.14770314071120869,0.1612520447117058,0.9217589797013748,0.9358811695825207,False
stock/JNJ,stock,116,378,long,2010-07-02,2015-09-08,2019-02-22,1304,870,0.9370921495475213,0.9120664071504477,0.89450643919764,0.7832333232298113,-0.14545333583123954,-0.18282865420284458,0.13010894550382057,0.14319749441292798,0.16112425854218215,0.9370921495475213,0.9120664071504477,False
stock/JNJ,stock,120,398,long,2010-08-02,2015-09-18,2019-02-22,1292,862,0.9486711205923849,0.9302288865639823,0.9037022014778411,0.801761100743085,-0.14545333583123954,-0.18282865420284458,0.13144649980298692,0.14658490304104954,0.161168753686215,0.9486711205923849,0.9302288865639823,False
stock/JNJ,stock,134,750,long,2011-12-21,2016-04-12,2019-02-22,1081,721,1.1730231239113613,0.7180618424531182,1.130591327504321,0.5904137952326872,-0.14545333583123954,-0.18282865420284453,0.1644482800473729,0.10794455960518602,0.16104561407338808,1.1730231239113613,0.7180618424531182,False
stock/JNJ,stock,150,400,long,2010-08-04,2015-09-21,2019-02-22,1291,861,0.9217589797013748,0.9358811695825207,0.874121190300985,0.8078774159073289,-0.14545333583123954,-0.18282865420284458,0.12714384305005202,0.14770314071120869,0.1612520447117058,0.9217589797013748,0.9358811695825207,False
stock/JNJ,stock,150,500,long,2010-12-27,2015-11-16,2019-02-22,1231,821,0.989957323953232,0.8169626876749609,0.9664180787715737,0.690616104858083,-0.14545333583123962,-0.18282865420284455,0.1405687333649431,0.12626441302201388,0.16173619181496043,0.989957323953232,0.8169626876749609,False
stock/JNJ,stock,150,710,long,2011-10-25,2016-03-18,2019-02-22,1105,737,1.144535974924398,0.7501495261045811,1.121714327581766,0.6170740789495082,-0.14545333583123962,-0.1828286542028445,0.16315709079646376,0.11281882339779839,0.15972490996531893,1.144535974924398,0.7501495261045811,False
stock/JNJ,stock,162,678,long,2011-09-09,2016-03-01,2019-02-22,1124,750,1.1059217659855523,0.7482968524385882,1.098052348247594,0.6111325844349602,-0.14545333583123954,-0.18282865420284444,0.15971537696993846,0.11173254795174997,0.1585649133412664,1.1059217659855523,0.7482968524385882,False
stock/JNJ,stock,174,698,long,2011-10-07,2016-03-11,2019-02-22,1112,742,1.1445371043158614,0.7430459615110715,1.1336568909499272,0.6086608986901637,-0.14545333583123962,-0.18282865420284458,0.16489417647673874,0.11128065297341656,0.1592963250960794,1.1445371043158614,0.7430459615110715,False
stock/JNJ,stock,200,400,long,2010-08-04,2015-09-21,2019-02-22,1291,861,0.9217589797013748,0.9358811695825207,0.874121190300985,0.8078774159073289,-0.14545333583123954,-0.18282865420284458,0.12714384305005202,0.14770314071120869,0.1612520447117058,0.9217589797013748,0.9358811695825207,False
stock/JNJ,stock,200,600,long,2011-05-19,2016-01-14,2019-02-22,1171,781,0.8873864396908115,0.8865102883305843,0.8605368574334764,0.7602124398431322,-0.14545333583123962,-0.18282865420284458,0.12516795651943102,0.13898861728478082,0.1617334897391462,0.8873864396908115,0.8865102883305843,False
stock/JPM,stock,5,20,long,2009-01-30,2015-02-12,2019-02-22,1519,1013,0.3062851623822407,0.20909627238237669,0.12432228586405451,0.0825385387605594,-0.3933102148543135,-0.24040906580204674,0.04889722496437066,0.01984301299609211,0.14251425477227664,0.602570087869006,0.9007979630756773,False
stock/JPM,stock,5,35,long,2009-02-23,2015-02-23,2019-02-22,1510,1007,0.3199495544164406,0.3599951925727101,0.1421976225453395,0.13471889118634056,-0.3715312114218272,-0.3222180972542463,0.05283085496557371,0.043408864782264515,0.14876989957964626,0.7266353938732498,0.9085612337113459,False
stock/JPM,stock,8,21,long,2009-02-02,2015-02-12,2019-02-22,1518,1013,0.3029519290283358,0.32455440879339775,0.11159466745414928,0.12962790614248584,-0.4279945766591075,-0.28421657289256624,0.04776191245445251,0.03684239923505656,0.14296188696673767,0.6079740984430133,0.9007979630756773,False
stock/JPM,stock,9,21,long,2009-02-02,2015-02-12,2019-02-22,1518,1013,0.30267135713302357,0.34522722794800814,0.11669072753157578,0.14298205553313723,-0.40858450514709527,-0.2796096060208445,0.047678023163743415,0.03997915621567101,0.14328498567090608,0.6079740984430133,0.9007979630756773,False
stock/JPM,stock,10,20,long,2009-01-30,2015-02-12,2019-02-22,1519,1013,0.2800855592063449,0.3547529354667564,0.09601543280141843,0.15032637012212866,-0.42782454818963184,-0.27539604750788965,0.0410777591574988,0.041399288167842344,0.14328501144934105,0.602570087869006,0.9007979630756773,False
stock/JPM,stock,10,30,long,2009-02-13,2015-02-19,2019-02-22,1513,1009,0.21965357370713767,0.6553350708361967,0.054994128335540814,0.33281785757743676,-0.4277906810891912,-0.2705461262407013,0.023525975616567395,0.09004258211130495,0.14836418018707384,0.6197152792452923,0.9097650432740048,False
stock/JPM,stock,10,100,long,2009-05-27,2015-03-31,2019-02-22,1471,981,0.1755927187874347,0.5583180296297771,0.034492095584988613,0.31414105307235485,-0.43639066515682284,-0.26007860076600336,0.015052028534985893,0.08170136552621685,0.165180019343157,0.542829289041368,0.9029805473212102,False
stock/JPM,stock,12,26,long,2009-02-09,2015-02-17,2019-02-22,1515,1011,0.3220310994147592,0.6696287635074081,0.1389648768769231,0.36341438023588213,-0.3836341952214042,-0.2533705576733858,0.053311678704719916,0.09207850418689333,0.1478760518002226,0.580808872652102,0.8913210812083774,False
stock/JPM,stock,13,48,long,2009-03-12,2015-03-02,2019-02-22,1502,1002,0.4982136245305035,0.44001410765674764,0.2640611044106023,0.2459073627769922,-0.37957214606884565,-0.23598101606588634,0.10023024009444186,0.05802946932619714,0.15587752099299593,0.6935715200918596,0.8647519774627007,False
stock/JPM,stock,20,50,long,2009-03-16,2015-03-03,2019-02-22,1501,1001,0.3817312499525607,0.3925485107683437,0.16270433018172628,0.1907572717420917,-0.4173558240969433,-0.26513911878227425,0.06790559980713554,0.050577214931009015,0.15732995042486533,0.6978725078273411,0.8613515293743376,False
stock/JPM,stock,20,60,long,2009-03-30,2015-03-09,2019-02-22,1495,997,0.4309598097813436,0.391967536639199,0.20552085730198547,0.19012835884825155,-0.39138031149128216,-0.2703529287430756,0.08043681714880642,0.05140175865173926,0.16108114599724332,0.6895770064523083,0.8729714304961578,False
stock/JPM,stock,20,100,long,2009-05-27,2015-03-31,2019-02-22,1471,981,0.38048789259208865,0.7111416390334333,0.17912360501784985,0.4461081089376975,-0.32950966539971027,-0.2522347820736531,0.059022959154621565,0.11252398163918961,0.17042382041460288,0.542829289041368,0.9029805473212102,False
stock/JPM,stock,21,55,long,2009-03-23,2015-03-05,2019-02-22,1498,999,0.446649882052267,0.4021715296171515,0.20192097946311585,0.19498207439102383,-0.41865352406501366,-0.2703529287430756,0.0845349296348927,0.05271397486401353,0.1594469443106746,0.6109564658742771,0.8616578149245014,False
stock/JPM,stock,30,90,long,2009-05-12,2015-03-25,2019-02-22,1477,985,0.3106297226037024,0.6343084126982007,0.1396131158176631,0.31848587601383055,-0.3180948692112498,-0.31010844245207164,0.044410215816194615,0.0987651589536326,0.1718286910051835,0.5167889947323395,0.9194826494887541,False
stock/JPM,stock,30,200,long,2009-10-16,2015-05-28,2019-02-22,1411,941,0.36114386905830764,0.5465291891643043,0.18021416885087813,0.28432868200845746,-0.2927855219354576,-0.3128489013593543,0.052764099487169036,0.08895191579129912,0.18850353077936846,0.4493658193099493,0.809090182510381,False
stock/JPM,stock,40,100,long,2009-05-27,2015-03-31,2019-02-22,1471,981,0.29043473057971697,0.6374690804488786,0.10624748137427807,0.3449688100811582,-0.3722629305521466,-0.29062613786485997,0.03955199878017337,0.10025695295772338,0.17357961009954873,0.542829289041368,0.9029805473212102,False
stock/JPM,stock,50,150,long,2009-08-06,2015-04-29,2019-02-22,1441,961,0.34594575417834694,0.6629039401699147,0.14722384649187722,0.3821819468328806,-0.3474579969347189,-0.29330879921061853,0.051154102803092204,0.11209732790552866,0.18661513262374796,0.49140413539913674,0.8477019083421733,False
stock/JPM,stock,50,200,long,2009-10-16,2015-05-28,2019-02-22,1411,941,0.23920869192035918,0.6550247400205661,0.07204948363411383,0.4464401752539513,-0.38999317149461304,-0.25290984590181115,0.02809880662701727,0.11290911592785438,0.19133222085168036,0.4493658193099493,0.809090182510381,False
stock/JPM,stock,60,120,long,2009-06-24,2015-04-13,2019-02-22,1459,973,0.4607533779039084,0.6997376437471612,0.22500496210425094,0.3639186376751574,-0.3448247277954242,-0.32254296976873126,0.07758727481021807,0.11737939814993617,0.18246437431307236,0.5891236589384508,0.8694797760574254,False
stock/JPM,stock,60,132,long,2009-07-13,2015-04-20,2019-02-22,1452,968,0.5180098369864288,0.6909084359289519,0.2598097211816297,0.39801981395369185,-0.34613661995279227,-0.29508252951302383,0.08992965872068669,0.11744869349775854,0.18577612663768706,0.581843388719656,0.8505380202817653,False
stock/JPM,stock,60,180,long,2009-09-18,2015-05-15,2019-02-22,1423,949,0.23866063288330241,0.6258126272710761,0.07133059914205434,0.3900172154045638,-0.3948285191671404,-0.27152921106077826,0.028163354830562207,0.10590106679892282,0.18966448912017447,0.45814186549565145,0.8108481905478118,False
stock/JPM,stock,60,400,long,2010-08-04,2015-09-21,2019-02-22,1291,861,0.21661162549303553,0.8558267440424682,0.05327529272995375,0.7192437756425849,-0.44356014966866103,-0.23149970195383865,0.023630796816940015,0.166504719693412,0.2043505872827175,0.5111659658355167,0.9758246231942272,False
stock/JPM,stock,62,758,long,2012-01-04,2016-04-15,2019-02-22,1076,718,0.599556062657705,1.1832261108494098,0.3458903945964776,1.0818220413370543,-0.3256337073366734,-0.21786027525198984,0.11263357152459585,0.2356860476993602,0.19499428026005416,0.8130527385147716,1.1832261108494098,False
stock/JPM,stock,74,758,long,2012-01-04,2016-04-15,2019-02-22,1076,718,0.5549898126520967,1.1832261108494098,0.3151070259255552,1.0818220413370543,-0.32563370733667346,-0.21786027525198984,0.10260946905997181,0.2356860476993602,0.19499428026005416,0.8130527385147716,1.1832261108494098,False
stock/JPM,stock,80,144,long,2009-07-29,2015-04-24,2019-02-22,1444,964,0.3486671323486073,0.6642672062875666,0.12916089363282116,0.3988706804822745,-0.40479947526430726,-0.2845000948583584,0.052284261967235006,0.11347874643342507,0.18869146505406395,0.5268564325629865,0.8654197644678994,False
stock/JPM,stock,80,300,long,2010-03-12,2015-07-24,2019-02-22,1351,901,0.023319025468122836,0.5932891840968353,-0.02820914786598943,0.3864607138157649,-0.5886384015521927,-0.27252218529964023,-0.016604987708985466,0.10531911826153112,0.20385741380381686,0.5404578294607117,0.7739905180587293,False
stock/JPM,stock,100,200,long,2009-10-16,2015-05-28,2019-02-22,1411,941,0.15820154617124538,0.5564012185592249,0.023172644038115812,0.3465283788152162,-0.49136518042108424,-0.27045337934969654,0.011386230418622337,0.09371977109114701,0.195367922875651,0.4493658193099493,0.809090182510381,False
stock/JPM,stock,100,250,long,2009-12-29,2015-06-25,2019-02-22,1381,921,0.09800319550432683,0.594337287698596,-0.0022195785673149353,0.38072554150394156,-0.5703904433957296,-0.27219089711802336,-0.0012660264031624242,0.10363002669770309,0.19942057608629588,0.5495469542626223,0.7744320022303733,False
stock/JPM,stock,100,300,long,2010-03-12,2015-07-24,2019-02-22,1351,901,0.1182683120238627,0.6348051905977735,0.0037584567627918296,0.48605777061956673,-0.548446970774245,-0.24252553052304643,0.002061314226339154,0.11788141868435963,0.21040298035973937,0.5404578294607117,0.7739905180587293,False
stock/JPM,stock,100,400,long,2010-08-04,2015-09-21,2019-02-22,1291,861,0.1802596132712233,0.9758246231942272,0.03209670376060895,0.9237043914950294,-0.4887810486604863,-0.21960241068391784,0.015688260522655414,0.20284771113162986,0.21238618879405627,0.5111659658355167,0.9758246231942272,False
stock/JPM,stock,116,378,long,2010-07-02,2015-09-08,2019-02-22,1304,870,0.32472496401166084,0.9281096102238293,0.09734529254019562,0.8699579250863022,-0.4922582596773131,-0.21960241068391786,0.04791902429361563,0.1910448575425312,0.21276179088682146,0.6261321495109761,0.9281096102238293,False
stock/JPM,stock,120,398,long,2010-08-02,2015-09-18,2019-02-22,1292,862,0.19979715644489102,0.9866031032279922,0.042434007726189014,0.9358895558525824,-0.4699890948281816,-0.21960241068391786,0.019943520881163638,0.20552360259912827,0.2123020299500879,0.49890771526273864,0.9866031032279922,False
stock/JPM,stock,134,750,long,2011-12-21,2016-04-12,2019-02-22,1081,721,0.4314529336163012,1.2478565612469312,0.22422285460871977,1.1621663854079043,-0.32563370733667346,-0.21786027525198978,0.07301451941584934,0.25318988861357605,0.19638943159396172,0.8504796973054848,1.2478565612469312,False
stock/JPM,stock,150,400,long,2010-08-04,2015-09-21,2019-02-22,1291,861,0.08060221029178327,0.9758246231942272,-0.011953849447153947,0.9237043914950294,-0.5436050511884987,-0.21960241068391784,-0.006498172940619728,0.20284771113162986,0.21238618879405627,0.5111659658355167,0.9758246231942272,False
stock/JPM,stock,150,500,long,2010-12-27,2015-11-16,2019-02-22,1231,821,0.17377413388065432,0.8944870311775106,0.02632974950316265,0.8353305140493806,-0.5396838573420557,-0.21786027525198978,0.014209740774716893,0.18198533571718417,0.21204759548693036,0.5713286239621842,0.8944870311775106,False
stock/JPM,stock,150,710,long,2011-10-25,2016-03-18,2019-02-22,1105,737,0.4040122901310324,1.2033946345205635,0.20160404606061905,1.1093172047549946,-0.32563370733667346,-0.21786027525198978,0.06564907293279286,0.24167615156969105,0.1958879845088733,0.7666430699130743,1.2033946345205635,False
stock/JPM,stock,162,678,long,2011-09-09,2016-03-01,2019-02-22,1124,750,0.3072290743990982,1.2225287836889844,0.11717699569184552,1.1289308746139335,-0.38217826829941964,-0.21786027525198978,0.044782501298038076,0.24594919108386112,0.19558492422746732,0.7533324090021589,1.2225287836889844,False
stock/JPM,stock,174,698,long,2011-10-07,2016-03-11,2019-02-22,1112,742,0.39019776760651115,1.2284037169992783,0.1862263394318091,1.1379091473418594,-0.33763343143519,-0.21786027525198978,0.06287623800597614,0.24790520005165448,0.19599184283895676,0.8131881671439746,1.2284037169992783,False
stock/JPM,stock,200,400,long,2010-08-04,2015-09-21,2019-02-22,1291,861,0.02694993311448319,0.9758246231942272,-0.033551149181637235,0.9237043914950294,-0.5492861961149132,-0.21960241068391784,-0.0184291831092655,0.20284771113162986,0.21238618879405627,0.5111659658355167,0.9758246231942272,False
stock/JPM,stock,200,600,long,2011-05-19,2016-01-14,2019-02-22,1171,781,-0.029313219163663504,1.1407059659503618,-0.06887260930572643,1.1104802818286723,-0.49421477601749114,-0.21786027525198978,-0.03403786118176976,0.24192953986110174,0.20913218200269734,0.46005479573054675,1.1407059659503618,False
stock/KO,stock,5,20,long,2009-01-30,2015-02-12,2019-02-22,1519,1013,0.6681448433034981,-0.45628226993577414,0.5161753848172358,-0.19617910616502926,-0.14883695201749136,-0.2714555769484177,0.07682597098265306,-0.053253912449252906,0.10718347246583974,1.0420421982193369,0.4317217189521429,False
stock/KO,stock,5,35,long,2009-02-23,2015-02-23,2019-02-22,1510,1007,0.4326325282421911,-0.5165797811593814,0.3071424125515997,-0.20467689720356452,-0.15639097480899694,-0.2927805618540699,0.04803430130413177,-0.05992541696180734,0.10815342218774603,1.0838703652607877,0.44689734935177633,False
stock/KO,stock,8,21,long,2009-02-02,2015-02-12,2019-02-22,1518,1013,0.6473315897188785,-0.5165782779882075,0.5309966597079014,-0.21347030068517034,-0.14295672091882622,-0.27970837302168916,0.0759095412906914,-0.05970943049309977,0.10778704743534384,1.05395061253974,0.4317217189521429,False
stock/KO,stock,9,21,long,2009-02-02,2015-02-12,2019-02-22,1518,1013,0.5661215834555654,-0.6705450062565717,0.45969384913590045,-0.24454343684600824,-0.1409571589440872,-0.3066641998088582,0.06479713895826836,-0.07499271737888916,0.10751277458826383,1.05395061253974,0.4317217189521429,False
stock/KO,stock,10,20,long,2009-01-30,2015-02-12,2019-02-22,1519,1013,0.5401337571801923,-0.695786250105874,0.436588057113957,-0.25636807426991953,-0.14089548590890846,-0.3022091603234138,0.06151328644909725,-0.07747678045884296,0.10748090920247029,1.0420421982193369,0.4317217189521429,False
stock/KO,stock,10,30,long,2009-02-13,2015-02-19,2019-02-22,1513,1009,0.5307006000041598,-0.5739407493092887,0.4287304699623267,-0.24681667798018295,-0.1416123986958788,-0.26886379828872914,0.0607135502453765,-0.06636006952275812,0.10912332843974734,1.0429793544053017,0.4353501870538662,False
stock/KO,stock,10,100,long,2009-05-27,2015-03-31,2019-02-22,1471,981,0.5816768476112292,0.23600803799267275,0.3885515905754032,0.1567275458350614,-0.18993903514853455,-0.13275740209916603,0.07380111421932052,0.020806741822440723,0.11615291631600423,0.986874787334937,0.5021255787920024,False
stock/KO,stock,12,26,long,2009-02-09,2015-02-17,2019-02-22,1515,1011,0.5083003201558468,-0.5757066850931527,0.3594599079244891,-0.2414625177805502,-0.15950197038428465,-0.27495885306984624,0.05733456358810955,-0.06639225694829744,0.10889221408658743,1.0509166186944128,0.44751111146910444,False
stock/KO,stock,13,48,long,2009-03-12,2015-03-02,2019-02-22,1502,1002,0.5017494298291274,-0.2886561957116187,0.3220533809758916,-0.22437643599618767,-0.18393873212750725,-0.1719681986789327,0.05923809057408256,-0.03858561152426323,0.11367048620013197,1.1564523411472634,0.39196129663956936,False
stock/KO,stock,20,50,long,2009-03-16,2015-03-03,2019-02-22,1501,1001,0.6206820072339293,-0.2420745378996959,0.4577843171690877,-0.19419506014362733,-0.16867399164472405,-0.1719453025611504,0.0772163080892644,-0.0333909283722768,0.11341180331657508,1.1396708327326783,0.4026601703457994,False
stock/KO,stock,20,60,long,2009-03-30,2015-03-09,2019-02-22,1495,997,0.7404893977038807,0.0945835304875237,0.6426966166495038,0.02982111530496541,-0.15048219175856214,-0.1410564230971798,0.09671439550922974,0.004206459857686985,0.11470534464730882,1.0420326402671158,0.47140124582356996,False
stock/KO,stock,20,100,long,2009-05-27,2015-03-31,2019-02-22,1471,981,0.6097831872666813,0.2646683545687838,0.4489066481927127,0.2147533124944482,-0.17576758548362675,-0.11272051797797879,0.07890323766038099,0.024207104621860945,0.11612900963101426,0.986874787334937,0.5021255787920024,False
stock/KO,stock,21,55,long,2009-03-23,2015-03-05,2019-02-22,1498,999,0.7533994381770185,-0.09980730647368635,0.6950843509594776,-0.11752859600506865,-0.14078601120322884,-0.1519591125328602,0.09785815322137006,-0.017859541146163293,0.1143299075741059,1.059772541476747,0.4265021425448997,False
stock/KO,stock,30,90,long,2009-05-12,2015-03-25,2019-02-22,1477,985,0.7613899169382533,0.2669609058134785,0.6880304396000471,0.21418392284653298,-0.15002895330305577,-0.11356651531471124,0.1032244866938364,0.02432412175411572,0.11512477132442457,1.0293238396969595,0.5052548474788789,False
stock/KO,stock,30,200,long,2009-10-16,2015-05-28,2019-02-22,1411,941,0.6261431900614252,0.13760477903927978,0.5220104161706774,0.08219367442067449,-0.1619832359733332,-0.11315130684417499,0.08455693642311271,0.009300321675023955,0.12137737996169995,0.8306076360681457,0.48817880471672237,False
stock/KO,stock,40,100,long,2009-05-27,2015-03-31,2019-02-22,1471,981,0.6643918123981126,0.18340111570093337,0.4855907661089053,0.12890373906061306,-0.18392171434506285,-0.11315130684417496,0.0893106861728823,0.01458562653180889,0.1161225909782173,0.986874787334937,0.5021255787920024,False
stock/KO,stock,50,150,long,2009-08-06,2015-04-29,2019-02-22,1441,961,0.6768696161101345,0.12618938517980224,0.5341539169621167,0.07053846829176445,-0.173564057550133,-0.11188941395639775,0.09270992118424178,0.00789250787854747,0.11939775649638737,0.9347269261150499,0.5118920160414742,False
stock/KO,stock,50,200,long,2009-10-16,2015-05-28,2019-02-22,1411,941,0.6277464474066119,0.1036800493560121,0.44788461802803786,0.04585947815834616,-0.1928412740884504,-0.11188941395639775,0.08637064038514576,0.005131190135483574,0.12259875670304055,0.8306076360681457,0.48817880471672237,False
stock/KO,stock,60,120,long,2009-06-24,2015-04-13,2019-02-22,1459,973,0.7322662118489507,0.09585020257404721,0.5403333504052487,0.037328441690485055,-0.18707969834886462,-0.11442827870779657,0.10108540020164528,0.004271429329486556,0.11842812507598482,0.9712518711142406,0.4978809776103471,False
stock/KO,stock,60,132,long,2009-07-13,2015-04-20,2019-02-22,1452,968,0.722038816340361,0.09513698634994817,0.594030974315237,0.037338466319046894,-0.16835776083405793,-0.11188941395639775,0.10000972470178708,0.004177779114468852,0.11878837836753359,0.9390757685140299,0.501453089969013,False
stock/KO,stock,60,180,long,2009-09-18,2015-05-15,2019-02-22,1423,949,0.6410449833419403,0.021820137001760345,0.4375750182829054,-0.03795117290470563,-0.2020929880633289,-0.1262280076360948,0.08843084294665812,-0.004790500943213935,0.12144280415024662,0.8621929539461696,0.46853482972020805,False
stock/KO,stock,60,400,long,2010-08-04,2015-09-21,2019-02-22,1291,861,0.7758601512960158,0.2884958602133229,0.798649945537319,0.21172428320001055,-0.13849553275803883,-0.14555974439035005,0.1106094496943697,0.03081853254382362,0.13897106726139877,0.7758601512960158,0.5936509322170023,False
stock/KO,stock,62,758,long,2012-01-04,2016-04-15,2019-02-22,1076,718,0.7517633062469543,0.2545197425332965,0.7464325541888903,0.19129985620394238,-0.13849553275803844,-0.1362706344144218,0.10337757426033377,0.02606855276829889,0.14001438383009202,0.7517633062469543,0.2545197425332965,False
stock/KO,stock,74,758,long,2012-01-04,2016-04-15,2019-02-22,1076,718,0.7517633062469543,0.2545197425332965,0.7464325541888903,0.19129985620394238,-0.13849553275803844,-0.1362706344144218,0.10337757426033377,0.02606855276829889,0.14001438383009202,0.7517633062469543,0.2545197425332965,False
stock/KO,stock,80,144,long,2009-07-29,2015-04-24,2019-02-22,1444,964,0.7395759992853401,0.06252196026831608,0.5053211316564878,0.0016719297593350434,-0.20844746712654086,-0.12681082678155575,0.10533290997931218,0.00021201879510196437,0.1202418480092659,0.9471969473369359,0.49254516010427063,False
stock/KO,stock,80,300,long,2010-03-12,2015-07-24,2019-02-22,1351,901,0.8602069343968289,0.1166645217210846,0.9835539367116803,0.048077445459723846,-0.1279321602413165,-0.13713436378000735,0.12582817983737637,0.006593069895287232,0.1340503907908862,0.8602069343968289,0.5218460365112658,False
stock/KO,stock,100,200,long,2009-10-16,2015-05-28,2019-02-22,1411,941,0.8306076360681457,-0.0012666390600221153,0.8786907164329671,-0.06540806140590948,-0.1387831233110357,-0.13190538777220068,0.12194744205097878,-0.008627675703174402,0.12977749767313235,0.8306076360681457,0.48817880471672237,False
stock/KO,stock,100,250,long,2009-12-29,2015-06-25,2019-02-22,1381,921,0.7492482948246527,0.10191881750504765,0.8445444777071415,0.03262879750823286,-0.12793216024131646,-0.1421725198693738,0.10804439945294894,0.0046389183620530105,0.1330682294909193,0.7492482948246527,0.5325780813444938,False
stock/KO,stock,100,300,long,2010-03-12,2015-07-24,2019-02-22,1351,901,0.8602069343968289,0.24589887896930973,0.9835539367116803,0.18025182278353374,-0.1279321602413165,-0.13627063441442183,0.12582817983737637,0.02456303024506808,0.1374099866535745,0.8602069343968289,0.5218460365112658,False
stock/KO,stock,100,400,long,2010-08-04,2015-09-21,2019-02-22,1291,861,0.7758601512960158,0.5936509322170023,0.798649945537319,0.5596785317306113,-0.13849553275803883,-0.13627063441442178,0.1106094496943697,0.07626774858706249,0.14061701272193627,0.7758601512960158,0.5936509322170023,False
stock/KO,stock,116,378,long,2010-07-02,2015-09-08,2019-02-22,1304,870,0.9053279639789855,0.6209805227717059,0.956134068578503,0.5904595847305287,-0.13849553275803878,-0.13627063441442178,0.13242029721589096,0.08046230220730517,0.14071505347440733,0.9053279639789855,0.6209805227717059,False
stock/KO,stock,120,398,long,2010-08-02,2015-09-18,2019-02-22,1292,862,0.7718307701702145,0.6043999026035058,0.7934734263044353,0.5714200519093791,-0.13849553275803878,-0.13627063441442178,0.10989252490537918,0.0778677729908129,0.14056191939148743,0.7718307701702145,0.6043999026035058,False
stock/KO,stock,134,750,long,2011-12-21,2016-04-12,2019-02-22,1081,721,0.7719009999728546,0.22414718902500413,0.7683303218870486,0.15934981645740448,-0.1384955327580385,-0.13627063441442178,0.10641031726390202,0.021714700582472178,0.14000974696056714,0.7719009999728546,0.22414718902500413,False
stock/KO,stock,150,400,long,2010-08-04,2015-09-21,2019-02-22,1291,861,0.7758601512960158,0.5936509322170023,0.798649945537319,0.5596785317306113,-0.13849553275803883,-0.13627063441442178,0.1106094496943697,0.07626774858706249,0.14061701272193627,0.7758601512960158,0.5936509322170023,False
stock/KO,stock,150,500,long,2010-12-27,2015-11-16,2019-02-22,1231,821,0.6656620262849947,0.4697417205347374,0.6747918114822425,0.4235836811004172,-0.1384955327580385,-0.1362706344144218,0.09345565143199507,0.057722016951149986,0.14074884040450775,0.6656620262849947,0.4697417205347374,False
stock/KO,stock,150,710,long,2011-10-25,2016-03-18,2019-02-22,1105,737,0.7946173684449618,0.27702113353754915,0.8058036562749543,0.21441702198833357,-0.1384955327580385,-0.1362706344144218,0.11160020667417513,0.029218743615601245,0.13937925741551982,0.7946173684449618,0.27702113353754915,False
stock/KO,stock,162,678,long,2011-09-09,2016-03-01,2019-02-22,1124,750,0.6634645196677489,0.39616599701182725,0.6624201244187528,0.33997773860407837,-0.1384955327580385,-0.13627063441442183,0.0917422280410213,0.046328982126358234,0.13892098705339612,0.6634645196677489,0.39616599701182725,False
stock/KO,stock,174,698,long,2011-10-07,2016-03-11,2019-02-22,1112,742,0.8004089814454568,0.2972257101637269,0.8131883510137932,0.23558068616109923,-0.1384955327580385,-0.13627063441442178,0.1126229539062861,0.032102729558957786,0.13926194762212762,0.8004089814454568,0.2972257101637269,False
stock/KO,stock,200,400,long,2010-08-04,2015-09-21,2019-02-22,1291,861,0.7758601512960158,0.5936509322170023,0.798649945537319,0.5596785317306113,-0.13849553275803883,-0.13627063441442178,0.1106094496943697,0.07626774858706249,0.14061701272193627,0.7758601512960158,0.5936509322170023,False
stock/KO,stock,200,600,long,2011-05-19,2016-01-14,2019-02-22,1171,781,0.6028318253271009,0.480417841749316,0.6100118355445334,0.4315425175280466,-0.1384955327580385,-0.1362706344144218,0.08448391415244912,0.058806572640343655,0.1393601501449747,0.6028318253271009,0.480417841749316,False
stock/MCD,stock,5,20,long,2009-01-30,2015-02-12,2019-02-22,1519,1013,0.13186624045445977,0.5130196878099597,0.04428947909003088,0.29896159016205426,-0.19504012248955793,-0.20373823167927985,0.008638225426718337,0.060909905719642526,0.13217826786091483,0.8140619534506087,1.2043952745009787,False
stock/MCD,stock,5,35,long,2009-02-23,2015-02-23,2019-02-22,1510,1007,0.4800904907145998,0.7530511069120781,0.3710291658328726,0.6055986831531366,-0.14050248008713556,-0.1670586485895496,0.0521305179841797,0.10117049759517384,0.14113070577886438,0.8931926199873453,1.2211507301677729,False
stock/MCD,stock,8,21,long,2009-02-02,2015-02-12,2019-02-22,1518,1013,0.3430490077418959,0.4345318742998245,0.20762587719666703,0.22344003022170447,-0.16595493196595787,-0.22996539921769305,0.0344565383245452,0.05138347575114767,0.1366623389917114,0.8165305049843524,1.2043952745009787,False
stock/MCD,stock,9,21,long,2009-02-02,2015-02-12,2019-02-22,1518,1013,0.2685790715720381,0.5276135372084073,0.15321528014952943,0.31987540189380675,-0.1659549319659579,-0.2022676264834502,0.025426831393360334,0.06470043831150002,0.13632489960567698,0.8165305049843524,1.2043952745009787,False
stock/MCD,stock,10,20,long,2009-01-30,2015-02-12,2019-02-22,1519,1013,0.2345952703932296,0.53426590563147,0.12235682457887047,0.3372138749148074,-0.1722529456055938,-0.19513827441156378,0.021076323448657355,0.06580333365851243,0.13664892396383982,0.8140619534506087,1.2043952745009787,False
stock/MCD,stock,10,30,long,2009-02-13,2015-02-19,2019-02-22,1513,1009,0.5309357407432747,0.6109810993111061,0.34563295181102416,0.3888122127155432,-0.17215812126387042,-0.20327383412669928,0.05950351963067178,0.07903534923397425,0.14059160644248775,0.8311238292240667,1.2217926689590355,False
stock/MCD,stock,10,100,long,2009-05-27,2015-03-31,2019-02-22,1471,981,0.5338024669949586,0.869920849853828,0.3133745125599146,0.5519584323298736,-0.1991056731519567,-0.22630104795570383,0.062394643271908114,0.12490877166423785,0.14782111106366355,0.9160350167324426,1.1949626634103996,False
stock/MCD,stock,12,26,long,2009-02-09,2015-02-17,2019-02-22,1515,1011,0.47689360962911215,0.5247326116873107,0.29405358273529664,0.3238677297030173,-0.17763587974671094,-0.20327383412669933,0.05223446686185667,0.06583383516664183,0.14010420906161336,0.7899189517882335,1.2179908279729426,False
stock/MCD,stock,13,48,long,2009-03-12,2015-03-02,2019-02-22,1502,1002,0.31361846117234754,0.595698863695331,0.13153981014006835,0.34337289005024574,-0.23971406968976255,-0.2250947391215976,0.03153194321489448,0.07729143110728909,0.1417695578132217,1.0024474237192271,1.133690544356268,False
stock/MCD,stock,20,50,long,2009-03-16,2015-03-03,2019-02-22,1501,1001,0.5292346163200343,0.7831084789621451,0.2777197352247462,0.6200490801269662,-0.2109519364944953,-0.17749178172554894,0.05858551594839871,0.1100536159890229,0.14707940416238346,1.0105611432397372,1.1381465261125636,False
stock/MCD,stock,20,60,long,2009-03-30,2015-03-09,2019-02-22,1495,997,0.510473653229874,0.8564640113522449,0.28328129087505594,0.6984506161316545,-0.2013383311055373,-0.1755009883823827,0.057035382338206035,0.12257877346738955,0.14769266655779342,0.9639473888145105,1.1735463572650222,False
stock/MCD,stock,20,100,long,2009-05-27,2015-03-31,2019-02-22,1471,981,0.5197510177694035,0.9556897281784439,0.3069211934167021,0.6298506200500791,-0.19639609775856726,-0.2267157093950971,0.060278124706442754,0.14279703013759545,0.1516710296528826,0.9160350167324426,1.1949626634103996,False
stock/MCD,stock,21,55,long,2009-03-23,2015-03-05,2019-02-22,1498,999,0.46178023193673723,0.7810199070448679,0.2381333483989547,0.6011252451619471,-0.21235484717626132,-0.18324544839047624,0.05056877080683142,0.11015346508853596,0.14770532885206872,0.9469135386596907,1.14935102057337,False
stock/MCD,stock,30,90,long,2009-05-12,2015-03-25,2019-02-22,1477,985,0.5222222132488382,0.9598118518099565,0.3090943079800145,0.651091833679502,-0.19519828849846885,-0.2193078263255276,0.06033467990231745,0.14278953478255352,0.15088957564825564,0.9893570626942714,1.1808868613221148,False
stock/MCD,stock,30,200,long,2009-10-16,2015-05-28,2019-02-22,1411,941,0.636569383563233,1.1015330455348626,0.374352868569046,1.1325358938374583,-0.21141964264458127,-0.16344465789416607,0.0791455496958416,0.18510694172112696,0.16678422216047065,0.9133572611032974,1.245705041554117,False
stock/MCD,stock,40,100,long,2009-05-27,2015-03-31,2019-02-22,1471,981,0.5038709963323859,0.9559525541771313,0.23701549777712727,0.5638841684697697,-0.24482407379626553,-0.2564765005082403,0.058027099718646016,0.14462303822112554,0.15362142324526068,0.9160350167324426,1.1949626634103996,False
stock/MCD,stock,50,150,long,2009-08-06,2015-04-29,2019-02-22,1441,961,0.5853646000033059,1.1507890972046562,0.2772222222382039,1.176741853109789,-0.25094644092097,-0.163444657894166,0.06956793001487946,0.19233216961127642,0.16461932384870775,0.9854922749659255,1.228018651975203,False
stock/MCD,stock,50,200,long,2009-10-16,2015-05-28,2019-02-22,1411,941,0.6368692809496964,1.16310563469158,0.42152278067925525,1.2148506482298784,-0.18794790519651475,-0.16344465789416607,0.07922432362127595,0.19856084859243836,0.16781508747561905,0.9133572611032974,1.245705041554117,False
stock/MCD,stock,60,120,long,2009-06-24,2015-04-13,2019-02-22,1459,973,0.5556362613243013,1.007365416404811,0.2607218407453887,0.901788138065004,-0.2463553150775418,-0.17677872364533373,0.0642302112244269,0.1594169560456334,0.159430718392963,0.9477162432054334,1.2017192535552927,False
stock/MCD,stock,60,132,long,2009-07-13,2015-04-20,2019-02-22,1452,968,0.49240525702310545,1.0040002607230083,0.2218819649522967,0.8053587193148226,-0.2547040251024508,-0.2011901946578614,0.05651422957099089,0.1620302775083551,0.16273868307242034,0.9174471160357641,1.2268532842885898,False
stock/MCD,stock,60,180,long,2009-09-18,2015-05-15,2019-02-22,1423,949,0.6737982866128378,1.1641222519694514,0.47335073040644177,1.2153691156582629,-0.17633414222455387,-0.163444657894166,0.08346789501758596,0.19864558932389986,0.16771408880008404,0.9551360618977186,1.2236237790879256,False
stock/MCD,stock,60,400,long,2010-08-04,2015-09-21,2019-02-22,1291,861,0.7416887849290648,1.3265669228754735,0.665865736368532,1.4243816312603408,-0.1549604590293476,-0.163444657894166,0.10318286015958227,0.2328075684320805,0.16846382393831397,0.7416887849290648,1.3265669228754735,False
stock/MCD,stock,62,758,long,2012-01-04,2016-04-15,2019-02-22,1076,718,0.7026563581019113,1.0012254431837384,0.6320823985684179,1.0050989344035324,-0.15496045902934732,-0.16344465789416607,0.0979477786265329,0.1642780514833762,0.16558978058977558,0.7026563581019113,1.0012254431837384,False
stock/MCD,stock,74,758,long,2012-01-04,2016-04-15,2019-02-22,1076,718,0.7026563581019113,1.0012254431837384,0.6320823985684179,1.0050989344035324,-0.15496045902934732,-0.16344465789416607,0.0979477786265329,0.1642780514833762,0.16558978058977558,0.7026563581019113,1.0012254431837384,False
stock/MCD,stock,80,144,long,2009-07-29,2015-04-24,2019-02-22,1444,964,0.6901720118728708,1.0341948461919992,0.4601041317988625,1.049372387811492,-0.18100953247755086,-0.16344465789416598,0.08328323378790155,0.1715143109294334,0.16642562485266757,0.9724988037265223,1.1962895919420309,False
stock/MCD,stock,80,300,long,2010-03-12,2015-07-24,2019-02-22,1351,901,0.673387695095831,1.2906089136294618,0.5628139249888033,1.4119610909910936,-0.1596660239192084,-0.16344465789416598,0.08986226160932582,0.23077749747691265,0.17240180563508756,0.7890893955896647,1.2906089136294618,False
stock/MCD,stock,100,200,long,2009-10-16,2015-05-28,2019-02-22,1411,941,0.5931485948167372,1.245705041554117,0.3583897041232582,1.3379030410957076,-0.20843457029031504,-0.16344465789416598,0.07470080397540448,0.21867310484745223,0.1704044552070245,0.9133572611032974,1.245705041554117,False
stock/MCD,stock,100,250,long,2009-12-29,2015-06-25,2019-02-22,1381,921,0.5396923364192122,1.273950109718692,0.36597309570908293,1.3847128073151393,-0.1861884060876156,-0.16344465789416598,0.06813994736102455,0.22632391107329314,0.17171776063893088,0.8180814189839821,1.273950109718692,False
stock/MCD,stock,100,300,long,2010-03-12,2015-07-24,2019-02-22,1351,901,0.7272873081899197,1.2906089136294618,0.6366711644833938,1.4119610909910936,-0.15496045902934763,-0.16344465789416598,0.09865885589909598,0.23077749747691265,0.17240180563508756,0.7890893955896647,1.2906089136294618,False
stock/MCD,stock,100,400,long,2010-08-04,2015-09-21,2019-02-22,1291,861,0.7416887849290648,1.3265669228754735,0.665865736368532,1.4243816312603408,-0.1549604590293476,-0.163444657894166,0.10318286015958227,0.2328075684320805,0.16846382393831397,0.7416887849290648,1.3265669228754735,False
stock/MCD,stock,116,378,long,2010-07-02,2015-09-08,2019-02-22,1304,870,0.8047294167937348,1.3328797006185038,0.734930661021217,1.4331946451226039,-0.15496045902934763,-0.163444657894166,0.11388519258658966,0.23424800846781466,0.16855434261172614,0.8047294167937348,1.3328797006185038,False
stock/MCD,stock,120,398,long,2010-08-02,2015-09-18,2019-02-22,1292,862,0.7382587375825528,1.3405778431825435,0.6618867563127897,1.4417993052933038,-0.15496045902934763,-0.163444657894166,0.10256627558367584,0.23565439420571027,0.16841975270942727,0.7382587375825528,1.3405778431825435,False
stock/MCD,stock,134,750,long,2011-12-21,2016-04-12,2019-02-22,1081,721,0.699730403806673,1.001639438969302,0.6299822994774744,1.0039052031571538,-0.1549604590293473,-0.16344465789416607,0.09762234630739317,0.16408294248819427,0.165307652754098,0.699730403806673,1.001639438969302,False
stock/MCD,stock,150,400,long,2010-08-04,2015-09-21,2019-02-22,1291,861,0.7416887849290648,1.3265669228754735,0.665865736368532,1.4243816312603408,-0.1549604590293476,-0.163444657894166,0.10318286015958227,0.2328075684320805,0.16846382393831397,0.7416887849290648,1.3265669228754735,False
stock/MCD,stock,150,500,long,2010-12-27,2015-11-16,2019-02-22,1231,821,0.7961466074581065,1.1841243756682045,0.7482068467708348,1.2123343769790418,-0.15496045902934757,-0.163444657894166,0.11594247642450929,0.19814957749867637,0.16404675491213822,0.7961466074581065,1.1841243756682045,False
stock/MCD,stock,150,710,long,2011-10-25,2016-03-18,2019-02-22,1105,737,0.7715021316565318,1.0467249268714012,0.708637106281935,1.0488690713705635,-0.15496045902934732,-0.16344465789416607,0.10981073127467704,0.17143204654593341,0.1639991504661099,0.7715021316565318,1.0467249268714012,False
stock/MCD,stock,162,678,long,2011-09-09,2016-03-01,2019-02-22,1124,750,0.7994815596304213,1.1217513552119833,0.7494757698058857,1.1334134104057432,-0.15496045902934727,-0.16344465789416607,0.11613910932049346,0.18525036711642673,0.1634062993339459,0.7994815596304213,1.1217513552119833,False
stock/MCD,stock,174,698,long,2011-10-07,2016-03-11,2019-02-22,1112,742,0.8082703255182312,1.0849713823798537,0.753550245183048,1.091498604508802,-0.1549604590293473,-0.16344465789416607,0.11677049189524233,0.1783996160059008,0.16363257498960626,0.8082703255182312,1.0849713823798537,False
stock/MCD,stock,200,400,long,2010-08-04,2015-09-21,2019-02-22,1291,861,0.7416887849290648,1.3265669228754735,0.665865736368532,1.4243816312603408,-0.1549604590293476,-0.163444657894166,0.10318286015958227,0.2328075684320805,0.16846382393831397,0.7416887849290648,1.3265669228754735,False
stock/MCD,stock,200,600,long,2011-05-19,2016-01-14,2019-02-22,1171,781,0.7893054985410415,1.12279702802984,0.7452487877904299,1.1464848423974094,-0.15496045902934727,-0.16344465789416607,0.11548409424706964,0.1873868228464915,0.16511940897259275,0.7893054985410415,1.12279702802984,False
stock/MMM,stock,5,20,long,2009-01-30,2015-02-12,2019-02-22,1519,1013,0.753687829238358,0.29342361204485495,0.6981325245389741,0.1041545414349642,-0.16062360857000904,-0.2844737762098078,0.11213656535154042,0.02962923571140516,0.12710882547352761,1.1079359751983462,0.549736559491383,False
stock/MMM,stock,5,35,long,2009-02-23,2015-02-23,2019-02-22,1510,1007,0.9602245318368133,0.27162388384415526,0.7250231906046212,0.08955095242053904,-0.20988569006073352,-0.2965035032966439,0.15217199267008563,0.026552171116240895,0.12561191902371238,1.2735303122860755,0.5277007438617669,False
stock/MMM,stock,8,21,long,2009-02-02,2015-02-12,2019-02-22,1518,1013,0.8003342689219117,0.34309998227537064,0.7997016951123267,0.13168642348926693,-0.15531600143506422,-0.2735262053487854,0.12420646962568942,0.03601968771297234,0.12653706294666456,1.16163129354349,0.549736559491383,False
stock/MMM,stock,9,21,long,2009-02-02,2015-02-12,2019-02-22,1518,1013,0.7801733796187513,0.5100146202723274,0.6838065844811075,0.2621039596412537,-0.1763866916033529,-0.22077139928121875,0.1206143811332112,0.05786505792714767,0.12588060931718897,1.16163129354349,0.549736559491383,False
stock/MMM,stock,10,20,long,2009-01-30,2015-02-12,2019-02-22,1519,1013,0.7306315506351697,0.6310988497011852,0.622788409320233,0.3654587212930905,-0.17638669160335277,-0.200931077454759,0.10985158708891059,0.07343201463465915,0.12463280893037443,1.1079359751983462,0.549736559491383,True
stock/MMM,stock,10,30,long,2009-02-13,2015-02-19,2019-02-22,1513,1009,1.0167181001682581,0.5613113381403995,0.7824235391892943,0.2943958488446365,-0.20683002171833084,-0.21351584887991276,0.161828677603455,0.06285817957278504,0.12189939718751885,1.1990582946817518,0.5411626835802655,True
stock/MMM,stock,10,100,long,2009-05-27,2015-03-31,2019-02-22,1471,981,1.183707118267892,0.5425928729029409,1.2318045205803272,0.24952775211745243,-0.1517821470519647,-0.25316635390762976,0.18696593488199809,0.06317203120234227,0.12811427702049052,1.1798575973974332,0.5721017205353608,False
stock/MMM,stock,12,26,long,2009-02-09,2015-02-17,2019-02-22,1515,1011,1.0096957043648291,0.5541273135190072,0.7232584852498865,0.26750582899547315,-0.22314656046181905,-0.23250131235636193,0.16139264330833744,0.06219545630442404,0.12248191454728392,1.1187518390852864,0.5420069260310783,True
stock/MMM,stock,13,48,long,2009-03-12,2015-03-02,2019-02-22,1502,1002,1.0051124818097985,0.3505111978531619,0.6867472907260559,0.13910492699516938,-0.22961224583578793,-0.2651325549690344,0.15768558774525246,0.03688124470301026,0.1261216372521651,1.278590199713676,0.5155148483442688,False
stock/MMM,stock,20,50,long,2009-03-16,2015-03-03,2019-02-22,1501,1001,0.9811117064720042,0.4588395482332267,0.6166120496238837,0.18872866474238062,-0.24907294674390903,-0.2718523791619131,0.15358138019762219,0.05130633652626724,0.1266014917994663,1.277189836069216,0.5341551657942165,False
stock/MMM,stock,20,60,long,2009-03-30,2015-03-09,2019-02-22,1495,997,1.0419344856207242,0.7666016135741561,0.6405172855474274,0.49937061069461686,-0.2590116545133507,-0.1872117960414266,0.16590144187403943,0.09348806891844326,0.1271956522858635,1.2757192842431935,0.5517169399434972,True
stock/MMM,stock,20,100,long,2009-05-27,2015-03-31,2019-02-22,1471,981,1.1899079038383178,0.5401154005929799,1.1603310096365684,0.30382000102058415,-0.166367262959028,-0.20264889927846833,0.19304109419972146,0.061568788785604504,0.12524110717422518,1.1798575973974332,0.5721017205353608,False
stock/MMM,stock,21,55,long,2009-03-23,2015-03-05,2019-02-22,1498,999,0.9843678911331825,0.6786201194164323,0.5689688258601802,0.389125730393663,-0.27217162140303247,-0.20860850761295843,0.15485716786214487,0.08117493789122446,0.12694911656742908,1.2617803782137356,0.5405152585418924,True
stock/MMM,stock,30,90,long,2009-05-12,2015-03-25,2019-02-22,1477,985,0.9245389429801365,0.2733473077816139,0.662685555012984,0.11954137848949992,-0.22050166678363411,-0.22375637712514365,0.14612326943380063,0.02674814576735608,0.12562365583571083,1.1081079187290264,0.5897832698034763,False
stock/MMM,stock,30,200,long,2009-10-16,2015-05-28,2019-02-22,1411,941,1.00457713865687,0.0956168805699342,0.8197356617685859,0.012514333866164478,-0.19781537711424604,-0.28653695744193325,0.16215631906674888,0.003585819150423315,0.1381761802197865,0.9369333910949008,0.6169411483216409,False
stock/MMM,stock,40,100,long,2009-05-27,2015-03-31,2019-02-22,1471,981,1.1730626388053669,0.30659874154143085,1.1463339030250868,0.1500269274157428,-0.16929975923477494,-0.20979438516614854,0.19407405378480705,0.031474806995552156,0.127953099297947,1.1798575973974332,0.5721017205353608,False
stock/MMM,stock,50,150,long,2009-08-06,2015-04-29,2019-02-22,1441,961,0.9147282516004396,0.14537117048095374,0.6191927544760454,0.036427490134848285,-0.23891793928547594,-0.2881671081869513,0.1479362569199144,0.010497204490667926,0.1365297283455945,0.9392058062636245,0.6535495822347216,False
stock/MMM,stock,50,200,long,2009-10-16,2015-05-28,2019-02-22,1411,941,0.9630413223175649,0.06669575777136627,0.7777145915095166,-0.0012659055371884468,-0.2014902114871786,-0.304286557753065,0.1567018775199172,-0.0003851980383516171,0.137737452446399,0.9369333910949008,0.6169411483216409,False
stock/MMM,stock,60,120,long,2009-06-24,2015-04-13,2019-02-22,1459,973,1.1955306627816706,0.2795080262610473,0.9012704345977003,0.12580377890990488,-0.22922622184578592,-0.22545317178842852,0.20659481658414033,0.028362860978208268,0.13092319597955282,1.175873524190867,0.5676840493948396,False
stock/MMM,stock,60,132,long,2009-07-13,2015-04-20,2019-02-22,1452,968,1.1646627891818022,0.1637587486130396,0.9620306578675195,0.04635213186983017,-0.20874439182341237,-0.28029603866681657,0.20081850459203265,0.012992318946875298,0.1348529445616718,1.1282818016967187,0.582096205318229,False
stock/MMM,stock,60,180,long,2009-09-18,2015-05-15,2019-02-22,1423,949,0.9725463247242243,0.22829589826344668,0.7720443502900336,0.08922865672315594,-0.20597800356328982,-0.243953679507889,0.1590241539350583,0.021767659125160228,0.13400029733161195,0.9541244602074418,0.6013384784526925,False
stock/MMM,stock,60,400,long,2010-08-04,2015-09-21,2019-02-22,1291,861,0.5734468317562674,0.6476486789450411,0.3149601445842461,0.30412688217446376,-0.27227492849021145,-0.3184366125606261,0.08575575084394227,0.0968451341482609,0.16351645214959104,0.715834306952002,0.8790334779320403,False
stock/MMM,stock,62,758,long,2012-01-04,2016-04-15,2019-02-22,1076,718,1.2700152449699482,0.6588023125393625,1.1327137464780719,0.3693874552435983,-0.18232560600401507,-0.29104008403535253,0.20652272025569274,0.10750655601570187,0.17963835640732312,1.2700152449699482,0.6588023125393625,False
stock/MMM,stock,74,758,long,2012-01-04,2016-04-15,2019-02-22,1076,718,1.2700152449699482,0.6588023125393625,1.1327137464780719,0.3693874552435983,-0.18232560600401507,-0.29104008403535253,0.20652272025569274,0.10750655601570187,0.17963835640732312,1.2700152449699482,0.6588023125393625,False
stock/MMM,stock,80,144,long,2009-07-29,2015-04-24,2019-02-22,1444,964,0.9630577012720525,0.22712055701861272,0.6515243114335827,0.08822527529722536,-0.24439318976580815,-0.24428236425274083,0.15922810468122506,0.021551878836455145,0.13341018908400806,0.9964388138306025,0.6339136918930764,False
stock/MMM,stock,80,300,long,2010-03-12,2015-07-24,2019-02-22,1351,901,0.7889115988871189,0.06898279083926488,0.5897835871901307,-0.0037320684352687705,-0.21475461507658888,-0.31959927798519494,0.12665874724550633,-0.0011927663773032354,0.1524733502366573,0.8222216258784447,0.7513332261883391,False
stock/MMM,stock,100,200,long,2009-10-16,2015-05-28,2019-02-22,1411,941,0.8910701934055848,0.17852047308165508,0.6069167109558528,0.06238627115250425,-0.2402090207521506,-0.24395367950788882,0.1457868688168214,0.015219360398430273,0.13970795409442888,0.9369333910949008,0.6169411483216409,False
stock/MMM,stock,100,250,long,2009-12-29,2015-06-25,2019-02-22,1381,921,0.7916970289396331,0.1920378478202612,0.5894453987689532,0.07147567877627421,-0.21539520175745774,-0.24395367950788882,0.1269637105928438,0.01743675483279601,0.14568454822296042,0.8242254485274463,0.6728228474458045,False
stock/MMM,stock,100,300,long,2010-03-12,2015-07-24,2019-02-22,1351,901,0.7057923381086812,0.45597365498165654,0.41967567729020305,0.2036894817027501,-0.2673253375076028,-0.3082259155807276,0.11218994207533532,0.06278237699199402,0.16275591989265786,0.8222216258784447,0.7513332261883391,False
stock/MMM,stock,100,400,long,2010-08-04,2015-09-21,2019-02-22,1291,861,0.6163907451687025,0.7155865102382485,0.35244011798735775,0.42280725620019055,-0.27112169555044874,-0.2725110934786545,0.09555416236873264,0.11521966771782355,0.1735852031545231,0.715834306952002,0.8790334779320403,False
stock/MMM,stock,116,378,long,2010-07-02,2015-09-08,2019-02-22,1304,870,0.7854896746723424,0.668374772671609,0.4777770521726593,0.38997006727786115,-0.27112169555044874,-0.2725110934786545,0.1295357244801466,0.1062711694578344,0.17385905326616896,0.8619060332698,0.8323252774830285,False
stock/MMM,stock,120,398,long,2010-08-02,2015-09-18,2019-02-22,1292,862,0.6469651423833459,0.7024702871179198,0.3882331472319203,0.3920553299497974,-0.2711216955504488,-0.2910400840353523,0.10525842914640526,0.11410381617509681,0.17599262926806955,0.7193394562664327,0.8833182185938592,False
stock/MMM,stock,134,750,long,2011-12-21,2016-04-12,2019-02-22,1081,721,1.3296308006374582,0.6660453608340956,1.1989946748337528,0.37369636703857,-0.18232560600401507,-0.2910400840353526,0.21860743068465097,0.10876062206661138,0.17929071671291993,1.3296308006374582,0.6660453608340956,False
stock/MMM,stock,150,400,long,2010-08-04,2015-09-21,2019-02-22,1291,861,0.715834306952002,0.7442260587671975,0.4542320617424031,0.42760420135652744,-0.27112169555044874,-0.29104008403535236,0.12315216675297645,0.12444996269667348,0.17934056603295825,0.715834306952002,0.8790334779320403,False
stock/MMM,stock,150,500,long,2010-12-27,2015-11-16,2019-02-22,1231,821,0.8839943558510498,0.7122377307510224,0.5820534241905222,0.412478222033084,-0.27112169555044874,-0.2910400840353526,0.15780731126747896,0.12004769640326159,0.18276869830287437,0.8839943558510498,0.7122377307510224,False
stock/MMM,stock,150,710,long,2011-10-25,2016-03-18,2019-02-22,1105,737,1.2754976738131936,0.6881309951285975,1.2138182872602612,0.38627944126613584,-0.18232560600401507,-0.29104008403535253,0.22131015480348276,0.1124228010472252,0.1779905880357283,1.2754976738131936,0.6881309951285975,False
stock/MMM,stock,162,678,long,2011-09-09,2016-03-01,2019-02-22,1124,750,1.1501182272611814,0.7485324547957171,1.1460801657108108,0.42479400015745006,-0.18232560600401507,-0.29104008403535253,0.2089597607424056,0.12363208150353781,0.17672796219109518,1.1501182272611814,0.7485324547957171,False
stock/MMM,stock,174,698,long,2011-10-07,2016-03-11,2019-02-22,1112,742,1.2580630553468595,0.7258377449583586,1.2382316669199271,0.41098976185959774,-0.18232560600401507,-0.29104008403535253,0.22576133904453743,0.11961449482928685,0.17750768257293276,1.2580630553468595,0.7258377449583586,False
stock/MMM,stock,200,400,long,2010-08-04,2015-09-21,2019-02-22,1291,861,0.715834306952002,0.8790334779320403,0.4542320617424031,0.5314215101062308,-0.27112169555044874,-0.29104008403535236,0.12315216675297645,0.1546649609595113,0.1827089533321999,0.715834306952002,0.8790334779320403,False
stock/MMM,stock,200,600,long,2011-05-19,2016-01-14,2019-02-22,1171,781,0.6773064245258251,0.9464565266139441,0.4294252351586166,0.5713017557452255,-0.2711216955504488,-0.2910400840353524,0.11642649786835432,0.1662717110016348,0.17967712297968358,0.6773064245258251,0.9464565266139441,False
stock/MRK,stock,5,20,long,2009-01-30,2015-02-12,2019-02-22,1519,1013,0.41727287073966546,-0.37791749458479595,0.25539371416809903,-0.1744991376985566,-0.2135527027964212,-0.30790348341799,0.0545400179378142,-0.053728892350821074,0.1253560605136089,0.826963936043071,0.6554184505993716,False
stock/MRK,stock,5,35,long,2009-02-23,2015-02-23,2019-02-22,1510,1007,0.4866237558880519,0.10470151435406831,0.3055252223044574,0.0187172728518588,-0.21889559292057117,-0.26334455441301263,0.06687812468852351,0.004929091878999534,0.14134435155623032,0.8488992415116622,0.6700543710687946,False
stock/MRK,stock,8,21,long,2009-02-02,2015-02-12,2019-02-22,1518,1013,0.17096938598795802,0.0945276304741628,0.06810404552111987,0.01616710723595876,-0.21511569285001797,-0.24161651397475206,0.014650248938164865,0.003906240091408345,0.12888196522693401,0.8303555047467219,0.6554184505993716,False
stock/MRK,stock,9,21,long,2009-02-02,2015-02-12,2019-02-22,1518,1013,0.21122147237345157,0.0556466200776741,0.09516625630752354,-0.004582977907222625,-0.2217367096880408,-0.2424566506313602,0.021101852546959027,-0.0011111734733027184,0.12886969863945125,0.8303555047467219,0.6554184505993716,False
stock/MRK,stock,10,20,long,2009-01-30,2015-02-12,2019-02-22,1519,1013,0.21392584386738364,0.08291928577840378,0.09591507615931685,0.009544969115061152,-0.2242666114725841,-0.24938355842740464,0.021510549119384825,0.0023803583629936256,0.12944354528712051,0.826963936043071,0.6554184505993716,False
stock/MRK,stock,10,30,long,2009-02-13,2015-02-19,2019-02-22,1513,1009,0.3712571748248718,0.12244601855797323,0.19914621532229862,0.03768912874986772,-0.23793023989760026,-0.19765229846187463,0.04738290678633367,0.007449342924436874,0.14141626999557783,0.8247250795587101,0.6693872089368171,False
stock/MRK,stock,10,100,long,2009-05-27,2015-03-31,2019-02-22,1471,981,0.5489799864438822,0.16857302845035488,0.323339017755674,0.048687938492139454,-0.25205509579428315,-0.28954994421924846,0.08149924709443582,0.014097589874549179,0.14400186750722827,0.9675096586855906,0.6906224286389254,False
stock/MRK,stock,12,26,long,2009-02-09,2015-02-17,2019-02-22,1515,1011,0.26307768515827495,0.2338371342259437,0.11285137162501464,0.1344680521477527,-0.26269606562948167,-0.1733964439805028,0.02964561132678187,0.023316282071405132,0.1400692308219072,0.7789824923743358,0.6580077774040746,False
stock/MRK,stock,13,48,long,2009-03-12,2015-03-02,2019-02-22,1502,1002,0.6909501844973482,0.3005199324745131,0.4428726556045658,0.17003661758486519,-0.23788314774575037,-0.1986962794270556,0.10535194136573374,0.033785643280473766,0.14536877379033702,0.9987592285225769,0.6658076349421163,False
stock/MRK,stock,20,50,long,2009-03-16,2015-03-03,2019-02-22,1501,1001,0.7417921694425419,0.16458542244697208,0.560907859853986,0.04386920274328222,-0.20690618026717458,-0.30840591866726264,0.11605530276422392,0.013529521773242353,0.14478054167017612,0.9511694706544145,0.6713982910414481,False
stock/MRK,stock,20,60,long,2009-03-30,2015-03-09,2019-02-22,1495,997,0.5339453336928576,0.07452554804342527,0.31002497531881157,0.0011522085975315677,-0.25049404921831064,-0.32555351917900066,0.07765941142641593,0.0003751055637547027,0.1451299347795227,0.9341886912113108,0.6974228319038562,False
stock/MRK,stock,20,100,long,2009-05-27,2015-03-31,2019-02-22,1471,981,0.5681163452046728,0.3036549016871891,0.2560727094064115,0.1246634310492418,-0.3326657299168024,-0.28263901484510984,0.08518661478645712,0.03523474933896898,0.15158374207706854,0.9675096586855906,0.6906224286389254,False
stock/MRK,stock,21,55,long,2009-03-23,2015-03-05,2019-02-22,1498,999,0.5701809141803672,0.14358642059954815,0.3471943117907648,0.03220311410278407,-0.2424052871910296,-0.3245858395428026,0.08416173686073222,0.010452674826944834,0.14520148541127376,0.8992912903280518,0.6800692656319633,False
stock/MRK,stock,30,90,long,2009-05-12,2015-03-25,2019-02-22,1477,985,0.4715942724155002,0.3558112055971944,0.1843214740030736,0.15932913374228408,-0.365757584297527,-0.2734278841467144,0.06741697706552363,0.04356502792208161,0.1521071223312555,1.0294745576546758,0.6710642094128438,False
stock/MRK,stock,30,200,long,2009-10-16,2015-05-28,2019-02-22,1411,941,0.5141931532498932,0.4340635900716484,0.1935648038185442,0.3074270159302742,-0.40336884076653756,-0.18681613696328,0.07807801052948844,0.05743232751424257,0.15684972562336638,0.84242384317089,0.6627199001792825,False
stock/MRK,stock,40,100,long,2009-05-27,2015-03-31,2019-02-22,1471,981,0.5123896246972943,0.3888451107102908,0.19884315787725734,0.2099519608228163,-0.3858801271573224,-0.2341601675243071,0.0767296230460396,0.04916238631832743,0.15354132204560758,0.9675096586855906,0.6906224286389254,False
stock/MRK,stock,50,150,long,2009-08-06,2015-04-29,2019-02-22,1441,961,0.5329717226594415,0.4620304728959318,0.18986998167710534,0.3397102456383879,-0.43369054269323076,-0.18180351819673857,0.0823448153946976,0.06176051782453719,0.15587067908829932,0.9428991167346495,0.6545555640922298,False
stock/MRK,stock,50,200,long,2009-10-16,2015-05-28,2019-02-22,1411,941,0.6193789045047696,0.5533509409475302,0.3054960978801355,0.4531850090097811,-0.3297125060963563,-0.17306533343848976,0.10072588403471722,0.07843061469360275,0.15922187459826737,0.84242384317089,0.6627199001792825,False
stock/MRK,stock,60,120,long,2009-06-24,2015-04-13,2019-02-22,1459,973,0.4970877061130599,0.44148413403067294,0.17196826083897837,0.31567248507279044,-0.43531529822784426,-0.18408576073635297,0.07486041475284358,0.05811080955815965,0.15502953430660596,0.9997522857980631,0.7110625288365738,False
stock/MRK,stock,60,132,long,2009-07-13,2015-04-20,2019-02-22,1452,968,0.5460824952024335,0.4724526501749246,0.20392221370475153,0.357051666449655,-0.4156977439752318,-0.1771871200700401,0.08477000418350031,0.06326495649442293,0.1552153633593059,0.9817138881577295,0.6944327059126143,False
stock/MRK,stock,60,180,long,2009-09-18,2015-05-15,2019-02-22,1423,949,0.6774754995068433,0.5221152173931958,0.35287486858822803,0.4207426458721314,-0.31917617540386267,-0.17306533343848976,0.11262925095213126,0.07281596629965284,0.1585425728898688,0.8809269536369085,0.6474633278078852,False
stock/MRK,stock,60,400,long,2010-08-04,2015-09-21,2019-02-22,1291,861,0.5966015152678742,0.5738591050169336,0.49018256558816053,0.3919553464688273,-0.19816366162299548,-0.2020350839914524,0.09713637206070404,0.07918873134472834,0.15306634565613444,0.6856014300573967,0.9456224898188621,False
stock/MRK,stock,62,758,long,2012-01-04,2016-04-15,2019-02-22,1076,718,0.7663191987852874,0.7927412313981971,0.6213972285945636,0.7286067176079529,-0.2129695939169687,-0.19103164122974672,0.132338715434914,0.13918693707566585,0.18609390415292032,0.7663191987852874,0.9183536196927459,False
stock/MRK,stock,74,758,long,2012-01-04,2016-04-15,2019-02-22,1076,718,0.7663191987852874,0.9183536196927459,0.6213972285945636,0.932345561364918,-0.2129695939169687,-0.18228548419176901,0.132338715434914,0.16995306208745076,0.19057743586853762,0.7663191987852874,0.9183536196927459,False
stock/MRK,stock,80,144,long,2009-07-29,2015-04-24,2019-02-22,1444,964,0.7282782571452313,0.5361315106260078,0.3927981754255791,0.42675694704355593,-0.3136590310836102,-0.17723178097900372,0.1232046951153971,0.07563489376969179,0.1595886215695185,0.898297851800683,0.6961229007478676,False
stock/MRK,stock,80,300,long,2010-03-12,2015-07-24,2019-02-22,1351,901,0.5054993894978923,0.3791472523109309,0.265726256657901,0.24085008199483005,-0.28944931136745206,-0.20745473744964463,0.07691428200188027,0.049965490524962845,0.16373807759506112,0.7315009503719261,0.72708944371563,False
stock/MRK,stock,100,200,long,2009-10-16,2015-05-28,2019-02-22,1411,941,0.6427495307283451,0.40442035128121195,0.3257703156606774,0.2667085203966223,-0.32351021706902455,-0.20028443790337397,0.10539002553403039,0.05341756609167805,0.1602137136096506,0.84242384317089,0.6627199001792825,False
stock/MRK,stock,100,250,long,2009-12-29,2015-06-25,2019-02-22,1381,921,0.5350464957096454,0.5139341444223506,0.2602407105062737,0.3548914328026489,-0.32112881354316186,-0.20369088583627712,0.08357079060050912,0.07228815032327716,0.16081355598973926,0.7294988832771041,0.7050167718870946,False
stock/MRK,stock,100,300,long,2010-03-12,2015-07-24,2019-02-22,1351,901,0.62212827108113,0.411809996827388,0.4998008405756842,0.2860182894489455,-0.2014226291790501,-0.19400651446842088,0.10067119937465357,0.05548941141020983,0.16333784806103446,0.7315009503719261,0.72708944371563,False
stock/MRK,stock,100,400,long,2010-08-04,2015-09-21,2019-02-22,1291,861,0.6024621140801969,0.6270474975602267,0.5022192130397803,0.49526004742699753,-0.19816366162299548,-0.18228548419176904,0.09952159819338212,0.09027871754606874,0.15749309788169188,0.6856014300573967,0.9456224898188621,False
stock/MRK,stock,116,378,long,2010-07-02,2015-09-08,2019-02-22,1304,870,0.6964849996218656,0.5231603594204478,0.6021155636792751,0.30745024466802534,-0.1981636616229955,-0.24184553020451116,0.11931742481887907,0.07435546743324527,0.16204269443247882,0.7360376894160626,0.8964638381074327,False
stock/MRK,stock,120,398,long,2010-08-02,2015-09-18,2019-02-22,1292,862,0.7125350619517575,0.5398986393534176,0.621763307848368,0.2998081427905345,-0.19816366162299548,-0.26207410596377423,0.12321089374605837,0.0785719509824889,0.16522984090630874,0.7125350619517575,0.9098419027437832,False
stock/MRK,stock,134,750,long,2011-12-21,2016-04-12,2019-02-22,1081,721,0.7796215841249392,0.9420606895990247,0.633654121347912,0.9604115713466338,-0.2129695939169687,-0.18228548419176901,0.13494906090727843,0.17506908830629886,0.19037632925988793,0.7796215841249392,0.9420606895990247,False
stock/MRK,stock,150,400,long,2010-08-04,2015-09-21,2019-02-22,1291,861,0.6856014300573967,0.6356529736405464,0.5938823772234698,0.5252246964362131,-0.19816366162299548,-0.19187648874056376,0.11768590644397184,0.10077827055200905,0.17499436877326768,0.6856014300573967,0.9456224898188621,False
stock/MRK,stock,150,500,long,2010-12-27,2015-11-16,2019-02-22,1231,821,0.7066964066188456,0.6239691532874002,0.5830951726401359,0.544741709067569,-0.21296959391696862,-0.18729379066964605,0.12418154213211445,0.10202673962712651,0.18211802578727143,0.7066964066188456,0.9107998639689773,False
stock/MRK,stock,150,710,long,2011-10-25,2016-03-18,2019-02-22,1105,737,0.8519648632093394,1.0307936153555863,0.7174852399444408,1.0653215943047467,-0.21296959391696862,-0.182285484191769,0.15280254019238634,0.19419266263778803,0.18950079004721676,0.8519648632093394,1.0307936153555863,False
stock/MRK,stock,162,678,long,2011-09-09,2016-03-01,2019-02-22,1124,750,0.8649843423149565,1.0504019594163816,0.7368793301564195,1.0855396268660416,-0.21296959391696862,-0.18228548419176893,0.1569328917092205,0.19787811649262854,0.1887697027533788,0.8649843423149565,1.0504019594163816,False
stock/MRK,stock,174,698,long,2011-10-07,2016-03-11,2019-02-22,1112,742,0.915227129239779,0.9928581421918254,0.7845945264593865,1.0175720881574646,-0.21296959391696862,-0.182285484191769,0.16709477768953185,0.18548862078981287,0.18933785511991003,0.915227129239779,0.9928581421918254,False
stock/MRK,stock,200,400,long,2010-08-04,2015-09-21,2019-02-22,1291,861,0.6856014300573967,0.6021135521854094,0.5938823772234698,0.5350004146729594,-0.19816366162299548,-0.182285484191769,0.11768590644397184,0.0975228096314576,0.18185412836259282,0.6856014300573967,0.9456224898188621,False
stock/MRK,stock,200,600,long,2011-05-19,2016-01-14,2019-02-22,1171,781,0.6544851625783376,1.004367385570405,0.5351343349193058,1.0365804637299936,-0.21296959391696862,-0.18228548419176893,0.11396734199879165,0.18895357173475025,0.19025579654800306,0.6544851625783376,1.004367385570405,False
stock/MSFT,stock,5,20,long,2009-01-30,2015-02-12,2019-02-22,1519,1013,0.3845908341473474,0.5166168957712987,0.22868100001025818,0.38207160419712227,-0.24731391829190616,-0.20893547272439456,0.05655599415144838,0.07982831123749351,0.1796806847056683,0.8502312869758298,1.2123757460917612,False
stock/MSFT,stock,5,35,long,2009-02-23,2015-02-23,2019-02-22,1510,1007,0.539584208511636,0.7133895562508225,0.31490272406208125,0.53708462771397,-0.2748953109902596,-0.22517766005562853,0.08656528226272572,0.12093945972048015,0.18349612483804137,0.8740247069947644,1.1837236800862805,False
stock/MSFT,stock,8,21,long,2009-02-02,2015-02-12,2019-02-22,1518,1013,0.4631446697940061,0.6581501235331365,0.27339954389925974,0.5237602308514027,-0.2599686900998963,-0.20841211721599662,0.07107532130139965,0.10915797862527998,0.18259382887704945,0.8237169769723973,1.2123757460917612,False
stock/MSFT,stock,9,21,long,2009-02-02,2015-02-12,2019-02-22,1518,1013,0.4787442490930362,0.6771384446198512,0.2865221455312048,0.5487213522760117,-0.2599686900998962,-0.20504011261416988,0.07448678685835915,0.11250988786447302,0.18168370601759723,0.8237169769723973,1.2123757460917612,False
stock/MSFT,stock,10,20,long,2009-01-30,2015-02-12,2019-02-22,1519,1013,0.37975607894340485,0.6787278128341154,0.18027590962176623,0.5502879783941225,-0.30427115107951813,-0.20504011261416988,0.054852758532521986,0.11283110906015476,0.18168385214930236,0.8502312869758298,1.2123757460917612,False
stock/MSFT,stock,10,30,long,2009-02-13,2015-02-19,2019-02-22,1513,1009,0.46522771853198847,0.9928398137266523,0.2399366662213447,1.0036933342026166,-0.3012011154711288,-0.1800134915000168,0.07226919150829295,0.18067834148510625,0.1843185113531437,0.7933609217639479,1.1979898475481243,False
stock/MSFT,stock,10,100,long,2009-05-27,2015-03-31,2019-02-22,1471,981,0.5212892586362682,0.5537301645548008,0.3329600487114594,0.3626237201547712,-0.252241540447449,-0.27000581606321067,0.08398635559443618,0.09791051348426633,0.20741598569175224,0.7569201493856501,1.2960094190968579,False
stock/MSFT,stock,12,26,long,2009-02-09,2015-02-17,2019-02-22,1515,1011,0.4155482496816762,0.9944587525541593,0.18971118361470476,0.9401163330882533,-0.3287024656913904,-0.19214541767236745,0.062358533823385555,0.18063904548185694,0.1839098266506969,0.7804808327151479,1.1948541927776184,False
stock/MSFT,stock,13,48,long,2009-03-12,2015-03-02,2019-02-22,1502,1002,0.7725377922541147,0.768776240914832,0.7060236051740388,0.7098088151374461,-0.1929175763631899,-0.1901308300036108,0.13620436276537728,0.13495653916596217,0.18748673096723154,0.8934831574990106,1.1932653353534308,False
stock/MSFT,stock,20,50,long,2009-03-16,2015-03-03,2019-02-22,1501,1001,0.7476789685099869,0.7701306257265906,0.6372648440121602,0.7040179202762816,-0.2059592856522959,-0.19154890768466132,0.1312506120440663,0.13485386361934873,0.18691190999034424,0.9171031555973298,1.2088853338713004,False
stock/MSFT,stock,20,60,long,2009-03-30,2015-03-09,2019-02-22,1495,997,0.7878471714978726,0.5492425900628727,0.6346542181583167,0.34802127671980626,-0.2224329100367969,-0.26459027290067283,0.14116798461208255,0.09208304458253411,0.1948550153781829,0.8725413927388885,1.222961382089619,False
stock/MSFT,stock,20,100,long,2009-05-27,2015-03-31,2019-02-22,1471,981,0.4644508377764147,0.8210371125171949,0.2027439112307331,0.9474874182988243,-0.36500452166360364,-0.17057759350377696,0.07400244433898186,0.16162012368851994,0.20902443543636462,0.7569201493856501,1.2960094190968579,False
stock/MSFT,stock,21,55,long,2009-03-23,2015-03-05,2019-02-22,1498,999,0.7870511861372902,0.6421015335725899,0.6258563323701453,0.43371169148503835,-0.22528882808712541,-0.25623871321594627,0.1409984396705765,0.11113372573283771,0.19307523401263366,0.8368012321239819,1.214345200726509,False
stock/MSFT,stock,30,90,long,2009-05-12,2015-03-25,2019-02-22,1477,985,0.5675398259006962,0.9057254999638132,0.29538566498402363,1.1144545833598434,-0.3266017340750433,-0.1650986200049314,0.09647347040469191,0.1839949137708809,0.21099900505304053,0.7816863494096482,1.272026999035726,False
stock/MSFT,stock,30,200,long,2009-10-16,2015-05-28,2019-02-22,1411,941,0.26414285436793306,1.0931192976523672,0.08263584005128348,1.4013674831131522,-0.40153493453834865,-0.1822796861060845,0.033181176625513564,0.25544082494113907,0.23289090339152937,0.6885753794846884,1.1834769457035095,False
stock/MSFT,stock,40,100,long,2009-05-27,2015-03-31,2019-02-22,1471,981,0.5962575415806154,0.758244215275221,0.3015573847089453,0.8012328383551697,-0.34904434812370816,-0.18816148203318706,0.10525690076762409,0.15076115831856574,0.21584688233734894,0.7569201493856501,1.2960094190968579,False
stock/MSFT,stock,50,150,long,2009-08-06,2015-04-29,2019-02-22,1441,961,0.5017932475171067,1.062499786240957,0.215695673015995,1.3485657737896877,-0.3835081532513819,-0.1822796861060845,0.08272104922267816,0.24581614593979323,0.2322043579589135,0.7968036204864358,1.1337433973971938,False
stock/MSFT,stock,50,200,long,2009-10-16,2015-05-28,2019-02-22,1411,941,0.2694974693912293,1.1834769457035095,0.09089153723832276,1.5580343058930015,-0.37951271320863156,-0.1822796861060845,0.03449449390501924,0.28399800422068755,0.234437720415268,0.6885753794846884,1.1834769457035095,False
stock/MSFT,stock,60,120,long,2009-06-24,2015-04-13,2019-02-22,1459,973,0.48461216665687584,0.9910025903965439,0.22169958283763952,1.225059503098073,-0.36355202347817683,-0.1822796861060845,0.08059933194489154,0.22330346168599263,0.23003638466983442,0.6663893343255373,1.275003802440278,False
stock/MSFT,stock,60,132,long,2009-07-13,2015-04-20,2019-02-22,1452,968,0.46993336670766417,1.0415483854999874,0.20049592115834172,1.3105477553033291,-0.38397575410715434,-0.1822796861060845,0.07698557252218283,0.23888623346372445,0.2313188380490269,0.69896808535649,1.251753993710881,False
stock/MSFT,stock,60,180,long,2009-09-18,2015-05-15,2019-02-22,1423,949,0.28923570842951624,1.1639520368868062,0.09976214327690348,1.522187552228139,-0.38727227282794596,-0.1822796861060845,0.0386351119690336,0.27746386921473426,0.23386826193130247,0.7292553492307307,1.1639520368868062,False
stock/MSFT,stock,60,400,long,2010-08-04,2015-09-21,2019-02-22,1291,861,0.4698894135166461,1.3813659073165796,0.3586496755778353,1.8650822552496666,-0.23182012707931302,-0.1822796861060845,0.08314221336940816,0.3399666080489374,0.23121498663268275,0.6940892008537393,1.3813659073165796,False
stock/MSFT,stock,62,758,long,2012-01-04,2016-04-15,2019-02-22,1076,718,0.935482796530841,1.2986751622717894,1.1843463987177465,1.6610369972071266,-0.18051170664756105,-0.1822796861060845,0.21378838969443323,0.3027733024615082,0.22284443715221589,0.935482796530841,1.2986751622717894,False
stock/MSFT,stock,74,758,long,2012-01-04,2016-04-15,2019-02-22,1076,718,0.935482796530841,1.2986751622717894,1.1843463987177465,1.6610369972071266,-0.18051170664756105,-0.1822796861060845,0.21378838969443323,0.3027733024615082,0.22284443715221589,0.935482796530841,1.2986751622717894,False
stock/MSFT,stock,80,144,long,2009-07-29,2015-04-24,2019-02-22,1444,964,0.4047744463101727,1.1401708732841578,0.15460907569328527,1.4801575239363542,-0.405306408334641,-0.1822796861060845,0.0626640491651841,0.2698026488506779,0.23336376047355795,0.7659463348263014,1.1583510622648512,False
stock/MSFT,stock,80,300,long,2010-03-12,2015-07-24,2019-02-22,1351,901,0.26490263718355966,1.2595539436004397,0.08578574428721845,1.701362976474155,-0.4017999680120952,-0.1822796861060845,0.034468709310498155,0.31012390930422257,0.23670377423833136,0.5981366411100374,1.2595539436004397,False
stock/MSFT,stock,100,200,long,2009-10-16,2015-05-28,2019-02-22,1411,941,0.35733958949097894,1.1834769457035095,0.1405858520344314,1.5580343058930015,-0.3851621393341156,-0.1822796861060845,0.054148347529691034,0.28399800422068755,0.234437720415268,0.6885753794846884,1.1834769457035095,False
stock/MSFT,stock,100,250,long,2009-12-29,2015-06-25,2019-02-22,1381,921,0.19912572166132472,1.2455536063387622,0.04753585594733618,1.6717175939729687,-0.41874839504659267,-0.1822796861060845,0.01990556338511305,0.30472015828741156,0.23589456392989214,0.5308570660900747,1.2455536063387622,False
stock/MSFT,stock,100,300,long,2010-03-12,2015-07-24,2019-02-22,1351,901,0.367762514499843,1.2595539436004397,0.1696822236437498,1.701362976474155,-0.3438065551805513,-0.1822796861060845,0.05833786078633351,0.31012390930422257,0.23670377423833136,0.5981366411100374,1.2595539436004397,False
stock/MSFT,stock,100,400,long,2010-08-04,2015-09-21,2019-02-22,1291,861,0.6417861823635832,1.3813659073165796,0.6221570668557378,1.8650822552496666,-0.20598754043018194,-0.1822796861060845,0.1281566039628697,0.3399666080489374,0.23121498663268275,0.6940892008537393,1.3813659073165796,False
stock/MSFT,stock,116,378,long,2010-07-02,2015-09-08,2019-02-22,1304,870,0.7232457316673326,1.3756809724659191,0.7480575467499849,1.8534834293261477,-0.1998482935782823,-0.1822796861060843,0.14949802421634062,0.3378523777003989,0.23098363464463045,0.7683140770124489,1.3756809724659191,False
stock/MSFT,stock,120,398,long,2010-08-02,2015-09-18,2019-02-22,1292,862,0.6618922290431682,1.398227152845847,0.7415854036450054,1.893556811186636,-0.18051170664756105,-0.1822796861060845,0.13386484683688035,0.34515694116713835,0.2311912342471077,0.6618922290431682,1.398227152845847,False
stock/MSFT,stock,134,750,long,2011-12-21,2016-04-12,2019-02-22,1081,721,0.974021674672376,1.3239051914860194,1.2469334991917975,1.6985661476860605,-0.18051170664756105,-0.1822796861060845,0.22508609401512658,0.3096141042306363,0.22250031965400902,0.974021674672376,1.3239051914860194,False
stock/MSFT,stock,150,400,long,2010-08-04,2015-09-21,2019-02-22,1291,861,0.6940892008537393,1.3813659073165796,0.7882710664621091,1.8650822552496666,-0.18051170664756105,-0.1822796861060845,0.14229215550796834,0.3399666080489374,0.23121498663268275,0.6940892008537393,1.3813659073165796,False
stock/MSFT,stock,150,500,long,2010-12-27,2015-11-16,2019-02-22,1231,821,0.7974372223894574,1.1979547365937666,0.9605546227628485,1.5308992090754205,-0.18051170664756105,-0.1822796861060845,0.173391354283126,0.2790518272903207,0.22700491136192397,0.7974372223894574,1.1979547365937666,False
stock/MSFT,stock,150,710,long,2011-10-25,2016-03-18,2019-02-22,1105,737,0.8996205930578279,1.3376325234470514,1.1345196632705412,1.7092079113579621,-0.18051170664756105,-0.1822796861060845,0.2047940806421817,0.31155388157236563,0.2210923174570082,0.8996205930578279,1.3376325234470514,False
stock/MSFT,stock,162,678,long,2011-09-09,2016-03-01,2019-02-22,1124,750,0.9076349834001884,1.3421439628976395,1.1487843798138333,1.7168702374032259,-0.18051170664756105,-0.1822796861060845,0.20736902897025505,0.31295056795873877,0.22115417074873675,0.9076349834001884,1.3421439628976395,False
stock/MSFT,stock,174,698,long,2011-10-07,2016-03-11,2019-02-22,1112,742,0.9086647439872748,1.3423623447134196,1.1467080660147795,1.715323669047282,-0.18051170664756105,-0.1822796861060845,0.20699423002285194,0.31266865996427573,0.22091949438093123,0.9086647439872748,1.3423623447134196,False
stock/MSFT,stock,200,400,long,2010-08-04,2015-09-21,2019-02-22,1291,861,0.6940892008537393,1.3813659073165796,0.7882710664621091,1.8650822552496666,-0.18051170664756105,-0.1822796861060845,0.14229215550796834,0.3399666080489374,0.23121498663268275,0.6940892008537393,1.3813659073165796,False
stock/MSFT,stock,200,600,long,2011-05-19,2016-01-14,2019-02-22,1171,781,0.9198752559639349,1.2617471097749138,1.1696226805930419,1.6328367196413482,-0.18051170664756105,-0.1822796861060845,0.21113058620754516,0.29763296471871364,0.22695648868735302,0.9198752559639349,1.2617471097749138,False
stock/NKE,stock,5,20,long,2009-01-30,2015-02-12,2019-02-22,1519,1013,0.5567675453350809,0.24530133549774738,0.31489194285061434,0.08313220490192508,-0.29669262162876214,-0.3355234203656683,0.09342611605412311,0.02789280173123348,0.17185710233935025,1.229619983249373,0.8132109243176536,False
stock/NKE,stock,5,35,long,2009-02-23,2015-02-23,2019-02-22,1510,1007,0.8903400764906818,0.3548067792197488,0.796948906469844,0.13354563014632329,-0.22118107648781937,-0.363115643103117,0.17627001703879056,0.04849250737419319,0.17752664660027898,1.3242753446212432,0.7828305024755454,False
stock/NKE,stock,8,21,long,2009-02-02,2015-02-12,2019-02-22,1518,1013,0.7937600861560673,0.08969903006197195,0.6528220141412235,0.0009478694115159236,-0.2239146734812501,-0.3589870079192841,0.1461764281378041,0.00034027280393831406,0.176722689419169,1.2422375925884923,0.8132109243176536,False
stock/NKE,stock,9,21,long,2009-02-02,2015-02-12,2019-02-22,1518,1013,0.8331767494761886,0.20566297446993972,0.6922864070781969,0.05835399114566452,-0.2239146734812501,-0.36015567329393383,0.15501308479642226,0.02101652097045506,0.17553994542764645,1.2422375925884923,0.8132109243176536,False
stock/NKE,stock,10,20,long,2009-01-30,2015-02-12,2019-02-22,1519,1013,0.8623050628895764,0.2708296404871986,0.7750431853546285,0.08963045962477625,-0.21685590372915167,-0.363433733318814,0.16807269038919836,0.03257473256051366,0.17362699170801435,1.229619983249373,0.8132109243176536,False
stock/NKE,stock,10,30,long,2009-02-13,2015-02-19,2019-02-22,1513,1009,0.8896455630920395,0.507533741699371,0.7532982056757493,0.25845179124034584,-0.24128281999132353,-0.2958153319250545,0.18175791535984884,0.0764540024123878,0.17513177690109738,1.2809336725879787,0.7962684848467099,False
stock/NKE,stock,10,100,long,2009-05-27,2015-03-31,2019-02-22,1471,981,1.029726351382932,0.4460893207206166,0.932976169509091,0.17740624738370772,-0.2405717317318253,-0.3881012567556958,0.22444769276332702,0.06885158756592884,0.1890762163355952,1.2635446963431776,0.7337845537161591,False
stock/NKE,stock,12,26,long,2009-02-09,2015-02-17,2019-02-22,1515,1011,0.8546543083854795,0.5147222069829311,0.6808420456819372,0.2723063604436157,-0.2531190645903521,-0.2855798025363843,0.17233410173679373,0.07776519664488928,0.17500944500736312,1.200558772791071,0.8156002528592513,False
stock/NKE,stock,13,48,long,2009-03-12,2015-03-02,2019-02-22,1502,1002,0.7382509156761978,0.540816418631949,0.5001808564256051,0.28165419455069757,-0.2960192674122209,-0.30684036303689516,0.14806317069272484,0.08642287530680033,0.18452396503439064,1.3221144547463284,0.7391197654389233,False
stock/NKE,stock,20,50,long,2009-03-16,2015-03-03,2019-02-22,1501,1001,0.786683470074149,0.6468325167915955,0.5624941601632588,0.3762448866786039,-0.2887787924202261,-0.2872219181606083,0.16243638431537513,0.10806577804994932,0.18488547727457308,1.3279225496093376,0.7478342057504883,False
stock/NKE,stock,20,60,long,2009-03-30,2015-03-09,2019-02-22,1495,997,1.0274982037753058,0.626159699462071,1.183939161431862,0.330221746815724,-0.19514306000073192,-0.3147842944533771,0.23103751081651408,0.1039486195845494,0.1851047737399693,1.3038092124275025,0.7555486018905442,False
stock/NKE,stock,20,100,long,2009-05-27,2015-03-31,2019-02-22,1471,981,1.016670628910438,0.31742333320959815,0.9616957963319489,0.11135049540638582,-0.2344663415546841,-0.3847217960559742,0.22548529505447065,0.042838962584467254,0.1865709760484665,1.2635446963431776,0.7337845537161591,False
stock/NKE,stock,21,55,long,2009-03-23,2015-03-05,2019-02-22,1498,999,0.8829988357349974,0.540242772074477,0.7889443461514092,0.26298931516671653,-0.24086969515266815,-0.32824131834174136,0.19003278414991104,0.08632395952011475,0.18456113631427706,1.2857016055421957,0.7434933743409813,False
stock/NKE,stock,30,90,long,2009-05-12,2015-03-25,2019-02-22,1477,985,1.1590618417184788,0.3001694522725064,1.1713142082910777,0.10370043799116202,-0.23023792500975584,-0.38233028218429005,0.26968095285138266,0.03964781771979545,0.18802705090923455,1.289387428157882,0.7463470026831789,False
stock/NKE,stock,30,200,long,2009-10-16,2015-05-28,2019-02-22,1411,941,1.082751297136042,0.33436192440965246,0.9744600399680489,0.14657249196817415,-0.2536518545378942,-0.33681108267361454,0.24717359631096608,0.04936723970997041,0.20921482201752553,1.192070262547889,0.7246871451647876,False
stock/NKE,stock,40,100,long,2009-05-27,2015-03-31,2019-02-22,1471,981,1.0567304832110298,0.3901765317721217,1.0410749840105864,0.16660377730216328,-0.233184073357734,-0.350064925640315,0.24276210544242635,0.05832213891267739,0.19243394623453627,1.2635446963431776,0.7337845537161591,False
stock/NKE,stock,50,150,long,2009-08-06,2015-04-29,2019-02-22,1441,961,1.201569939362372,0.40641526127073924,1.2785963034161987,0.21825533012727155,-0.22238222444805333,-0.2963166722162862,0.2843370901247524,0.06467269311678006,0.20625135930948182,1.2419608996297171,0.7441562486446515,False
stock/NKE,stock,50,200,long,2009-10-16,2015-05-28,2019-02-22,1411,941,1.1043390505876005,0.5046768560031193,1.1259170266867216,0.2857902059228272,-0.226597589277431,-0.3159421199871468,0.2551300839736241,0.09029316353082127,0.21812153606097986,1.192070262547889,0.7246871451647876,False
stock/NKE,stock,60,120,long,2009-06-24,2015-04-13,2019-02-22,1459,973,1.2312060357083883,0.4052438384756735,1.3224211527384158,0.22618538011871375,-0.22238222444805333,-0.2809751644591273,0.2940829576031278,0.06355247437710582,0.2022094219403047,1.2789474831515426,0.7484797443199758,False
stock/NKE,stock,60,132,long,2009-07-13,2015-04-20,2019-02-22,1452,968,1.285900798361934,0.34152588890769353,1.3952177594291786,0.16430137763454064,-0.22238222444805333,-0.3062207510980657,0.3102716289312897,0.050312491265695966,0.20481369719848747,1.3121854494303007,0.7431328262460367,False
stock/NKE,stock,60,180,long,2009-09-18,2015-05-15,2019-02-22,1423,949,1.1925539785043155,0.45426382620408456,1.269319940713434,0.24321307889515942,-0.22238222444805333,-0.3214833662074658,0.2822741919521246,0.07818895930889781,0.21740307438676953,1.269301402995343,0.6993554681915249,False
stock/NKE,stock,60,400,long,2010-08-04,2015-09-21,2019-02-22,1291,861,1.2647061627426506,0.2668997480775787,1.3770033541421136,0.0962097150428926,-0.22238222444805342,-0.3719264415005027,0.3062210689665539,0.03578293695368043,0.23125286267064588,1.2647061627426506,0.6165611848861389,False
stock/NKE,stock,62,758,long,2012-01-04,2016-04-15,2019-02-22,1076,718,1.1831354116163053,0.6899974428824924,1.2205529984207562,0.7049745703081357,-0.22238222444805342,-0.20829414420552483,0.2714292908455492,0.14684207480899072,0.23988679558503706,1.1831354116163053,0.6899974428824924,False
stock/NKE,stock,74,758,long,2012-01-04,2016-04-15,2019-02-22,1076,718,1.1831354116163053,0.6899974428824924,1.2205529984207562,0.7049745703081357,-0.22238222444805342,-0.20829414420552483,0.2714292908455492,0.14684207480899072,0.23988679558503706,1.1831354116163053,0.6899974428824924,False
stock/NKE,stock,80,144,long,2009-07-29,2015-04-24,2019-02-22,1444,964,1.2452045640538048,0.4744959198553609,1.3455527221296615,0.26782198851443595,-0.22238222444805333,-0.30819781976425287,0.2992270074593275,0.08254215294507593,0.21599780810330366,1.2871337248057044,0.734536176542175,False
stock/NKE,stock,80,300,long,2010-03-12,2015-07-24,2019-02-22,1351,901,1.228197811837549,0.3122044249076809,1.3465384397343985,0.12956501351178165,-0.22238222444805342,-0.35916764013159846,0.29944621353294665,0.04653556014664528,0.22946768870484555,1.228197811837549,0.6338804047874109,False
stock/NKE,stock,100,200,long,2009-10-16,2015-05-28,2019-02-22,1411,941,1.1435868765421,0.4229031636722696,1.2168624347610986,0.20115940283340053,-0.22238222444805328,-0.35433165835866504,0.2706085750894472,0.07127714480039755,0.219277991352277,1.192070262547889,0.7246871451647876,False
stock/NKE,stock,100,250,long,2009-12-29,2015-06-25,2019-02-22,1381,921,1.2119481891728159,0.4280183856962781,1.3124121844664882,0.2223324150783136,-0.22238222444805328,-0.3340372810159742,0.2918571409743865,0.07426731541447486,0.22736680901313622,1.2119481891728159,0.7025951897481406,False
stock/NKE,stock,100,300,long,2010-03-12,2015-07-24,2019-02-22,1351,901,1.228197811837549,0.27579373585274225,1.3465384397343985,0.10006054161329832,-0.22238222444805342,-0.3781608436904612,0.29944621353294665,0.037838978836609395,0.2296558784628646,1.228197811837549,0.6338804047874109,False
stock/NKE,stock,100,400,long,2010-08-04,2015-09-21,2019-02-22,1291,861,1.2647061627426506,0.48365680799180966,1.3770033541421136,0.30037341277188717,-0.22238222444805342,-0.3068651628364338,0.3062210689665539,0.0921741362219805,0.24252688916906284,1.2647061627426506,0.6165611848861389,False
stock/NKE,stock,116,378,long,2010-07-02,2015-09-08,2019-02-22,1304,870,1.290619725160275,0.3877816549527693,1.4119497061239423,0.16962198361639982,-0.22238222444805328,-0.3874729976394643,0.3139925164566174,0.06572393845739855,0.23480246662543608,1.290619725160275,0.6617031743290978,False
stock/NKE,stock,120,398,long,2010-08-02,2015-09-18,2019-02-22,1292,862,1.2491102004024528,0.4922901178352672,1.3559444747235614,0.305019550500911,-0.22238222444805342,-0.3102931665109197,0.30153794851707294,0.09464548217266507,0.2431976423235621,1.2491102004024528,0.6314381214958353,False
stock/NKE,stock,134,750,long,2011-12-21,2016-04-12,2019-02-22,1081,721,1.1810714068845394,0.7116540399372583,1.2183710595200459,0.7328795793419498,-0.22238222444805347,-0.20829414420552486,0.27094406641919955,0.15265452478473648,0.23959947583051514,1.1810714068845394,0.7116540399372583,False
stock/NKE,stock,150,400,long,2010-08-04,2015-09-21,2019-02-22,1291,861,1.2647061627426506,0.4929684761224975,1.3770033541421136,0.31940900264039557,-0.22238222444805342,-0.29936504905021477,0.3062210689665539,0.0956198917425222,0.24609967483760184,1.2647061627426506,0.6165611848861389,False
stock/NKE,stock,150,500,long,2010-12-27,2015-11-16,2019-02-22,1231,821,1.192900443588348,0.573326359393975,1.3094285672026622,0.469821456889624,-0.22238222444805347,-0.2494145061886025,0.2911936375303555,0.11718028666693538,0.2453895610508702,1.192900443588348,0.573326359393975,False
stock/NKE,stock,150,710,long,2011-10-25,2016-03-18,2019-02-22,1105,737,1.273218332249815,0.5936086271827866,1.3404807012675959,0.5273369403151016,-0.22238222444805347,-0.22896393583784605,0.29809908017757464,0.12074114136723296,0.24017618949650854,1.273218332249815,0.5936086271827866,False
stock/NKE,stock,162,678,long,2011-09-09,2016-03-01,2019-02-22,1124,750,1.3607673288765822,0.5902755918599358,1.478821930215071,0.52373060880753,-0.22238222444805347,-0.22896393583784608,0.3288637104037916,0.11991542151132337,0.24038126561353507,1.3607673288765822,0.5902755918599358,False
stock/NKE,stock,174,698,long,2011-10-07,2016-03-11,2019-02-22,1112,742,1.27846840888431,0.6578735226838724,1.3498079047204155,0.6027822248216308,-0.22238222444805342,-0.22896393583784605,0.30017328442929214,0.13801539064825397,0.2398663799021052,1.27846840888431,0.6578735226838724,False
stock/NKE,stock,200,400,long,2010-08-04,2015-09-21,2019-02-22,1291,861,1.2647061627426506,0.6165611848861389,1.3770033541421136,0.5224662608617062,-0.22238222444805342,-0.24941450618860242,0.3062210689665539,0.130310664453028,0.24817640428561674,1.2647061627426506,0.6165611848861389,False
stock/NKE,stock,200,600,long,2011-05-19,2016-01-14,2019-02-22,1171,781,1.1816792859616907,0.6622772698188744,1.3028484234602922,0.6173101420486657,-0.2223822244480535,-0.22896393583784605,0.28973033052773933,0.14134175975608235,0.24438224736300335,1.1816792859616907,0.6622772698188744,False
stock/PFE,stock,5,20,long,2009-01-30,2015-02-12,2019-02-22,1519,1013,0.4370556683228515,0.004718594451531511,0.2004115958776657,-0.04051422673020187,-0.2814517078041122,-0.17583890528190388,0.05640618592351659,-0.007123977276581545,0.12445807052340419,0.99563390785976,0.5777239404611025,False
stock/PFE,stock,5,35,long,2009-02-23,2015-02-23,2019-02-22,1510,1007,0.5838865291857704,0.3398439723026479,0.33741825633571576,0.19844716442283658,-0.2430446616684295,-0.1749824560036414,0.08200770595186546,0.03472477221766639,0.12249431560106869,1.0569260730023884,0.5989043353270939,False
stock/PFE,stock,8,21,long,2009-02-02,2015-02-12,2019-02-22,1518,1013,0.6284335883711194,0.12216534434086244,0.4235688551421541,0.04053505709805134,-0.20934083971427678,-0.18498712486543875,0.0886702598122734,0.007498463668824912,0.1231790898089647,0.9798307500306568,0.5777239404611025,False
stock/PFE,stock,9,21,long,2009-02-02,2015-02-12,2019-02-22,1518,1013,0.5557968633990572,0.06967859639049952,0.3214128831320287,0.004797060095431658,-0.2390363705246152,-0.20294745954032326,0.07682936902373246,0.0009735511596301156,0.12373616600204425,0.9798307500306568,0.5777239404611025,False
stock/PFE,stock,10,20,long,2009-01-30,2015-02-12,2019-02-22,1519,1013,0.5813593066044552,0.012808472045561044,0.3823434455655109,-0.02987634963348842,-0.21203750228815457,-0.20294287305355646,0.08107114921395793,-0.006063192230972709,0.12389553866428482,0.99563390785976,0.5777239404611025,False
stock/PFE,stock,10,30,long,2009-02-13,2015-02-19,2019-02-22,1513,1009,0.9033101503752842,0.24192271642815813,0.759751972155872,0.11844391854448867,-0.17832056552026956,-0.1924480218705321,0.13547940132997519,0.022794297826481277,0.12592497934620783,0.9768229503537064,0.5974314748287889,False
stock/PFE,stock,10,100,long,2009-05-27,2015-03-31,2019-02-22,1471,981,0.9327348925991632,0.04478604824162105,0.7728233196886021,-0.016175431465820785,-0.18919354781456127,-0.2027955571654432,0.1462131856857135,-0.0032803056365025675,0.13724327028901823,1.0610717719727547,0.5941522890245368,False
stock/PFE,stock,12,26,long,2009-02-09,2015-02-17,2019-02-22,1515,1011,0.897300758151055,0.30391206381948005,0.7087199878676201,0.16288018988378386,-0.190360853584055,-0.18912135419435885,0.13491254184256127,0.03080412208225551,0.12589944095901792,0.9689739582469148,0.5899711153810709,False
stock/PFE,stock,13,48,long,2009-03-12,2015-03-02,2019-02-22,1502,1002,0.918427103741284,0.06489759792951837,0.5957395948909401,0.0001313164455744356,-0.2363801229477175,-0.23512902971016125,0.14082099868514383,3.0876308432904245e-05,0.1292478802287502,1.0596736034471386,0.5855667188304856,False
stock/PFE,stock,20,50,long,2009-03-16,2015-03-03,2019-02-22,1501,1001,0.9026977000393489,-0.08890670274921679,0.5581021402027952,-0.08523491275205342,-0.24723941981617922,-0.23200825932200847,0.13798484934190702,-0.019775203741067175,0.12975579928734576,1.0507977099070367,0.5943905842183954,False
stock/PFE,stock,20,60,long,2009-03-30,2015-03-09,2019-02-22,1495,997,0.9725481554423177,0.0644435445408623,0.744822626032279,-0.0011571701916303502,-0.20477062336023927,-0.20266218397880917,0.15251779342544014,-0.00023451463827098387,0.132279406205929,1.0749193381067976,0.6176566987686315,False
stock/PFE,stock,20,100,long,2009-05-27,2015-03-31,2019-02-22,1471,981,0.9982641208077176,0.2141390824178269,0.7679858760208393,0.10917929984131065,-0.20651384796097288,-0.1872554188178254,0.1585997184367422,0.020444415518021564,0.1409675915089626,1.0610717719727547,0.5941522890245368,False
stock/PFE,stock,21,55,long,2009-03-23,2015-03-05,2019-02-22,1498,999,0.9277337931173454,-0.0977018606494993,0.64234019899393,-0.09306964020181299,-0.22346333851249942,-0.22485393451157193,0.14353948532796681,-0.02092707478295402,0.12990688659978822,1.0619020427108277,0.5986846587735131,False
stock/PFE,stock,30,90,long,2009-05-12,2015-03-25,2019-02-22,1477,985,0.9774306386515229,0.05971578056494883,0.8973747320736526,-0.006451830616996785,-0.17024773797163587,-0.24239068559003724,0.15277601824844214,-0.0015638636465646436,0.14134955286751222,1.026326824381974,0.6124939118078372,False
stock/PFE,stock,30,200,long,2009-10-16,2015-05-28,2019-02-22,1411,941,0.7249532724980963,0.2618264344596999,0.5114609759992843,0.12213291208836365,-0.21465154288094532,-0.23846113969192542,0.10978588762164052,0.029123953410484932,0.15635584626305996,0.9379443518797508,0.6129107245811581,False
stock/PFE,stock,40,100,long,2009-05-27,2015-03-31,2019-02-22,1471,981,0.9644512392638775,0.2444340123934373,0.6584967339413409,0.10370740966229995,-0.22582434415763264,-0.24359604759115105,0.14870459307224643,0.025262715099652618,0.14530047055885384,1.0610717719727547,0.5941522890245368,False
stock/PFE,stock,50,150,long,2009-08-06,2015-04-29,2019-02-22,1441,961,0.8624513279986218,0.35909161433999776,0.6320402535568571,0.19639024025108182,-0.21465154288094523,-0.22811902755318827,0.1356684155888432,0.0448003506270138,0.15591181296311704,1.0145274058856077,0.62319979151441,False
stock/PFE,stock,50,200,long,2009-10-16,2015-05-28,2019-02-22,1411,941,0.6387617219308964,0.3787896308543354,0.3843594980395196,0.2048314203052832,-0.25643733478908043,-0.2412268245736219,0.09856412527812318,0.049410833093148365,0.16194880041305157,0.9379443518797508,0.6129107245811581,False
stock/PFE,stock,60,120,long,2009-06-24,2015-04-13,2019-02-22,1459,973,0.9052214240591355,0.3291588610736185,0.6593672322977235,0.1743309864409894,-0.2146515428809453,-0.22476486134905835,0.141534193737845,0.03918347999625355,0.1517757379323991,1.0856426611229932,0.5852053538534217,False
stock/PFE,stock,60,132,long,2009-07-13,2015-04-20,2019-02-22,1452,968,0.9283694951536704,0.2917470149875466,0.6208527976933316,0.1394202694253306,-0.23621488242656558,-0.24240149591811647,0.1466546706113346,0.03379568187000697,0.15525640691806117,1.0947449565994702,0.5900725736092635,False
stock/PFE,stock,60,180,long,2009-09-18,2015-05-15,2019-02-22,1423,949,0.7351343968296585,0.3651402098523169,0.44760709206360405,0.19058921935238698,-0.2611719071601812,-0.2456602871347983,0.11690239789267427,0.04682020235090444,0.16067286840019082,0.9834071112944844,0.6292808701912098,False
stock/PFE,stock,60,400,long,2010-08-04,2015-09-21,2019-02-22,1291,861,1.0011501003986785,0.5196542786446698,0.8119799638433419,0.3070382784530342,-0.2146515428809453,-0.25174770433508864,0.1742927520273875,0.07729618174354908,0.17151977687454326,1.0310581552628015,0.7548346472242722,False
stock/PFE,stock,62,758,long,2012-01-04,2016-04-15,2019-02-22,1076,718,0.847095532416954,0.8919024568771711,0.7253004127016234,0.7600847268144251,-0.18928852363037196,-0.19221485945108271,0.13729104430878977,0.1460995789355493,0.16886841585299828,0.847095532416954,0.8919024568771711,False
stock/PFE,stock,74,758,long,2012-01-04,2016-04-15,2019-02-22,1076,718,0.847095532416954,0.8919024568771711,0.7253004127016234,0.7600847268144251,-0.18928852363037196,-0.19221485945108271,0.13729104430878977,0.1460995789355493,0.16886841585299828,0.847095532416954,0.8919024568771711,False
stock/PFE,stock,80,144,long,2009-07-29,2015-04-24,2019-02-22,1444,964,0.8059615464076512,0.2895760322757722,0.5169261314956582,0.14018470754538107,-0.2507444695761468,-0.24333007593634282,0.12961636865192835,0.034111155532131586,0.16008883639005012,1.0521927277352947,0.5809157469994007,False
stock/PFE,stock,80,300,long,2010-03-12,2015-07-24,2019-02-22,1351,901,0.8669057256751413,0.47356034681693565,0.6684307320167435,0.30096882041073525,-0.2146515428809452,-0.23350064896109382,0.14347968793643362,0.07027641488296157,0.17609191280585026,1.0102667437621697,0.6380628835941141,False
stock/PFE,stock,100,200,long,2009-10-16,2015-05-28,2019-02-22,1411,941,0.6954195432046385,0.2430600507478051,0.37340986077869404,0.10172774711024479,-0.30167219883928287,-0.2685954151681851,0.11264737376937912,0.02732360646920034,0.17071386199604627,0.9379443518797508,0.6129107245811581,False
stock/PFE,stock,100,250,long,2009-12-29,2015-06-25,2019-02-22,1381,921,0.8107036889476125,0.39609232960959123,0.5197696528507892,0.24082166639066793,-0.25942025552705134,-0.23014559226975373,0.13483877615775852,0.05542404504286932,0.17457094680080254,0.9001230208409113,0.6389159341712247,False
stock/PFE,stock,100,300,long,2010-03-12,2015-07-24,2019-02-22,1351,901,0.8896424952076363,0.4010378489190488,0.6938152331118419,0.21267280264856347,-0.21465154288094523,-0.26732280593737434,0.14892851026175954,0.05685229035057945,0.1767427755511845,1.0102667437621697,0.6380628835941141,False
stock/PFE,stock,100,400,long,2010-08-04,2015-09-21,2019-02-22,1291,861,0.9912618554308958,0.5886897381975438,0.8019958694649293,0.41658879473826943,-0.2146515428809453,-0.21858122557722948,0.17214965076479227,0.09105848931563182,0.17357623630644725,1.0310581552628015,0.7548346472242722,False
stock/PFE,stock,116,378,long,2010-07-02,2015-09-08,2019-02-22,1304,870,0.9944997752410459,0.5646289622773504,0.7969255055664491,0.38817209449058127,-0.2146515428809453,-0.22382740090106498,0.17106128933101566,0.08688355101214941,0.17445093993034408,1.18580716360843,0.7410912189488323,False
stock/PFE,stock,120,398,long,2010-08-02,2015-09-18,2019-02-22,1292,862,1.011231917888289,0.6107687203372872,0.8203652087971347,0.4957944184785179,-0.2146515428809453,-0.19450875764701417,0.17609265779415378,0.09643635638658037,0.1760628549403873,1.1141480678926412,0.7325144741285171,False
stock/PFE,stock,134,750,long,2011-12-21,2016-04-12,2019-02-22,1081,721,0.8269233818326517,0.9232238044157832,0.7040978379661117,0.7917026378571269,-0.18928852363037196,-0.19221485945108277,0.13327764023994215,0.15217701126275912,0.1688714295037452,0.8269233818326517,0.9232238044157832,False
stock/PFE,stock,150,400,long,2010-08-04,2015-09-21,2019-02-22,1291,861,0.9937662238010001,0.7548346472242722,0.805100516209079,0.6616519498529047,-0.2146515428809453,-0.19221485945108277,0.1728160679785243,0.12717933654651092,0.18002859635290977,1.0310581552628015,0.7548346472242722,False
stock/PFE,stock,150,500,long,2010-12-27,2015-11-16,2019-02-22,1231,821,1.0129626031127497,0.7497023249538266,0.8509468051763303,0.6408003389230164,-0.21465154288094532,-0.19221485945108277,0.18265704464071048,0.12317134708229378,0.17542058237770838,1.0129626031127497,0.7497023249538266,False
stock/PFE,stock,150,710,long,2011-10-25,2016-03-18,2019-02-22,1105,737,0.8902874574285018,1.0540548898837627,0.7798388970400651,0.9427790492584073,-0.18928852363037213,-0.19221485945108271,0.1476145534902517,0.18121614244663015,0.1720389792413703,0.8902874574285018,1.0540548898837627,False
stock/PFE,stock,162,678,long,2011-09-09,2016-03-01,2019-02-22,1124,750,0.9375856235968625,0.9946011326480382,0.836128980878869,0.8843606473048419,-0.18928852363037213,-0.19221485945108271,0.15826962035512876,0.1699872575257687,0.1728532699062914,0.9375856235968625,0.9946011326480382,False
stock/PFE,stock,174,698,long,2011-10-07,2016-03-11,2019-02-22,1112,742,0.959241203425597,0.9765381229338072,0.8548485855116928,0.8632847705178657,-0.18928852363037213,-0.19221485945108274,0.16181302667902026,0.16593616083135176,0.17242255977769386,0.959241203425597,0.9765381229338072,False
stock/PFE,stock,200,400,long,2010-08-04,2015-09-21,2019-02-22,1291,861,1.032729860603216,0.7548346472242722,0.8438373066805075,0.6616519498529047,-0.21465154288094526,-0.19221485945108277,0.18113097981947232,0.12717933654651092,0.18002859635290977,1.0310581552628015,0.7548346472242722,False
stock/PFE,stock,200,600,long,2011-05-19,2016-01-14,2019-02-22,1171,781,0.7393875488241213,0.9113535974446041,0.5868130412956698,0.7979571486413435,-0.21465154288094526,-0.19221485945108277,0.12596032469677537,0.1533792211740826,0.17297017303287784,0.7393875488241213,0.9113535974446041,False
stock/PG,stock,5,20,long,2009-01-30,2015-02-12,2019-02-22,1519,1013,0.21168735878669287,0.33445481713684494,0.13444156693326484,0.3334968032818873,-0.1367779404643189,-0.0904992632884915,0.018388640637927844,0.030181215006077778,0.10556918459993987,0.7527681850480425,0.5327726581462271,False
stock/PG,stock,5,35,long,2009-02-23,2015-02-23,2019-02-22,1510,1007,0.19037375103680318,0.3984915344890079,0.10198780449385388,0.2798168470878472,-0.15405562130392378,-0.13760556775679755,0.015711794586723768,0.03850435611144022,0.10998093639175271,0.8719392865349153,0.5470247299067056,False
stock/PG,stock,8,21,long,2009-02-02,2015-02-12,2019-02-22,1518,1013,0.254259693239972,0.5755289633754823,0.15505358307086256,0.4779729053244818,-0.15073795888857303,-0.11996372165276928,0.023372460630461625,0.057339408571911575,0.10679260799893929,0.7826919531145903,0.5327726581462271,True
stock/PG,stock,9,21,long,2009-02-02,2015-02-12,2019-02-22,1518,1013,0.337355919531282,0.5921620835202545,0.2564215706542952,0.5319057069452031,-0.1303149890031595,-0.11132630412247686,0.03341557415998737,0.05921509649586274,0.1067858209874657,0.7826919531145903,0.5327726581462271,True
stock/PG,stock,10,20,long,2009-01-30,2015-02-12,2019-02-22,1519,1013,0.34789752560612464,0.6461179820443924,0.2545291251372012,0.5810039627468314,-0.13634611462838567,-0.1114995462730079,0.034704057272219556,0.06478167822909128,0.1058223254199496,0.7527681850480425,0.5327726581462271,True
stock/PG,stock,10,30,long,2009-02-13,2015-02-19,2019-02-22,1513,1009,0.275664395985069,0.3139823592949827,0.1621817246574072,0.22334007957111765,-0.15888100641902894,-0.12668741248839158,0.0257675956363427,0.02829437678581638,0.10716978698312117,0.818508673245923,0.5497774078279257,False
stock/PG,stock,10,100,long,2009-05-27,2015-03-31,2019-02-22,1471,981,0.23424548814241508,0.7329079513084111,0.0927978566944365,0.8254063092553663,-0.23299768451345176,-0.10714479898453826,0.021621685737614825,0.08843799308573584,0.12646749013601444,0.8224029350459118,0.6279859892195373,True
stock/PG,stock,12,26,long,2009-02-09,2015-02-17,2019-02-22,1515,1011,0.2719107439822427,0.4292446891349241,0.16295957516079232,0.3706538131243375,-0.15574976011891908,-0.1103951180928754,0.025380914740374367,0.04091837147143581,0.10670637766025796,0.7825059357835263,0.5434836213906528,False
stock/PG,stock,13,48,long,2009-03-12,2015-03-02,2019-02-22,1502,1002,0.18636735013589653,0.4266300132648516,0.06603737347858814,0.38689273269635616,-0.23511295903799662,-0.11272939103351375,0.015526242285648178,0.043614182152152244,0.11576050794621033,0.9600464386556056,0.5480587174485791,False
stock/PG,stock,20,50,long,2009-03-16,2015-03-03,2019-02-22,1501,1001,0.3400897764087021,0.49056041799300404,0.14369744416128538,0.38321535375885546,-0.2446111460907635,-0.13552944407540485,0.03514999650660551,0.051936963856097286,0.11721178447569067,0.9122451894605388,0.5530997436153404,False
stock/PG,stock,20,60,long,2009-03-30,2015-03-09,2019-02-22,1495,997,0.29269193687240963,0.5404739606386446,0.11631475518320945,0.42668324766227034,-0.25159087649523887,-0.14551887455797752,0.029263731205872796,0.06209046599255637,0.1260662940858949,0.9121812184362278,0.5957000824606595,False
stock/PG,stock,20,100,long,2009-05-27,2015-03-31,2019-02-22,1471,981,0.3258636503775048,0.6764064358527841,0.1627834176187954,0.5482227877561385,-0.20679149252418724,-0.14456341575396744,0.03366222588757878,0.07925295879218971,0.12405810809002284,0.8224029350459118,0.6279859892195373,True
stock/PG,stock,21,55,long,2009-03-23,2015-03-05,2019-02-22,1498,999,0.30614783255128974,0.5674435673436334,0.1253937276115641,0.45293893311015987,-0.24655067788870264,-0.1456458440184586,0.030915908545622452,0.0659686732016494,0.12661993239786032,0.9181247653120076,0.5639957478014065,True
stock/PG,stock,30,90,long,2009-05-12,2015-03-25,2019-02-22,1477,985,0.5166193773833158,0.662855645151339,0.439600544293741,0.5605841771912432,-0.13450612834456044,-0.13806524724145822,0.05912896723111256,0.07739719302355842,0.12398349256869065,0.8453323811166558,0.6046866656011027,True
stock/PG,stock,30,200,long,2009-10-16,2015-05-28,2019-02-22,1411,941,0.533755243495643,0.6815175129013166,0.3619079024056763,0.5422207364744842,-0.1775238393502301,-0.15323938778708743,0.06424728032624404,0.08308957370281363,0.12931580522657443,0.7101135713068581,0.686551876015915,False
stock/PG,stock,40,100,long,2009-05-27,2015-03-31,2019-02-22,1471,981,0.38869100808051565,0.710456198256489,0.22105966822157425,0.5498873750681598,-0.19045201901717976,-0.15128495449900992,0.04210126013606671,0.08318968651676655,0.12306708924657539,0.8224029350459118,0.6279859892195373,True
stock/PG,stock,50,150,long,2009-08-06,2015-04-29,2019-02-22,1441,961,0.6462548796189618,0.6952231458049216,0.5270374149895699,0.5496448062385378,-0.1531572733377008,-0.1527009886250816,0.08071961342675281,0.08393130530526614,0.12756279617667246,0.8338748113839706,0.6664549047752105,True
stock/PG,stock,50,200,long,2009-10-16,2015-05-28,2019-02-22,1411,941,0.7147060394633767,0.6330094194282131,0.7350739289868399,0.4072500763344539,-0.12556612913257426,-0.18571683053805926,0.09230038788915025,0.07563319341321748,0.12805059384588094,0.7101135713068581,0.686551876015915,False
stock/PG,stock,60,120,long,2009-06-24,2015-04-13,2019-02-22,1459,973,0.37340969251073497,0.7094610148006603,0.21825636493128953,0.5914036780716785,-0.19110179529230778,-0.144610227750569,0.04170918317234251,0.08552302057846962,0.1269655395901096,0.8849971689293301,0.6010048306438628,True
stock/PG,stock,60,132,long,2009-07-13,2015-04-20,2019-02-22,1452,968,0.4412531652941844,0.6982521295878115,0.32285235943942536,0.4996073778765089,-0.16024732036389774,-0.16678757975457378,0.05173622547332986,0.08332830538355171,0.12591118360044792,0.8295405451855167,0.61420110916413,True
stock/PG,stock,60,180,long,2009-09-18,2015-05-15,2019-02-22,1423,949,0.705288175404282,0.6193871317215179,0.7228220881105294,0.3898174494288023,-0.12556612913257426,-0.1884680026414649,0.0907619716555637,0.07346811608863663,0.1275002629367612,0.7350844944396049,0.6466898089555866,False
stock/PG,stock,60,400,long,2010-08-04,2015-09-21,2019-02-22,1291,861,0.637346904770576,0.57456036628534,0.47182444498097414,0.3568695121521072,-0.17104118773916835,-0.19514111326234304,0.08070141347391971,0.06963991389075146,0.132310837306822,0.5251253417869286,0.9600966068702491,False
stock/PG,stock,62,758,long,2012-01-04,2016-04-15,2019-02-22,1076,718,0.46305895075796016,0.5500628408813082,0.20997611407138028,0.3392035155892401,-0.27190404009420066,-0.2103435335823443,0.05709335373928903,0.07134926607259458,0.14402547262165052,0.6439264680028423,0.7296444664293323,False
stock/PG,stock,74,758,long,2012-01-04,2016-04-15,2019-02-22,1076,718,0.5139053450665567,0.44149655497988877,0.25486138773404,0.22675472313380052,-0.25464671206844314,-0.2436757190799493,0.06489961441967393,0.05525462021440366,0.14570945204919433,0.6439264680028423,0.7296444664293323,False
stock/PG,stock,80,144,long,2009-07-29,2015-04-24,2019-02-22,1444,964,0.7156997985584775,0.656885717640313,0.7335964372389244,0.41047377785572065,-0.1255661291325742,-0.1897330555004398,0.09211486496953915,0.07788044407537464,0.12622295662579397,0.7362135714361422,0.6411696759951119,True
stock/PG,stock,80,300,long,2010-03-12,2015-07-24,2019-02-22,1351,901,0.5985015039696078,0.5656396857859408,0.4774374781228657,0.3308759824959246,-0.15891821160196548,-0.2003812074923407,0.07587351017503834,0.06630132890274795,0.12784865801437037,0.619041257650789,0.6735957372655142,False
stock/PG,stock,100,200,long,2009-10-16,2015-05-28,2019-02-22,1411,941,0.6250349672200175,0.5672708076089137,0.5685268632903312,0.35340297511996294,-0.14120310411911152,-0.18286529984816255,0.08027775787169651,0.06462514101254475,0.12381569583844851,0.7101135713068581,0.686551876015915,False
stock/PG,stock,100,250,long,2009-12-29,2015-06-25,2019-02-22,1381,921,0.6014285866253365,0.35530242392280775,0.4811894380106191,0.17812366980743896,-0.1589182116019653,-0.19710710834037734,0.07646976493040232,0.03510944148272047,0.11609260275165056,0.6288091242601466,0.696325448633309,False
stock/PG,stock,100,300,long,2010-03-12,2015-07-24,2019-02-22,1351,901,0.5617944956336902,0.5388213737715141,0.4448365816183955,0.36778077394152037,-0.15891821160196548,-0.15560635559191022,0.07069263400592717,0.057229025889812164,0.11571237282304271,0.619041257650789,0.6735957372655142,False
stock/PG,stock,100,400,long,2010-08-04,2015-09-21,2019-02-22,1291,861,0.6047036117997437,0.40998177249313383,0.4022720975707118,0.24858596390321058,-0.18909304559074797,-0.17235048438138337,0.07606685608582442,0.042843911289131426,0.11984035776826199,0.5251253417869286,0.9600966068702491,False
stock/PG,stock,116,378,long,2010-07-02,2015-09-08,2019-02-22,1304,870,0.5633081243165928,0.3609391613473149,0.3317646031636289,0.1814074067478773,-0.21403729380208747,-0.1991939140450801,0.07100999784046659,0.03613525138687756,0.11746128386871153,0.5199646991749545,0.9675587407331482,False
stock/PG,stock,120,398,long,2010-08-02,2015-09-18,2019-02-22,1292,862,0.4259842773632498,0.4386299730861388,0.20220876061323648,0.24929343697136422,-0.2514535741057256,-0.1847309439312378,0.05084611557168739,0.046052211927582645,0.11871156794669717,0.45216444995087,0.9782822383200865,False
stock/PG,stock,134,750,long,2011-12-21,2016-04-12,2019-02-22,1081,721,0.6588626335921233,0.44447650486381357,0.34667213620803117,0.23110077707933907,-0.25464671206844314,-0.24276312863234512,0.08827891965111861,0.056102747673146505,0.1469479190951822,0.6588626335921233,0.7319099285918684,False
stock/PG,stock,150,400,long,2010-08-04,2015-09-21,2019-02-22,1291,861,0.5103157748176901,0.43794702983483463,0.25351285456188233,0.25175612868273745,-0.25070427838410964,-0.18367385824308757,0.06355675726403244,0.04624101949150163,0.11953443635789308,0.5251253417869286,0.9600966068702491,False
stock/PG,stock,150,500,long,2010-12-27,2015-11-16,2019-02-22,1231,821,0.39969856790202357,0.359809155752518,0.18712807267891593,0.17919083788822593,-0.25464671206844325,-0.21529846220347684,0.047651548443390625,0.038579511838287554,0.12796262954957022,0.5138246170167459,0.8575314814967261,False
stock/PG,stock,150,710,long,2011-10-25,2016-03-18,2019-02-22,1105,737,0.6810750395078787,0.4322294087867947,0.3648713487101497,0.2230573400487328,-0.25464671206844325,-0.24177832887338774,0.09291328927701804,0.053930430919925595,0.14604356539790703,0.6810750395078787,0.7132640548427698,False
stock/PG,stock,162,678,long,2011-09-09,2016-03-01,2019-02-22,1124,750,0.7072013262812268,0.4886673432728965,0.38447776999243016,0.2613605836314515,-0.2546467120684431,-0.23914908582260083,0.09790599999197945,0.06250414464552304,0.1456417370416898,0.7072013262812268,0.7553823830667707,False
stock/PG,stock,174,698,long,2011-10-07,2016-03-11,2019-02-22,1112,742,0.6773708180936283,0.47009486427899233,0.36294226627234255,0.2495255560501174,-0.25464671206844325,-0.24084037684449996,0.09242205477692148,0.06009582895144367,0.14698698379445313,0.6773708180936283,0.7472702607667997,False
stock/PG,stock,200,400,long,2010-08-04,2015-09-21,2019-02-22,1291,861,0.5099426899515848,0.24960565619156597,0.251105065193806,0.10247750115915982,-0.2546467120684431,-0.22752925756528006,0.06394307923533474,0.02331662975588876,0.12232693092655572,0.5251253417869286,0.9600966068702491,False
stock/PG,stock,200,600,long,2011-05-19,2016-01-14,2019-02-22,1171,781,0.46127054935314304,0.5919254006284825,0.23004065873233984,0.31819318541848596,-0.25464671206844314,-0.25094013344989496,0.05857909738824913,0.07984744041176203,0.1482429121139138,0.46127054935314304,0.8752162017508751,False
stock/UNH,stock,5,20,long,2009-01-30,2015-02-12,2019-02-22,1519,1013,0.4567769904629962,0.05307811908583404,0.362230177529364,-0.010554077576484232,-0.2150132265054239,-0.3402363559797085,0.07788427920822105,-0.003590880895350149,0.1531207156589015,0.9563197807275375,1.2487272142513421,False
stock/UNH,stock,5,35,long,2009-02-23,2015-02-23,2019-02-22,1510,1007,0.8032803620147926,0.21866840986762556,0.7556103410634862,0.07461993392002933,-0.2120587987517796,-0.29835939510182796,0.16023382125034538,0.022263558346918327,0.15733700277631218,1.1125866623570337,1.1868743805171882,False
stock/UNH,stock,8,21,long,2009-02-02,2015-02-12,2019-02-22,1518,1013,0.5996220734242019,0.20443071374465993,0.5065391661627213,0.06252702419752895,-0.22283635217900746,-0.31711660481093723,0.11287534002349695,0.0198283576224517,0.15425733101621397,0.9410037161161595,1.2487272142513421,False
stock/UNH,stock,9,21,long,2009-02-02,2015-02-12,2019-02-22,1518,1013,0.6126371054969255,0.26763235220977594,0.4588323410782439,0.09960004259015816,-0.2557097610759572,-0.30052303603419095,0.11732790831103986,0.029932107188329053,0.15524664264115004,0.9410037161161595,1.2487272142513421,False
stock/UNH,stock,10,20,long,2009-01-30,2015-02-12,2019-02-22,1519,1013,0.6536830675686658,0.2586273129611068,0.5229940401422624,0.09453206916045906,-0.24417307760014287,-0.30052303603419095,0.12770106434806885,0.02840906442669527,0.15444533112357375,0.9563197807275375,1.2487272142513421,False
stock/UNH,stock,10,30,long,2009-02-13,2015-02-19,2019-02-22,1513,1009,0.5393159569026067,0.26615763090016764,0.38146970892920323,0.09763790576900941,-0.2629364791399662,-0.30887071995329296,0.10030230216439243,0.030157490249605713,0.15944091286205234,0.9510660025801723,1.2491965969912318,False
stock/UNH,stock,10,100,long,2009-05-27,2015-03-31,2019-02-22,1471,981,0.6717659143049981,0.5525852294330277,0.3784712292611721,0.2951038880176197,-0.34299386495236966,-0.2921619079845822,0.1298133096975638,0.08621811497689626,0.17852554784547048,1.1635988548532343,1.1936480916986638,False
stock/UNH,stock,12,26,long,2009-02-09,2015-02-17,2019-02-22,1515,1011,0.5308639257636122,0.34455024390527367,0.3962564518750497,0.13401953204667355,-0.2489785755764657,-0.31888098907277046,0.0986593669508342,0.04273628093411312,0.1574839509057974,0.9352971768279645,1.2509185603520996,False
stock/UNH,stock,13,48,long,2009-03-12,2015-03-02,2019-02-22,1502,1002,0.609127246940738,0.5321337080731777,0.33559747687645863,0.2596768907239311,-0.3432432635838125,-0.3048406474160857,0.11519157321356872,0.07916007148727928,0.17049884930293857,1.2580726442706684,1.21186182704434,False
stock/UNH,stock,20,50,long,2009-03-16,2015-03-03,2019-02-22,1501,1001,0.6298419988252378,0.4356739382833769,0.31407594710290143,0.18613883343381854,-0.38483466483797585,-0.33180951644469453,0.1208673118370149,0.06176263631325487,0.17123639318552789,1.2451475955148346,1.2296340635903105,False
stock/UNH,stock,20,60,long,2009-03-30,2015-03-09,2019-02-22,1495,997,0.6063631275384315,0.42776933348393437,0.3204116867559708,0.18693126341912855,-0.35911884979393344,-0.3254913823907096,0.11506587640833833,0.06084451534233404,0.17312972825900372,1.2768827008570987,1.2122975204681243,False
stock/UNH,stock,20,100,long,2009-05-27,2015-03-31,2019-02-22,1471,981,0.5443748330041134,0.8026946726681159,0.2398600359787546,0.6157896906161283,-0.4272347090435727,-0.23084029247955293,0.1024765326825641,0.14214907228772047,0.18746940747503868,1.1635988548532343,1.1936480916986638,False
stock/UNH,stock,21,55,long,2009-03-23,2015-03-05,2019-02-22,1498,999,0.48931720825254965,0.4615925272479791,0.2168917903322519,0.20607992981420295,-0.39766303222411253,-0.3249420397109737,0.08624984700803974,0.0669640327373214,0.17277179132640888,1.2263328007212215,1.2104786692677896,False
stock/UNH,stock,30,90,long,2009-05-12,2015-03-25,2019-02-22,1477,985,0.7203073392527467,0.8315117875448882,0.4147407435580725,0.65315021165426,-0.35958765927258757,-0.22733698507660638,0.1491356531810198,0.1484851999196268,0.1876749371732337,1.1528802241264056,1.2057145995353011,False
stock/UNH,stock,30,200,long,2009-10-16,2015-05-28,2019-02-22,1411,941,1.07951454344685,1.1632888503037642,0.9755397522822521,1.2953752284874138,-0.2617752000853813,-0.18646312794335435,0.25537211384492986,0.2415397169641005,0.20389221861041623,1.351318702160579,1.2254922812971634,False
stock/UNH,stock,40,100,long,2009-05-27,2015-03-31,2019-02-22,1471,981,0.6689232589032774,0.9810062428091813,0.3725749113865008,0.9852229822517281,-0.37095101739515457,-0.18646312794335435,0.13820704243473203,0.1837077589923371,0.19040301251678088,1.1635988548532343,1.1936480916986638,False
stock/UNH,stock,50,150,long,2009-08-06,2015-04-29,2019-02-22,1441,961,1.0546089506253102,1.17817138186294,1.1504211873058325,1.288824085516657,-0.22330623112179263,-0.18646312794335435,0.2568962195399233,0.24031817035416908,0.19978228234360598,1.2188933307596088,1.271867902165987,False
stock/UNH,stock,50,200,long,2009-10-16,2015-05-28,2019-02-22,1411,941,1.351318702160579,1.2254922812971634,1.6336674089236496,1.3922626641432758,-0.2123094267535863,-0.18646312794335435,0.3468429910945967,0.25960565127490304,0.20562993369934163,1.351318702160579,1.2254922812971634,False
stock/UNH,stock,60,120,long,2009-06-24,2015-04-13,2019-02-22,1459,973,1.034463047235156,1.058663863076518,0.9718525929428927,1.1225378543865105,-0.25455220663816636,-0.18646312794335435,0.247387222060637,0.20931191956373038,0.19808639156659472,1.264120973781672,1.187559186818724,False
stock/UNH,stock,60,132,long,2009-07-13,2015-04-20,2019-02-22,1452,968,1.0051781852015942,1.0927658265175617,1.0397499170027216,1.179254977985625,-0.23172562802220228,-0.18646312794335435,0.24093670250348836,0.2198875718379711,0.20027880107951113,1.2616763097688195,1.2063370718247588,False
stock/UNH,stock,60,180,long,2009-09-18,2015-05-15,2019-02-22,1423,949,1.201990483614545,1.1372595075107133,1.4247204560170088,1.26076248297492,-0.21230942675358638,-0.18646312794335435,0.3024815833010793,0.2350857161691336,0.2039900945694331,1.2136697342615232,1.2221206995617553,False
stock/UNH,stock,60,400,long,2010-08-04,2015-09-21,2019-02-22,1291,861,1.2875989808966377,1.2942100672650847,1.4911067141703556,1.4503408302176064,-0.21230942675358674,-0.18646312794335435,0.3165760117139325,0.2704350877863363,0.200527273811402,1.2875989808966377,1.2942100672650847,False
stock/UNH,stock,62,758,long,2012-01-04,2016-04-15,2019-02-22,1076,718,1.1494279547372483,1.5472531840365527,1.645187126727649,1.69474303408704,-0.1536673107733805,-0.18646312794335435,0.2528114814832226,0.3160070871960803,0.1890702465973875,1.1494279547372483,1.5472531840365527,False
stock/UNH,stock,74,758,long,2012-01-04,2016-04-15,2019-02-22,1076,718,1.1494279547372483,1.5472531840365527,1.645187126727649,1.69474303408704,-0.1536673107733805,-0.18646312794335435,0.2528114814832226,0.3160070871960803,0.1890702465973875,1.1494279547372483,1.5472531840365527,False
stock/UNH,stock,80,144,long,2009-07-29,2015-04-24,2019-02-22,1444,964,1.1225013462441555,1.1261825586551002,1.322130641486209,1.2401473998875558,-0.21230942675358638,-0.18646312794335435,0.28070079858728847,0.23124176329385154,0.2030631588659661,1.185175666367402,1.2083279811221808,False
stock/UNH,stock,80,300,long,2010-03-12,2015-07-24,2019-02-22,1351,901,1.1997919851067003,1.2894223474872561,1.3602774480148763,1.4807920830505492,-0.21230942675358674,-0.18646312794335435,0.28879972521387026,0.27611312363936075,0.20552399666493576,1.1997919851067003,1.2894223474872561,False
stock/UNH,stock,100,200,long,2009-10-16,2015-05-28,2019-02-22,1411,941,1.351318702160579,1.2254922812971634,1.6336674089236496,1.3922626641432758,-0.2123094267535863,-0.18646312794335435,0.3468429910945967,0.25960565127490304,0.20562993369934163,1.351318702160579,1.2254922812971634,False
stock/UNH,stock,100,250,long,2009-12-29,2015-06-25,2019-02-22,1381,921,1.2389519785644914,1.2163555180407912,1.439415965827891,1.376917767445508,-0.21230942675358666,-0.18646312794335435,0.30560157856487985,0.2567443938386696,0.20523544314804265,1.2389519785644914,1.2163555180407912,False
stock/UNH,stock,100,300,long,2010-03-12,2015-07-24,2019-02-22,1351,901,1.1997919851067003,1.2894223474872561,1.3602774480148763,1.4807920830505492,-0.21230942675358674,-0.18646312794335435,0.28879972521387026,0.27611312363936075,0.20552399666493576,1.1997919851067003,1.2894223474872561,False
stock/UNH,stock,100,400,long,2010-08-04,2015-09-21,2019-02-22,1291,861,1.2875989808966377,1.2942100672650847,1.4911067141703556,1.4503408302176064,-0.21230942675358674,-0.18646312794335435,0.3165760117139325,0.2704350877863363,0.200527273811402,1.2875989808966377,1.2942100672650847,False
stock/UNH,stock,116,378,long,2010-07-02,2015-09-08,2019-02-22,1304,870,1.3412846895384511,1.3830242273661784,1.571894709624201,1.572195823466337,-0.21230942675358638,-0.18646312794335435,0.33372806471730926,0.2931565509830109,0.20047204801723237,1.3412846895384511,1.3830242273661784,False
stock/UNH,stock,120,398,long,2010-08-02,2015-09-18,2019-02-22,1292,862,1.313287509250585,1.310394645015538,1.5307512935703065,1.472249244378308,-0.21230942675358666,-0.18646312794335435,0.324992929640223,0.2745201992190192,0.20049858917428479,1.313287509250585,1.310394645015538,False
stock/UNH,stock,134,750,long,2011-12-21,2016-04-12,2019-02-22,1081,721,1.1873598632267348,1.5512290646907292,1.7127116896015726,1.6969683630507721,-0.1536673107733805,-0.18646312794335435,0.26318779947120646,0.3164220289953607,0.18875043923008983,1.1873598632267348,1.5512290646907292,False
stock/UNH,stock,150,400,long,2010-08-04,2015-09-21,2019-02-22,1291,861,1.2875989808966377,1.2942100672650847,1.4911067141703556,1.4503408302176064,-0.21230942675358674,-0.18646312794335435,0.3165760117139325,0.2704350877863363,0.200527273811402,1.2875989808966377,1.2942100672650847,False
stock/UNH,stock,150,500,long,2010-12-27,2015-11-16,2019-02-22,1231,821,1.190926138151541,1.5132793457207947,1.361038800014248,1.7128636373173005,-0.21230942675358677,-0.18646312794335435,0.2889613674204146,0.3193859115546151,0.19589062210807928,1.190926138151541,1.5132793457207947,False
stock/UNH,stock,150,710,long,2011-10-25,2016-03-18,2019-02-22,1105,737,1.1767426191812125,1.5276240562153869,1.722850914095413,1.6564720479312536,-0.15366731077338047,-0.18646312794335435,0.26474586683250245,0.3088709594079955,0.18777915010438617,1.1767426191812125,1.5276240562153869,False
stock/UNH,stock,162,678,long,2011-09-09,2016-03-01,2019-02-22,1124,750,1.1532951276697838,1.5888163578650845,1.6953297359664703,1.72973154227226,-0.1572102770043047,-0.18646312794335435,0.26652325740492355,0.32253115387436804,0.1869966906367231,1.1532951276697838,1.5888163578650845,False
stock/UNH,stock,174,698,long,2011-10-07,2016-03-11,2019-02-22,1112,742,1.2362084311137471,1.5438380838493946,1.8417750925880458,1.6744370530672015,-0.15366731077338053,-0.18646312794335435,0.28302062552739893,0.3122207704591628,0.1874211136261427,1.2362084311137471,1.5438380838493946,False
stock/UNH,stock,200,400,long,2010-08-04,2015-09-21,2019-02-22,1291,861,1.2875989808966377,1.2942100672650847,1.4911067141703556,1.4503408302176064,-0.21230942675358674,-0.18646312794335435,0.3165760117139325,0.2704350877863363,0.200527273811402,1.2875989808966377,1.2942100672650847,False
stock/UNH,stock,200,600,long,2011-05-19,2016-01-14,2019-02-22,1171,781,0.8996824324532998,1.6624211870788077,0.9598511598567068,1.8673516313113752,-0.21230942675358666,-0.18646312794335435,0.2037854495179427,0.3481922261444444,0.19070712192820435,0.8996824324532998,1.6624211870788077,False
stock/VZ,stock,5,20,long,2009-01-30,2015-02-12,2019-02-22,1519,1013,0.4855980758001736,0.30624800892523796,0.2857557353863383,0.20035285686850787,-0.1917836404167861,-0.15744719992315867,0.05480327520236779,0.03154499631055195,0.12812816662733004,0.9108193717963365,0.5490946037267199,False
stock/VZ,stock,5,35,long,2009-02-23,2015-02-23,2019-02-22,1510,1007,0.2865382586102173,0.15125618317019987,0.12526613123561411,0.06453118152033797,-0.22953080603148623,-0.1715085508591873,0.02875243607095644,0.011067649427784331,0.12201914372880962,0.9845356410959214,0.5727405275716929,False
stock/VZ,stock,8,21,long,2009-02-02,2015-02-12,2019-02-22,1518,1013,0.4965510821074945,0.06859783917785314,0.27734934488413054,0.005114271056750417,-0.20051062308808953,-0.20116447630634918,0.055611489955790454,0.0010288096588199167,0.11992857422653996,0.889945882976461,0.5490946037267199,False
stock/VZ,stock,9,21,long,2009-02-02,2015-02-12,2019-02-22,1518,1013,0.532333327013795,-0.07109404300405571,0.30374054910039466,-0.07627191493718759,-0.19870183059137966,-0.20702279166308424,0.060353803131079256,-0.015790024755785868,0.12091156451659812,0.889945882976461,0.5490946037267199,False
stock/VZ,stock,10,20,long,2009-01-30,2015-02-12,2019-02-22,1519,1013,0.521738755343404,-0.09013713173007636,0.2926824115228372,-0.08738566609009815,-0.2016223259777454,-0.2062601556734974,0.0590113085840101,-0.018024181091375907,0.12076835599147571,0.9108193717963365,0.5490946037267199,False
stock/VZ,stock,10,30,long,2009-02-13,2015-02-19,2019-02-22,1513,1009,0.4176498443576904,-0.21386584902939107,0.23561139733987396,-0.13625806643811217,-0.19411760623515195,-0.2485893945614765,0.04573632045333558,-0.03387231023996774,0.1246914363271475,0.9211062275541683,0.5680319455475477,False
stock/VZ,stock,10,100,long,2009-05-27,2015-03-31,2019-02-22,1471,981,0.32297444038355305,-0.11485030001676068,0.129334522356698,-0.08805215418297435,-0.2716444812863063,-0.2717359208217571,0.03513300923799742,-0.02392693319724987,0.13328500030316534,0.9993202750336047,0.5877117185756005,False
stock/VZ,stock,12,26,long,2009-02-09,2015-02-17,2019-02-22,1515,1011,0.40241333120844064,-0.2660709169803149,0.23130800485967865,-0.1495054875129786,-0.18800320136209495,-0.26764238970155074,0.0434866454142986,-0.040014005951468944,0.12434899781770861,0.8649771627840045,0.5595446503675277,False
stock/VZ,stock,13,48,long,2009-03-12,2015-03-02,2019-02-22,1502,1002,0.14358008770656852,-0.18934581047445323,0.04434143874981214,-0.1392333488569263,-0.23087490137301003,-0.22810159348354092,0.010237325298100243,-0.031759348740314636,0.12744126903728892,1.011273851287016,0.5538151415877957,False
stock/VZ,stock,20,50,long,2009-03-16,2015-03-03,2019-02-22,1501,1001,0.2965891843870396,-0.1789171457351807,0.1416392381011466,-0.12123077649831074,-0.21693406853931788,-0.26117550467391215,0.0307263761860909,-0.031662509233956554,0.13142883869439248,0.9991780622750303,0.5517681697902571,False
stock/VZ,stock,20,60,long,2009-03-30,2015-03-09,2019-02-22,1495,997,0.13557637046269036,-0.2048556530427596,0.03903007354068423,-0.11418376229329014,-0.23652191297595246,-0.30679441694899034,0.00923146765743474,-0.035030940777812054,0.13164086593066793,0.9331713268767796,0.5923119329376453,False
stock/VZ,stock,20,100,long,2009-05-27,2015-03-31,2019-02-22,1471,981,0.23317388104073303,-0.20888616468081708,0.10070508726353072,-0.10670893475574336,-0.22575143667653882,-0.3404698795512996,0.022734318130378274,-0.03633117816333543,0.13402622695017388,0.9993202750336047,0.5877117185756005,False
stock/VZ,stock,21,55,long,2009-03-23,2015-03-05,2019-02-22,1498,999,0.24308845071063057,-0.22377805721523036,0.10281631438521956,-0.12098407125289742,-0.230609631345,-0.30968548633335735,0.023710432356627103,-0.0374670109445431,0.13174538986585138,0.9171468551140421,0.5709383536883161,False
stock/VZ,stock,30,90,long,2009-05-12,2015-03-25,2019-02-22,1477,985,0.3112055012222648,0.1538280038921635,0.14214374369302113,0.04236209041031042,-0.23706749701690355,-0.27393173165471774,0.03369766153391679,0.011604320782610046,0.13034208676931214,0.9425137067425979,0.5830318510884218,False
stock/VZ,stock,30,200,long,2009-10-16,2015-05-28,2019-02-22,1411,941,0.7217077410416862,-0.06914404962924534,0.5424620868358065,-0.06065319352937927,-0.18664285851197826,-0.3267585238418327,0.10124667452140791,-0.019818947983952968,0.14243491943951894,1.0507163984398125,0.5574535901646606,False
stock/VZ,stock,40,100,long,2009-05-27,2015-03-31,2019-02-22,1471,981,0.42209191567104276,0.21745636049962785,0.217986179762326,0.07841303500294923,-0.23105997803110956,-0.25715676789501524,0.050367881906968545,0.02016444264219712,0.13187511129362053,0.9993202750336047,0.5877117185756005,False
stock/VZ,stock,50,150,long,2009-08-06,2015-04-29,2019-02-22,1441,961,0.5976024434643009,0.07950992576107514,0.37785428716288855,0.003986892282145459,-0.2125350076896011,-0.2868981457406836,0.08030726382771326,0.0011438320030153744,0.14269499017766954,0.9891423316640947,0.5233099974199263,False
stock/VZ,stock,50,200,long,2009-10-16,2015-05-28,2019-02-22,1411,941,0.695918103100556,0.24170633440252998,0.594037723016028,0.09044970133933265,-0.16588328799803156,-0.27650759124218444,0.09854093068876267,0.025010029045913856,0.14698844525288762,1.0507163984398125,0.5574535901646606,False
stock/VZ,stock,60,120,long,2009-06-24,2015-04-13,2019-02-22,1459,973,0.5392507781583834,0.022356398019595918,0.3268817422286896,-0.022603233999715103,-0.2156061405802901,-0.28814485065881784,0.070477710868089,-0.006513005485254222,0.13862264751133715,0.9618478614141444,0.5617773938766718,False
stock/VZ,stock,60,132,long,2009-07-13,2015-04-20,2019-02-22,1452,968,0.516132166725161,0.07156742602510834,0.2970801472239379,7.500057481542606e-05,-0.22631387834130584,-0.2809956444714552,0.0672333602964555,2.1074834855990236e-05,0.14254425873493806,1.0211360360636572,0.5533087190781456,False
stock/VZ,stock,60,180,long,2009-09-18,2015-05-15,2019-02-22,1423,949,0.7021334791713145,0.20658879380685474,0.5421429385813201,0.06888114381116514,-0.1833593819081699,-0.28584701203447,0.09940699412414976,0.01968946914393818,0.14627494367786492,1.0418888059031204,0.5474026939361234,False
stock/VZ,stock,60,400,long,2010-08-04,2015-09-21,2019-02-22,1291,861,0.8663658560074723,0.4834909659504186,0.9700380627670214,0.2884770800825307,-0.1397597263014155,-0.23005054620971202,0.13557225415427424,0.06636430984196902,0.15914412608191225,0.8749113309118912,0.7490228608152236,False
stock/VZ,stock,62,758,long,2012-01-04,2016-04-15,2019-02-22,1076,718,0.7908560986090175,0.33638772016844964,0.8261983035032523,0.1761460104632607,-0.142541206915409,-0.2514414148321146,0.11776730333281697,0.04429040208791473,0.17379268310365242,0.7908560986090175,0.5348678342464189,False
stock/VZ,stock,74,758,long,2012-01-04,2016-04-15,2019-02-22,1076,718,0.7908560986090175,0.5348678342464189,0.8261983035032523,0.41528987898748204,-0.142541206915409,-0.20110080611542167,0.11776730333281697,0.08351512943595855,0.18032624472210554,0.7908560986090175,0.5348678342464189,False
stock/VZ,stock,80,144,long,2009-07-29,2015-04-24,2019-02-22,1444,964,0.6476550473367564,0.18526479443557467,0.5547871660331269,0.05693003307420189,-0.16352206432801614,-0.2887611224473358,0.09071994265242675,0.01643918025147049,0.144433763741392,0.9423910463085898,0.5353456138702773,False
stock/VZ,stock,80,300,long,2010-03-12,2015-07-24,2019-02-22,1351,901,0.8692571713427695,0.4218995426636994,0.9400015426263154,0.236622194730531,-0.1397597263014155,-0.23495513975081428,0.1313743583203622,0.0555956008310563,0.15781866499826375,0.9766870088201194,0.6708973362603565,False
stock/VZ,stock,100,200,long,2009-10-16,2015-05-28,2019-02-22,1411,941,0.8654383955891976,0.21186746591623687,0.8901763977584825,0.09365161611442113,-0.1459351678993697,-0.22363407929698398,0.12990804206694023,0.020943692944423158,0.1537190608143882,1.0507163984398125,0.5574535901646606,False
stock/VZ,stock,100,250,long,2009-12-29,2015-06-25,2019-02-22,1381,921,0.7553760432819827,0.2911058226658443,0.7999423501711885,0.13743573078264804,-0.13975972630141537,-0.24690283563569995,0.11179972391683628,0.033933271647900456,0.15710062012439924,0.8608609483867359,0.6319299264645312,False
stock/VZ,stock,100,300,long,2010-03-12,2015-07-24,2019-02-22,1351,901,0.8665071916515011,0.37666048989936624,0.9370521575109635,0.20296139692487875,-0.1397597263014155,-0.23792911091618368,0.13096215306388315,0.04829042472064306,0.15870276757366095,0.9766870088201194,0.6708973362603565,False
stock/VZ,stock,100,400,long,2010-08-04,2015-09-21,2019-02-22,1291,861,0.8553140776023892,0.3177682824593634,0.9551790385743799,0.15086001271261681,-0.1397597263014155,-0.25626293090399116,0.13349556100000454,0.03865982901394855,0.15943150321078653,0.8749113309118912,0.7490228608152236,False
stock/VZ,stock,116,378,long,2010-07-02,2015-09-08,2019-02-22,1304,870,0.882640372645834,0.36416369443757585,0.9824288929046401,0.20241345714172648,-0.1397597263014155,-0.22839667612916903,0.13730399318295514,0.04623056081498434,0.15878866187133966,1.0252788513864917,0.703347372338951,False
stock/VZ,stock,120,398,long,2010-08-02,2015-09-18,2019-02-22,1292,862,0.8423086361286392,0.5177430034018712,0.9377824567870938,0.3165571968026725,-0.1397597263014155,-0.23311865055746595,0.13106421949083324,0.0737953865428932,0.1633216710938211,0.8618008795703348,0.7570132639529148,False
stock/VZ,stock,134,750,long,2011-12-21,2016-04-12,2019-02-22,1081,721,0.8041140313404127,0.5108763195599152,0.842480703298354,0.3916670525059461,-0.142541206915409,-0.20110080611542164,0.12008821625108998,0.07876455998779693,0.18011770143842115,0.8041140313404127,0.5108763195599152,False
stock/VZ,stock,150,400,long,2010-08-04,2015-09-21,2019-02-22,1291,861,0.8683541936508476,0.5643929664993192,0.971212166363192,0.31944798278650727,-0.1397597263014155,-0.26485054163712146,0.13573634655152453,0.0846059712658923,0.1693450264260982,0.8749113309118912,0.7490228608152236,False
stock/VZ,stock,150,500,long,2010-12-27,2015-11-16,2019-02-22,1231,821,0.6752996928903964,0.5519658160762979,0.7141472009280577,0.31863087144228086,-0.1425412069154092,-0.26281791083767103,0.10179540393554658,0.08374189996084679,0.17278041501455157,0.6752996928903964,0.7458401826979362,False
stock/VZ,stock,150,710,long,2011-10-25,2016-03-18,2019-02-22,1105,737,0.9190956677240448,0.4760504479238001,0.9942552189755749,0.35721913787112486,-0.142541206915409,-0.2011008061154217,0.14172233889472272,0.07183705658573918,0.17954834308638293,0.9190956677240448,0.4760504479238001,False
stock/VZ,stock,162,678,long,2011-09-09,2016-03-01,2019-02-22,1124,750,0.9105547333617083,0.5351914522364718,0.9878551422249632,0.41198714059358443,-0.1425412069154093,-0.2011008061154217,0.14081006423033957,0.0828509460825574,0.17844955999335363,0.9105547333617083,0.5351914522364718,False
stock/VZ,stock,174,698,long,2011-10-07,2016-03-11,2019-02-22,1112,742,0.8934667547536457,0.4995641584560759,0.9647628723263378,0.3790744020275544,-0.142541206915409,-0.20110080611542164,0.13751846420857283,0.0762321678254626,0.17914827329847313,0.8934667547536457,0.4995641584560759,False
stock/VZ,stock,200,400,long,2010-08-04,2015-09-21,2019-02-22,1291,861,0.8510189235701645,0.5944120240898886,0.9461842022546123,0.3670974732913908,-0.1397597263014155,-0.24898937466967114,0.1322384451378278,0.0914033703176397,0.17209221057740584,0.8749113309118912,0.7490228608152236,False
stock/VZ,stock,200,600,long,2011-05-19,2016-01-14,2019-02-22,1171,781,0.6216165212249409,0.761750616705518,0.6408386076456272,0.6376634669777105,-0.142541206915409,-0.20110080611542172,0.09134590857179795,0.12823463723957218,0.17954496565472078,0.6216165212249409,0.761750616705518,False
stock/WMT,stock,5,20,long,2009-01-30,2015-02-12,2019-02-22,1519,1013,0.3660695002020957,0.17694658319151163,0.193197693858808,0.06350266784677831,-0.18797585410780038,-0.24523121308948861,0.03631650151476677,0.015572836270484308,0.15871689122590799,0.8583494281252843,0.40863577753187225,False
stock/WMT,stock,5,35,long,2009-02-23,2015-02-23,2019-02-22,1510,1007,0.19354780547466277,0.38220032578720703,0.07019020424570505,0.24280146112911616,-0.22492532534607,-0.19988503883522407,0.01578755452607231,0.04853237948704253,0.1558494015935374,0.8261414853620244,0.4290036401846728,False
stock/WMT,stock,8,21,long,2009-02-02,2015-02-12,2019-02-22,1518,1013,0.332575510204956,0.5851646338893937,0.1763302163382262,0.3703933182998364,-0.17925839295802945,-0.21266184263097454,0.031608671210732096,0.07876852556784428,0.14826862560528395,0.8712700145352209,0.40863577753187225,True
stock/WMT,stock,9,21,long,2009-02-02,2015-02-12,2019-02-22,1518,1013,0.1641554702814798,0.5345148647399539,0.05210237804758238,0.3347896883557712,-0.2352655084591062,-0.2115885516018456,0.012257892463293042,0.0708376652504309,0.14860562701133312,0.8712700145352209,0.40863577753187225,True
stock/WMT,stock,10,20,long,2009-01-30,2015-02-12,2019-02-22,1519,1013,0.2076579786821414,0.5868287148069044,0.07572364949310266,0.4028584031683678,-0.2284387907116189,-0.19649352776610754,0.017298218918474866,0.07915906882877342,0.14853502860726323,0.8583494281252843,0.40863577753187225,True
stock/WMT,stock,10,30,long,2009-02-13,2015-02-19,2019-02-22,1513,1009,0.3523429453938736,0.5352612820244496,0.23252320285455585,0.3524153282400639,-0.14818638229477782,-0.21039439554341413,0.03445677223061139,0.07414620996530212,0.1566113240716918,0.8567700271139052,0.4441732500719966,True
stock/WMT,stock,10,100,long,2009-05-27,2015-03-31,2019-02-22,1471,981,0.22940092673415305,0.5126902714342956,0.08368360204967787,0.3791645679223532,-0.24544195932298132,-0.18521660058861691,0.020539467250277593,0.07022757233423,0.15603420217744873,0.8322742342836457,0.4641815418817933,True
stock/WMT,stock,12,26,long,2009-02-09,2015-02-17,2019-02-22,1515,1011,0.35168076929334635,0.5191570410328695,0.23140250351748784,0.33685595895387027,-0.14775197722999273,-0.21039439554341413,0.034190177430679175,0.07087260586929665,0.15514847996158135,0.8229145427829683,0.40805329226102754,True
stock/WMT,stock,13,48,long,2009-03-12,2015-03-02,2019-02-22,1502,1002,0.20864501613262074,0.6322603438904951,0.09598862677405563,0.5040531638213356,-0.18555492511016983,-0.17285561891542006,0.017811162452487934,0.08712842159861259,0.14980432849275202,0.8281919926370087,0.4394677900821891,True
stock/WMT,stock,20,50,long,2009-03-16,2015-03-03,2019-02-22,1501,1001,0.3259215048066733,0.6364700934930837,0.17856995260032676,0.5425974176674573,-0.17884757280141397,-0.16458251917732497,0.031936802597831986,0.0893020498988213,0.15261929630238652,0.8239098748540383,0.44835955938085875,True
stock/WMT,stock,20,60,long,2009-03-30,2015-03-09,2019-02-22,1495,997,0.16793525245970561,0.7805916382131005,0.06614181261871657,0.7204128458879749,-0.19557635714806754,-0.16634244475049054,0.012935774767138673,0.11983523401466413,0.16159029413943382,0.759665048268357,0.4567800975578401,True
stock/WMT,stock,20,100,long,2009-05-27,2015-03-31,2019-02-22,1471,981,0.37175432172209943,0.5972321518159034,0.2075411036052708,0.4573216801404072,-0.18295767629942639,-0.18968513075228297,0.03797123805223885,0.08674712269328687,0.1607193096180898,0.8322742342836457,0.4641815418817933,True
stock/WMT,stock,21,55,long,2009-03-23,2015-03-05,2019-02-22,1498,999,0.19047900444450538,0.6763888980347393,0.07589222959190846,0.5779914240357406,-0.20576171065783574,-0.16634244475049062,0.015615714986468307,0.09614450651892256,0.15294787088172226,0.7726076924148166,0.4460377145893801,True
stock/WMT,stock,30,90,long,2009-05-12,2015-03-25,2019-02-22,1477,985,0.40391809608585705,0.49225621749972787,0.2215583741933674,0.3089592808416014,-0.18949153712687494,-0.2212301643906208,0.041983436889232534,0.06835111249059546,0.16012164972577725,0.7804858650491462,0.4771301299384803,True
stock/WMT,stock,30,200,long,2009-10-16,2015-05-28,2019-02-22,1411,941,0.452554023757867,0.6715358545222367,0.332403535048044,0.4745710900847915,-0.15626758947847605,-0.2238358662882692,0.05194389915608196,0.10622603106449754,0.1722446585109459,0.7004586105390913,0.5910883054289328,True
stock/WMT,stock,40,100,long,2009-05-27,2015-03-31,2019-02-22,1471,981,0.2571401534131409,0.5918043372711452,0.11169550550320897,0.3984657529451807,-0.21857508941085702,-0.21871855556633563,0.024413855102154772,0.08715185392682227,0.16360592792336992,0.8322742342836457,0.4641815418817933,True
stock/WMT,stock,50,150,long,2009-08-06,2015-04-29,2019-02-22,1441,961,0.3523802392924968,0.6496069128429485,0.24277629080540009,0.4112058246594319,-0.15905599132207754,-0.24500787343795782,0.03861502360354989,0.10074866464510916,0.16976762494022485,0.79132662831709,0.5390994716359159,True
stock/WMT,stock,50,200,long,2009-10-16,2015-05-28,2019-02-22,1411,941,0.4957705002155239,0.6040179171068867,0.39874733852455235,0.39120692802211443,-0.15036460741446647,-0.24134244918372574,0.05995748701480768,0.0944148381464986,0.17432037527240432,0.7004586105390913,0.5910883054289328,True
stock/WMT,stock,60,120,long,2009-06-24,2015-04-13,2019-02-22,1459,973,0.3130945405851506,0.6276386999103359,0.1638183707841848,0.4012088088757566,-0.1996639065400763,-0.23878694553855442,0.032708615873801035,0.09580342599460358,0.16808844346392093,0.8321345775645184,0.49669687133886087,True
stock/WMT,stock,60,132,long,2009-07-13,2015-04-20,2019-02-22,1452,968,0.3238339742024677,0.6420099634263129,0.2111504919229736,0.4036365230662807,-0.16352447074921797,-0.24527360797411088,0.03452827244014128,0.09900138632259209,0.16914107080918434,0.8198328164629443,0.5324756760790995,True
stock/WMT,stock,60,180,long,2009-09-18,2015-05-15,2019-02-22,1423,949,0.5437207550733069,0.48661301010333474,0.43670607591327565,0.28518133856489936,-0.15151266679352365,-0.25427465693613954,0.06616650216655538,0.07251438702817885,0.17513237581259816,0.7939289193728393,0.5130921010334621,False
stock/WMT,stock,60,400,long,2010-08-04,2015-09-21,2019-02-22,1291,861,0.6491032762754102,0.6270278245672868,0.43863846967167197,0.4139279781142789,-0.1951062159577182,-0.2385808700432874,0.08558109199112426,0.09875529715376348,0.17433023835457964,0.5168196649757911,0.8501706018748992,False
stock/WMT,stock,62,758,long,2012-01-04,2016-04-15,2019-02-22,1076,718,0.36518779225046677,0.8280074395260948,0.14361476870487722,0.6347076041373533,-0.28909233604879636,-0.2385808700432873,0.041517928976000526,0.15142909241818012,0.19262207599479553,0.44682807712641764,0.8471088889711029,False
stock/WMT,stock,74,758,long,2012-01-04,2016-04-15,2019-02-22,1076,718,0.33728793530529483,0.8224084382868635,0.13039060114846182,0.6294576771843232,-0.28909233604879636,-0.23858087004328724,0.0376949234848157,0.15017656027806248,0.19260526329882707,0.44682807712641764,0.8471088889711029,False
stock/WMT,stock,80,144,long,2009-07-29,2015-04-24,2019-02-22,1444,964,0.5466205600543099,0.4869315993033951,0.4088209396014088,0.2751309448212383,-0.1622737132688869,-0.26221828054364066,0.06634089193119594,0.07214436327537238,0.17386471204772236,0.8104947963311452,0.5066012054792888,False
stock/WMT,stock,80,300,long,2010-03-12,2015-07-24,2019-02-22,1351,901,0.4609862955811821,0.7349163452023856,0.28111539097120775,0.4951222592142803,-0.20533831204751413,-0.2385808700432873,0.05772375987260479,0.11812669938114102,0.17197610149914294,0.5946345232435382,0.6658137737429972,True
stock/WMT,stock,100,200,long,2009-10-16,2015-05-28,2019-02-22,1411,941,0.40354942637581626,0.6830845275541143,0.23851099829303418,0.4458907506242689,-0.20281140929130806,-0.2385808700432874,0.048372751695287035,0.10638100322819258,0.1687633277578591,0.7004586105390913,0.5910883054289328,True
stock/WMT,stock,100,250,long,2009-12-29,2015-06-25,2019-02-22,1381,921,0.4587244748128388,0.726884835977465,0.29557064222861984,0.48377276891786236,-0.1951062159577182,-0.2385808700432873,0.05766766955341857,0.11541892811167377,0.17010048750253867,0.5902476217539635,0.6515622973877622,True
stock/WMT,stock,100,300,long,2010-03-12,2015-07-24,2019-02-22,1351,901,0.48910074442010615,0.7295321941879992,0.31573872709054024,0.49051423695967056,-0.1966936921918565,-0.23858087004328732,0.0621038159993953,0.1170273134224574,0.1718715753519801,0.5946345232435382,0.6658137737429972,True
stock/WMT,stock,100,400,long,2010-08-04,2015-09-21,2019-02-22,1291,861,0.6541177789938559,0.7202840378109644,0.4206033952820873,0.4924896684208302,-0.2062961125976292,-0.2385808700432874,0.08676884539205862,0.1174986135791718,0.17554414017384998,0.5168196649757911,0.8501706018748992,False
stock/WMT,stock,116,378,long,2010-07-02,2015-09-08,2019-02-22,1304,870,0.7026828368683763,0.6859939281308167,0.45646459091878894,0.46196219353148205,-0.2062961125976294,-0.2385808700432874,0.09416687064501332,0.1102153420598465,0.1745237086580365,0.6575005719394306,0.7864890266589758,False
stock/WMT,stock,120,398,long,2010-08-02,2015-09-18,2019-02-22,1292,862,0.6360913708244428,0.6888465560151397,0.4077060509070275,0.4661207077939134,-0.2062961125976292,-0.2385808700432874,0.08410817338465089,0.1112074840106648,0.17529208617649536,0.5136490019868247,0.8580011155303507,False
stock/WMT,stock,134,750,long,2011-12-21,2016-04-12,2019-02-22,1081,721,0.36731979590666103,0.7532501632441645,0.14758155681610438,0.5631637092428368,-0.28909233604879636,-0.2385808700432874,0.04266469701768578,0.13436008772796093,0.19165385874583543,0.4476290693627786,0.8516174935606136,False
stock/WMT,stock,150,400,long,2010-08-04,2015-09-21,2019-02-22,1291,861,0.57124819232743,0.6962570523337488,0.32848863027374064,0.47205870143847867,-0.2282377196957129,-0.2385808700432874,0.0749734959196467,0.11262417570069669,0.17524506416502808,0.5168196649757911,0.8501706018748992,False
stock/WMT,stock,150,500,long,2010-12-27,2015-11-16,2019-02-22,1231,821,0.47701823453406517,0.7088033965959322,0.21421735342805906,0.49284221343654483,-0.2890923360487964,-0.2385808700432874,0.06192859512470824,0.11758272407575042,0.17946992904565567,0.3321278996177344,1.0463529759518306,False
stock/WMT,stock,150,710,long,2011-10-25,2016-03-18,2019-02-22,1105,737,0.4441260070483721,0.749574831098681,0.18942739500628913,0.5539057257571398,-0.2890923360487964,-0.23858087004328732,0.05476200813400624,0.13215130997309693,0.1894301567677602,0.47377903746975586,0.8847166642135538,False
stock/WMT,stock,162,678,long,2011-09-09,2016-03-01,2019-02-22,1124,750,0.6081635357730427,0.7467598309087119,0.2794148009500428,0.5469482640142455,-0.28909233604879647,-0.2385808700432874,0.08077667753325735,0.13049139269718435,0.18775918525999136,0.5809750251975978,0.8996931296645354,False
stock/WMT,stock,174,698,long,2011-10-07,2016-03-11,2019-02-22,1112,742,0.3710347981675247,0.7500596690970441,0.1376729204832582,0.552564869529402,-0.3322348138695559,-0.2385808700432874,0.04573973711163345,0.1318314073276803,0.18876385327980402,0.5511281501026178,0.8755427661028479,False
stock/WMT,stock,200,400,long,2010-08-04,2015-09-21,2019-02-22,1291,861,0.48112051665311945,0.6804192362873795,0.21452425253834628,0.45813376636584885,-0.2890923360487963,-0.2385808700432874,0.062017317305432446,0.10930195257577238,0.1748176032088567,0.5168196649757911,0.8501706018748992,False
stock/WMT,stock,200,600,long,2011-05-19,2016-01-14,2019-02-22,1171,781,0.4906930708278609,0.7323375613396688,0.2241331566997836,0.5235399361665605,-0.28909233604879625,-0.23858087004328732,0.06479517785633135,0.1249066134730251,0.18365725872163238,0.399224323572267,0.9484558602022855,False
stock/XOM,stock,5,20,long,2009-01-30,2015-02-12,2019-02-22,1519,1013,-0.01585327396476953,-0.0066660026455695855,-0.03889428350802472,-0.03387493173837402,-0.25336896320272195,-0.21585730314401472,-0.009854604286940951,-0.007312151409233006,0.11457872248060562,0.3948856857197502,0.07750371393487553,False
stock/XOM,stock,5,35,long,2009-02-23,2015-02-23,2019-02-22,1510,1007,0.2159720132391201,0.10007219209696348,0.10369618620107014,0.024660427382586322,-0.18599966650317765,-0.19661013265872074,0.019287456051050457,0.004848489899111046,0.11750445192595661,0.44747980742514215,0.12589077032100315,False
stock/XOM,stock,8,21,long,2009-02-02,2015-02-12,2019-02-22,1518,1013,0.020529938363679532,-0.016332418649404646,-0.024966097402713834,-0.03437571755063639,-0.20611580633153398,-0.2643747023251944,-0.005145907297111978,-0.009088070094664455,0.11963874680497984,0.39268123962785706,0.07750371393487553,False
stock/XOM,stock,9,21,long,2009-02-02,2015-02-12,2019-02-22,1518,1013,0.015585603238265624,0.18749005023442172,-0.025300555820871044,0.09794012615613266,-0.22935553868700395,-0.1551510649832752,-0.005802822609376492,0.01519551487772031,0.1170773795005287,0.39268123962785706,0.07750371393487553,True
stock/XOM,stock,10,20,long,2009-01-30,2015-02-12,2019-02-22,1519,1013,-0.07790001717308774,0.2735105180434324,-0.0662573577620039,0.16381705846339376,-0.259165628192877,-0.15515106498327522,-0.017171629746789933,0.025416391083022998,0.11673923772422577,0.3948856857197502,0.07750371393487553,True
stock/XOM,stock,10,30,long,2009-02-13,2015-02-19,2019-02-22,1513,1009,-0.01658105794099064,0.22173743649649874,-0.04284246457161598,0.1007778451898647,-0.22365474799537033,-0.18927268250540835,-0.009581920617265354,0.019074493096200455,0.11523460249642876,0.38639116420182557,0.11948790767672766,True
stock/XOM,stock,10,100,long,2009-05-27,2015-03-31,2019-02-22,1471,981,0.07415929906455064,-0.41648824263549716,0.006520454728260431,-0.19721128831147158,-0.24678824020768247,-0.2706940922722731,0.0016091715477412542,-0.05338393067531934,0.11559406761816249,0.43602163340802197,0.18874060341026833,False
stock/XOM,stock,12,26,long,2009-02-09,2015-02-17,2019-02-22,1515,1011,0.061295448518557095,0.14006696707945135,-0.00019533037459193995,0.04900345088073788,-0.21511532942231879,-0.19483989420042033,-4.201855787653009e-05,0.009547827185058463,0.11602877015805234,0.365021204051615,0.06796627844020128,True
stock/XOM,stock,13,48,long,2009-03-12,2015-03-02,2019-02-22,1502,1002,-0.0031165413697023746,0.024029204951143756,-0.029105737964914256,-0.020664105810619934,-0.2834603304661018,-0.19017409059035267,-0.00825032210199436,-0.003929777530397469,0.11570896847941334,0.47460814934321544,0.14057242506751436,False
stock/XOM,stock,20,50,long,2009-03-16,2015-03-03,2019-02-22,1501,1001,-0.11225080288078806,-0.1576459039155913,-0.06780666803513243,-0.11871252906493486,-0.31037525272584643,-0.20993024697703394,-0.021045511727901797,-0.024921350545870094,0.11671124373054462,0.47288310268140377,0.1469299374553748,False
stock/XOM,stock,20,60,long,2009-03-30,2015-03-09,2019-02-22,1495,997,-0.052218198952315595,-0.2970123728429472,-0.04779072413588295,-0.16188498162787562,-0.2841562045724681,-0.24686604457015643,-0.013580030784222345,-0.039963905089786096,0.11495942504859878,0.43104466918640144,0.18475891952053955,False
stock/XOM,stock,20,100,long,2009-05-27,2015-03-31,2019-02-22,1471,981,0.006835273986344217,-0.2973035498635095,-0.028124427748873235,-0.16922902579604512,-0.2451647666488869,-0.23194215153283188,-0.006895118766185986,-0.03925134434493981,0.11306925685273772,0.43602163340802197,0.18874060341026833,False
stock/XOM,stock,21,55,long,2009-03-23,2015-03-05,2019-02-22,1498,999,-0.0996623152688822,-0.20623149786299097,-0.06317909643825069,-0.15032343878199378,-0.3050559003143719,-0.2010857066418194,-0.01927315614501909,-0.030227894912305497,0.11604498865141448,0.4218280225988215,0.16036469173421533,False
stock/XOM,stock,30,90,long,2009-05-12,2015-03-25,2019-02-22,1477,985,-0.02998957132752001,-0.2621542795175757,-0.043143063731936056,-0.17298372513682247,-0.2663374404573837,-0.2083505360270153,-0.01149061316785363,-0.036041251856206845,0.11476964564836624,0.3991397193236395,0.19055911161384406,False
stock/XOM,stock,30,200,long,2009-10-16,2015-05-28,2019-02-22,1411,941,0.38700860115298497,-0.1507433589120705,0.2083841705309386,-0.11099736891607699,-0.21723518086892213,-0.21943864824672868,0.04526837297550876,-0.024357112593887394,0.11755848321779065,0.3902170503749988,0.1795099688682913,False
stock/XOM,stock,40,100,long,2009-05-27,2015-03-31,2019-02-22,1471,981,0.3137519103995114,-0.5601801768059743,0.131392584816102,-0.27025734722638484,-0.245178370356183,-0.2550226274859685,0.032214619822098445,-0.06892173878706039,0.11549334089130979,0.43602163340802197,0.18874060341026833,False
stock/XOM,stock,50,150,long,2009-08-06,2015-04-29,2019-02-22,1441,961,0.3816654800137082,0.010674431344276675,0.2004577938216144,-0.030283327465885034,-0.21723518086892207,-0.19210835695237585,0.043546485097423496,-0.00581768028252193,0.11901283240754515,0.45787062836514314,0.14545476846558208,False
stock/XOM,stock,50,200,long,2009-10-16,2015-05-28,2019-02-22,1411,941,0.28810007650460334,-0.20632949753685217,0.13120804692863228,-0.1396267712640782,-0.2389868611589521,-0.220329349693726,0.03135699929427031,-0.030763875712448974,0.11770752637716402,0.3902170503749988,0.1795099688682913,False
stock/XOM,stock,60,120,long,2009-06-24,2015-04-13,2019-02-22,1459,973,0.3860194500751152,-0.16910024064297094,0.20094304281921505,-0.10479272259044088,-0.21723518086892213,-0.24266611813607764,0.04365189825118374,-0.025429643199933138,0.11383043861004877,0.44137006345949126,0.1841174273413191,False
stock/XOM,stock,60,132,long,2009-07-13,2015-04-20,2019-02-22,1452,968,0.374983045756796,-0.13204840064904966,0.19454571094266823,-0.098700187837845,-0.21723518086892213,-0.22483446523930778,0.042262172703903575,-0.02219120395154111,0.11747081485312469,0.504183900726611,0.15471684955571804,False
stock/XOM,stock,60,180,long,2009-09-18,2015-05-15,2019-02-22,1423,949,0.3464791076794773,-0.21885227499843984,0.18165986790282357,-0.13671169528219004,-0.21723518086892207,-0.23480199505887897,0.03946291426049437,-0.03210017880013975,0.11742758099673453,0.45563741299570915,0.14303347157580001,False
stock/XOM,stock,60,400,long,2010-08-04,2015-09-21,2019-02-22,1291,861,0.49010839746608686,-0.4978605250070961,0.3142724945542796,-0.2271515215028887,-0.21723518086892213,-0.29877801953181504,0.06827104219662627,-0.06786788172827159,0.12530421858869836,0.40994177639975926,0.40400372309788096,False
stock/XOM,stock,62,758,long,2012-01-04,2016-04-15,2019-02-22,1076,718,0.12256001229638916,-0.6451149245693081,0.03665562438504014,-0.2970013153164796,-0.2035370297476948,-0.3373936553636743,0.007460776910878242,-0.1002063594224463,0.14685385673053922,0.23411101417671992,0.15632719992024433,False
stock/XOM,stock,74,758,long,2012-01-04,2016-04-15,2019-02-22,1076,718,0.19467287341846135,-0.5929572202171769,0.09555482267506556,-0.277130544766567,-0.18175958054641525,-0.3440897520425009,0.017368004488607005,-0.09535778043213125,0.1499566771116317,0.23411101417671992,0.15632719992024433,False
stock/XOM,stock,80,144,long,2009-07-29,2015-04-24,2019-02-22,1444,964,0.2767261288276231,-0.22491064247043022,0.1339343396221352,-0.14542490752834042,-0.2172351808689221,-0.22327605537524364,0.02909525049237418,-0.03246989970623742,0.11646284730342292,0.4241587674957275,0.1592372877487673,False
stock/XOM,stock,80,300,long,2010-03-12,2015-07-24,2019-02-22,1351,901,0.5116652452889071,-0.5734870064047846,0.32226419597077244,-0.22765618269786433,-0.21723518086892213,-0.33101151266840334,0.07000712089928851,-0.07535681740313446,0.12327887492522747,0.42130704055751667,0.27251055010466196,False
stock/XOM,stock,100,200,long,2009-10-16,2015-05-28,2019-02-22,1411,941,0.3558164227632394,-0.5572701164790516,0.2013415515260418,-0.2168035790579131,-0.21723518086892213,-0.3335701392058643,0.043738468362189094,-0.07231920004667768,0.12139774478317485,0.3902170503749988,0.1795099688682913,False
stock/XOM,stock,100,250,long,2009-12-29,2015-06-25,2019-02-22,1381,921,0.4998237612446146,-0.6106971785610829,0.3093462684460215,-0.23197141065517393,-0.21723518086892207,-0.3392328634970785,0.0672008925769976,-0.07869232588601136,0.12195081759144438,0.439775662080162,0.20097655517816926,False
stock/XOM,stock,100,300,long,2010-03-12,2015-07-24,2019-02-22,1351,901,0.4694458014457708,-0.6640804648125299,0.29121795861048794,-0.2560497955157905,-0.2172351808689221,-0.3412882869926907,0.06326278591102762,-0.08738679609641288,0.12571166199264427,0.42130704055751667,0.27251055010466196,False
stock/XOM,stock,100,400,long,2010-08-04,2015-09-21,2019-02-22,1291,861,0.4422616192252319,-0.6551705471288445,0.28019639652226225,-0.25334118178786535,-0.21723518086892216,-0.35758429140018233,0.06086851487733387,-0.09059082697209861,0.13163710175496118,0.40994177639975926,0.40400372309788096,False
stock/XOM,stock,116,378,long,2010-07-02,2015-09-08,2019-02-22,1304,870,0.43429178890827097,-0.6017783171589219,0.2727105943111102,-0.23867627822010046,-0.21723518086892216,-0.3512073575862843,0.059242335280045286,-0.0838248649922103,0.13111703115876153,0.516587065360832,0.3982074897296706,False
stock/XOM,stock,120,398,long,2010-08-02,2015-09-18,2019-02-22,1292,862,0.3852071352803665,-0.6005239018276337,0.23480307778561552,-0.24147794280095505,-0.21723518086892213,-0.35005634974322963,0.05100748907133778,-0.08453088720040672,0.13239409616338302,0.4127128650038702,0.4188670369428823,False
stock/XOM,stock,134,750,long,2011-12-21,2016-04-12,2019-02-22,1081,721,0.2290864105847786,-0.6809852425100897,0.11455833866952077,-0.286147999314609,-0.1945362924977948,-0.3847579697063016,0.02228575447947533,-0.11009772325180914,0.15383048793039278,0.2686865676450738,0.17099977048225032,False
stock/XOM,stock,150,400,long,2010-08-04,2015-09-21,2019-02-22,1291,861,0.35501155634295734,-0.5942715383514564,0.21131596124868657,-0.25558248962547403,-0.21723518086892213,-0.3323175006971962,0.04590526106234857,-0.0849345341743046,0.13413895469783052,0.40994177639975926,0.40400372309788096,False
stock/XOM,stock,150,500,long,2010-12-27,2015-11-16,2019-02-22,1231,821,0.3669926085339566,-0.6743127658101619,0.22583005863761632,-0.2679462859040815,-0.21723518086892207,-0.3663349272813416,0.04905823363378186,-0.09815808316197726,0.1388432724993548,0.35507789535719153,0.2462863732307589,False
stock/XOM,stock,150,710,long,2011-10-25,2016-03-18,2019-02-22,1105,737,0.2946064128450743,-0.664372675456892,0.16865000936960817,-0.2747175924571545,-0.19453629249779486,-0.3872836120036593,0.032808547552481936,-0.10639362148775601,0.15187718928630875,0.32412350154768005,0.17271747022446624,False
stock/XOM,stock,162,678,long,2011-09-09,2016-03-01,2019-02-22,1124,750,0.4571167250450213,-0.6827641819266447,0.3060525578102876,-0.27729099894977005,-0.19453629249779453,-0.38897579527504217,0.05953832990588028,-0.1078594868390977,0.15049578881073042,0.4102099220838155,0.24086953972665334,False
stock/XOM,stock,174,698,long,2011-10-07,2016-03-11,2019-02-22,1112,742,0.35585283378375016,-0.6617311339331045,0.20088084720253915,-0.2803444591763916,-0.2117109473348459,-0.3799365972487058,0.042528674462676,-0.10651311987700694,0.152535990016184,0.38670356613520623,0.22051028888819793,False
stock/XOM,stock,200,400,long,2010-08-04,2015-09-21,2019-02-22,1291,861,0.3437626551306442,-0.4819782857196422,0.2032411609389547,-0.21541518856394143,-0.21723518086892213,-0.3380059727294132,0.04415113035658354,-0.07281162035124498,0.1372332915067658,0.40994177639975926,0.40400372309788096,False
stock/XOM,stock,200,600,long,2011-05-19,2016-01-14,2019-02-22,1171,781,0.22817085515168584,-0.6880786289773317,0.12463703884828918,-0.2695505513139393,-0.19644188632074136,-0.3917040863057457,0.024483935016789447,-0.1055840524156366,0.14649593425339583,0.19284624086547722,0.2967919492543855,False
