asset,asset_class,fast,slow,mode,is_start,split,oos_end,is_bars,oos_bars,is_sharpe,oos_sharpe,is_calmar,oos_calmar,is_max_dd,oos_max_dd,is_cagr,oos_cagr,oos_vol,bh_is_sharpe,bh_oos_sharpe,oos_beats_bh
crypto/BTC_14_19,crypto,5,20,ls,2014-12-21,2017-09-02,2019-07-04,986,658,0.8080156230122342,1.0939125498307227,0.23678978464394188,1.1574256269984846,-0.8748787129728841,-0.6781176957132369,0.20716234203441827,0.7848707991396607,0.8750406365090194,1.5488609144655583,1.0301863297499696,True
crypto/BTC_14_19,crypto,5,35,ls,2015-01-05,2017-09-08,2019-07-04,977,652,0.6980764251948287,1.251467399586592,0.11188154163221826,1.6137660458242387,-0.84392896025865,-0.649212194532303,0.09442007310181283,1.047676596071271,0.8768703313812414,1.526176451202713,1.0779363662211865,True
crypto/BTC_14_19,crypto,8,21,ls,2014-12-22,2017-09-02,2019-07-04,985,658,0.8122796751876648,0.9949585355737074,0.2539730150033987,0.815749853892023,-0.8311132428157186,-0.7816763812662473,0.21108033608715984,0.6376523938087865,0.8750382054428573,1.5496513155969651,1.0301863297499696,False
crypto/BTC_14_19,crypto,9,21,ls,2014-12-22,2017-09-02,2019-07-04,985,658,0.7342143544522152,0.8558037125099399,0.1584309060521484,0.5445579003032984,-0.8311132428157186,-0.8254598341803984,0.13167402409123352,0.44951067408598666,0.8759543422654816,1.5496513155969651,1.0301863297499696,False
crypto/BTC_14_19,crypto,10,20,ls,2014-12-21,2017-09-02,2019-07-04,986,658,0.7415329271955182,0.893523226324315,0.1673691343213129,0.6113343876136028,-0.8311132428157186,-0.8147712860910924,0.13910270397304594,0.49809770522764557,0.875715416101319,1.5488609144655583,1.0301863297499696,False
crypto/BTC_14_19,crypto,10,30,ls,2014-12-31,2017-09-06,2019-07-04,980,654,0.7107189048133784,1.3450019718804695,0.1229450320961761,1.8573089573554231,-0.8738195704723946,-0.6578204212875779,0.10743177513799537,1.2217757607887365,0.8757585139638743,1.5500052559226014,1.0381570674618616,True
crypto/BTC_14_19,crypto,10,100,ls,2015-03-11,2017-10-04,2019-07-04,938,626,1.6064104821885385,1.043922838288487,3.53218262426337,0.8686885391144501,-0.3642864861695669,-0.8092604898508317,1.2867263967021025,0.7029953126915632,0.8663216909331015,1.9293588042303491,1.128740096601528,False
crypto/BTC_14_19,crypto,12,26,ls,2014-12-27,2017-09-04,2019-07-04,982,656,0.6582406755126202,1.3304769758223174,0.06591270777537557,1.8017664019275017,-0.888429413203625,-0.6624907431366023,0.05855878829153893,1.1936535625715126,0.8755264447411377,1.537581012855393,1.0529295881450909,True
crypto/BTC_14_19,crypto,13,48,ls,2015-01-18,2017-09-13,2019-07-04,969,647,0.6103515021270631,1.1249475350224714,0.32573668164131386,1.0273538836519918,-0.5997967803593168,-0.8133499780983297,0.19537581289338785,0.8355982587675814,0.8787872699819729,2.0920032797733445,1.1602623505426826,False
crypto/BTC_14_19,crypto,20,50,ls,2015-01-20,2017-09-14,2019-07-04,968,646,0.7761676852063247,1.5575971752612658,0.626092531155649,2.2000449814622027,-0.5327578463539777,-0.7586250863423691,0.3335557085167943,1.6690093140188595,0.8698737082309971,1.9421812905096176,1.274005923851348,True
crypto/BTC_14_19,crypto,20,60,ls,2015-01-30,2017-09-18,2019-07-04,962,642,1.3418606915340077,1.5874413477536897,1.8049251589348745,2.32207682373146,-0.5157346540956061,-0.7416133711539037,0.9308624525117345,1.722083221325837,0.8615654844294166,2.0160430855552196,1.130372313591886,True
crypto/BTC_14_19,crypto,20,100,ls,2015-03-11,2017-10-04,2019-07-04,938,626,1.7789977448668806,1.123642122120554,3.8078665789059762,1.0579468484622314,-0.4079338184135428,-0.7788309513189238,1.553357553542429,0.8239617504326969,0.8662733653772298,1.9293588042303491,1.128740096601528,False
crypto/BTC_14_19,crypto,21,55,ls,2015-01-25,2017-09-16,2019-07-04,965,644,1.2847634000004104,1.5474290217135827,1.6659736246063743,2.124745218338679,-0.5171094867428392,-0.769097693138217,0.8614907659473097,1.6341366459307352,0.8639640814846132,1.9000946899536635,1.1901694401660783,True
crypto/BTC_14_19,crypto,30,90,ls,2015-03-01,2017-09-30,2019-07-04,944,630,1.6685467701357741,1.133416676573701,3.326609427716626,1.0324154966416668,-0.41498796390340914,-0.8087226198112087,1.3805028731100077,0.834937765177739,0.8638276003607185,2.018724024485073,1.1055008569592102,True
crypto/BTC_14_19,crypto,30,200,ls,2015-06-19,2017-11-13,2019-07-04,878,586,1.8994312642706377,0.8428664472127365,4.050208590221272,0.5538514864227772,-0.46079742115597794,-0.776348787768221,1.8663256735177514,0.4299819300879503,0.8672248311463023,2.3675878430063086,0.86062457303028,False
crypto/BTC_14_19,crypto,40,100,ls,2015-03-11,2017-10-04,2019-07-04,938,626,1.7063298677628764,1.3259652745429156,2.771315110476715,1.5987786239495043,-0.518737818505401,-0.7314571878896469,1.4375859547997454,1.1694381163321836,0.8655668185401328,1.9293588042303491,1.128740096601528,True
crypto/BTC_14_19,crypto,50,150,ls,2015-04-30,2017-10-24,2019-07-04,908,606,1.6250830965011167,1.2847155591815598,2.249966003744129,1.6763543676063768,-0.5932718096365851,-0.6546388170014664,1.3348414026620752,1.09740664008508,0.8686105578670814,2.275040797265232,0.9629932990037269,True
crypto/BTC_14_19,crypto,50,200,ls,2015-06-19,2017-11-13,2019-07-04,878,586,1.786025267632368,0.7122749147473282,3.189577047148133,0.351753747537849,-0.5195033350301437,-0.785266757019449,1.6569959133290528,0.2762205245984847,0.8673634404977191,2.3675878430063086,0.86062457303028,False
crypto/BTC_14_19,crypto,60,120,ls,2015-03-31,2017-10-12,2019-07-04,926,618,1.6732776760584211,1.3115259337035245,2.485216825085061,1.7529707505521404,-0.5624049748188584,-0.6515097106329277,1.397698305931367,1.1420774664402111,0.8639601037233707,2.215556131774882,0.9638818826928053,True
crypto/BTC_14_19,crypto,60,132,ls,2015-04-12,2017-10-17,2019-07-04,919,613,1.6745476926053304,1.267631013331558,2.489080955897835,1.626123920564607,-0.5646895349536473,-0.6546388170014664,1.4055579674479284,1.064523839656201,0.8662617816423536,2.2605419566312075,0.9487472157908781,True
crypto/BTC_14_19,crypto,60,180,ls,2015-05-30,2017-11-05,2019-07-04,890,594,1.8184795406399883,0.7014093502259193,2.9746745882803785,0.3396236329011493,-0.5632495401568426,-0.7748450676531967,1.6754840939651683,0.2631556968119155,0.8732393920587903,2.483791234358736,0.7681691338897815,False
crypto/BTC_14_19,crypto,60,400,ls,2016-01-05,2018-02-01,2019-07-04,758,506,2.2500407156659143,-0.46412657077338865,6.121844861949977,-0.58893191749312,-0.5414447837150129,-0.8248716857897227,3.314640967215368,-0.48579326359792374,0.7771388810158888,2.2500407156659143,0.6465916955612043,False
crypto/BTC_14_19,crypto,62,758,ls,2016-12-28,2018-06-24,2019-07-04,543,363,1.7642192979794147,-0.7833981344885582,3.5170360730631485,-0.7000460148984246,-0.6916122137404584,-0.8039447924922308,2.432425104296253,-0.562798348182527,0.7189939415047485,1.7642192979794147,1.2821574612987339,False
crypto/BTC_14_19,crypto,74,758,ls,2016-12-28,2018-06-24,2019-07-04,543,363,1.7642192979794147,-0.835141793427029,3.5170360730631485,-0.7138806834825009,-0.6916122137404584,-0.8112229996828237,2.432425104296253,-0.5791164294702988,0.7194173652958349,1.7642192979794147,1.2821574612987339,False
crypto/BTC_14_19,crypto,80,144,ls,2015-04-24,2017-10-22,2019-07-04,912,608,1.6369591198311662,0.838197499096876,2.2760162461075315,0.5463075899050047,-0.5925785067738409,-0.7748450676531968,1.3487183085114038,0.42330374145939825,0.8697875131462366,2.333184319171764,0.9037114794046937,False
crypto/BTC_14_19,crypto,80,300,ls,2015-09-27,2017-12-23,2019-07-04,818,546,2.2486938933781615,-0.5767308910129626,5.77819945716989,-0.668060888112248,-0.5260019899023616,-0.8326760306622003,3.0393444125241076,-0.556278288553971,0.819301897402725,2.88446928867322,0.21852591665450788,False
crypto/BTC_14_19,crypto,100,200,ls,2015-06-19,2017-11-13,2019-07-04,878,586,1.8226498441215129,0.4851563496953733,3.2799788919335326,0.06077208463285046,-0.52504100319933,-0.7814868330875574,1.722123407893409,0.04749258395985532,0.8680146274925036,2.3675878430063086,0.86062457303028,False
crypto/BTC_14_19,crypto,100,250,ls,2015-08-08,2017-12-03,2019-07-04,848,566,2.1714972457878696,-0.09843331599600384,4.358802962433183,-0.4505538663633059,-0.5785297856648361,-0.8200459125142202,2.5216973436117223,-0.3694748564787072,0.8674952156555134,2.706440423960835,0.4693600011211922,False
crypto/BTC_14_19,crypto,100,300,ls,2015-09-27,2017-12-23,2019-07-04,818,546,2.2390886069499185,-0.4215678861891714,5.644583352258306,-0.6220851304277539,-0.5334284635179002,-0.7973501705752599,3.0109814247938664,-0.4960196848589024,0.8193317255849181,2.88446928867322,0.21852591665450788,False
crypto/BTC_14_19,crypto,100,400,ls,2016-01-05,2018-02-01,2019-07-04,758,506,2.2500407156659143,-0.3186489024211315,6.121844861949977,-0.5545039335264554,-0.5414447837150129,-0.766033391073753,3.314640967215368,-0.4247685285630056,0.7772288053147329,2.2500407156659143,0.6465916955612043,False
crypto/BTC_14_19,crypto,116,378,ls,2015-12-14,2018-01-23,2019-07-04,771,515,2.3382182043241437,-0.34759040961232285,7.842638671420014,-0.599986319498401,-0.45207633587786283,-0.7353730082635364,3.54547135418959,-0.44121374468650637,0.7825722524845897,2.3382182043241437,0.47746058518867684,False
crypto/BTC_14_19,crypto,120,398,ls,2016-01-03,2018-01-31,2019-07-04,759,507,2.326284906904786,-0.2806263133082013,7.225234840885565,-0.558104688751894,-0.4913486005089061,-0.7357968272053199,3.5501090274173115,-0.4106516592320562,0.7819605057703173,2.326284906904786,0.5420452993279948,False
crypto/BTC_14_19,crypto,134,750,ls,2016-12-20,2018-06-21,2019-07-04,548,366,1.9637192322141983,-1.4404988643586898,4.612907454006533,-0.8466916963453466,-0.6792712468193387,-0.8619803276839695,3.133415397745239,-0.7298315858630579,0.7218587651403418,1.9637192322141983,1.1493629502737537,False
crypto/BTC_14_19,crypto,150,400,ls,2016-01-05,2018-02-01,2019-07-04,758,506,2.2500407156659143,-0.08113730572718206,6.121844861949977,-0.4342127207714976,-0.5414447837150129,-0.7092736979105161,3.314640967215368,-0.30797566214138644,0.7773104087395383,2.2500407156659143,0.6465916955612043,False
crypto/BTC_14_19,crypto,150,500,ls,2016-04-14,2018-03-13,2019-07-04,698,466,2.3106101691839602,-1.1233259178971702,6.121232445241573,-0.7689360022252536,-0.6485908396946568,-0.8620451378679358,3.9701752916254094,-0.6628575420498881,0.726415170954807,2.3106101691839602,0.6466667131840013,False
crypto/BTC_14_19,crypto,150,710,ls,2016-11-10,2018-06-05,2019-07-04,572,382,2.093043235361011,-1.6099314231716442,5.329973934710394,-0.874094300319157,-0.6631547073791348,-0.869635813318832,3.5345973050112875,-0.7601437077754055,0.7201428375069622,2.093043235361011,0.9518898764179201,False
crypto/BTC_14_19,crypto,162,678,ls,2016-10-09,2018-05-23,2019-07-04,591,395,2.142619947507543,-1.4213201613602315,5.543315167554983,-0.8418021334703693,-0.6631547073791348,-0.8558207764696713,3.6760755478502447,-0.7204317555004373,0.7123533318370482,2.142619947507543,0.9533295261121942,False
crypto/BTC_14_19,crypto,174,698,ls,2016-10-29,2018-05-31,2019-07-04,579,387,2.0602678196738884,-1.2590424710356058,5.102188169273517,-0.8253036882229331,-0.6631547073791348,-0.8341005398809603,3.3835401023878626,-0.6883862519124962,0.7164192298512355,2.0602678196738884,0.9676845393681008,False
crypto/BTC_14_19,crypto,200,400,ls,2016-01-05,2018-02-01,2019-07-04,758,506,2.2500407156659143,-0.9910554470743919,6.121844861949977,-0.7594956268558776,-0.5414447837150129,-0.8681448332440258,3.314640967215368,-0.6593522043263627,0.7762083874145657,2.2500407156659143,0.6465916955612043,False
crypto/BTC_14_19,crypto,200,600,ls,2016-07-23,2018-04-22,2019-07-04,638,426,2.1214684478638937,-1.1719988853949714,5.137199345363258,-0.780634489490228,-0.6631547073791348,-0.8515017006962102,3.4067579286226546,-0.6647115954230469,0.7110834831247473,2.1214684478638937,0.7191917067256285,False
crypto/BTC_20_26,crypto,5,20,ls,2020-01-21,2023-10-06,2026-03-28,1354,904,0.36953376174813324,0.14833878480992166,0.03375568494182309,-0.08598875665669704,-0.6993585438355736,-0.5466114810668281,0.023607326667085798,-0.04700244163121225,0.49298753673553725,0.8095476051362724,0.9535716938413779,False
crypto/BTC_20_26,crypto,5,35,ls,2020-02-05,2023-10-12,2026-03-28,1345,898,0.5966490079192942,0.9583779748239782,0.31872411838494213,0.9865308831695904,-0.609976372135215,-0.4259286414190667,0.1944141814444418,0.42019175878637566,0.49239412979654634,0.7572546489856319,0.9929693440544685,False
crypto/BTC_20_26,crypto,8,21,ls,2020-01-22,2023-10-07,2026-03-28,1354,903,0.6756749931321558,0.8076143810731696,0.390090673596341,0.8309409164222626,-0.6648431989946133,-0.38313253017224497,0.25934913133175486,0.3183604957325054,0.49169519526993105,0.812841934439839,0.9534447001685469,False
crypto/BTC_20_26,crypto,9,21,ls,2020-01-22,2023-10-07,2026-03-28,1354,903,0.6276765567475373,0.7819666233073793,0.30493801858575215,0.6256464381518309,-0.7185368956718051,-0.48282553936741157,0.21910921724691756,0.30207807895395766,0.49224781717063765,0.812841934439839,0.9534447001685469,False
crypto/BTC_20_26,crypto,10,20,ls,2020-01-21,2023-10-06,2026-03-28,1354,904,0.675778796804115,0.7530164562295818,0.3589249870760311,0.6378766090067632,-0.7232969084759667,-0.44450473142188074,0.2596093335268696,0.2835391707668513,0.49187701872488776,0.8095476051362724,0.9535716938413779,False
crypto/BTC_20_26,crypto,10,30,ls,2020-01-31,2023-10-10,2026-03-28,1348,900,0.7575927717366349,0.6490130740546087,0.5014884398675269,0.4719086994255343,-0.6611102413066433,-0.4654599833078816,0.3315391434933128,0.21965461535745331,0.4922725254701568,0.7768209467723842,0.9723567347826075,False
crypto/BTC_20_26,crypto,10,100,ls,2020-04-10,2023-11-07,2026-03-28,1306,872,0.8724425034326219,0.8846620161862269,0.7379931854743782,0.8068377932087759,-0.5737216932402367,-0.45812543875663686,0.4234026999701163,0.3696329180192071,0.49265192349531955,1.0398766919515867,0.7761640606735082,True
crypto/BTC_20_26,crypto,12,26,ls,2020-01-27,2023-10-09,2026-03-28,1351,901,0.6341903471662864,0.6680406767315104,0.3400216304738766,0.4962411693185824,-0.6611102413066438,-0.4654599833078816,0.22479178217206303,0.230980406387711,0.4916356145467848,0.7979312077695426,0.966010938652519,False
crypto/BTC_20_26,crypto,13,48,ls,2020-02-18,2023-10-18,2026-03-28,1338,892,0.5394451494458141,0.7987345658798797,0.20789453904575028,0.6484963259945619,-0.7144365589913965,-0.48291096742391276,0.14852745910894835,0.31316598815688695,0.4931934297015915,0.7607718565486592,0.9499938656816995,False
crypto/BTC_20_26,crypto,20,50,ls,2020-02-20,2023-10-18,2026-03-28,1336,892,0.6828413787459781,0.5439554416716755,0.40436942280463584,0.2496963809558731,-0.6584228620506555,-0.6333379847045318,0.2662460726887999,0.1581422027026077,0.49401449272241515,0.7831708250761323,0.9499938656816995,False
crypto/BTC_20_26,crypto,20,60,ls,2020-03-01,2023-10-22,2026-03-28,1330,888,0.6261424415596502,0.70106843197959,0.4071081460585654,0.44736822362518475,-0.5371482283941886,-0.5625459029103781,0.21867741942020097,0.2516651612926415,0.4939242275904035,0.8548160797722097,0.9050115234294946,False
crypto/BTC_20_26,crypto,20,100,ls,2020-04-10,2023-11-07,2026-03-28,1306,872,0.7819238334129494,0.7495907350799602,0.5094080449850816,0.5157353679129515,-0.6743260461098197,-0.5461520507908826,0.3435071128313233,0.2816699288510488,0.49340718753212937,1.0398766919515867,0.7761640606735082,False
crypto/BTC_20_26,crypto,21,55,ls,2020-02-25,2023-10-20,2026-03-28,1333,890,0.5266924026010571,0.8052117916274882,0.2309908440668213,0.5724428906922888,-0.59961801113298,-0.5544041220603002,0.1385062705092757,0.3173646982439188,0.4932387487776527,0.8143146320867826,0.9126521631082796,False
crypto/BTC_20_26,crypto,30,90,ls,2020-03-31,2023-11-03,2026-03-28,1312,876,0.8193552784029979,0.7639216828046842,0.5883626078653843,0.5105477025788832,-0.639326626792395,-0.5686999671180926,0.37615588141735284,0.29034846166882855,0.4920449843991031,1.0551969789355682,0.7915259431195102,False
crypto/BTC_20_26,crypto,30,200,ls,2020-07-19,2023-12-17,2026-03-28,1246,832,1.039317072027273,0.8068078844570622,0.8451746411973324,0.7903241280237847,-0.690900324108331,-0.403503221183573,0.5839314335313793,0.31889833143669566,0.49293602554287597,1.0104158499671116,0.6640399157948798,True
crypto/BTC_20_26,crypto,40,100,ls,2020-04-10,2023-11-07,2026-03-28,1306,872,0.8382743894499837,0.45765833935841743,0.6139383204105194,0.17084279039199343,-0.6396151680807006,-0.6425264993988345,0.39268426200055745,0.10977102005809639,0.49374564915407915,1.0398766919515867,0.7761640606735082,False
crypto/BTC_20_26,crypto,50,150,ls,2020-05-30,2023-11-27,2026-03-28,1276,852,0.8766991524532638,0.9727504981784815,0.5935034653645425,1.2411525650860622,-0.7177865308624283,-0.3472268290602469,0.4260087934588443,0.43096146955482506,0.49256000157833163,0.9252573202368549,0.7453288222427348,True
crypto/BTC_20_26,crypto,50,200,ls,2020-07-19,2023-12-17,2026-03-28,1246,832,0.9043958171925487,1.1550332762333035,0.602633602842713,1.7864433199285072,-0.752650855128787,-0.31664114289292133,0.45357269650890975,0.5656614545355872,0.4927485927525288,1.0104158499671116,0.6640399157948798,True
crypto/BTC_20_26,crypto,60,120,ls,2020-04-30,2023-11-15,2026-03-28,1294,864,0.771756172684864,0.9608450947048119,0.47885177164264064,1.2090157353375293,-0.699257220286148,-0.3494224506256339,0.33484055876793023,0.4224572410865923,0.49244131081259307,0.9742966731257815,0.7243185183204974,True
crypto/BTC_20_26,crypto,60,132,ls,2020-05-12,2023-11-20,2026-03-28,1287,859,0.8923384318644181,0.9784447163532519,0.6228361271103402,1.259492939305971,-0.7073377507362831,-0.34530572246372226,0.4405555052275258,0.43491011934500545,0.49248927481758786,0.9662488726400783,0.7361997595684401,True
crypto/BTC_20_26,crypto,60,180,ls,2020-06-29,2023-12-09,2026-03-28,1258,840,1.014159206033987,1.097082239222784,0.7983663250427531,1.6480285907636343,-0.6968972453524693,-0.3166411428929215,0.5563792927044687,0.521833656499608,0.49300764715970197,1.0312300775730072,0.6111253997934132,True
crypto/BTC_20_26,crypto,60,400,ls,2021-02-04,2024-03-06,2026-03-28,1126,752,0.46686520350774635,0.6813362292242451,0.1415406877248842,0.6139994324786486,-0.7198183992326294,-0.38894727645649163,0.10188359126441163,0.2388134070084019,0.4880012459737496,0.6146259900432723,0.24476462558535514,True
crypto/BTC_20_26,crypto,62,758,ls,2022-01-28,2024-07-28,2026-03-28,912,608,-0.05322948488183544,0.29159284486694076,-0.21796097795636388,0.05147955961597107,-0.7461943140220374,-0.49738817298546806,-0.16264124242972136,0.02560532410348433,0.4791080224760414,0.7068453914843673,0.2007140458345823,True
crypto/BTC_20_26,crypto,74,758,ls,2022-01-28,2024-07-28,2026-03-28,912,608,0.020062630733140845,0.16957043637314456,-0.17765214170782417,-0.060652651584383425,-0.7228078380258454,-0.5385907814883236,-0.1284083604684935,-0.03266695901617208,0.4792556820808542,0.7068453914843673,0.2007140458345823,False
crypto/BTC_20_26,crypto,80,144,ls,2020-05-24,2023-11-25,2026-03-28,1280,854,0.8565456168149888,1.0274096354366924,0.5228216977618962,1.4150222198837648,-0.78000038781164,-0.33206842999830033,0.40780112701061916,0.4698842069695115,0.4922269963400245,0.9745089008507122,0.7318645126741143,True
crypto/BTC_20_26,crypto,80,300,ls,2020-10-27,2024-01-26,2026-03-28,1186,792,1.0084960024862186,1.169329834483574,1.0131446898880911,1.7319643165567111,-0.5498936191279993,-0.332670666660903,0.5571218002228769,0.5761737238218163,0.49212752497255746,0.8566200717539251,0.675122353175697,True
crypto/BTC_20_26,crypto,100,200,ls,2020-07-19,2023-12-17,2026-03-28,1246,832,1.071752463937725,1.137534992837477,1.0041164083801966,1.6734735827035965,-0.6137544775371025,-0.3299678307392903,0.6162809416118195,0.5521924478842141,0.492739984039526,1.0104158499671116,0.6640399157948798,True
crypto/BTC_20_26,crypto,100,250,ls,2020-09-07,2024-01-06,2026-03-28,1216,812,1.0518426032042676,1.0974621797422448,0.9825226201683384,1.5737111104990913,-0.6064370507178503,-0.33267066666090317,0.5958381200384617,0.5235275242614029,0.49445335397639595,0.9995235943884998,0.6178145317928407,True
crypto/BTC_20_26,crypto,100,300,ls,2020-10-27,2024-01-26,2026-03-28,1186,792,0.865075996601746,1.0813039392278743,0.6760557596900417,1.2985032617946457,-0.6208308038149256,-0.3923918532033806,0.4197162407120788,0.5095221012862355,0.49222154949066016,0.8566200717539251,0.675122353175697,True
crypto/BTC_20_26,crypto,100,400,ls,2021-02-04,2024-03-06,2026-03-28,1126,752,0.70897784569694,0.7847500030246529,0.49982333371636395,0.9401454823534233,-0.5653202659071204,-0.3221082511432118,0.28256025992311823,0.30282861714105247,0.48785036970725415,0.6146259900432723,0.24476462558535514,True
crypto/BTC_20_26,crypto,116,378,ls,2021-01-13,2024-02-27,2026-03-28,1140,760,0.6714272644576356,0.8899001907212064,0.4743107332030163,1.169952879006575,-0.5328720200356635,-0.32146980484614457,0.25274691852648795,0.3761045236934286,0.4962047164055072,0.5313319886176822,0.39056315259951296,True
crypto/BTC_20_26,crypto,120,398,ls,2021-02-02,2024-03-06,2026-03-28,1128,752,0.6035453273703818,0.6516413932731296,0.30975444879677905,0.6858172970823638,-0.6479386537900083,-0.3221653693900501,0.20070188055885108,0.22094658284862548,0.487941759596729,0.6343298285079129,0.24476462558535514,True
crypto/BTC_20_26,crypto,134,750,ls,2022-01-20,2024-07-24,2026-03-28,916,612,-0.5843428603655424,0.42406719101052215,-0.4360613883032386,0.18703474736785067,-0.8643805394563775,-0.49738817298546806,-0.3769229780576503,0.09302887127809382,0.4781618107214414,0.6192137566617427,0.2542864131525604,True
crypto/BTC_20_26,crypto,150,400,ls,2021-02-04,2024-03-06,2026-03-28,1126,752,0.38396553770727393,0.3358132817850173,0.06103961854505355,0.09294546240077925,-0.7607130499788389,-0.49738817298546806,0.04643363439295258,0.046229973730813105,0.4880989070516552,0.6146259900432723,0.24476462558535514,True
crypto/BTC_20_26,crypto,150,500,ls,2021-05-15,2024-04-15,2026-03-28,1066,712,0.07581749497749428,0.2564534988090306,-0.16352847950585575,0.017272027001344836,-0.7803390071689008,-0.5385907814883237,-0.12760765134143942,0.009302554520541744,0.47592533736182874,0.4756832893339844,0.28324463651873405,False
crypto/BTC_20_26,crypto,150,710,ls,2021-12-11,2024-07-08,2026-03-28,940,628,-0.5384314239673609,0.5680226349127884,-0.44111373987057106,0.343564556011765,-0.8166116226255025,-0.4973881729854682,-0.36021860687811086,0.17088494681725536,0.4777128097974292,0.37287850166563474,0.42660503385330123,True
crypto/BTC_20_26,crypto,162,678,ls,2021-11-09,2024-06-26,2026-03-28,960,640,-0.6850562182833939,0.386784731038424,-0.4813212566445973,0.1481179056096236,-0.8565834687324144,-0.49738817298546817,-0.4122918315912738,0.07367209445760471,0.4786548841349776,0.2102551506553796,0.33985837018189236,True
crypto/BTC_20_26,crypto,174,698,ls,2021-11-29,2024-07-04,2026-03-28,948,632,-0.7394817784938521,0.4196666199100563,-0.5002648699149695,0.18250911753577773,-0.8565594419951608,-0.4973881729854681,-0.428506597824148,0.09077787652431055,0.47814926882391484,0.2658220676289688,0.4196666199100563,False
crypto/BTC_20_26,crypto,200,400,ls,2021-02-04,2024-03-06,2026-03-28,1126,752,0.3457083011496464,0.22004370450538832,0.028439603020667347,-0.020907959030033625,-0.7636407179654332,-0.5385907814883236,0.021717638869354315,-0.011260833993311663,0.488245747984526,0.6146259900432723,0.24476462558535514,False
crypto/BTC_20_26,crypto,200,600,ls,2021-08-23,2024-05-25,2026-03-28,1006,672,-0.391409156591374,0.26456718335391444,-0.3669597950902922,0.02854176948136189,-0.8732063650559503,-0.49738817298546806,-0.3204316287924704,0.014196338576106981,0.4714258429600448,0.49893623430556877,0.1831172529028668,True
etf/GLD,etf,5,20,ls,2009-01-30,2015-02-12,2019-02-22,1519,1013,0.2196304906806605,0.21947623263272806,0.10226189561992768,0.11062284751923634,-0.23228508056323796,-0.17874608931198196,0.023753912662624332,0.019773401382619182,0.12433752911308019,0.3197514823823436,0.1964641957207828,True
etf/GLD,etf,5,35,ls,2009-02-23,2015-02-23,2019-02-22,1510,1007,-0.04381947023968707,0.033210203454689835,-0.07196417742971385,-0.015529025549748146,-0.3346134069142977,-0.23028822915887015,-0.02408017858554156,-0.0035761517944143508,0.12438740395065503,0.24429629079350715,0.2302635526942856,False
etf/GLD,etf,8,21,ls,2009-02-02,2015-02-12,2019-02-22,1518,1013,0.2683454787370882,-0.19201196153358918,0.12507322194440004,-0.12483171114188991,-0.26267698231127307,-0.24944484122823948,0.0328538565083031,-0.031138626366038185,0.12449117973176803,0.34511895760597366,0.1964641957207828,False
etf/GLD,etf,9,21,ls,2009-02-02,2015-02-12,2019-02-22,1518,1013,0.3047457970268347,-0.2602581941748683,0.1654477873283957,-0.14316117540269843,-0.24007723664917197,-0.27501073363448514,0.03972024759152113,-0.0393708598754713,0.12458213975837742,0.34511895760597366,0.1964641957207828,False
etf/GLD,etf,10,20,ls,2009-01-30,2015-02-12,2019-02-22,1519,1013,0.14636471251963204,-0.2202697084630597,0.035528563341344375,-0.1327251005221422,-0.2857243364358607,-0.2602475369033385,0.010151375185225067,-0.03454138049613552,0.12449185876157257,0.3197514823823436,0.1964641957207828,False
etf/GLD,etf,10,30,ls,2009-02-13,2015-02-19,2019-02-22,1513,1009,0.08435513826740292,-0.21443057048891773,-0.004219954511113806,-0.11493639183207338,-0.2771626914769348,-0.2946023969916999,-0.0011696139502105352,-0.03386053653530605,0.12455807043146988,0.29770410517626794,0.2211509289976245,False
etf/GLD,etf,10,100,ls,2009-05-27,2015-03-31,2019-02-22,1471,981,0.09748202818424148,-0.11850280667706502,0.003755867355351981,-0.07955089293174097,-0.39440684235440027,-0.2791335081953901,0.001481339783926347,-0.02220531982411272,0.12438072282690953,0.2775862766061896,0.2666703685440065,False
etf/GLD,etf,12,26,ls,2009-02-09,2015-02-17,2019-02-22,1515,1011,0.14901533939124825,-0.13239628290714,0.039755066646953496,-0.09110218981307297,-0.2673888044971232,-0.2622923756348534,0.010630059743432353,-0.02389540979160825,0.12439834233885834,0.34046013249281315,0.21970569344535026,False
etf/GLD,etf,13,48,ls,2009-03-12,2015-03-02,2019-02-22,1502,1002,-0.04275282995226128,0.09387151729674449,-0.06300000426649492,0.020733603787085643,-0.3731265206374161,-0.19101153801825624,-0.023506972392099618,0.003960357548032371,0.12479217810857259,0.31339376134957586,0.2265115531412851,False
etf/GLD,etf,20,50,ls,2009-03-16,2015-03-03,2019-02-22,1501,1001,0.02652396237222527,0.10750855488871144,-0.03226503366447799,0.03167743215909367,-0.3493170742871736,-0.1787966262999221,-0.011270727161452616,0.005663817999890605,0.12480859314247489,0.3148946553882629,0.23029408589369887,False
etf/GLD,etf,20,60,ls,2009-03-30,2015-03-09,2019-02-22,1495,997,0.10689528830684378,-0.018068490356418294,0.009793372851564654,-0.042177514531387676,-0.3178426372351685,-0.2349996888454805,0.0031127514545686115,-0.009911702791151836,0.12436614044397983,0.2956509455370312,0.29402888269154837,False
etf/GLD,etf,20,100,ls,2009-05-27,2015-03-31,2019-02-22,1471,981,0.3861624275951783,-0.20336985595796453,0.16278516392530734,-0.1185533482548188,-0.33434265374831634,-0.2739510082185253,0.05442602369764195,-0.032477809282089556,0.12439242937366773,0.2775862766061896,0.2666703685440065,False
etf/GLD,etf,21,55,ls,2009-03-23,2015-03-05,2019-02-22,1498,999,-0.0008851159181366314,0.11750749666866153,-0.046217439029876746,0.037280916550767255,-0.3466621144869453,-0.18565796278035207,-0.016021835140268545,0.006921499017399758,0.12493068041737995,0.298832245010294,0.23877338112928667,False
etf/GLD,etf,30,90,ls,2009-05-12,2015-03-25,2019-02-22,1477,985,0.3615555492806591,-0.2940271537431203,0.1410672101001894,-0.13884689658314245,-0.35304274837886984,-0.3116287789345414,0.04980275555991034,-0.043268688841055225,0.12424047308538778,0.31439788488397796,0.24662533237442608,False
etf/GLD,etf,30,200,ls,2009-10-16,2015-05-28,2019-02-22,1411,941,0.6841960849442051,-0.3086162099078219,0.4869084258418126,-0.15803059397350896,-0.23055770040246623,-0.28303324238177163,0.11226048696867308,-0.0447279114078395,0.12354723018598308,0.18958874429928688,0.2696350056895491,False
etf/GLD,etf,40,100,ls,2009-05-27,2015-03-31,2019-02-22,1471,981,0.44196613412590985,0.001594973319989667,0.22545384637941507,-0.029451867845530624,-0.2881583332757405,-0.2542986748812929,0.06496640460329708,-0.007489570965897396,0.12437675735521769,0.2775862766061896,0.2666703685440065,False
etf/GLD,etf,50,150,ls,2009-08-06,2015-04-29,2019-02-22,1441,961,0.7304335089264441,-0.14919044117860175,0.4992808873594526,-0.10297172419272176,-0.24295463212157897,-0.24995963426665632,0.12130260431375131,-0.025738774519019736,0.12362159252386822,0.28517653274190685,0.23757238847792153,False
etf/GLD,etf,50,200,ls,2009-10-16,2015-05-28,2019-02-22,1411,941,0.5732466145504925,-0.34998554981416014,0.3052403668153887,-0.17050307449144356,-0.29623628503312066,-0.29066733721212523,0.09042327230753779,-0.04955967464890853,0.1234625621257893,0.18958874429928688,0.2696350056895491,False
etf/GLD,etf,60,120,ls,2009-06-24,2015-04-13,2019-02-22,1459,973,0.5271766922798381,-0.09791364904225693,0.25997793630049104,-0.09329897096165271,-0.3121962031932662,-0.21075318781172842,0.08116412462703411,-0.01966305554972219,0.1241733637079965,0.31283827989835006,0.24165123141334352,False
etf/GLD,etf,60,132,ls,2009-07-13,2015-04-20,2019-02-22,1452,968,0.7158756074340168,-0.08271266033402018,0.5183707125458239,-0.0763857906070149,-0.22785276277476924,-0.2332292527603417,0.11811219899509172,-0.017815400864782015,0.12419591809744322,0.32378063975015386,0.2501378230723389,False
etf/GLD,etf,60,180,ls,2009-09-18,2015-05-15,2019-02-22,1423,949,0.5666193912252082,-0.22611248180453142,0.29215252046464707,-0.12460319126411248,-0.3051994128274217,-0.27997125993109045,0.08916477770186158,-0.034885312449648216,0.12338998883363465,0.2629039327589575,0.2027129171481772,False
etf/GLD,etf,60,400,ls,2010-08-04,2015-09-21,2019-02-22,1291,861,0.7080817969312124,-0.7710286847135235,0.6016880565024109,-0.275022943485357,-0.19031361266187088,-0.3569542659410443,0.1145094277284737,-0.09817061290876092,0.12401830835660109,0.006546111812030942,0.4044591118370683,False
etf/GLD,etf,62,758,ls,2012-01-04,2016-04-15,2019-02-22,1076,718,-0.058662481292184654,-1.1647100672979938,-0.09548210433149139,-0.3702197228846907,-0.24976366380000686,-0.34616616671968764,-0.023847960205167794,-0.12815754231501839,0.11229219400968671,-0.31073552170280033,0.25042595890950614,False
etf/GLD,etf,74,758,ls,2012-01-04,2016-04-15,2019-02-22,1076,718,-0.0926150196838802,-1.3438180833125757,-0.10980785054914113,-0.3765444892079671,-0.26785553801225803,-0.3858836980990022,-0.02941264088680982,-0.14530237999437018,0.11211117208695563,-0.31073552170280033,0.25042595890950614,False
etf/GLD,etf,80,144,ls,2009-07-29,2015-04-24,2019-02-22,1444,964,0.7141143654988272,-0.321926456699537,0.42268144706189026,-0.161246983589141,-0.2788893623863784,-0.28819000822698543,0.11788135926364234,-0.04646976952713113,0.12395295125120873,0.2996357897598611,0.2820690333449459,False
etf/GLD,etf,80,300,ls,2010-03-12,2015-07-24,2019-02-22,1351,901,0.7664358718386631,-0.971561940557077,0.6573434801696354,-0.2986714424374215,-0.1926114763042236,-0.4019783832415818,0.1266118981544296,-0.12005946355142587,0.123734551549115,0.062470612178690675,0.45679125968900736,False
etf/GLD,etf,100,200,ls,2009-10-16,2015-05-28,2019-02-22,1411,941,0.6088920355636455,-0.7569447527571879,0.34655627545992546,-0.2401775728805777,-0.2810457380113211,-0.39985834369515844,0.09739816419908943,-0.096037006484751,0.12332074075249778,0.18958874429928688,0.2696350056895491,False
etf/GLD,etf,100,250,ls,2009-12-29,2015-06-25,2019-02-22,1381,921,0.5730154294186852,-0.8095012078053699,0.3231810728502083,-0.25288586058108,-0.27682963466402616,-0.4048069759205711,0.08946609832745119,-0.10236996047489814,0.12390537321056634,0.1354712794547628,0.3042489783566054,False
etf/GLD,etf,100,300,ls,2010-03-12,2015-07-24,2019-02-22,1351,901,0.8034928488498845,-0.9555602728686579,0.7038584774216532,-0.2949614348044959,-0.1903136126618708,-0.4012726877878586,0.13395384964079865,-0.11835996773776328,0.12378311313667974,0.062470612178690675,0.45679125968900736,False
etf/GLD,etf,100,400,ls,2010-08-04,2015-09-21,2019-02-22,1291,861,0.3538977585172057,-1.1802896669856826,0.13700390522463535,-0.3072213147534784,-0.34751677867298153,-0.46419406476441516,0.04761115580928374,-0.14261031087768494,0.12382606153755867,0.006546111812030942,0.4044591118370683,False
etf/GLD,etf,116,378,ls,2010-07-02,2015-09-08,2019-02-22,1304,870,0.37100587676152663,-1.2167106564641177,0.15242796375417636,-0.3200765079609611,-0.33253028502104914,-0.4577162958640273,0.05068691423235441,-0.14650423361698395,0.12385480054975041,-0.019928114037642622,0.42271594498936566,False
etf/GLD,etf,120,398,ls,2010-08-02,2015-09-18,2019-02-22,1292,862,0.4087546231325649,-1.092061593255145,0.18179127953035742,-0.3065376026438881,-0.3172942541909864,-0.43461536218627767,0.05768132845700989,-0.13322595119678668,0.12386423739065316,0.024867136881912104,0.38939838024128537,False
etf/GLD,etf,134,750,ls,2011-12-21,2016-04-12,2019-02-22,1081,721,-0.30349787994592864,-1.7726027094851593,-0.1767139585409964,-0.39646174527121414,-0.35942914940536147,-0.4680643784942976,-0.06351614780644464,-0.18556962039713537,0.11219158783417599,-0.2868327972061283,0.1937736069428058,False
etf/GLD,etf,150,400,ls,2010-08-04,2015-09-21,2019-02-22,1291,861,0.5246456036656432,-1.003002643049804,0.2747649262205036,-0.2998241625624669,-0.2886396833769919,-0.41239344375094705,0.0793080613073887,-0.12364551891887951,0.12390209476134033,0.006546111812030942,0.4044591118370683,False
etf/GLD,etf,150,500,ls,2010-12-27,2015-11-16,2019-02-22,1231,821,0.24530085568966356,-1.7771586713847223,0.08455227479621362,-0.375115252078924,-0.3308920184615125,-0.5387921741840066,0.027977672872831594,-0.20210916223718517,0.12273937237989979,-0.2193776056225404,0.5358803584881734,False
etf/GLD,etf,150,710,ls,2011-10-25,2016-03-18,2019-02-22,1105,737,-0.36326288162797976,-1.6926776499422753,-0.20054264877264405,-0.3895852893366751,-0.3691173054415151,-0.4630477491748708,-0.07402376214106254,-0.1803965913389882,0.11365460587253903,-0.345128699425256,0.19599934322105184,False
etf/GLD,etf,162,678,ls,2011-09-09,2016-03-01,2019-02-22,1124,750,-0.4316702283251127,-1.7808827526252455,-0.22780735626859994,-0.3986848000482336,-0.3816967867232257,-0.4788725259125124,-0.08695333587963769,-0.19091919724202255,0.1151767994684941,-0.4602034143625716,0.2421113418356385,False
etf/GLD,etf,174,698,ls,2011-10-07,2016-03-11,2019-02-22,1112,742,-0.37127445356568717,-1.740139802872008,-0.1881563745434231,-0.39251866167851984,-0.40165966400784725,-0.4735556707993259,-0.07557482618004599,-0.18587943813242513,0.11436180778608748,-0.2931681368911925,0.20424393524403284,False
etf/GLD,etf,200,400,ls,2010-08-04,2015-09-21,2019-02-22,1291,861,0.412973721381424,-1.252461126828643,0.198620539743419,-0.31884383973429364,-0.2943900866766535,-0.47093708554242075,0.05847191791082883,-0.15015538862762293,0.1237338540691361,0.006546111812030942,0.4044591118370683,False
etf/GLD,etf,200,600,ls,2011-05-19,2016-01-14,2019-02-22,1171,781,-0.12219128541487118,-1.8933849922122679,-0.0781361746757592,-0.4050322941815035,-0.47158530072991806,-0.5179446224628067,-0.03684787143235331,-0.20978429869508328,0.12045271117313776,-0.33076442794066857,0.5858991002101939,False
etf/QQQ,etf,5,20,ls,2009-01-30,2015-02-12,2019-02-22,1519,1013,-0.06780489930255447,-0.5484413827403084,-0.07057212666734519,-0.24510923267749446,-0.4180988441089055,-0.43126352097043524,-0.029506124585924293,-0.10570667070685792,0.17556059590147036,1.3074277433035155,0.8370646527312384,False
etf/QQQ,etf,5,35,ls,2009-02-23,2015-02-23,2019-02-22,1510,1007,-0.1543394690484096,-0.04008108323377805,-0.09369057950641121,-0.07760292512479015,-0.4728027528462327,-0.28718650741231105,-0.044297163906390054,-0.02228651303156757,0.17601113103356805,1.3882923659182422,0.8064023013249249,False
etf/QQQ,etf,8,21,ls,2009-02-02,2015-02-12,2019-02-22,1518,1013,-0.17480365015531038,-0.2688610352637918,-0.10498609988960853,-0.1944489783875055,-0.46338511217435724,-0.31222625412527366,-0.048648995674094524,-0.06071207614041714,0.17560614506648828,1.29746582497756,0.8370646527312384,False
etf/QQQ,etf,9,21,ls,2009-02-02,2015-02-12,2019-02-22,1518,1013,-0.28645876967896833,-0.20760361219576812,-0.14908623080819125,-0.150202464464909,-0.457539976073199,-0.3364907245057922,-0.06821291047682325,-0.050541736090352736,0.175599110953095,1.29746582497756,0.8370646527312384,False
etf/QQQ,etf,10,20,ls,2009-01-30,2015-02-12,2019-02-22,1519,1013,-0.27378890148484847,-0.08139655519934871,-0.1481934124620475,-0.1031157072428665,-0.44543961141817795,-0.2838054956531298,-0.0660112160618282,-0.029264804403684754,0.1756094549744144,1.3074277433035155,0.8370646527312384,False
etf/QQQ,etf,10,30,ls,2009-02-13,2015-02-19,2019-02-22,1513,1009,-0.23855137228668377,-0.045996033773646035,-0.12078246850624633,-0.0830819946156669,-0.4932120466636283,-0.28006024073021907,-0.059571368493050975,-0.023267963412410435,0.17578578824088545,1.2908363410494845,0.8164341456660937,False
etf/QQQ,etf,10,100,ls,2009-05-27,2015-03-31,2019-02-22,1471,981,0.0668775824806141,0.13635526248913601,-0.006577476857640236,0.023531732191362134,-0.5261583012775695,-0.35978047959906356,-0.003460794050108512,0.008466257893604992,0.176916828272435,1.2577139194871298,0.8583606828713735,False
etf/QQQ,etf,12,26,ls,2009-02-09,2015-02-17,2019-02-22,1515,1011,-0.19737816584826395,-0.050274311513308065,-0.10748404712654905,-0.08007886217953039,-0.4889440849346504,-0.2992342913948912,-0.052553689067363366,-0.02396234158000093,0.1756059807633658,1.248914799135169,0.8245814507541889,False
etf/QQQ,etf,13,48,ls,2009-03-12,2015-03-02,2019-02-22,1502,1002,0.09372202794820028,0.059046003899880364,0.0014173967808584784,-0.017165687296132864,-0.47921368267406494,-0.2991238225381244,0.000679235931165556,-0.005134666000513383,0.17611099203746655,1.4043470364612392,0.7974541236449549,False
etf/QQQ,etf,20,50,ls,2009-03-16,2015-03-03,2019-02-22,1501,1001,0.07557883258506132,-0.16902566361881188,-0.005287727531217964,-0.11379916510725718,-0.4867002053501338,-0.38989163762452217,-0.002573538075279339,-0.044369342843971885,0.17628115313072065,1.4148629470147838,0.8046044839303299,False
etf/QQQ,etf,20,60,ls,2009-03-30,2015-03-09,2019-02-22,1495,997,0.0030265351757200933,-0.13490705906753078,-0.027367927727882713,-0.09210376522356616,-0.5476091229757843,-0.42025408034746686,-0.014986926900730503,-0.038706983150568794,0.17660906450804215,1.3711151753470148,0.8218720721283066,False
etf/QQQ,etf,20,100,ls,2009-05-27,2015-03-31,2019-02-22,1471,981,0.37145561666747834,0.10057298247322206,0.11307587642549319,0.004948468580387385,-0.44711219855309386,-0.4238163885061945,0.05055760371192022,0.0020972420823761567,0.17687972770147595,1.2577139194871298,0.8583606828713735,False
etf/QQQ,etf,21,55,ls,2009-03-23,2015-03-05,2019-02-22,1498,999,-0.049761218191135284,-0.06396348072402727,-0.044373215945026356,-0.06884258044526093,-0.5482764550748791,-0.38562054455044203,-0.024328789538611152,-0.026547113359559133,0.17648052631515032,1.3445657395773913,0.8084901609215943,False
etf/QQQ,etf,30,90,ls,2009-05-12,2015-03-25,2019-02-22,1477,985,0.3401914246986086,0.12555536243243504,0.09549062880917351,0.01530029032742184,-0.4723903038794629,-0.4263538816789584,0.04510884716080647,0.006523338171911323,0.1768284546369282,1.2622815691504343,0.8577825765066404,False
etf/QQQ,etf,30,200,ls,2009-10-16,2015-05-28,2019-02-22,1411,941,0.681112267360931,0.04375863566138601,0.25044228083896086,-0.023548379936691552,-0.4287101832674325,-0.34665276974322495,0.10736715611638471,-0.008163111128019915,0.17869041004056113,1.1431896308612113,0.8130889094941391,False
etf/QQQ,etf,40,100,ls,2009-05-27,2015-03-31,2019-02-22,1471,981,0.4103261054204508,0.19021717149817677,0.121956085926955,0.050498643572030086,-0.4729249967081569,-0.3587195801596566,0.0576760815355449,0.018114852220790775,0.17685156309109104,1.2577139194871298,0.8583606828713735,False
etf/QQQ,etf,50,150,ls,2009-08-06,2015-04-29,2019-02-22,1441,961,0.920449070231523,0.07772456981356177,0.48207600573326814,-0.005915675436347702,-0.3190391435299504,-0.3456732374476355,0.15380111598548132,-0.002044890679771764,0.1779222583674694,1.1929443374997508,0.8185959223884047,False
etf/QQQ,etf,50,200,ls,2009-10-16,2015-05-28,2019-02-22,1411,941,0.9252125322075297,0.4188381801375425,0.555159592303795,0.28182812475500085,-0.2783789282411784,-0.21486266591778497,0.15454473230833998,0.06055434221546957,0.1785919834673161,1.1431896308612113,0.8130889094941391,False
etf/QQQ,etf,60,120,ls,2009-06-24,2015-04-13,2019-02-22,1459,973,0.7913987458900187,0.18019910165200811,0.38056777337536035,0.05034607279660214,-0.3395150964594608,-0.3240925894101758,0.1292085042868977,0.016316789099284,0.17741385745742624,1.2591002811737673,0.8366563046463692,False
etf/QQQ,etf,60,132,ls,2009-07-13,2015-04-20,2019-02-22,1452,968,0.8003203920759053,0.06399704941998978,0.3602636902519325,-0.012251657993930276,-0.3629613919698335,-0.3620873322820673,0.13076181049003036,-0.004436170159054478,0.17754518610769449,1.2678514631688407,0.8385918951277309,False
etf/QQQ,etf,60,180,ls,2009-09-18,2015-05-15,2019-02-22,1423,949,0.859310956297313,0.42337094264122827,0.4476620923120752,0.27944392441995486,-0.3164597021687446,-0.2193625134286488,0.14166701240531637,0.061299521623126664,0.17815743600067518,1.1312348245341293,0.8238123000911883,False
etf/QQQ,etf,60,400,ls,2010-08-04,2015-09-21,2019-02-22,1291,861,1.0931430435083167,0.9671800623608128,1.151788594961668,0.7268683222545897,-0.16099271262161394,-0.22796653616378057,0.18542957026951631,0.16570165367155745,0.174295385727162,1.0931430435083167,0.9671800623608128,False
etf/QQQ,etf,62,758,ls,2012-01-04,2016-04-15,2019-02-22,1076,718,1.1547446628841285,1.0660810746361162,1.1285821060873,0.7903016627168662,-0.16104390898058651,-0.22796653616378065,0.18175127396984178,0.18016233257404046,0.16881184552053605,1.1547446628841285,1.0660810746361162,False
etf/QQQ,etf,74,758,ls,2012-01-04,2016-04-15,2019-02-22,1076,718,1.1547446628841285,1.0660810746361162,1.1285821060873,0.7903016627168662,-0.16104390898058651,-0.22796653616378065,0.18175127396984178,0.18016233257404046,0.16881184552053605,1.1547446628841285,1.0660810746361162,False
etf/QQQ,etf,80,144,ls,2009-07-29,2015-04-24,2019-02-22,1444,964,0.952184442545163,0.3433723183865333,0.5259121585012747,0.18346770709737584,-0.30446703424463567,-0.2518609222444012,0.16012291517207788,0.04620834591161075,0.17771453636691475,1.2027521891026458,0.8012062596587413,False
etf/QQQ,etf,80,300,ls,2010-03-12,2015-07-24,2019-02-22,1351,901,1.086884782072784,0.830621234161769,1.1560484129417223,0.6250341256537638,-0.16099271262161394,-0.22796653616378065,0.18611536992139957,0.14248686460944576,0.17991808572205906,1.086884782072784,0.830621234161769,False
etf/QQQ,etf,100,200,ls,2009-10-16,2015-05-28,2019-02-22,1411,941,1.1431896308612113,0.06670973871521087,1.231329218023995,-0.01333964093772354,-0.16099271262161402,-0.3060270066414872,0.19823503093993372,-0.004082290385843776,0.17877451371724246,1.1431896308612113,0.8130889094941391,False
etf/QQQ,etf,100,250,ls,2009-12-29,2015-06-25,2019-02-22,1381,921,1.0842941825290486,0.8305846045034203,1.1536489690922678,0.6241817796083218,-0.16099271262161394,-0.22796653616378065,0.18572907694729265,0.14229255823385345,0.17966732236322422,1.0842941825290486,0.8305846045034203,False
etf/QQQ,etf,100,300,ls,2010-03-12,2015-07-24,2019-02-22,1351,901,1.086884782072784,0.830621234161769,1.1560484129417223,0.6250341256537638,-0.16099271262161394,-0.22796653616378065,0.18611536992139957,0.14248686460944576,0.17991808572205906,1.086884782072784,0.830621234161769,False
etf/QQQ,etf,100,400,ls,2010-08-04,2015-09-21,2019-02-22,1291,861,1.0931430435083167,0.9671800623608128,1.151788594961668,0.7268683222545897,-0.16099271262161394,-0.22796653616378057,0.18542957026951631,0.16570165367155745,0.174295385727162,1.0931430435083167,0.9671800623608128,False
etf/QQQ,etf,116,378,ls,2010-07-02,2015-09-08,2019-02-22,1304,870,1.1825628108058512,0.9738436572224507,1.2705464801316282,0.7313562205176283,-0.16099271262161402,-0.2279665361637805,0.20454872434823446,0.16672474429323772,0.1739408933322364,1.1825628108058512,0.9738436572224507,False
etf/QQQ,etf,120,398,ls,2010-08-02,2015-09-18,2019-02-22,1292,862,1.0954347168358198,0.9718483006877304,1.154612298736656,0.7306356214460145,-0.16099271262161394,-0.2279665361637805,0.18588416599989152,0.1665604718189191,0.17419923221089811,1.0954347168358198,0.9718483006877304,False
etf/QQQ,etf,134,750,ls,2011-12-21,2016-04-12,2019-02-22,1081,721,1.1892142972125312,1.0842921954278477,1.1682132140006871,0.8053302973946862,-0.16104390898058651,-0.22796653616378065,0.1881336225054451,0.18358835836481396,0.16862225438432776,1.1892142972125312,1.0842921954278477,False
etf/QQQ,etf,150,400,ls,2010-08-04,2015-09-21,2019-02-22,1291,861,1.0931430435083167,0.9671800623608128,1.151788594961668,0.7268683222545897,-0.16099271262161394,-0.22796653616378057,0.18542957026951631,0.16570165367155745,0.174295385727162,1.0931430435083167,0.9671800623608128,False
etf/QQQ,etf,150,500,ls,2010-12-27,2015-11-16,2019-02-22,1231,821,1.0067117757609187,0.9172916893411714,1.0541629544489568,0.6822471187034661,-0.16099271262161394,-0.22796653616378065,0.1697125535819524,0.15552951245854885,0.17419798302607897,1.0067117757609187,0.9172916893411714,False
etf/QQQ,etf,150,710,ls,2011-10-25,2016-03-18,2019-02-22,1105,737,1.0505191368948226,1.106394803018092,1.047214841488194,0.8213916899593516,-0.16104390898058651,-0.22796653616378065,0.16864757161574406,0.18724981839374744,0.1679436332311257,1.0505191368948226,1.106394803018092,False
etf/QQQ,etf,162,678,ls,2011-09-09,2016-03-01,2019-02-22,1124,750,1.0908939948077239,1.1296261326187682,1.1251242718324443,0.8370458749771671,-0.16104390898058651,-0.22796653616378057,0.18119441082483284,0.19081844872872572,0.16700970791613104,1.0908939948077239,1.1296261326187682,False
etf/QQQ,etf,174,698,ls,2011-10-07,2016-03-11,2019-02-22,1112,742,1.1008230229677491,1.1249744698704272,1.1186030001472416,0.8351815967197533,-0.16104390898058651,-0.22796653616378065,0.1801441997411234,0.19039345567193772,0.1674483964197657,1.1008230229677491,1.1249744698704272,False
etf/QQQ,etf,200,400,ls,2010-08-04,2015-09-21,2019-02-22,1291,861,1.0931430435083167,0.9671800623608128,1.151788594961668,0.7268683222545897,-0.16099271262161394,-0.22796653616378057,0.18542957026951631,0.16570165367155745,0.174295385727162,1.0931430435083167,0.9671800623608128,False
etf/QQQ,etf,200,600,ls,2011-05-19,2016-01-14,2019-02-22,1171,781,0.876599642517954,1.0927928950634447,0.9144974212671105,0.8284715215567933,-0.16099271262161394,-0.22796653616378057,0.14722742053526294,0.18886378307963902,0.17189237184874556,0.876599642517954,1.0927928950634447,False
etf/SHY,etf,5,20,ls,2009-01-30,2015-02-12,2019-02-22,1519,1013,-2.0497745994879577,-2.1724122645343322,-0.17290600439761125,-0.22303434876777428,-0.13343517896574109,-0.10230738439926433,-0.02307174364104647,-0.02281806085362427,0.010598925416387107,0.9098751112622135,0.8336613141353596,False
etf/SHY,etf,5,35,ls,2009-02-23,2015-02-23,2019-02-22,1510,1007,-1.9573268228868712,-1.3914545512692267,-0.17271993165830646,-0.19713409894728978,-0.12620213403958766,-0.07037153425546736,-0.021797623966450012,-0.013872628996989895,0.010003467984356803,0.9358519911005502,0.8259091217522031,False
etf/SHY,etf,8,21,ls,2009-02-02,2015-02-12,2019-02-22,1518,1013,-1.8743985762889435,-1.8921353365011717,-0.17076786443003372,-0.21173443023108,-0.12378615069922413,-0.09218994081939946,-0.021138696600920832,-0.01951978459243253,0.010389380028111234,0.8958784786594558,0.8336613141353596,False
etf/SHY,etf,9,21,ls,2009-02-02,2015-02-12,2019-02-22,1518,1013,-1.588446897180833,-1.6320128514125574,-0.1684823120246892,-0.20408274497551732,-0.10537777513218538,-0.08105805340362171,-0.01775429119028839,-0.016542550040983192,0.010188944775075516,0.8958784786594558,0.8336613141353596,False
etf/SHY,etf,10,20,ls,2009-01-30,2015-02-12,2019-02-22,1519,1013,-1.5523933487550325,-1.6627172529400973,-0.16944281291233076,-0.20475963876002468,-0.10229913782310102,-0.08194922019590795,-0.017333853671252446,-0.01677989272397983,0.010146205297181448,0.9098751112622135,0.8336613141353596,False
etf/SHY,etf,10,30,ls,2009-02-13,2015-02-19,2019-02-22,1513,1009,-1.231643971652388,-0.9435228830782051,-0.16838317884018003,-0.1736447912329032,-0.07887855516171427,-0.05351221413121466,-0.01328182186044994,-0.009292117251225182,0.009842880632184671,0.9429448797064884,0.834511412155229,False
etf/SHY,etf,10,100,ls,2009-05-27,2015-03-31,2019-02-22,1471,981,-0.5921445964143609,0.11121910182033966,-0.13262868337849668,0.04397231670522678,-0.04559140198483131,-0.022556392088492017,-0.006046727618627957,0.0009918568166424426,0.009302284732574977,1.0308580373306773,0.7767142388492209,False
etf/SHY,etf,12,26,ls,2009-02-09,2015-02-17,2019-02-22,1515,1011,-1.2386654091256384,-1.0331788326741635,-0.17114033314875302,-0.18009003939278004,-0.07872242100760979,-0.056190992839844835,-0.013472581357518732,-0.010119438114047077,0.009797743941192238,0.9477761425158362,0.8476644851116645,False
etf/SHY,etf,13,48,ls,2009-03-12,2015-03-02,2019-02-22,1502,1002,-1.4421093288422004,-0.7622844548872799,-0.17234555908583532,-0.16439300600543091,-0.08896491981278169,-0.04537985714540643,-0.015332708844160369,-0.007460131128230397,0.009760646737746992,0.9623617580392726,0.8468650977765171,False
etf/SHY,etf,20,50,ls,2009-03-16,2015-03-03,2019-02-22,1501,1001,-1.3146027133675027,-0.46276322508874324,-0.17306341866845742,-0.11818622543683284,-0.08066952561653588,-0.03791521541642844,-0.013960943885560401,-0.004481056196692092,0.00960533669261415,0.9685314421583336,0.8538996934422667,False
etf/SHY,etf,20,60,ls,2009-03-30,2015-03-09,2019-02-22,1495,997,-1.167743935290502,0.10821175397533812,-0.17161646244203427,0.03859999954617678,-0.07140814657327729,-0.02518908114973834,-0.01225481350444812,0.0009722985209485099,0.009387586214604593,0.9208988730925853,0.8575835257875077,False
etf/SHY,etf,20,100,ls,2009-05-27,2015-03-31,2019-02-22,1471,981,-0.3708761322550199,0.3357829834952282,-0.11968240084167751,0.17632689580244548,-0.031336272071066026,-0.017386569113765207,-0.003750400274893188,0.0030657197604848944,0.009243246103833053,1.0308580373306773,0.7767142388492209,False
etf/SHY,etf,21,55,ls,2009-03-23,2015-03-05,2019-02-22,1498,999,-1.1759688558852026,-0.11233589852457485,-0.16839227439054222,-0.03886250264454088,-0.07285313912318508,-0.028532888789159345,-0.01226790579344373,-0.001108859466025096,0.00947701600935764,0.9476066090554455,0.8386380822717129,False
etf/SHY,etf,30,90,ls,2009-05-12,2015-03-25,2019-02-22,1477,985,-0.2074715127994441,0.2565510537674099,-0.06514026233785873,0.11894928724821108,-0.03277761192623336,-0.0197126527269754,-0.0021351422396833682,0.0023448059916452283,0.009297369622373288,0.992565367098414,0.7969446643117315,False
etf/SHY,etf,30,200,ls,2009-10-16,2015-05-28,2019-02-22,1411,941,0.6985134847683929,-0.01638254826318939,0.3511429458912106,-0.008155688770960777,-0.017493896306756435,-0.024079040593767833,0.006142858284269823,-0.00019638116098610105,0.009332800987199817,1.0480303216325857,0.7911456425783149,False
etf/SHY,etf,40,100,ls,2009-05-27,2015-03-31,2019-02-22,1471,981,0.05629386770734019,0.4019550435724108,0.019768903717405542,0.2816908807281498,-0.025556193736469914,-0.0129713387627401,0.0005052179333596363,0.0036539078402994477,0.009178525749653823,1.0308580373306773,0.7767142388492209,False
etf/SHY,etf,50,150,ls,2009-08-06,2015-04-29,2019-02-22,1441,961,0.6961419742469264,0.07143004283194274,0.5175318075814851,0.029548641678924504,-0.01210905308995402,-0.021096809937608974,0.006266820133744072,0.0006233820774147812,0.009333662157174506,1.1777264178323938,0.7769309357698292,False
etf/SHY,etf,50,200,ls,2009-10-16,2015-05-28,2019-02-22,1411,941,0.8944576293839631,0.2595994673668785,0.902843615713419,0.14515497142478778,-0.008654922393523194,-0.01618038670872808,0.007814041427487518,0.0023486635703474407,0.009199522873889983,1.0480303216325857,0.7911456425783149,False
etf/SHY,etf,60,120,ls,2009-06-24,2015-04-13,2019-02-22,1459,973,0.5160729282928964,0.19290277567068453,0.31210450613513235,0.10188978710836147,-0.015340874648845522,-0.016908327569903906,0.0047879561059589034,0.0017227858964559478,0.009139478927211023,1.1498221733530392,0.7697555878544472,False
etf/SHY,etf,60,132,ls,2009-07-13,2015-04-20,2019-02-22,1452,968,0.627603784311416,0.041260663717171714,0.37496179148106384,0.015591914544532749,-0.015328830565855529,-0.021799473763617072,0.005747725770282879,0.00033989553203810107,0.009278586499686374,1.0558204300230114,0.7624355311839719,False
etf/SHY,etf,60,180,ls,2009-09-18,2015-05-15,2019-02-22,1423,949,0.9235181497050807,0.17399555539374903,0.9038823219077141,0.07721610682864227,-0.009027940539991338,-0.02039561060296539,0.008160195857332153,0.0015748696471539645,0.009291976739887037,1.0896090112040178,0.7719016545115612,False
etf/SHY,etf,60,400,ls,2010-08-04,2015-09-21,2019-02-22,1291,861,0.8376386575946025,0.561759361305984,0.8220476677316936,0.3405301090672275,-0.008061488447616678,-0.014879732795583587,0.006626927776809281,0.005066997031771281,0.00907032723532862,0.8376386575946025,0.8193513112681502,False
etf/SHY,etf,62,758,ls,2012-01-04,2016-04-15,2019-02-22,1076,718,0.7461663415306368,0.7675598724991353,0.7745317851845143,0.6310090976085735,-0.0071133718582664,-0.01073528662161803,0.00550953260406436,0.006774063523676584,0.008846718324286828,0.7461663415306368,0.7675598724991353,False
etf/SHY,etf,74,758,ls,2012-01-04,2016-04-15,2019-02-22,1076,718,0.7461663415306368,0.7675598724991353,0.7745317851845143,0.6310090976085735,-0.0071133718582664,-0.01073528662161803,0.00550953260406436,0.006774063523676584,0.008846718324286828,0.7461663415306368,0.7675598724991353,False
etf/SHY,etf,80,144,ls,2009-07-29,2015-04-24,2019-02-22,1444,964,0.7608517229485975,0.14158888996837177,0.5945522319658938,0.06052384577335067,-0.011615855251970545,-0.020842036434074777,0.006906232666251837,0.0012614401987384974,0.009202312931793695,1.162945734625496,0.7618526554587104,False
etf/SHY,etf,80,300,ls,2010-03-12,2015-07-24,2019-02-22,1351,901,1.030012151417799,0.5043790723056463,1.0572438953103371,0.2908941631764512,-0.008061488447616685,-0.015810991176317055,0.008522959448357547,0.004599325047225004,0.009181436349109036,1.030012151417799,0.8218291959034487,False
etf/SHY,etf,100,200,ls,2009-10-16,2015-05-28,2019-02-22,1411,941,1.0480303216325857,0.24312511507309195,1.056552622079692,0.10121807441144551,-0.008654922393523194,-0.021855682514429493,0.009144380948773173,0.002212190099058453,0.009265330894962146,1.0480303216325857,0.7911456425783149,False
etf/SHY,etf,100,250,ls,2009-12-29,2015-06-25,2019-02-22,1381,921,1.0985692700138034,0.49765747436568447,1.1415336431168854,0.27975488304466184,-0.008061488447616675,-0.016283381546403373,0.009202460276552549,0.004555355500085681,0.009218172144550472,1.0985692700138034,0.8200773565234941,False
etf/SHY,etf,100,300,ls,2010-03-12,2015-07-24,2019-02-22,1351,901,1.030012151417799,0.42677280678985957,1.0572438953103371,0.20977037790957295,-0.008061488447616685,-0.018399423071902603,0.008522959448357547,0.003859653931111125,0.00912389281223627,1.030012151417799,0.8218291959034487,False
etf/SHY,etf,100,400,ls,2010-08-04,2015-09-21,2019-02-22,1291,861,0.8376386575946025,0.3581360407160403,0.8220476677316936,0.1637076682322623,-0.008061488447616678,-0.01966014148338898,0.006626927776809281,0.0032185159193619806,0.00908764240175831,0.8376386575946025,0.8193513112681502,False
etf/SHY,etf,116,378,ls,2010-07-02,2015-09-08,2019-02-22,1304,870,0.8612844555126411,0.3850811444831255,0.8401049703363355,0.17986845447934813,-0.00806148844761668,-0.019426553111228435,0.006772496513151722,0.0034942240839776306,0.009167229328770461,0.8612844555126411,0.830082133494527,False
etf/SHY,etf,120,398,ls,2010-08-02,2015-09-18,2019-02-22,1292,862,0.8478223290377291,0.41445523075649715,0.8328720503221083,0.21376790147568808,-0.008061488447616678,-0.017395832538645354,0.006714188412014493,0.003718670616208709,0.009054646094307851,0.8478223290377291,0.7992135574774114,False
etf/SHY,etf,134,750,ls,2011-12-21,2016-04-12,2019-02-22,1081,721,0.7436773419441539,0.7740617941772473,0.7705909678887258,0.6360883001593943,-0.0071133718582664,-0.010735286621618031,0.00548150010521393,0.0068285902188689,0.008842326652938142,0.7436773419441539,0.7740617941772473,False
etf/SHY,etf,150,400,ls,2010-08-04,2015-09-21,2019-02-22,1291,861,0.8376386575946025,0.4883510445857089,0.8220476677316936,0.2788180725653203,-0.008061488447616678,-0.015744151956425458,0.006626927776809281,0.004389754102666063,0.00905315234307073,0.8376386575946025,0.8193513112681502,False
etf/SHY,etf,150,500,ls,2010-12-27,2015-11-16,2019-02-22,1231,821,0.8548039071985359,0.523279614467395,1.1030851943156854,0.26631478302765105,-0.005982954900314048,-0.017686644406748397,0.006599708968794904,0.004710214867670417,0.009058595784032255,0.8548039071985359,0.9015569809331163,False
etf/SHY,etf,150,710,ls,2011-10-25,2016-03-18,2019-02-22,1105,737,0.6738546701432194,0.8512383141096517,0.686328880785639,0.7019220995533888,-0.007113371858266407,-0.010735286621618033,0.004882112546096044,0.007535334924753536,0.008865244193532382,0.6738546701432194,0.8512383141096517,False
etf/SHY,etf,162,678,ls,2011-09-09,2016-03-01,2019-02-22,1124,750,0.6147538715608112,0.8537925705072077,0.6182663650265051,0.7082837286227885,-0.007113371858266397,-0.010735286621618038,0.004397958561892201,0.007603628836193963,0.008918668724440925,0.6147538715608112,0.8537925705072077,False
etf/SHY,etf,174,698,ls,2011-10-07,2016-03-11,2019-02-22,1112,742,0.6344272956827246,0.9354372358540213,0.6405575424180155,0.7761912473908922,-0.007113371858266402,-0.010735286621618035,0.004556523995836599,0.008332635513932459,0.00891338471532869,0.6344272956827246,0.9354372358540213,False
etf/SHY,etf,200,400,ls,2010-08-04,2015-09-21,2019-02-22,1291,861,0.8376386575946025,0.5460362934283179,0.8220476677316936,0.310998549467235,-0.008061488447616678,-0.015832392922774153,0.006626927776809281,0.004923851233578079,0.00907065361779998,0.8376386575946025,0.8193513112681502,False
etf/SHY,etf,200,600,ls,2011-05-19,2016-01-14,2019-02-22,1171,781,0.7656815620769298,0.9059381968209393,0.7737597184997249,0.7593645615145052,-0.007113371858266402,-0.010735286621618033,0.005504040606636076,0.008151996218157511,0.009006775945750388,0.7656815620769298,0.9059381968209393,False
etf/SPY,etf,5,20,ls,2009-01-30,2015-02-12,2019-02-22,1519,1013,-0.25660006392164153,-0.6823565292003865,-0.13714653695576873,-0.24024233583996862,-0.43214400758311566,-0.40574332075903136,-0.059267054106211775,-0.09747672313061533,0.13659247029600946,1.0752906618339153,0.7422356383328519,False
etf/SPY,etf,5,35,ls,2009-02-23,2015-02-23,2019-02-22,1510,1007,-0.13972705442184333,-0.31226242475678184,-0.12856719713301526,-0.19177870228938743,-0.30163494890009857,-0.26467096240009885,-0.038780359937445955,-0.05075825370277421,0.13680709700552932,1.2061692547274891,0.7246851182321306,False
etf/SPY,etf,8,21,ls,2009-02-02,2015-02-12,2019-02-22,1518,1013,-0.039299205026962006,-0.5125132339475755,-0.06402493195349501,-0.2166901592458527,-0.34877378482466964,-0.35203643931214307,-0.022330217840562386,-0.07628283209489124,0.13658822301442908,1.0785242322236945,0.7422356383328519,False
etf/SPY,etf,9,21,ls,2009-02-02,2015-02-12,2019-02-22,1518,1013,0.06066428447586961,-0.40226467488507167,-0.015833367500468206,-0.18899068692022356,-0.30836210869623165,-0.3293924483628288,-0.004882410590206759,-0.062252105082425284,0.1365654070047873,1.0785242322236945,0.7422356383328519,False
etf/SPY,etf,10,20,ls,2009-01-30,2015-02-12,2019-02-22,1519,1013,-0.0245520231512637,-0.3828151028670811,-0.05280003552034669,-0.191053814761238,-0.37455083811926804,-0.3124115511492664,-0.019776297556872977,-0.059687418622542975,0.13641300740310716,1.0752906618339153,0.7422356383328519,False
etf/SPY,etf,10,30,ls,2009-02-13,2015-02-19,2019-02-22,1513,1009,-0.016810348739508058,-0.5450290163863786,-0.0548374990559508,-0.22078412866888403,-0.33202249542404755,-0.3647060438172982,-0.018207283279370635,-0.08052130610447802,0.13681685992756806,1.0915617086868863,0.734519774841147,False
etf/SPY,etf,10,100,ls,2009-05-27,2015-03-31,2019-02-22,1471,981,0.2570965089028283,0.15102133811189644,0.0757113674687306,0.06093889883954861,-0.3793927422407063,-0.1863355163331569,0.028724343322755502,0.011355081180041306,0.13705687899100136,1.1071290351862826,0.775783226412143,False
etf/SPY,etf,12,26,ls,2009-02-09,2015-02-17,2019-02-22,1515,1011,0.09457267392568924,-0.557587267184664,0.0036335343269489487,-0.22238067600817185,-0.30381249944534194,-0.3689644630248975,0.0011039131456908084,-0.08205056671046883,0.13672755229707667,1.0374297519854419,0.7326580846239594,False
etf/SPY,etf,13,48,ls,2009-03-12,2015-03-02,2019-02-22,1502,1002,0.27654282726477497,0.04552807458035667,0.1214961921749108,-0.014548921264248492,-0.2713016894605921,-0.21935560802920878,0.032962122200082065,-0.003191387470088313,0.13735394494295247,1.2374393064199032,0.7199588962158302,False
etf/SPY,etf,20,50,ls,2009-03-16,2015-03-03,2019-02-22,1501,1001,0.26505667455692417,0.2605519469880046,0.09875928923831331,0.16426500661022034,-0.3135220479100809,-0.16235493236347534,0.030963214612140005,0.026669234037888154,0.13722425336622487,1.2291257908725701,0.7279507054712969,False
etf/SPY,etf,20,60,ls,2009-03-30,2015-03-09,2019-02-22,1495,997,0.20870591143883996,0.3636874396903385,0.06190916169602552,0.27299930147423107,-0.3395422859485142,-0.15119018331677567,0.0210207782834247,0.0412748144352407,0.13709713214474725,1.2024945184159366,0.7546415826770192,False
etf/SPY,etf,20,100,ls,2009-05-27,2015-03-31,2019-02-22,1471,981,0.09804209858810274,-0.11528073678850803,0.0061906951311286535,-0.10957612338367188,-0.4666095898048269,-0.22733514085563622,0.0028886377157426803,-0.02491050344384162,0.13707147231330774,1.1071290351862826,0.775783226412143,False
etf/SPY,etf,21,55,ls,2009-03-23,2015-03-05,2019-02-22,1498,999,0.3418762968673803,0.3765052510097904,0.14727209902838218,0.28529574776191446,-0.297443874766772,-0.15119018331677567,0.04380518378003775,0.04313391640362044,0.13720735123234543,1.1607569069065822,0.7345224301644765,False
etf/SPY,etf,30,90,ls,2009-05-12,2015-03-25,2019-02-22,1477,985,0.3343739877700196,-0.13961428063398643,0.10255929820566756,-0.10514553763992342,-0.40633575073209055,-0.2674749655700785,0.041673509430956275,-0.02812379906008591,0.13695354633369125,1.0779094054431306,0.779263735639281,False
etf/SPY,etf,30,200,ls,2009-10-16,2015-05-28,2019-02-22,1411,941,0.287928443371421,-0.06168688961794713,0.07653732846905309,-0.07234333363176661,-0.43585365103451323,-0.2494403122666587,0.03335907405366458,-0.018045343731518934,0.13871413233808677,0.9689943920542219,0.7427541718413856,False
etf/SPY,etf,40,100,ls,2009-05-27,2015-03-31,2019-02-22,1471,981,0.6951355716933425,-0.06671924504987484,0.3421247836341786,-0.05551520497495556,-0.3015317368261852,-0.33188790707152305,0.1031614802204967,-0.018424825189784604,0.13716785170477863,1.1071290351862826,0.775783226412143,False
etf/SPY,etf,50,150,ls,2009-08-06,2015-04-29,2019-02-22,1441,961,0.4797070005917385,0.021834604227205165,0.18290800134243268,-0.02370215677080216,-0.3561713395093822,-0.27506738633115346,0.06514658784511812,-0.006519690313355803,0.1380512944781659,1.0379496357623903,0.7481261261759776,False
etf/SPY,etf,50,200,ls,2009-10-16,2015-05-28,2019-02-22,1411,941,0.6459285989540187,-0.3200332750721859,0.31099272553374785,-0.16183275948508902,-0.2986852619545538,-0.3250279760085427,0.09288894369200813,-0.05260017426731578,0.13866594499068202,0.9689943920542219,0.7427541718413856,False
etf/SPY,etf,60,120,ls,2009-06-24,2015-04-13,2019-02-22,1459,973,0.6566337811691061,-0.006817917570737453,0.31603252684593797,-0.039450898340442124,-0.3034258596475004,-0.2628978803293698,0.09589244113480049,-0.010371557550791687,0.13756177260294095,1.1238811918995797,0.755479535886431,False
etf/SPY,etf,60,132,ls,2009-07-13,2015-04-20,2019-02-22,1452,968,0.5695613246759709,0.041345758291964345,0.22255384598773625,-0.014077352652602397,-0.3618971417402618,-0.27005696198184526,0.08054160074626418,-0.003801687090108874,0.13765356723691702,1.138045694730832,0.7515691946128508,False
etf/SPY,etf,60,180,ls,2009-09-18,2015-05-15,2019-02-22,1423,949,0.6685599353753929,-0.25154725841252673,0.33343774189334496,-0.14407867654615283,-0.2909980130109758,-0.30131011586382106,0.09702972035382998,-0.04341236272362731,0.13827462880072808,0.9819699733525308,0.7388248926943666,False
etf/SPY,etf,60,400,ls,2010-08-04,2015-09-21,2019-02-22,1291,861,0.9229396370047881,0.587905094879572,0.7394338729235763,0.3457668659534533,-0.18605476662899303,-0.20798139419592024,0.1375751966643685,0.07191307484775308,0.13326476592423583,0.9229396370047881,0.9830264748939282,False
etf/SPY,etf,62,758,ls,2012-01-04,2016-04-15,2019-02-22,1076,718,1.0904142009855686,1.0385068123207402,1.1030946073307317,0.6743045855445325,-0.13035098702342202,-0.19348912161217147,0.143789470845775,0.13047060195607094,0.1257370330556063,1.0904142009855686,1.0385068123207402,False
etf/SPY,etf,74,758,ls,2012-01-04,2016-04-15,2019-02-22,1076,718,1.0904142009855686,1.0385068123207402,1.1030946073307317,0.6743045855445325,-0.13035098702342202,-0.19348912161217147,0.143789470845775,0.13047060195607094,0.1257370330556063,1.0904142009855686,1.0385068123207402,False
etf/SPY,etf,80,144,ls,2009-07-29,2015-04-24,2019-02-22,1444,964,0.5692041564664486,-0.2181041773133662,0.26315868934867565,-0.13263012402019686,-0.304986611647348,-0.29303586805065884,0.08025987699000964,-0.03886538352192492,0.13794843060913342,1.0666742124942177,0.7370465837215611,False
etf/SPY,etf,80,300,ls,2010-03-12,2015-07-24,2019-02-22,1351,901,0.7452583941843492,0.4648888117787924,0.4311891348182256,0.2930237084323153,-0.25344290076612785,-0.19348912161217138,0.10928182510716807,0.05669689995610971,0.13964226715623984,0.9176205888911909,0.8015021522507169,False
etf/SPY,etf,100,200,ls,2009-10-16,2015-05-28,2019-02-22,1411,941,0.6991488242322081,-0.43556123483715553,0.37240620700484095,-0.19510022616256617,-0.2739259466718945,-0.3467031834916921,0.10201172280029057,-0.06764186951051081,0.1386563167120276,0.9689943920542219,0.7427541718413856,False
etf/SPY,etf,100,250,ls,2009-12-29,2015-06-25,2019-02-22,1381,921,0.6550554927751622,0.4327740858131803,0.2910000467429783,0.2683839298233657,-0.32313442334166,-0.1934891216121714,0.09403213229668839,0.05192937083634568,0.139519268810762,0.9385280673910864,0.7685141667966064,False
etf/SPY,etf,100,300,ls,2010-03-12,2015-07-24,2019-02-22,1351,901,0.9176205888911909,0.40278481741809047,0.7486422839588794,0.22462759046853237,-0.186054766628993,-0.21179870736308284,0.13928846543056564,0.0475758332993191,0.13965232910899852,0.9176205888911909,0.8015021522507169,False
etf/SPY,etf,100,400,ls,2010-08-04,2015-09-21,2019-02-22,1291,861,0.9229396370047881,0.9830264748939282,0.7394338729235763,0.6702136408119967,-0.18605476662899303,-0.19348912161217147,0.1375751966643685,0.12967904865320865,0.13308603103491332,0.9229396370047881,0.9830264748939282,False
etf/SPY,etf,116,378,ls,2010-07-02,2015-09-08,2019-02-22,1304,870,1.0353924100599798,0.9724194284160551,0.8509540411938117,0.6628693007128841,-0.18605476662899303,-0.19348912161217147,0.15832405554631315,0.1282579987386103,0.13326791518625777,1.0353924100599798,0.9724194284160551,False
etf/SPY,etf,120,398,ls,2010-08-02,2015-09-18,2019-02-22,1292,862,0.9177666973561125,0.9944011666717535,0.7344704043125208,0.678803778174068,-0.18605476662899303,-0.19348912161217147,0.1366517196702682,0.1313411467859237,0.1330362932655888,0.9177666973561125,0.9944011666717535,False
etf/SPY,etf,134,750,ls,2011-12-21,2016-04-12,2019-02-22,1081,721,1.1178438555993162,1.06042244058796,1.1366529473011098,0.6897054957823636,-0.1303509870234221,-0.19348912161217147,0.14816383358378143,0.13345051055001678,0.12560669212569311,1.1178438555993162,1.06042244058796,False
etf/SPY,etf,150,400,ls,2010-08-04,2015-09-21,2019-02-22,1291,861,0.9229396370047881,0.9830264748939282,0.7394338729235763,0.6702136408119967,-0.18605476662899303,-0.19348912161217147,0.1375751966643685,0.12967904865320865,0.13308603103491332,0.9229396370047881,0.9830264748939282,False
etf/SPY,etf,150,500,ls,2010-12-27,2015-11-16,2019-02-22,1231,821,0.8641309703498764,0.9278260979220475,0.6888283634172087,0.6232392978615107,-0.18605476662899292,-0.19348912161217147,0.12815980040301989,0.12059002429741018,0.13216192646685673,0.8641309703498764,0.9278260979220475,False
etf/SPY,etf,150,710,ls,2011-10-25,2016-03-18,2019-02-22,1105,737,1.0533084832052515,1.062564965183995,1.126048492655557,0.6888108102015974,-0.13035098702342215,-0.19348912161217147,0.14678153245388859,0.13327739862287524,0.1251563596333562,1.0533084832052515,1.062564965183995,False
etf/SPY,etf,162,678,ls,2011-09-09,2016-03-01,2019-02-22,1124,750,1.0431682890936205,1.1460212597605897,1.1620665760013462,0.7478442808035618,-0.13035098702342204,-0.19348912161217147,0.15147652516870397,0.1446997329953673,0.12475336029427386,1.0431682890936205,1.1460212597605897,False
etf/SPY,etf,174,698,ls,2011-10-07,2016-03-11,2019-02-22,1112,742,1.1112671509985395,1.0938149083447914,1.2154170964550965,0.7099706606222487,-0.13035098702342204,-0.19348912161217147,0.1584308181680636,0.137371599494212,0.12484353891015092,1.1112671509985395,1.0938149083447914,False
etf/SPY,etf,200,400,ls,2010-08-04,2015-09-21,2019-02-22,1291,861,0.9229396370047881,0.9830264748939282,0.7394338729235763,0.6702136408119967,-0.18605476662899303,-0.19348912161217147,0.1375751966643685,0.12967904865320865,0.13308603103491332,0.9229396370047881,0.9830264748939282,False
etf/SPY,etf,200,600,ls,2011-05-19,2016-01-14,2019-02-22,1171,781,0.6990485728676006,1.1483615083133882,0.5566772865994984,0.7766756586864331,-0.18366771453813224,-0.19348912161217147,0.10224364496501871,0.15027829097679263,0.12922697299076175,0.6990485728676006,1.1483615083133882,False
fut_commodity/BRENT_W,fut_commodity,5,20,ls,1990-10-19,2013-01-16,2024-03-28,5125,3417,0.26917903330732373,0.3420905181033789,-0.945794443308941,-0.06373234267540914,-1.0,-0.9593834270769074,-0.945794443308941,-0.06114375333157386,0.8242952690517561,0.6467393659033674,0.4527540275695532,False
fut_commodity/BRENT_W,fut_commodity,5,35,ls,1990-11-09,2013-01-23,2024-03-28,5116,3411,0.3916103914403139,0.3027324879527446,-0.8660939993992414,-0.09746335442571179,-1.0,-0.9445202008177632,-0.8660939993992414,-0.09205610709454613,0.825067067223571,0.6483459020718354,0.4505591583494149,False
fut_commodity/BRENT_W,fut_commodity,8,21,ls,1990-10-22,2013-01-16,2024-03-28,5124,3417,0.31182078114804557,0.45242843458167953,-0.9424904503993133,0.030761819867716873,-1.0,-0.9320699081718027,-0.9424904503993133,0.0286721666193004,0.824207033607323,0.6468025450729913,0.4527540275695532,False
fut_commodity/BRENT_W,fut_commodity,9,21,ls,1990-10-22,2013-01-16,2024-03-28,5124,3417,0.28363722371138356,0.48175463837041727,-0.9446784002024788,0.057290890620920645,-1.0,-0.9398108528652521,-0.9446784002024788,0.053842600775857306,0.8241028735759667,0.6468025450729913,0.4527540275695532,True
fut_commodity/BRENT_W,fut_commodity,10,20,ls,1990-10-19,2013-01-16,2024-03-28,5125,3417,0.2753083728745638,0.4393591424699114,-0.9452809305051157,0.018610590858675693,-1.0,-0.9475426796234748,-0.9452809305051157,0.01763432913160571,0.8241857998360937,0.6467393659033674,0.4527540275695532,False
fut_commodity/BRENT_W,fut_commodity,10,30,ls,1990-11-02,2013-01-21,2024-03-28,5119,3413,0.48146111888290266,0.4449046071613892,-0.8478628792429642,0.022881738418552334,-0.9999999999999999,-0.9426968181723755,-0.8478628792429641,0.02157054200142189,0.8246075138565079,0.6478321429942416,0.45123620833475003,False
fut_commodity/BRENT_W,fut_commodity,10,100,ls,1991-02-14,2013-02-22,2024-03-28,5077,3385,0.42967622351443385,0.22826635849431925,-0.8427385941218211,-0.15150530308733515,-0.9999999999999994,-0.9770586151200282,-0.8427385941218206,-0.14802956161785183,0.8280722459297185,0.6890726062610623,0.4486927534354557,False
fut_commodity/BRENT_W,fut_commodity,12,26,ls,1990-10-29,2013-01-18,2024-03-28,5121,3415,0.4758569075144383,0.5219826149429074,-0.8488549562560551,0.09680370231602686,-0.9999999999999998,-0.9170074212839401,-0.8488549562560549,0.08876971343155797,0.8242498887109835,0.6475995574260731,0.4513688297289247,True
fut_commodity/BRENT_W,fut_commodity,13,48,ls,1990-11-28,2013-01-29,2024-03-28,5108,3406,0.5631359751959425,0.33036044990803015,-0.8123614722221971,-0.0739934549432669,-0.9999999999999944,-0.9541784071624376,-0.8123614722221926,-0.070602956978212,0.8256009643137916,0.649507254457683,0.44925612783293134,False
fut_commodity/BRENT_W,fut_commodity,20,50,ls,1990-11-30,2013-01-30,2024-03-28,5107,3405,0.48467247919588274,0.32208787240197845,-0.8318730278734111,-0.08006264631005269,-0.9999999999999981,-0.9742715271254264,-0.8318730278734096,-0.07800275668619792,0.8257082437187107,0.6500800057233668,0.4480491510094408,False
fut_commodity/BRENT_W,fut_commodity,20,60,ls,1990-12-14,2013-02-04,2024-03-28,5101,3401,0.48019301596542724,0.27601614159399984,-0.8333371648736924,-0.11585246957251964,-0.9999999999999979,-0.972217941287132,-0.8333371648736906,-0.11263384946082515,0.8262084169331764,0.65269727233655,0.4454707970425425,False
fut_commodity/BRENT_W,fut_commodity,20,100,ls,1991-02-14,2013-02-22,2024-03-28,5077,3385,0.44063912996844384,0.18665563789788928,-0.8405148585117944,-0.17892571637429022,-0.9999999999999994,-0.9910334009245333,-0.840514858511794,-0.1773213612112713,0.828141390970765,0.6890726062610623,0.4486927534354557,False
fut_commodity/BRENT_W,fut_commodity,21,55,ls,1990-12-07,2013-02-01,2024-03-28,5104,3403,0.4573224129990939,0.31130453731154295,-0.8383406629370412,-0.08917773335771322,-0.9999999999999984,-0.9672156160398069,-0.8383406629370399,-0.08625409630661422,0.8259344264469747,0.6509613730526101,0.4464549953887534,False
fut_commodity/BRENT_W,fut_commodity,30,90,ls,1991-01-31,2013-02-18,2024-03-28,5083,3389,0.5286528100892712,0.2503442809073609,-0.6166976845371386,-0.1345284446478945,-0.999999999030502,-0.9840560799281015,-0.6166976839392514,-0.13238353387903165,0.8276713789312599,0.6872113992319794,0.44336817267728923,False
fut_commodity/BRENT_W,fut_commodity,30,200,ls,1991-07-23,2013-04-15,2024-03-28,5017,3345,0.3021246397723709,0.29339446715055045,-0.8701746813496893,-0.10521259726818327,-0.9999999999999999,-0.9895275499699493,-0.8701746813496892,-0.10411076360076037,0.8326442959149368,0.6730213910302084,0.46677726652317664,False
fut_commodity/BRENT_W,fut_commodity,40,100,ls,1991-02-14,2013-02-22,2024-03-28,5077,3385,0.5479254102663791,0.3283246475047967,-0.6063480143257987,-0.07639851621639239,-0.9999999968518855,-0.9797781497791205,-0.6063480124169457,-0.07485359686436707,0.8280260023875246,0.6890726062610623,0.4486927534354557,False
fut_commodity/BRENT_W,fut_commodity,50,150,ls,1991-05-13,2013-03-19,2024-03-28,5047,3365,0.48017867317112173,0.09695920111837769,-0.6429452552465382,-0.23899761398509162,-0.9999999994570378,-0.9970040853653163,-0.6429452548974433,-0.2382815975356992,0.8305072944353284,0.6695570939533941,0.4553428212786281,False
fut_commodity/BRENT_W,fut_commodity,50,200,ls,1991-07-23,2013-04-15,2024-03-28,5017,3345,0.19226631520988127,0.04243119117025273,-0.8889046890970237,-0.27443767359865434,-1.0,-0.9982308763332264,-0.8889046890970237,-0.27395215941523665,0.8327949052405539,0.6730213910302084,0.46677726652317664,False
fut_commodity/BRENT_W,fut_commodity,60,120,ls,1991-03-27,2013-03-05,2024-03-28,5065,3377,0.44899531516738234,0.12501558508381458,-0.6565760344595452,-0.22045547225628476,-0.9999999995515323,-0.9955997959329129,-0.656576034165092,-0.21948542319065106,0.8291008549477202,0.6851416732427139,0.45414219362553915,False
fut_commodity/BRENT_W,fut_commodity,60,132,ls,1991-04-16,2013-03-11,2024-03-28,5058,3372,0.4502786451551114,0.07821575168709914,-0.6563949438255903,-0.2503487070150649,-0.9999999996517516,-0.9970220763329256,-0.6563949435970018,-0.24960318767542328,0.8296929127253567,0.6712498967052886,0.4538140615122702,False
fut_commodity/BRENT_W,fut_commodity,60,180,ls,1991-06-25,2013-04-05,2024-03-28,5029,3353,0.22720422239151766,0.007515480887062035,-0.8831612128577158,-0.29447435653140125,-1.0,-0.9985711833731673,-0.8831612128577158,-0.29405360667461333,0.8318946939455766,0.6895881246334142,0.45959798678367475,False
fut_commodity/BRENT_W,fut_commodity,60,400,ls,1992-05-07,2013-07-17,2024-03-28,4897,3265,0.19834832207815628,0.2331642996088332,-0.8885403298334761,-0.157547615324501,-0.9999999999999998,-0.9875707828624595,-0.8885403298334759,-0.15558942180413107,0.8420234887692764,0.6895621071119601,0.463178858007028,False
fut_commodity/BRENT_W,fut_commodity,62,758,ls,1994-08-08,2014-01-02,2024-03-28,4682,3122,-0.17184548433274802,-0.20183363677587576,-0.9750975604909401,-0.4280262413492356,-1.0,-0.9997363789220415,-0.9750975604909401,-0.4279134046100966,0.859921370289441,0.7734364084830053,0.46402866070004994,False
fut_commodity/BRENT_W,fut_commodity,74,758,ls,1994-08-08,2014-01-02,2024-03-28,4682,3122,-0.08087891437028706,-0.1490214128908756,-0.9362907951855389,-0.4004511657426107,-1.0,-0.9995477523222398,-0.9362907951855389,-0.40027006263284726,0.859922298073331,0.7734364084830053,0.46402866070004994,False
fut_commodity/BRENT_W,fut_commodity,80,144,ls,1991-05-02,2013-03-15,2024-03-28,5050,3368,0.34436552008608085,0.0716363044692288,-0.704799870471423,-0.2549580743922063,-0.9999999999856412,-0.9978374003733447,-0.7047998704613029,-0.254406702155713,0.8301911016781744,0.6707308794030026,0.45508268880339225,False
fut_commodity/BRENT_W,fut_commodity,80,300,ls,1991-12-11,2013-05-31,2024-03-28,4957,3305,0.17967472269837628,0.1313396933727721,-0.8901024805694844,-0.22378517750150262,-0.9999999999999999,-0.9934344642992039,-0.8901024805694843,-0.2223159079293075,0.8373493106899261,0.6955287525471971,0.46876965867933235,False
fut_commodity/BRENT_W,fut_commodity,100,200,ls,1991-07-23,2013-04-15,2024-03-28,5017,3345,0.2811335193020332,0.05920109390974529,-0.8715307889204126,-0.2656530920492597,-0.9999999999999997,-0.9977196760634515,-0.8715307889204122,-0.2650473169446416,0.832779221117752,0.6730213910302084,0.46677726652317664,False
fut_commodity/BRENT_W,fut_commodity,100,250,ls,1991-10-02,2013-05-08,2024-03-28,4987,3325,0.24622898481364314,0.1349325788279365,-0.878846623865364,-0.21985273326085691,-0.9999999999999999,-0.994496061091678,-0.8788466238653639,-0.21864267724816155,0.8349176021955727,0.659862643265457,0.46416362691804847,False
fut_commodity/BRENT_W,fut_commodity,100,300,ls,1991-12-11,2013-05-31,2024-03-28,4957,3305,0.07282206806019015,-0.010052595608001282,-0.9061187650044357,-0.31013139779690324,-1.0,-0.997896102224395,-0.9061187650044357,-0.30947891303893305,0.8373888022068833,0.6955287525471971,0.46876965867933235,False
fut_commodity/BRENT_W,fut_commodity,100,400,ls,1992-05-07,2013-07-17,2024-03-28,4897,3265,0.10580563762819975,-0.014180260427505063,-0.9043070397859136,-0.3158606735414353,-1.0,-0.9985888361767334,-0.9043070397859136,-0.315414942385741,0.8420935413322551,0.6895621071119601,0.463178858007028,False
fut_commodity/BRENT_W,fut_commodity,116,378,ls,1992-04-02,2013-07-07,2024-03-28,4910,3274,0.09399754627098268,-0.0793250361562257,-0.9052111550029408,-0.35225365094081357,-1.0,-0.9991816391131901,-0.9052111550029408,-0.3519653803306476,0.8409517988037865,0.7053677041539285,0.46319939939297283,False
fut_commodity/BRENT_W,fut_commodity,120,398,ls,1992-05-05,2013-07-16,2024-03-28,4898,3266,0.029467621853905286,-0.1454575382782628,-0.913850669112904,-0.3882080569256717,-1.0,-0.9995494614461589,-0.913850669112904,-0.3880331542291149,0.8419545004783564,0.6886769996981836,0.46276523636382544,False
fut_commodity/BRENT_W,fut_commodity,134,750,ls,1994-07-27,2013-12-29,2024-03-28,4687,3125,-0.17603963171177442,-0.22533678917749167,-0.9736024287576394,-0.4338898725684474,-1.0,-0.9997890926171543,-0.9736024287576394,-0.43379836199098076,0.8594373327343349,0.7723868534794488,0.4626239206528108,False
fut_commodity/BRENT_W,fut_commodity,150,400,ls,1992-05-07,2013-07-17,2024-03-28,4897,3265,-0.23471411339711415,-0.19886107673642722,-0.9744258420342629,-0.41649731124265366,-1.0,-0.9997709257141412,-0.9744258420342629,-0.4164019024185186,0.8420531045385035,0.6895621071119601,0.463178858007028,False
fut_commodity/BRENT_W,fut_commodity,150,500,ls,1992-09-28,2013-09-02,2024-03-28,4837,3225,-0.10075668540865718,-0.22098291995933225,-0.9343455798255895,-0.43029666271639294,-1.0,-0.9997709348013194,-0.9343455798255895,-0.43019809672585624,0.8468537091572951,0.6811978774800433,0.45893895242519667,False
fut_commodity/BRENT_W,fut_commodity,150,710,ls,1993-07-29,2013-12-09,2024-03-28,4711,3141,-0.18509378283238265,-0.30939388232882914,-0.973581357865573,-0.4754659836404387,-1.0,-0.9999131066043523,-0.973581357865573,-0.47542466878660516,0.857302752905489,0.7620905613099819,0.462556144686166,False
fut_commodity/BRENT_W,fut_commodity,162,678,ls,1993-06-14,2013-11-24,2024-03-28,4730,3154,-0.1782993891546961,-0.3709022389016867,-0.9731350243154773,-0.5014602826861918,-1.0,-0.9999356018279048,-0.9731350243154773,-0.5014279895606084,0.8555890794927442,0.7364977845223253,0.46554531743161714,False
fut_commodity/BRENT_W,fut_commodity,174,698,ls,1993-07-12,2013-12-03,2024-03-28,4718,3146,-0.2107973723220742,-0.3086406897943721,-0.9884047239631983,-0.4743287041051866,-1.0,-0.9998453505371206,-0.9884047239631983,-0.4742553494258685,0.856667205168241,0.7557222678490922,0.4625755405111078,False
fut_commodity/BRENT_W,fut_commodity,200,400,ls,1992-05-07,2013-07-17,2024-03-28,4897,3265,-0.2658026657093233,-0.029481009638633073,-0.9753384789188171,-0.31945181676099615,-1.0,-0.9990581317774264,-0.9753384789188171,-0.3191509352461456,0.8421153423566703,0.6895621071119601,0.463178858007028,False
fut_commodity/BRENT_W,fut_commodity,200,600,ls,1993-02-18,2013-10-18,2024-03-28,4777,3185,-0.14299006166804254,-0.2912853100203667,-0.9866424106725994,-0.46333502463253956,-1.0,-0.9998437045215925,-0.9866424106725994,-0.4632626074632017,0.8517592741866993,0.7227064816235472,0.4631038662440083,False
fut_commodity/COPPER,fut_commodity,5,20,ls,1995-10-02,2013-10-25,2024-03-28,4560,3041,-0.21664070409029476,-0.5349977320754754,-0.12886407934394858,-0.1659749327393022,-0.8460636673534243,-0.754483711246868,-0.10902721555986379,-0.125225383227098,0.2091773446718082,0.4306057978760134,0.17732301530188938,False
fut_commodity/COPPER,fut_commodity,5,35,ls,1995-10-23,2013-11-01,2024-03-28,4551,3035,0.13428215395018758,-0.3324852213593292,-0.008686269981238759,-0.12768175091980782,-0.7446873177498655,-0.6852266470213514,-0.006468555093579865,-0.08749093806859526,0.2094336927304463,0.43613756415015675,0.16612009617723314,False
fut_commodity/COPPER,fut_commodity,8,21,ls,1995-10-03,2013-10-27,2024-03-28,4560,3040,0.052245369176739706,-0.16423093311763692,-0.04372040482541299,-0.10672086502711424,-0.7173372720809877,-0.51225922923354,-0.03136227593173821,-0.05466874806192619,0.20926116207412582,0.4318817017556229,0.1745102017392927,False
fut_commodity/COPPER,fut_commodity,9,21,ls,1995-10-03,2013-10-27,2024-03-28,4560,3040,0.011623304548154694,-0.025487366842697257,-0.06170393248518963,-0.052298209418310176,-0.7050351183539114,-0.5125361333671333,-0.04350343934259743,-0.026804722037285292,0.2092251412544421,0.4318817017556229,0.1745102017392927,False
fut_commodity/COPPER,fut_commodity,10,20,ls,1995-10-02,2013-10-25,2024-03-28,4560,3041,0.01161730757938016,-0.0241520721714793,-0.059640294377621146,-0.05386757728496044,-0.7294122120777464,-0.49229197125270185,-0.043502359050948625,-0.026518575808220438,0.20916241229468466,0.4306057978760134,0.17732301530188938,False
fut_commodity/COPPER,fut_commodity,10,30,ls,1995-10-16,2013-10-30,2024-03-28,4554,3037,0.30612550137368555,-0.061265962753661155,0.07555395539315511,-0.05634408535834936,-0.6351514991678595,-0.605399071589855,0.047988208036024056,-0.03411065696552424,0.2092969720967306,0.4353586084730596,0.1674843492326122,False
fut_commodity/COPPER,fut_commodity,10,100,ls,1996-01-29,2013-12-02,2024-03-28,4512,3009,0.48534574566695754,-0.09755978266712309,0.22850476354403546,-0.08210999751932326,-0.47298014343325145,-0.5070118276370971,0.1080782158362391,-0.04163073990954959,0.2099443251775732,0.4500447628600611,0.17857624704248123,False
fut_commodity/COPPER,fut_commodity,12,26,ls,1995-10-10,2013-10-29,2024-03-28,4557,3038,0.31715434521543223,-0.16214549548664461,0.07266661682305908,-0.08381962627666514,-0.7093749010291673,-0.6477154885073605,0.051547874116981966,-0.05429127018029455,0.20927651156980714,0.4333983910895017,0.17150747489223328,False
fut_commodity/COPPER,fut_commodity,13,48,ls,1995-11-09,2013-11-07,2024-03-28,4543,3030,0.5056934406891107,-0.1831777403679024,0.18121342050048042,-0.10363420887435351,-0.6350653565501213,-0.5647422635707098,0.11508236550180466,-0.05852661770306214,0.20946679909266874,0.4313249729763018,0.17779407843579653,False
fut_commodity/COPPER,fut_commodity,20,50,ls,1995-11-13,2013-11-08,2024-03-28,4542,3029,0.5895651188288576,-0.027764302129060527,0.28855674909661005,-0.052286664394079765,-0.5008377741939247,-0.5235963061019517,0.14452011994618097,-0.02737710433513261,0.20947288494061939,0.4320463979798193,0.17632300926265898,False
fut_commodity/COPPER,fut_commodity,20,60,ls,1995-11-29,2013-11-13,2024-03-28,4536,3025,0.36725413690355496,-0.03828884254673918,0.1256022493679408,-0.05825454726992942,-0.54231895077326,-0.5069036512305891,0.068116480091983,-0.02952944271191217,0.20951474795401692,0.4268036681778954,0.1892892423205327,False
fut_commodity/COPPER,fut_commodity,20,100,ls,1996-01-29,2013-12-02,2024-03-28,4512,3009,0.48235177305038013,0.0035653676921415614,0.18154875913853016,-0.0471573801195244,-0.5895592545597557,-0.44670723880011143,0.10703375110396048,-0.021065543062240014,0.20993084067720258,0.4500447628600611,0.17857624704248123,False
fut_commodity/COPPER,fut_commodity,21,55,ls,1995-11-20,2013-11-11,2024-03-28,4539,3027,0.47745593313003853,-0.07351152163395104,0.2074343987579429,-0.07538602371624756,-0.507965895881075,-0.48644673385746934,0.10536960020163061,-0.036671285015270345,0.20954055430596066,0.4328314592534712,0.17495137533576913,False
fut_commodity/COPPER,fut_commodity,30,90,ls,1996-01-15,2013-11-27,2024-03-28,4518,3013,0.43201286787131665,0.06677838449872127,0.16890550205957522,-0.018729521320184687,-0.5317545121891255,-0.42533630566564407,0.08981626285374876,-0.00796634540521327,0.20978406372497535,0.4500727864274948,0.18277315913681147,False
fut_commodity/COPPER,fut_commodity,30,200,ls,1996-06-20,2014-01-17,2024-03-28,4452,2969,0.2751211316834579,-0.01871737894741631,0.053690081581941336,-0.057340988214375194,-0.7063119137660124,-0.45071678089541867,0.03792194427239432,-0.02584454562134533,0.21083496939769017,0.49469640890820893,0.1583236068737968,False
fut_commodity/COPPER,fut_commodity,40,100,ls,1996-01-29,2013-12-02,2024-03-28,4512,3009,0.4230754201360885,-0.0010197568472880005,0.16416628751300816,-0.04855907173893733,-0.5286268480489134,-0.4531662754724596,0.08678270712389319,-0.0220053336803342,0.20991215141751116,0.4500447628600611,0.17857624704248123,False
fut_commodity/COPPER,fut_commodity,50,150,ls,1996-04-10,2013-12-25,2024-03-28,4482,2989,0.3420986862144219,-0.0593439185700208,0.0842554330735656,-0.06706389378961972,-0.7091051413692658,-0.5073097207535582,0.05974596078075945,-0.03402216523105826,0.21032619984420456,0.45541006777485127,0.15182569533247914,False
fut_commodity/COPPER,fut_commodity,50,200,ls,1996-06-20,2014-01-17,2024-03-28,4452,2969,0.32185914902989315,-0.009290550752484143,0.07377713459193858,-0.05864905833287501,-0.7190227888803971,-0.40742565267488245,0.053047441069900086,-0.023895130870038854,0.21081596635251443,0.49469640890820893,0.1583236068737968,False
fut_commodity/COPPER,fut_commodity,60,120,ls,1996-02-27,2013-12-11,2024-03-28,4500,3001,0.335164957975995,-0.14001781085727236,0.08690064388133864,-0.08931559401528766,-0.6611152039438155,-0.5619130799948925,0.05745133690246008,-0.050187600524703675,0.210054593449875,0.44937681788838046,0.1702416640814167,False
fut_commodity/COPPER,fut_commodity,60,132,ls,1996-03-14,2013-12-17,2024-03-28,4493,2996,0.34297453703302505,-0.11141226705087219,0.08505043947748789,-0.0784639653756514,-0.7057576393811718,-0.5672152642248514,0.060024997393963074,-0.044505958852679696,0.21019841168107092,0.4485340027823372,0.16172287114443978,False
fut_commodity/COPPER,fut_commodity,60,180,ls,1996-05-22,2014-01-08,2024-03-28,4464,2977,0.30584642448988,-0.027910154815205854,0.06620221296574838,-0.06697498007762587,-0.7225783256715407,-0.4132577963467444,0.04783628420054123,-0.02767793267724678,0.2106395973820653,0.45491010900658563,0.1592057819259807,False
fut_commodity/COPPER,fut_commodity,60,400,ls,1997-04-09,2014-04-22,2024-03-28,4332,2889,0.41535374670447606,-0.18126838664344408,0.13293347013775902,-0.09971604063928738,-0.6308503555195494,-0.5943487016896556,0.08386112689685268,-0.059266099291593384,0.21236579708455525,0.44170869130578855,0.203811106943137,False
fut_commodity/COPPER,fut_commodity,62,758,ls,1998-09-10,2014-10-07,2024-03-28,4117,2746,0.2793598095059184,-0.010582394946115431,0.04854393157887255,-0.05356097983513514,-0.8073877395936996,-0.47305355854775355,0.039193775188457125,-0.02533721211031515,0.2160474721326171,0.5233284511391385,0.21241597833774847,False
fut_commodity/COPPER,fut_commodity,74,758,ls,1998-09-10,2014-10-07,2024-03-28,4117,2746,0.29068888057455916,-0.09636508056184526,0.05292472674175001,-0.08048326107350047,-0.8098322594386045,-0.5371373290918228,0.04286015103744214,-0.04323056388961991,0.2160189746651564,0.5233284511391385,0.21241597833774847,False
fut_commodity/COPPER,fut_commodity,80,144,ls,1996-04-01,2013-12-23,2024-03-28,4486,2991,0.27979696790708447,-0.07647324552572955,0.05330539716144351,-0.0904976059563483,-0.7383343277791958,-0.41430629471304514,0.039357204580197445,-0.03749372780417587,0.21034235688143343,0.45091720654254736,0.16353421447201524,False
fut_commodity/COPPER,fut_commodity,80,300,ls,1996-11-12,2014-03-05,2024-03-28,4392,2929,0.3933358204048739,-0.08972765980504462,0.14151828917116296,-0.07512001338218123,-0.54078224137846,-0.5412631304178808,0.07653057761402655,-0.04065969360027251,0.21190290262775227,0.4860881633186699,0.1734831746901655,False
fut_commodity/COPPER,fut_commodity,100,200,ls,1996-06-20,2014-01-17,2024-03-28,4452,2969,0.1711462328008867,-0.06517518803135212,0.006307894579200462,-0.07894390445218064,-0.7927327901818604,-0.44788057791066443,0.005000474869942615,-0.03535744154856694,0.21080841382126544,0.49469640890820893,0.1583236068737968,False
fut_commodity/COPPER,fut_commodity,100,250,ls,1996-09-03,2014-02-10,2024-03-28,4422,2949,0.4151296133736728,-0.09904576090628983,0.14918373426283688,-0.07633064742819286,-0.5619988770822569,-0.5553353907700687,0.08384109113465214,-0.04238910991726782,0.2113593963623736,0.48436889269418404,0.17819759718621922,False
fut_commodity/COPPER,fut_commodity,100,300,ls,1996-11-12,2014-03-05,2024-03-28,4392,2929,0.3944406903830006,-0.059175796419714974,0.14139839351114675,-0.06661235825991041,-0.5438418640176144,-0.516731769624935,0.0768983658961982,-0.034420721762533656,0.21188108565028196,0.4860881633186699,0.1734831746901655,False
fut_commodity/COPPER,fut_commodity,100,400,ls,1997-04-09,2014-04-22,2024-03-28,4332,2889,0.47044303333339277,-0.10327607726482993,0.16866225001932697,-0.08054156651500019,-0.607470980615525,-0.5410142690206631,0.1024574224120614,-0.04357413673389194,0.21243118453729495,0.44170869130578855,0.203811106943137,False
fut_commodity/COPPER,fut_commodity,116,378,ls,1997-03-07,2014-04-10,2024-03-28,4345,2898,0.44488796337452435,0.018101689006019734,0.14282624152545442,-0.03668420030697483,-0.6565490125613421,-0.5049128968297746,0.09377242784138486,-0.018522325844878368,0.21215643090561645,0.4373780132408924,0.20064688628059404,False
fut_commodity/COPPER,fut_commodity,120,398,ls,1997-04-07,2014-04-21,2024-03-28,4333,2890,0.4410103812018759,-0.003970858197425963,0.14305823284854036,-0.04461433713116207,-0.6463593066994305,-0.5190225788236161,0.09246702020162824,-0.023155848310321952,0.21238053336322302,0.4482376962938108,0.2007796549640951,False
fut_commodity/COPPER,fut_commodity,134,750,ls,1998-08-28,2014-10-03,2024-03-28,4122,2749,0.345757368054584,-0.08787613444692174,0.07979236419803207,-0.08261617042166183,-0.7627310907698426,-0.5017380167345549,0.06086011697986954,-0.0414516734975686,0.21594048390287648,0.5338210965322074,0.21856776700979416,False
fut_commodity/COPPER,fut_commodity,150,400,ls,1997-04-09,2014-04-22,2024-03-28,4332,2889,0.4481798573327731,0.046170296969955095,0.13680285855587404,-0.027628473892184115,-0.6935488330752119,-0.4596816319047613,0.09487946291277971,-0.012700301965797287,0.212403788891432,0.44170869130578855,0.203811106943137,False
fut_commodity/COPPER,fut_commodity,150,500,ls,1997-08-29,2014-06-08,2024-03-28,4272,2849,0.31037427829825814,-0.01637994197062831,0.062513415016689,-0.0491725190379811,-0.7877069662611093,-0.5275809795817991,0.049242252493417765,-0.025942485762562733,0.21330998714908952,0.45935019568502616,0.19974027002505038,False
fut_commodity/COPPER,fut_commodity,150,710,ls,1998-07-02,2014-09-15,2024-03-28,4146,2765,0.2972612250130746,-0.10247604849518413,0.056721706714428236,-0.08413907122388316,-0.7929219974988083,-0.5274101539730445,0.044975888989546006,-0.04437580050933717,0.21561859647233694,0.5356216878918411,0.20522120411167077,False
fut_commodity/COPPER,fut_commodity,162,678,ls,1998-05-18,2014-08-31,2024-03-28,4165,2778,0.29116364991252747,-0.00018230485866188673,0.054179486132934176,-0.05066443058413057,-0.7937504077642344,-0.4531346432152108,0.04300498921047319,-0.02295780867644182,0.21522646624690905,0.5356370309096361,0.1922610773618344,False
fut_commodity/COPPER,fut_commodity,174,698,ls,1998-06-16,2014-09-09,2024-03-28,4153,2770,0.2736749678758918,0.06469050180265216,0.04732457626132787,-0.02264368836851736,-0.7893093910444965,-0.40864897305703296,0.037353732470267534,-0.009253319998018102,0.21546400746615585,0.536392645107957,0.19568677254205297,False
fut_commodity/COPPER,fut_commodity,200,400,ls,1997-04-09,2014-04-22,2024-03-28,4332,2889,0.2927590429760258,0.0098927105301328,0.0543917972398839,-0.03974855570665259,-0.80054190562341,-0.5102216359366208,0.04354291301269879,-0.02028057311876619,0.21239230209245724,0.44170869130578855,0.203811106943137,False
fut_commodity/COPPER,fut_commodity,200,600,ls,1998-01-26,2014-07-24,2024-03-28,4212,2809,0.34354254505392634,0.0996430826817806,0.076558072612033,-0.003663620308243045,-0.7847677213149744,-0.4499020738627612,0.06008030419201149,-0.0016482703745242745,0.21445802879641174,0.5202394368772995,0.17557390078891136,False
fut_commodity/CORN,fut_commodity,5,20,ls,1972-11-16,2003-10-15,2024-03-28,7786,5192,0.25672874538463364,0.009114792487226782,0.06344863541886747,-0.039980413111432286,-0.285905709944459,-0.7455563773045907,0.018140327154438453,-0.029807651962500414,0.2549056384753864,-0.11095344993921205,0.1429631643933289,False
fut_commodity/CORN,fut_commodity,5,35,ls,1972-12-08,2003-10-23,2024-03-28,7777,5186,0.30885406493947093,0.1284585276672375,0.06885618588222811,0.00020729214954952249,-0.3285881134826643,-0.7478406834094619,0.022625324220652998,0.00015502150278453127,0.2549346891727608,-0.10045812986878605,0.13795448937234545,False
fut_commodity/CORN,fut_commodity,8,21,ls,1972-11-17,2003-10-16,2024-03-28,7786,5191,0.3834075256783432,0.11493930392536118,0.10829590666578902,-0.004574384606276941,-0.26750319795608235,-0.712409767152017,0.028969501358651978,-0.0032588362722215263,0.25488293863498607,-0.1125318389010187,0.14375640047298802,False
fut_commodity/CORN,fut_commodity,9,21,ls,1972-11-17,2003-10-16,2024-03-28,7786,5191,0.426143266612714,0.11927678136735138,0.13292516590224054,-0.0030232161443410105,-0.24559668567269619,-0.7157754168597347,0.03264598018808356,-0.0021639437959727666,0.2549107273790169,-0.1125318389010187,0.14375640047298802,False
fut_commodity/CORN,fut_commodity,10,20,ls,1972-11-16,2003-10-15,2024-03-28,7786,5192,0.34717041945717786,0.1390774165791775,0.09133065956624858,0.003996438948649448,-0.2831553283490167,-0.7212779635421198,0.025860762897813378,0.002882543346302284,0.2548895307796784,-0.11095344993921205,0.1429631643933289,False
fut_commodity/CORN,fut_commodity,10,30,ls,1972-12-01,2003-10-21,2024-03-28,7780,5188,0.35295989200740713,0.13796812019401716,0.07687411162240701,0.0035390995250478424,-0.34295196522842203,-0.7231355119787429,0.026364127656093563,0.0025592485469891975,0.2549686223597871,-0.11325285537066711,0.14413191461563848,False
fut_commodity/CORN,fut_commodity,10,100,ls,1973-03-16,2003-12-01,2024-03-28,7738,5160,0.30794372450880075,0.38955925002964287,0.06324456960847541,0.12966618007938835,-0.3571824462535145,-0.5333855128103097,0.02258985008500592,0.0691620619557985,0.25544944234388955,-0.10890339855727411,0.1389924824103648,True
fut_commodity/CORN,fut_commodity,12,26,ls,1972-11-27,2003-10-20,2024-03-28,7783,5189,0.40564925998468726,0.16057272648417031,0.1021688503789481,0.011171326907692897,-0.3022910188470719,-0.7480407008177061,0.03088472587548627,0.008356607209094292,0.25497175429486724,-0.11345729812996397,0.14422932957004836,True
fut_commodity/CORN,fut_commodity,13,48,ls,1972-12-29,2003-10-31,2024-03-28,7770,5180,0.2702592203932402,0.23317924737013318,0.061583322398112386,0.041208087372596944,-0.31389515211585856,-0.6613125544769762,0.019330706351955447,0.02725142552548251,0.25508785688817925,-0.1000390557480592,0.13781411232943155,True
fut_commodity/CORN,fut_commodity,20,50,ls,1973-01-03,2003-10-31,2024-03-28,7768,5180,0.35934764254771756,0.3260126211965054,0.08532188462486066,0.09424676866866903,-0.31615340124082714,-0.5508700640072406,0.026974804024427132,0.0519177234889853,0.2550496101568751,-0.10005193207113681,0.13781411232943155,True
fut_commodity/CORN,fut_commodity,20,60,ls,1973-01-17,2003-11-06,2024-03-28,7762,5176,0.374852937650253,0.3623078592563015,0.09766120396755905,0.12371488422703313,-0.2900901870929241,-0.4987441370715275,0.028330556930669427,0.06170207317671556,0.2550902827348865,-0.10418090132215392,0.14044593486358456,True
fut_commodity/CORN,fut_commodity,20,100,ls,1973-03-16,2003-12-01,2024-03-28,7738,5160,0.26518299416792473,0.19800866909945616,0.05842002455621961,0.02786647313246197,-0.3239934438491414,-0.6485848999355394,0.018927704945721,0.018073773688174245,0.25556063274192076,-0.10890339855727411,0.1389924824103648,True
fut_commodity/CORN,fut_commodity,21,55,ls,1973-01-10,2003-11-04,2024-03-28,7765,5178,0.3206979377696648,0.31628749117145055,0.06808932908471407,0.09124491638164856,-0.34757575225460546,-0.5404246713794035,0.023666199777130883,0.049311003950593575,0.2550806400928139,-0.10704700360823789,0.1413084038876269,True
fut_commodity/CORN,fut_commodity,30,90,ls,1973-03-02,2003-11-24,2024-03-28,7744,5164,0.28392506772219084,0.21487607916948118,0.06622799552369363,0.03800735185970419,-0.3099482212708676,-0.5913434033509317,0.02052724941090382,0.02247539680107384,0.2554171169165336,-0.11209099579200986,0.14061635229383054,True
fut_commodity/CORN,fut_commodity,30,200,ls,1973-08-08,2004-01-29,2024-03-28,7678,5120,0.04115620227892675,0.13970080093065126,-8.333857346370534e-05,0.004096100828012302,-0.3324630603647132,-0.7074717654661848,-2.770699718017295e-05,0.0028978756843213646,0.25644921484756533,-0.1930006778505926,0.13028604338526445,True
fut_commodity/CORN,fut_commodity,40,100,ls,1973-03-16,2003-12-01,2024-03-28,7738,5160,0.18628450193740634,0.2088080403533629,0.03665471717757665,0.03241796148294691,-0.33270932221523863,-0.6439619531353593,0.012195366108142792,0.02087593379322534,0.25551941838463843,-0.10890339855727411,0.1389924824103648,True
fut_commodity/CORN,fut_commodity,50,150,ls,1973-05-29,2003-12-30,2024-03-28,7708,5140,0.0674335372959601,0.15535753444714429,0.005828343894476173,0.0099658264704623,-0.36678876941475685,-0.7007445160869018,0.002137771084780927,0.006983498247450141,0.2559897042680522,-0.14388376096874486,0.13950209080894999,True
fut_commodity/CORN,fut_commodity,50,200,ls,1973-08-08,2004-01-29,2024-03-28,7678,5120,-0.008516149385036262,0.25721547771650827,-0.01064344167946042,0.0520902944820019,-0.38891754066084566,-0.6446093313890023,-0.0041394211621428876,0.033577889897899484,0.2564143427216804,-0.1930006778505926,0.13028604338526445,True
fut_commodity/CORN,fut_commodity,60,120,ls,1973-04-13,2003-12-11,2024-03-28,7726,5152,0.14315104453084762,0.14197430012892365,0.024699820411165904,0.004751602118887536,-0.34551781969305584,-0.7496682643097652,0.008534228095276082,0.0035621253131570213,0.2557348114614334,-0.11187955232946577,0.13831674564102958,True
fut_commodity/CORN,fut_commodity,60,132,ls,1973-05-02,2003-12-18,2024-03-28,7719,5147,0.09332032957711775,0.11530950450152905,0.012414866417830352,-0.004367271846579816,-0.3479288402865278,-0.7508030093809483,0.004319490075067874,-0.0032789608451968166,0.2558614487084006,-0.11969634879834301,0.13860976793411212,False
fut_commodity/CORN,fut_commodity,60,180,ls,1973-07-11,2004-01-16,2024-03-28,7690,5128,0.02487487322703089,0.26998659231493954,-0.003673271618931932,0.05801976201756705,-0.38285835704540966,-0.6371522650001047,-0.0014063427370058115,0.036967422784259886,0.25623135344926357,-0.12543717179274602,0.128575127424507,True
fut_commodity/CORN,fut_commodity,60,400,ls,1974-05-29,2004-05-24,2024-03-28,7558,5040,0.005450211041981899,0.16302517718360218,-0.007752634600295732,0.013838417159856306,-0.3830517667213267,-0.6371385179790439,-0.0029696603803881665,0.008816988600406616,0.25741556231745233,-0.1481202731371258,0.12178340420263155,True
fut_commodity/CORN,fut_commodity,62,758,ls,1975-10-28,2004-12-16,2024-03-28,7344,4896,-0.09860946457078593,0.16783183098689575,-0.03148930362668315,0.013984786464235266,-0.36210807143428386,-0.7023499551422762,-0.011402531007066837,0.00982221414582995,0.2601600362367565,-0.29080079408809645,0.16727297764452273,True
fut_commodity/CORN,fut_commodity,74,758,ls,1975-10-28,2004-12-16,2024-03-28,7344,4896,-0.1398991684331758,0.17106939308866356,-0.03556115851301327,0.015076724239396322,-0.4148493672528733,-0.7079105136279026,-0.014752524107902686,0.010672971600137299,0.26015015990709783,-0.29080079408809645,0.16727297764452273,True
fut_commodity/CORN,fut_commodity,80,144,ls,1973-05-18,2003-12-26,2024-03-28,7712,5142,0.12142987766546741,0.11583532721289484,0.020829234825694345,-0.004507796384982161,-0.32142703056235705,-0.7051776471846327,0.006695079098908968,-0.0031787972487491135,0.2559987236649711,-0.12535271630518408,0.1392483049167047,False
fut_commodity/CORN,fut_commodity,80,300,ls,1974-01-03,2004-03-26,2024-03-28,7618,5080,0.01504293650824437,0.14716976480424965,-0.00599677756766573,0.00712434652632795,-0.3550685736075007,-0.6642493776167233,-0.0021292672571925284,0.004732342746039206,0.25716492635681387,-0.13832584050464458,0.11528306972951426,True
fut_commodity/CORN,fut_commodity,100,200,ls,1973-08-08,2004-01-29,2024-03-28,7678,5120,-0.0736775892463038,0.19928044807083825,-0.02584061580858979,0.032009164917186333,-0.3680302838188699,-0.5723906669068911,-0.009510129170089676,0.018321747254080947,0.2564236616304602,-0.1930006778505926,0.13028604338526445,True
fut_commodity/CORN,fut_commodity,100,250,ls,1973-10-19,2004-02-27,2024-03-28,7648,5100,-0.055880122330006256,0.16103923848689308,-0.019851479294300294,0.012675258573481726,-0.39807755285560015,-0.6587995452629374,-0.007902428298038677,0.008350454584299909,0.25680641852305036,-0.1318957738532162,0.11783257497876323,True
fut_commodity/CORN,fut_commodity,100,300,ls,1974-01-03,2004-03-26,2024-03-28,7618,5080,-0.01579577359142476,0.1369929360336791,-0.011080602962696999,0.0032670361316048265,-0.41981589418358956,-0.6445612178174943,-0.004651813240877972,0.0021058047876409626,0.2571580153855454,-0.13832584050464458,0.11528306972951426,True
fut_commodity/CORN,fut_commodity,100,400,ls,1974-05-29,2004-05-24,2024-03-28,7558,5040,0.08083561490261224,0.21281490494145341,0.010409480436186882,0.036050525105597156,-0.3140569615602327,-0.6061233746835654,0.003269169797209538,0.021851065936119143,0.2573949669256174,-0.1481202731371258,0.12178340420263155,True
fut_commodity/CORN,fut_commodity,116,378,ls,1974-04-26,2004-05-12,2024-03-28,7572,5048,0.08329553767479252,0.1560508050784677,0.010299622401185576,0.010414321925246904,-0.33722634260844075,-0.6732989474776306,0.003473303992599778,0.007011951990961953,0.2573055208552468,-0.15357807532178105,0.12095201632567042,True
fut_commodity/CORN,fut_commodity,120,398,ls,1974-05-24,2004-05-24,2024-03-28,7560,5040,0.09903741986815927,0.04647184862339281,0.014482637160915555,-0.029335492390246534,-0.3301398649126564,-0.7167717870417013,0.004781295875883679,-0.02102685330430524,0.25742208573600484,-0.1416513385328206,0.12178340420263155,False
fut_commodity/CORN,fut_commodity,134,750,ls,1975-10-16,2004-12-10,2024-03-28,7348,4900,-0.22897369022046365,0.07017657396408707,-0.042553361222494875,-0.02041872735500199,-0.5153404884806115,-0.7595253417191489,-0.02192946995889242,-0.01550854087177802,0.26007558773121797,-0.2980718866892895,0.16872202721286078,False
fut_commodity/CORN,fut_commodity,150,400,ls,1974-05-29,2004-05-24,2024-03-28,7558,5040,0.0799510599872966,0.0478727189050457,0.009453922679065198,-0.026706853876103942,-0.3380307723550189,-0.773900619171317,0.0031957167849890385,-0.02066845075083473,0.25742450029389713,-0.1481202731371258,0.12178340420263155,False
fut_commodity/CORN,fut_commodity,150,500,ls,1974-10-18,2004-07-22,2024-03-28,7498,5000,-0.09523630614449734,0.17208604264124813,-0.0320126611560972,0.015425325677349963,-0.3497653972106164,-0.7220836542896024,-0.011196921145031208,0.011138375533708098,0.257754970399139,-0.2849255661961128,0.15070774539270484,True
fut_commodity/CORN,fut_commodity,150,710,ls,1975-08-20,2004-11-18,2024-03-28,7372,4916,-0.23493725563092646,0.10467054830846095,-0.045537345998856345,-0.008955084692926994,-0.4926650934587869,-0.7339454381825352,-0.022434660822391678,-0.006572543558912016,0.2596717947806157,-0.30313572381089143,0.16329070551896077,False
fut_commodity/CORN,fut_commodity,162,678,ls,1975-07-07,2004-11-02,2024-03-28,7392,4928,-0.19576771951813698,0.11707735610801916,-0.0384673885081187,-0.004662374632513419,-0.5035168042974807,-0.7130169129191273,-0.01936897653127756,-0.003324351967347168,0.25937295471580746,-0.2570508087231198,0.16436615424915701,False
fut_commodity/CORN,fut_commodity,174,698,ls,1975-08-04,2004-11-12,2024-03-28,7380,4920,-0.3022651425324201,0.10400688974775774,-0.04783252109090214,-0.009375684105378021,-0.5826056680630513,-0.7149328883603967,-0.027867497905305034,-0.00670298491781257,0.25957820143616,-0.28688171445138105,0.1654411660178512,False
fut_commodity/CORN,fut_commodity,200,400,ls,1974-05-29,2004-05-24,2024-03-28,7558,5040,0.03930032318120557,0.15340500624833261,-0.0004919538704703298,0.008763944071606713,-0.3511392821907096,-0.7215058045280863,-0.00017274432894789294,0.006323236518223754,0.2574058896559549,-0.1481202731371258,0.12178340420263155,True
fut_commodity/CORN,fut_commodity,200,600,ls,1975-03-14,2004-09-17,2024-03-28,7438,4960,-0.2049450849892049,0.1321452661334735,-0.03879243606300777,0.0010173196879569458,-0.5183502360467952,-0.6965735918748228,-0.02010806839009029,0.0007086380291251436,0.25857362203000017,-0.24958932859659178,0.15728558988350338,False
fut_commodity/COTTON,fut_commodity,5,20,ls,2007-03-22,2017-11-20,2024-03-28,2394,1597,0.2721829738564866,0.288874931097996,-0.24281637334603412,0.07115838805271488,-0.9892242509098192,-0.5984577127733574,-0.2401998450318696,0.04258528615866674,0.2764358349404742,0.7355978925882438,0.20751703057400267,True
fut_commodity/COTTON,fut_commodity,5,35,ls,2007-04-13,2017-11-29,2024-03-28,2385,1591,0.4835224954631118,0.2908687805232839,-0.05075773572881881,0.07240908946417436,-0.9575404294824961,-0.5955872068995328,-0.0486025840693322,0.043125927348106,0.27672804465303313,0.7390392134110472,0.19638278898189845,True
fut_commodity/COTTON,fut_commodity,8,21,ls,2007-03-23,2017-11-21,2024-03-28,2394,1596,0.37313500066249655,0.21529887954489502,-0.15973700112528144,0.038006062994941074,-0.9858671843531359,-0.5673508223502778,-0.1574794675363949,0.02156277109447628,0.27648959186045646,0.7350102696085309,0.21088358502593038,True
fut_commodity/COTTON,fut_commodity,9,21,ls,2007-03-23,2017-11-21,2024-03-28,2394,1596,0.36921277777427414,0.2567185521295834,-0.16349475165731675,0.05991836050720804,-0.9840449062285693,-0.5560809188849695,-0.1608861775634875,0.033319456968929115,0.2764790251153187,0.7350102696085309,0.21088358502593038,True
fut_commodity/COTTON,fut_commodity,10,20,ls,2007-03-22,2017-11-20,2024-03-28,2394,1597,0.34959798472140663,0.2636095469112266,-0.18070030306726417,0.06357067084730395,-0.9840449062285693,-0.555152893041101,-0.17781721278730003,0.03529144183344437,0.27637723321096896,0.7355978925882438,0.20751703057400267,True
fut_commodity/COTTON,fut_commodity,10,30,ls,2007-04-05,2017-11-27,2024-03-28,2388,1593,0.48842500138341555,0.25274120525226745,-0.046603997281831656,0.06257070108316018,-0.9605694355495188,-0.5143459552234743,-0.04476637536336034,0.0321829870176205,0.27666695548689985,0.7360801759366914,0.21026685214575408,True
fut_commodity/COTTON,fut_commodity,10,100,ls,2007-07-17,2018-01-08,2024-03-28,2346,1565,0.47102570542257,0.29073828983404626,-0.06525497492166744,0.07977710027821708,-0.9583578674211694,-0.5398410993455806,-0.06253761860455109,0.043066957516795325,0.2781478183004553,0.7066079100360457,0.16547842802657622,True
fut_commodity/COTTON,fut_commodity,12,26,ls,2007-03-30,2017-11-24,2024-03-28,2391,1594,0.3027853984706234,0.30887524474106787,-0.2228711694195266,0.09725428195411527,-0.9777613438283126,-0.496938701934356,-0.21791481411222385,0.04832941663183591,0.2765278260329346,0.7362547312143736,0.2066198309698599,True
fut_commodity/COTTON,fut_commodity,13,48,ls,2007-05-02,2017-12-06,2024-03-28,2377,1586,0.458107282400735,0.3181106019749401,-0.07547581254535782,0.1070937509371574,-0.9669026884848743,-0.476423304380684,-0.07297776606568687,0.0510219587000025,0.2771594964382217,0.7393911127459767,0.20170906389469562,True
fut_commodity/COTTON,fut_commodity,20,50,ls,2007-05-04,2017-12-07,2024-03-28,2376,1585,0.4331142052236541,0.3348588290995244,-0.10026326554187302,0.11433793106288656,-0.9789606332315833,-0.48894849920256434,-0.0981537899247384,0.05590535979512465,0.27707970598060455,0.7414142151786559,0.19127766683519723,True
fut_commodity/COTTON,fut_commodity,20,60,ls,2007-05-18,2017-12-13,2024-03-28,2370,1581,0.46347459190459167,0.28629280488404224,-0.07110637201589093,0.08324876640633308,-0.9738278392999986,-0.5018854060142477,-0.06924536462069696,0.041781340928027745,0.27733083714106854,0.741540675744064,0.19228995255520992,True
fut_commodity/COTTON,fut_commodity,20,100,ls,2007-07-17,2018-01-08,2024-03-28,2346,1565,0.4487863295266952,0.42593295729100106,-0.08701161260681176,0.14960052082475067,-0.974178858820431,-0.5549501386660878,-0.0847648734734293,0.08302082977621433,0.27811831148620525,0.7066079100360457,0.16547842802657622,True
fut_commodity/COTTON,fut_commodity,21,55,ls,2007-05-11,2017-12-11,2024-03-28,2373,1583,0.41641704045036393,0.284915879032912,-0.11623450639388261,0.08451235193408665,-0.9825851011238941,-0.4897791181147687,-0.11421029421911906,0.04139238520008193,0.27720282990169515,0.7403482976905846,0.20002926346483013,True
fut_commodity/COTTON,fut_commodity,30,90,ls,2007-07-02,2018-01-02,2024-03-28,2352,1569,0.5148188240944996,0.6072843227625522,-0.016237962060723924,0.3288286660221808,-0.9750377929174328,-0.42247518922537636,-0.015832626689165262,0.13892195290044893,0.2777864220638557,0.7126812700683284,0.16966656624278978,True
fut_commodity/COTTON,fut_commodity,30,200,ls,2007-12-06,2018-03-07,2024-03-28,2286,1525,0.5871701741129922,0.32523590718725104,0.058148619362570056,0.08764563020342729,-0.966460569086946,-0.6067473924829622,0.056198347760769665,0.05317875758845546,0.2793750463211302,0.7550227718978054,0.14593792490198407,True
fut_commodity/COTTON,fut_commodity,40,100,ls,2007-07-17,2018-01-08,2024-03-28,2346,1565,0.5747500889677307,0.5223537006513118,0.04906259097487347,0.23395695838277822,-0.9710115663991117,-0.48060905701741236,0.04764034331411081,0.11244183315100903,0.2780658830891109,0.7066079100360457,0.16547842802657622,True
fut_commodity/COTTON,fut_commodity,50,150,ls,2007-09-26,2018-02-06,2024-03-28,2316,1545,0.5124333731668478,0.5292495041104408,-0.02234723271174317,0.207387240311326,-0.9840821202923434,-0.5533696602333356,-0.021991512149638633,0.11476180670780757,0.2787515922628062,0.7117443493961233,0.18085108619434437,True
fut_commodity/COTTON,fut_commodity,50,200,ls,2007-12-06,2018-03-07,2024-03-28,2286,1525,0.5118505352736503,0.37578315791831296,-0.025100665156139627,0.1266199571402098,-0.9821775021302233,-0.5381809750568274,-0.02465330860486435,0.0681444519953718,0.27926592110504894,0.7550227718978054,0.14593792490198407,True
fut_commodity/COTTON,fut_commodity,60,120,ls,2007-08-14,2018-01-19,2024-03-28,2334,1557,0.5105791811033452,0.5533933678994876,-0.02245729192810931,0.2569700077128581,-0.9878008868016604,-0.47524572374819074,-0.022183332881750145,0.1221238972970754,0.2781586872916928,0.7369260733443512,0.12909342586731096,True
fut_commodity/COTTON,fut_commodity,60,132,ls,2007-08-30,2018-01-26,2024-03-28,2327,1552,0.5404542163020446,0.5084005474303981,0.008203752219140919,0.2036067333587849,-0.984373583890198,-0.5316450080922723,0.008075556973302912,0.10824650340417233,0.27849622591154305,0.7398483110768721,0.150033533216025,True
fut_commodity/COTTON,fut_commodity,60,180,ls,2007-11-07,2018-02-23,2024-03-28,2298,1533,0.4844379890660205,0.4610690578946511,-0.05189339138380418,0.19816986250405327,-0.9856448572642412,-0.4739069031473439,-0.05114845434344708,0.09391406583643083,0.2793942315410324,0.7236393027327467,0.15585467689310528,True
fut_commodity/COTTON,fut_commodity,60,400,ls,2008-09-24,2018-06-29,2024-03-28,2166,1445,0.4939809808073347,0.3266922256280889,-0.0448088295630883,0.09536470545315986,-0.9739377201094774,-0.562668811569397,-0.04364100930544837,0.05365874548299505,0.2801118636396466,0.8526712072102131,0.14837278746617075,True
fut_commodity/COTTON,fut_commodity,62,758,ls,2010-11-10,2019-01-24,2024-03-28,1951,1302,0.2660472543809935,0.11021769754508423,-0.10824515898226476,-0.01695882125964901,-0.8920234996195299,-0.578918177879137,-0.0965572255322322,-0.009817769902613975,0.28880637004195314,0.3044973765297323,0.2638001867664301,False
fut_commodity/COTTON,fut_commodity,74,758,ls,2010-11-10,2019-01-24,2024-03-28,1951,1302,0.27170527424324026,0.20441301027924433,-0.10377820492561063,0.033390774800929536,-0.8920234996195299,-0.5238484861040724,-0.09257259754197593,0.017491706829308947,0.28877575532383176,0.3044973765297323,0.2638001867664301,False
fut_commodity/COTTON,fut_commodity,80,144,ls,2007-09-18,2018-02-02,2024-03-28,2320,1547,0.4977208973866901,0.4367808310304102,-0.03647674564825437,0.17161353493495093,-0.9821496590884489,-0.5033994670246336,-0.03582562330308909,0.08639016202046763,0.2786550066212563,0.7167754761385701,0.17289013731877392,True
fut_commodity/COTTON,fut_commodity,80,300,ls,2008-05-02,2018-05-03,2024-03-28,2226,1485,0.5599844161067494,0.3061663395170395,0.031231575302746492,0.0885695844814914,-0.9621998970708311,-0.5377697598333879,0.030051018541662585,0.04763004417515459,0.2805327752771355,0.7687639785853693,0.14410427854122246,True
fut_commodity/COTTON,fut_commodity,100,200,ls,2007-12-06,2018-03-07,2024-03-28,2286,1525,0.5549267821337902,0.43687702811000256,0.02161092578498384,0.165825186627328,-0.9836469071028258,-0.5218226042332982,0.021257520308028063,0.086531330733345,0.2792896972663401,0.7550227718978054,0.14593792490198407,True
fut_commodity/COTTON,fut_commodity,100,250,ls,2008-02-21,2018-04-05,2024-03-28,2256,1505,0.547879771836293,0.35301981909671387,0.013584848654407587,0.1142272632527679,-0.9751797169109341,-0.5377697598333878,0.013247668865083075,0.06142796792586616,0.2797734489373478,0.7249238360775948,0.14974308465604974,True
fut_commodity/COTTON,fut_commodity,100,300,ls,2008-05-02,2018-05-03,2024-03-28,2226,1485,0.46899873577024576,0.23298847303521517,-0.06842326859713564,0.046004075965606316,-0.9820948662683027,-0.5725911014124923,-0.06719814082254408,0.026341524526610482,0.2805732891448651,0.7687639785853693,0.14410427854122246,True
fut_commodity/COTTON,fut_commodity,100,400,ls,2008-09-24,2018-06-29,2024-03-28,2166,1445,0.5946133067899936,0.3631216004625167,0.06373166794312783,0.12607054631832565,-0.9498118772915004,-0.5113598804616403,0.06053309517198078,0.06446741949507269,0.28008134190012823,0.8526712072102131,0.14837278746617075,True
fut_commodity/COTTON,fut_commodity,116,378,ls,2008-08-22,2018-06-18,2024-03-28,2179,1454,0.6341936944801704,0.22653595344158542,0.111598382272098,0.044473424066443945,-0.9498118772915005,-0.5510226657048455,0.10599746896855591,0.02450586468211397,0.2802673389620672,0.8149524188311762,0.1254108273160932,True
fut_commodity/COTTON,fut_commodity,120,398,ls,2008-09-22,2018-06-28,2024-03-28,2167,1446,0.5469085929894557,0.1720173453723561,0.008706553113161786,0.01704784479144329,-0.959468149424249,-0.5277794019936825,0.008353660403349273,0.008997501329309054,0.28009389675591934,0.8381329496088253,0.15261085468940908,True
fut_commodity/COTTON,fut_commodity,134,750,ls,2010-10-29,2019-01-18,2024-03-28,1956,1305,0.46832546622268384,0.030868351979414756,0.04740622262983549,-0.05531302422905835,-0.9351342549754457,-0.5820195044116789,0.04433118268015132,-0.03219325894930773,0.28849601548439696,0.4881792451711296,0.2579116647287077,False
fut_commodity/COTTON,fut_commodity,150,400,ls,2008-09-24,2018-06-29,2024-03-28,2166,1445,0.4929912934281191,0.10961781827286711,-0.04908676538388736,-0.016849692966907838,-0.9693427544689124,-0.5039972272003971,-0.04758190036518663,-0.008492198534499583,0.28018382797063945,0.8526712072102131,0.14837278746617075,False
fut_commodity/COTTON,fut_commodity,150,500,ls,2009-11-02,2018-08-27,2024-03-28,2106,1405,0.4287338533215287,0.08934897651734988,-0.11450380764305901,-0.028103082819140264,-0.9779287591079232,-0.5112326540917962,-0.11197656652150903,-0.014367213617790635,0.28155510192836014,0.8731464277567966,0.16287381998651385,False
fut_commodity/COTTON,fut_commodity,150,710,ls,2010-09-02,2018-12-26,2024-03-28,1980,1321,0.718565881494821,0.038243398011412924,0.2801736894429033,-0.05056973188026854,-0.9351342549754457,-0.5898402682614733,0.26200001434091125,-0.029828064218168374,0.2872585989937751,0.7457698668290438,0.2587438122049429,False
fut_commodity/COTTON,fut_commodity,162,678,ls,2010-07-20,2018-12-06,2024-03-28,1999,1334,0.5759152337742035,-0.026126674145879575,0.11063923666703082,-0.0770415033041117,-0.9351342549754457,-0.6144552810728922,0.10346254015167587,-0.04733855856700611,0.2863723970006379,0.8995769375887007,0.21650781635095318,False
fut_commodity/COTTON,fut_commodity,174,698,ls,2010-08-17,2018-12-18,2024-03-28,1987,1326,0.6412931371328972,-0.18702695521704776,0.18739650591118984,-0.14715375547483478,-0.9351342549754457,-0.6152488809280781,0.1752408919402622,-0.09053618338025614,0.28709185871545734,0.7824219991639075,0.22622833215663246,False
fut_commodity/COTTON,fut_commodity,200,400,ls,2008-09-24,2018-06-29,2024-03-28,2166,1445,0.4175521866590114,0.10238085277394482,-0.12373452176490238,-0.019836833316540875,-0.9778038443438197,-0.5290589086880549,-0.12098809105976557,-0.010494853386275965,0.2801596234412645,0.8526712072102131,0.14837278746617075,False
fut_commodity/COTTON,fut_commodity,200,600,ls,2010-03-29,2018-10-23,2024-03-28,2046,1365,0.48207789773632803,-0.1398828729545273,-0.02538309102984819,-0.12770057921317216,-0.9351342549754457,-0.6038940872198836,-0.023736597919171005,-0.07711762472138904,0.2844916133225362,0.8304863728083894,0.1971967938912947,False
fut_commodity/CRUDE_W,fut_commodity,5,20,ls,2004-02-18,2016-08-18,2024-03-28,3109,2074,0.38316948469013956,0.16781480602191465,0.11611220521252698,-0.09584212910950227,-0.6209848363456104,-0.8847513247858257,0.072103918751629,-0.08479645069992628,0.6188764698353857,0.41818522899641747,0.5466964638938633,False
fut_commodity/CRUDE_W,fut_commodity,5,35,ls,2004-03-10,2016-08-26,2024-03-28,3100,2068,0.5581574987261162,0.08767876168805859,0.25450284210363133,-0.14908496830806653,-0.6419398715161747,-0.8624613983908279,0.1633755217605064,-0.12858003024602732,0.6188708179092569,0.4029466314189951,0.5654257012401455,False
fut_commodity/CRUDE_W,fut_commodity,8,21,ls,2004-02-19,2016-08-19,2024-03-28,3109,2073,0.3820591690330002,0.03647232650704225,0.11369141289638525,-0.18819436328262676,-0.6290743887567161,-0.8288166469728888,0.07152035607468098,-0.15597862115510444,0.6190149090040554,0.41827789857970477,0.5467236953242677,False
fut_commodity/CRUDE_W,fut_commodity,9,21,ls,2004-02-19,2016-08-19,2024-03-28,3109,2073,0.3697844433428487,0.09120861680699131,0.10260743418687436,-0.15845303670216487,-0.6382396708803172,-0.8001221747819331,0.0654881350253045,-0.12678178832693762,0.6190387297652279,0.41827789857970477,0.5467236953242677,False
fut_commodity/CRUDE_W,fut_commodity,10,20,ls,2004-02-18,2016-08-18,2024-03-28,3109,2074,0.44415108966795974,0.037685654835407166,0.15814144481230855,-0.19371234973527568,-0.6520961442054266,-0.8011647930015853,0.10312342640118168,-0.15519551457751282,0.6189224822236349,0.41818522899641747,0.5466964638938633,False
fut_commodity/CRUDE_W,fut_commodity,10,30,ls,2004-03-03,2016-08-24,2024-03-28,3103,2070,0.584227205475876,0.106862384786919,0.25611693807489305,-0.14511505663913785,-0.6934683003108721,-0.8154548123940405,0.177608977727621,-0.11833477128721871,0.6187526350931779,0.3985462379259627,0.5699111168640407,False
fut_commodity/CRUDE_W,fut_commodity,10,100,ls,2004-06-14,2016-10-04,2024-03-28,3061,2042,0.5900794089082066,0.3759974221208669,0.2543360414341564,0.06219253239611032,-0.7097251498109725,-0.6722241379791901,0.18050868510918633,0.041807321478718115,0.6160006283488896,0.3777341057292966,0.5615409988857082,False
fut_commodity/CRUDE_W,fut_commodity,12,26,ls,2004-02-26,2016-08-23,2024-03-28,3106,2071,0.5664122415586959,0.181661893279311,0.2633632464748156,-0.09670236789142549,-0.6372905678052175,-0.7906736544023032,0.16783891288496072,-0.07646001461006934,0.6186147067383251,0.40473054443369855,0.5625458633250111,False
fut_commodity/CRUDE_W,fut_commodity,13,48,ls,2004-03-29,2016-09-06,2024-03-28,3093,2062,0.6903250357605469,0.30507287336259253,0.315384229925801,-0.004729623723700843,-0.7548181731662492,-0.6803596701256214,0.2380577482780374,-0.0032178452364754187,0.6178438103109682,0.3791530151443219,0.5939966287387979,False
fut_commodity/CRUDE_W,fut_commodity,20,50,ls,2004-03-31,2016-09-06,2024-03-28,3091,2062,0.6813869307865006,0.293708344974479,0.33873997199826067,-0.015964582248347525,-0.6876013762539197,-0.641782490952761,0.23291807093821826,-0.010245789362364702,0.6178814371893289,0.3792756760886556,0.5939966287387979,False
fut_commodity/CRUDE_W,fut_commodity,20,60,ls,2004-04-15,2016-09-12,2024-03-28,3085,2058,0.720895184727098,0.3378656950152003,0.3952476588557699,0.027420316034969815,-0.6489240810720868,-0.6323962236437637,0.25648572381887413,0.01734050431163345,0.6171530336483305,0.3813550748034589,0.5846844269006078,False
fut_commodity/CRUDE_W,fut_commodity,20,100,ls,2004-06-14,2016-10-04,2024-03-28,3061,2042,0.5617882606723201,0.3659809589816153,0.22449638131122665,0.05209357571400949,-0.7355928930927877,-0.6796849351664418,0.16513794261758685,0.035407218631764666,0.6160219784240356,0.3777341057292966,0.5615409988857082,False
fut_commodity/CRUDE_W,fut_commodity,21,55,ls,2004-04-07,2016-09-08,2024-03-28,3088,2060,0.6911563434280821,0.3600799522595864,0.33403063351148155,0.04779156495173287,-0.7150058027390217,-0.655394877106553,0.23883384125330084,0.03132234683827081,0.6174820691531697,0.4016891446769591,0.5689904550107272,False
fut_commodity/CRUDE_W,fut_commodity,30,90,ls,2004-05-27,2016-09-28,2024-03-28,3067,2046,0.5903214571920833,0.5658586202644607,0.2560573389145916,0.27397557564430913,-0.708661398496183,-0.6246903628669521,0.18145795189042557,0.17114990176592557,0.6154531803561047,0.34617537543207594,0.5837376293938505,False
fut_commodity/CRUDE_W,fut_commodity,30,200,ls,2004-11-04,2016-11-22,2024-03-28,3001,2002,-0.0037127275265194477,0.0547784529987476,-0.10589547281648777,-0.1680581493081522,-0.9221524489934205,-0.8696006859236634,-0.09765176959504039,-0.14614348191343057,0.6178314950044648,0.19886482118923937,0.5705877494141867,False
fut_commodity/CRUDE_W,fut_commodity,40,100,ls,2004-06-14,2016-10-04,2024-03-28,3061,2042,0.38851649094073526,0.5374594374304236,0.09220888685193687,0.2285555356674529,-0.8133585333500497,-0.6598950488593741,0.07499888497173206,0.15082266637635425,0.615799941627219,0.3777341057292966,0.5615409988857082,False
fut_commodity/CRUDE_W,fut_commodity,50,150,ls,2004-08-24,2016-10-30,2024-03-28,3031,2022,0.1734601570594131,0.33926119040383773,-0.027941088959114884,0.02343832286205455,-0.9067024305178278,-0.7768798682956893,-0.02533425327054431,0.018208761178144784,0.6170008567809963,0.2786615317410152,0.5699615873924707,False
fut_commodity/CRUDE_W,fut_commodity,50,200,ls,2004-11-04,2016-11-22,2024-03-28,3001,2002,-0.02885487592869992,0.3390457634531469,-0.11519312390638839,0.02331193737675299,-0.9364240563068429,-0.7744823241001098,-0.10786961234707697,0.01805468343882387,0.6176913906053949,0.19886482118923937,0.5705877494141867,False
fut_commodity/CRUDE_W,fut_commodity,60,120,ls,2004-07-13,2016-10-14,2024-03-28,3049,2034,0.4815092438487931,0.33504565706853445,0.16179575133516455,0.019977397139939596,-0.7564447272895475,-0.7949095297893082,0.12238954299533598,0.015880223366923654,0.6158527078953661,0.37411825804357157,0.549006429503093,False
fut_commodity/CRUDE_W,fut_commodity,60,132,ls,2004-07-29,2016-10-21,2024-03-28,3042,2029,0.26238690080060223,0.23442352906409625,0.016230094408855412,-0.05367288940729533,-0.8997741898221828,-0.8490418005745396,0.014603420047465418,-0.04557052666440816,0.6165114958466688,0.34240826546714476,0.5435571708626763,False
fut_commodity/CRUDE_W,fut_commodity,60,180,ls,2004-10-06,2016-11-13,2024-03-28,3013,2010,0.06520298732055817,0.3930374596787644,-0.07789245298382726,0.06737792188551449,-0.9061906960470816,-0.7814469954409652,-0.070585416186229,0.05265227461649135,0.6174718498487125,0.1623088964953459,0.6126514574344433,False
fut_commodity/CRUDE_W,fut_commodity,60,400,ls,2005-08-24,2017-02-26,2024-03-28,2881,1922,-0.2684590047290764,0.25580135816023714,-0.20101177075389712,-0.042901789532381836,-0.952905382440483,-0.8112799919684381,-0.19154519828528102,-0.03480536346726236,0.6229842188097875,0.04071659024303937,0.5632282470390458,False
fut_commodity/CRUDE_W,fut_commodity,62,758,ls,2007-01-31,2017-08-14,2024-03-28,2667,1778,-0.24794434567977805,-0.11636178586637431,-0.19779676940304666,-0.25754610992811755,-0.9709693819089904,-0.9348390369641155,-0.1920546069308713,-0.24076415737905563,0.6305295993376577,0.04689769763130412,0.6642143191321594,False
fut_commodity/CRUDE_W,fut_commodity,74,758,ls,2007-01-31,2017-08-14,2024-03-28,2667,1778,-0.23948332932876468,-0.25923168167585214,-0.19479582675900703,-0.3186046484465334,-0.9699958950159849,-0.9611500597616922,-0.18895115232248177,-0.30622687689473854,0.6305183330109595,0.04689769763130412,0.6642143191321594,False
fut_commodity/CRUDE_W,fut_commodity,80,144,ls,2004-08-16,2016-10-27,2024-03-28,3035,2024,0.134679285482945,0.2684956367562201,-0.046742534984658635,-0.03011602163931391,-0.915943055240927,-0.8358779283951362,-0.042813500303554144,-0.025173317779372806,0.617071027762617,0.28416576519445885,0.5585425575089281,False
fut_commodity/CRUDE_W,fut_commodity,80,300,ls,2005-04-04,2017-01-10,2024-03-28,2941,1962,-0.19290183489720075,0.12743648942957628,-0.178211867357196,-0.13344772749471007,-0.9358692621370586,-0.8033060527636431,-0.16678300880764638,-0.10719936722405382,0.6187000057069313,0.11096100115070985,0.5433345720783297,False
fut_commodity/CRUDE_W,fut_commodity,100,200,ls,2004-11-04,2016-11-22,2024-03-28,3001,2002,0.04240144996890449,0.23871727354388225,-0.08518393997250957,-0.05682031870403857,-0.9247132605641996,-0.7596466393703287,-0.07877071887968438,-0.04316336415147393,0.6177642507806654,0.19886482118923937,0.5705877494141867,False
fut_commodity/CRUDE_W,fut_commodity,100,250,ls,2005-01-20,2016-12-15,2024-03-28,2971,1982,-0.017816436937257516,0.05339792275617497,-0.10819571493440644,-0.18066764978302532,-0.9316692119930485,-0.8096717736318217,-0.10080261647396296,-0.14628149643771493,0.6167860233054148,0.22706128443343573,0.5506479600427603,False
fut_commodity/CRUDE_W,fut_commodity,100,300,ls,2005-04-04,2017-01-10,2024-03-28,2941,1962,-0.1980844175360855,-0.03518364617681324,-0.17876742994576433,-0.22042877941382752,-0.9433884259304726,-0.8743365322866169,-0.16864712434417065,-0.19272893460885757,0.6187241983213841,0.11096100115070985,0.5433345720783297,False
fut_commodity/CRUDE_W,fut_commodity,100,400,ls,2005-08-24,2017-02-26,2024-03-28,2881,1922,-0.23192825605456452,-0.004367346192447195,-0.19156481405735337,-0.19140291441740281,-0.9318583211345214,-0.9387404641160807,-0.17851126601593206,-0.1796776607133632,0.6230708929740774,0.04071659024303937,0.5632282470390458,False
fut_commodity/CRUDE_W,fut_commodity,116,378,ls,2005-07-25,2017-02-16,2024-03-28,2895,1930,-0.32008865486758686,0.1475583334647026,-0.22030235895075587,-0.10789651322770523,-0.9540741543634723,-0.9030345454072238,-0.21018478682022054,-0.0974342787736053,0.6217539694594131,0.09355667791699207,0.5614996502051175,False
fut_commodity/CRUDE_W,fut_commodity,120,398,ls,2005-08-22,2017-02-26,2024-03-28,2883,1922,-0.4084957566015041,-0.028238234690146823,-0.24920707374758957,-0.2054279649010426,-0.9609859265582749,-0.9403266220383277,-0.2394844906702037,-0.19316938430760552,0.6230600851612317,0.05280975862649909,0.5632282470390458,False
fut_commodity/CRUDE_W,fut_commodity,134,750,ls,2007-01-19,2017-08-09,2024-03-28,2671,1782,-0.08514540770655499,-0.022048457379748185,-0.1381872066831611,-0.21371062896569173,-0.944368145038439,-0.9027892363330129,-0.13049959604342024,-0.1929356555201847,0.630257632516503,0.07746110051876275,0.6515500747907881,False
fut_commodity/CRUDE_W,fut_commodity,150,400,ls,2005-08-24,2017-02-26,2024-03-28,2881,1922,-0.384131716457878,0.06867167449382784,-0.23958678368127695,-0.15648877218589982,-0.9654488963542738,-0.9131136098433703,-0.23130879588615896,-0.14289202767062378,0.6230787554807798,0.04071659024303937,0.5632282470390458,False
fut_commodity/CRUDE_W,fut_commodity,150,500,ls,2006-01-19,2017-04-13,2024-03-28,2821,1882,-0.258534861332588,0.06188517961121316,-0.19652310209234203,-0.16177137137619718,-0.9576134672466049,-0.9101889656692456,-0.18819316918870616,-0.14724251718779632,0.6261919552938657,0.04600683674436425,0.5751131201811964,False
fut_commodity/CRUDE_W,fut_commodity,150,710,ls,2006-11-16,2017-07-21,2024-03-28,2695,1798,-0.1298867483831644,-0.10986807639940699,-0.15370508546644523,-0.2583035793297417,-0.9544729055906507,-0.9142340303064587,-0.14670733952921727,-0.23614992237321383,0.6296881164757213,0.0031272524369757434,0.6892499091375945,False
fut_commodity/CRUDE_W,fut_commodity,162,678,ls,2006-10-03,2017-07-07,2024-03-28,2715,1810,-0.19285299071783105,-0.19562258710931127,-0.17562947735526319,-0.29386800972126426,-0.9656008542361882,-0.9382605239206419,-0.16958797336329742,-0.2757247527645897,0.6286641013220385,-0.011027373466709452,0.6977572897307888,False
fut_commodity/CRUDE_W,fut_commodity,174,698,ls,2006-10-31,2017-07-17,2024-03-28,2703,1802,-0.14961380268822394,-0.06700374267904087,-0.16109357208302247,-0.23781188790002608,-0.9550560683146617,-0.9049663330317584,-0.153853393584376,-0.2152117521442462,0.6295624969843291,0.010834795025277729,0.6749139564512774,False
fut_commodity/CRUDE_W,fut_commodity,200,400,ls,2005-08-24,2017-02-26,2024-03-28,2881,1922,-0.13855309168118465,0.1666663929928485,-0.1555796816241864,-0.10013160191024718,-0.9274465929116283,-0.8772454757062007,-0.14429184564862754,-0.0878399947509787,0.6229959702861816,0.04071659024303937,0.5632282470390458,False
fut_commodity/CRUDE_W,fut_commodity,200,600,ls,2006-06-13,2017-05-31,2024-03-28,2761,1842,-0.09285936589967343,0.0032161386921469763,-0.13958096098495903,-0.19818865994265056,-0.9286340767705511,-0.8999315563450141,-0.12961963683901376,-0.17835622919212227,0.6270557803021589,-0.017211723829426404,0.6410134730399395,False
fut_commodity/GAS_US,fut_commodity,5,20,ls,1990-08-24,2010-10-26,2024-03-28,5050,3368,0.2878646907223267,0.1258732896105867,0.07238148965313668,-0.006025586794417858,-0.31371292063149453,-0.5674165964107171,0.02270700851874381,-0.0034190179502659444,0.2744679610375922,-0.3247462013663216,-0.30228847727549224,True
fut_commodity/GAS_US,fut_commodity,5,35,ls,1990-09-17,2010-11-03,2024-03-28,5041,3362,0.5096739676133775,0.17901446397878035,0.15730965919681966,0.021916057459304833,-0.28011823780618356,-0.511925796482617,0.04406530452410442,0.011219395170613428,0.2746618804040472,-0.3221111773665917,-0.30393902766753805,True
fut_commodity/GAS_US,fut_commodity,8,21,ls,1990-08-27,2010-10-27,2024-03-28,5050,3367,0.3138885379694399,0.17597462427958097,0.06100860177718827,0.021452468455311857,-0.4128862356848121,-0.4839741059369398,0.025189611932177,0.01038243924079996,0.27450129204795554,-0.32466912070627646,-0.30237253708917206,True
fut_commodity/GAS_US,fut_commodity,9,21,ls,1990-08-27,2010-10-27,2024-03-28,5050,3367,0.30492692477727523,0.17702868174596756,0.05915798694764268,0.022033254378872588,-0.411419155344321,-0.48495726052948723,0.02433872902186952,0.010685186684127379,0.274516739567676,-0.32466912070627646,-0.30237253708917206,True
fut_commodity/GAS_US,fut_commodity,10,20,ls,1990-08-24,2010-10-26,2024-03-28,5050,3368,0.3581202575855214,0.09558127038313938,0.07338760121885025,-0.020186127157452334,-0.4007762383516365,-0.5794940820058193,0.02941200675814078,-0.011697741226360579,0.274552577111785,-0.3247462013663216,-0.30228847727549224,True
fut_commodity/GAS_US,fut_commodity,10,30,ls,1990-09-10,2010-11-01,2024-03-28,5044,3364,0.3941104782971883,0.1006035568436641,0.1131456489081417,-0.01610624450165796,-0.29077837333885176,-0.6438860525528042,0.03290030773987827,-0.01037058619362285,0.27460550347997875,-0.3222185901664251,-0.30374902529607967,True
fut_commodity/GAS_US,fut_commodity,10,100,ls,1990-12-18,2010-12-10,2024-03-28,5002,3336,0.526790532113064,0.24421863779573236,0.23136305320197362,0.04238257466560863,-0.19917184599640245,-0.6893961236861051,0.046081006401600955,0.029218382686307512,0.2755098799075854,-0.30313176217114374,-0.31233990892233965,True
fut_commodity/GAS_US,fut_commodity,12,26,ls,1990-09-04,2010-10-29,2024-03-28,5047,3365,0.31883003448192554,0.16106437735584514,0.07526216967388233,0.009638202223246599,-0.3411686638720419,-0.6438860525528042,0.025677093867749346,0.006205903983231914,0.274559614986531,-0.31537007770236924,-0.3071912770841211,True
fut_commodity/GAS_US,fut_commodity,13,48,ls,1990-10-04,2010-11-11,2024-03-28,5034,3356,0.4586531832380672,0.09930026729132517,0.1789269341309313,-0.01694270163127296,-0.21907668319564488,-0.6358242956280892,0.039198719263770054,-0.010772581330741007,0.2748824797519013,-0.32128336223992504,-0.3046490089857406,True
fut_commodity/GAS_US,fut_commodity,20,50,ls,1990-10-08,2010-11-11,2024-03-28,5032,3356,0.4839980131279212,0.10862733276953214,0.21567425464555112,-0.012451290525295571,-0.1931937601104292,-0.6625216251775805,0.041666920213988226,-0.008249249234377032,0.27490215281898484,-0.3213472175212963,-0.3046490089857406,True
fut_commodity/GAS_US,fut_commodity,20,60,ls,1990-10-22,2010-11-17,2024-03-28,5026,3352,0.3874921010693093,0.07578546160368523,0.12537298176122835,-0.0229866059905404,-0.25824379131708464,-0.7560058284133179,0.03237679413874731,-0.01737800810428903,0.2750370399410351,-0.3181924101810076,-0.3064395854299892,True
fut_commodity/GAS_US,fut_commodity,20,100,ls,1990-12-18,2010-12-10,2024-03-28,5002,3336,0.5253899827468825,0.289334426100277,0.18655518209395908,0.06955593895763201,-0.24626425915359318,-0.6057357465439872,0.04594187370963251,0.04213251861106923,0.2755184705475344,-0.30313176217114374,-0.31233990892233965,True
fut_commodity/GAS_US,fut_commodity,21,55,ls,1990-10-15,2010-11-15,2024-03-28,5029,3354,0.4368307407354284,0.18443503588164123,0.14439450495600292,0.018491618065240845,-0.25700572567373275,-0.6826540315612223,0.03711021452951693,0.012623377622326992,0.27494842119894514,-0.32456459676049554,-0.3031183574405169,True
fut_commodity/GAS_US,fut_commodity,30,90,ls,1990-12-04,2010-12-06,2024-03-28,5008,3340,0.5165775124125456,0.35961755231569537,0.16961801775375107,0.10827285097082341,-0.26531429341367974,-0.5772958442832644,0.04500208453056545,0.06250546691415756,0.27539082790804714,-0.3066647905152554,-0.3128341490308394,True
fut_commodity/GAS_US,fut_commodity,30,200,ls,1991-05-14,2011-02-08,2024-03-28,4942,3296,0.2991938764184183,0.33621349781507887,0.07072435105950116,0.08582060416252581,-0.3423020796872651,-0.6497380448065415,0.02420909245219948,0.05576091155267566,0.2768935996640189,-0.3103927398161131,-0.3077621925206987,True
fut_commodity/GAS_US,fut_commodity,40,100,ls,1990-12-18,2010-12-10,2024-03-28,5002,3336,0.34202007097942855,0.36663344727619174,0.09277050435840235,0.11449118164832907,-0.30289878545190735,-0.5639586245086694,0.02810007309592095,0.06456828932076387,0.27548960560833385,-0.30313176217114374,-0.31233990892233965,True
fut_commodity/GAS_US,fut_commodity,50,150,ls,1991-03-04,2011-01-10,2024-03-28,4972,3316,0.2792889011512003,0.3265778030444954,0.0700668825884443,0.086795849344216,-0.316378977724807,-0.6097457666635291,0.022167688685696088,0.052923401701601154,0.2761796232834336,-0.29966090306843113,-0.31307557139178055,True
fut_commodity/GAS_US,fut_commodity,50,200,ls,1991-05-14,2011-02-08,2024-03-28,4942,3296,0.2769506338102473,0.2298998787547128,0.06794936448222993,0.03691316923857002,-0.32442882423202796,-0.6811537848877258,0.02204473242628338,0.02514354493905314,0.27692017435361244,-0.3103927398161131,-0.3077621925206987,True
fut_commodity/GAS_US,fut_commodity,60,120,ls,1991-01-18,2010-12-22,2024-03-28,4990,3328,0.36767599649161964,0.29226888586418726,0.11612502491291456,0.07496540346495967,-0.2638764361714712,-0.5735712914063695,0.030642657724343204,0.04299800327619645,0.27576871500147176,-0.3085384569254962,-0.3085472817540547,True
fut_commodity/GAS_US,fut_commodity,60,132,ls,1991-02-05,2010-12-30,2024-03-28,4983,3323,0.30002755835714784,0.28156391063400027,0.07778724203828766,0.06357102576662763,-0.31010198996369626,-0.6278840892084754,0.02412197854986069,0.03991523561352751,0.27599464200527446,-0.30139404209214266,-0.3119362184223986,True
fut_commodity/GAS_US,fut_commodity,60,180,ls,1991-04-16,2011-01-27,2024-03-28,4954,3304,0.20323893726468492,0.292749692654643,0.04192103964648565,0.0708238432086123,-0.35519207781403633,-0.6091481426362764,0.014890021176159833,0.04314221254488904,0.27657126594275233,-0.30123834093446633,-0.31271466465713976,True
fut_commodity/GAS_US,fut_commodity,60,400,ls,1992-02-27,2011-06-07,2024-03-28,4822,3216,0.19438752560345748,0.30005215263293367,0.04479158632625914,0.07738289909467685,-0.3186657237231702,-0.5851792945032028,0.014273543273366223,0.045282870298835536,0.2797659393530775,-0.2799653433167639,-0.3236500647838015,True
fut_commodity/GAS_US,fut_commodity,62,758,ls,1993-08-02,2012-01-03,2024-03-28,4608,3072,0.24424427715263847,0.10921284792494794,0.051872414508988975,-0.015128264879773996,-0.37927999995953465,-0.668409338683977,0.019674169372870302,-0.010111873523725771,0.2856931377723232,-0.41202651555355124,-0.27915894236290006,True
fut_commodity/GAS_US,fut_commodity,74,758,ls,1993-08-02,2012-01-03,2024-03-28,4608,3072,0.34210297880152923,0.07677282826955634,0.10185521915697512,-0.02758250948198592,-0.2920177915155746,-0.6977779419119909,0.029743536152554723,-0.019246466699108112,0.2856851617695342,-0.41202651555355124,-0.27915894236290006,True
fut_commodity/GAS_US,fut_commodity,80,144,ls,1991-02-22,2011-01-06,2024-03-28,4976,3318,0.21520545031602037,0.41452534714798406,0.04668716646308646,0.14896677731105562,-0.3425589007470724,-0.5290523905478437,0.01599310442259048,0.07881122964862226,0.2760665003533241,-0.2987414267782249,-0.31328453152394276,True
fut_commodity/GAS_US,fut_commodity,80,300,ls,1991-10-04,2011-04-07,2024-03-28,4882,3256,0.24772019037585913,0.3196924676328905,0.06748655672612709,0.08754472017356868,-0.28699535414411814,-0.5824259507999389,0.019368328247581963,0.050988316884605325,0.27835973391394553,-0.31658590571188006,-0.3082687839304693,True
fut_commodity/GAS_US,fut_commodity,100,200,ls,1991-05-14,2011-02-08,2024-03-28,4942,3296,0.3142396465763423,0.34218103171538233,0.09828261849404399,0.1069509083144117,-0.2612217272467135,-0.5375660636494723,0.02567355536134396,0.05749317878631392,0.27686779395990013,-0.3103927398161131,-0.3077621925206987,True
fut_commodity/GAS_US,fut_commodity,100,250,ls,1991-07-25,2011-03-09,2024-03-28,4912,3276,0.2005455697120495,0.2979864910989392,0.0423488261272099,0.07665828673380864,-0.3470286650033866,-0.5824259507999388,0.01469625659538619,0.044647775537632835,0.27767032077620724,-0.3145658749555983,-0.3055278083827758,True
fut_commodity/GAS_US,fut_commodity,100,300,ls,1991-10-04,2011-04-07,2024-03-28,4882,3256,0.2138414172308657,0.2814626001944758,0.04718302357408159,0.06775698964196113,-0.3403120302904507,-0.5883652673883869,0.016056950547737904,0.03986585932812462,0.2783599616096437,-0.31658590571188006,-0.3082687839304693,True
fut_commodity/GAS_US,fut_commodity,100,400,ls,1992-02-27,2011-06-07,2024-03-28,4822,3216,0.05589876000537746,0.245416120143683,0.0015541497892122365,0.04927539070615171,-0.457412030159547,-0.5975672316514329,0.0007108868102556011,0.02944535881281782,0.2798075010487753,-0.2799653433167639,-0.3236500647838015,True
fut_commodity/GAS_US,fut_commodity,116,378,ls,1992-01-27,2011-05-25,2024-03-28,4836,3224,0.06292291158661865,0.20950002539793897,0.0030830391451367343,0.03129861568283743,-0.4553696504570831,-0.6126449608487028,0.001403922457866419,0.01917493917963053,0.27953970752144996,-0.29739840896523007,-0.3149258844857973,True
fut_commodity/GAS_US,fut_commodity,120,398,ls,1992-02-25,2011-06-07,2024-03-28,4824,3216,0.03373453079618329,0.16696062748349874,-0.003087284479963661,0.01142374225194369,-0.46706997832669683,-0.6202361243082738,-0.0014419778951449745,0.007085417619442226,0.27982950129638196,-0.280310043656072,-0.3236500647838015,True
fut_commodity/GAS_US,fut_commodity,134,750,ls,1993-07-21,2011-12-27,2024-03-28,4612,3076,0.3648298885127718,0.10217948216184694,0.10384744316632542,-0.016251080380006746,-0.30891699368351516,-0.7483410377763727,0.03208023994466095,-0.012161350356561497,0.2854898237700266,-0.40260921907561437,-0.2825856656138274,True
fut_commodity/GAS_US,fut_commodity,150,400,ls,1992-02-27,2011-06-07,2024-03-28,4822,3216,0.049449219582165437,0.09308947632372819,0.00018841307778163426,-0.01966551805400276,-0.445630682753228,-0.6884217432238148,8.396264849146672e-05,-0.013538170220135983,0.27983562538891527,-0.2799653433167639,-0.3236500647838015,True
fut_commodity/GAS_US,fut_commodity,150,500,ls,1992-07-21,2011-08-04,2024-03-28,4762,3176,0.36650615391094427,0.023428820514622983,0.11223003634421341,-0.04457019416701621,-0.28212210819908284,-0.7399265782173728,0.03166257445668918,-0.03297867126048421,0.28138433544776026,-0.333190650399164,-0.3054074040814282,True
fut_commodity/GAS_US,fut_commodity,150,710,ls,1993-05-24,2011-12-02,2024-03-28,4636,3092,0.34503313629056803,0.07702801889222821,0.09854208443853983,-0.02431326722996738,-0.3038757402950483,-0.7875532540667026,0.029944548858978452,-0.019147992723954135,0.2848538810028922,-0.3824187864830853,-0.29181958731205604,True
fut_commodity/GAS_US,fut_commodity,162,678,ls,1993-04-07,2011-11-15,2024-03-28,4656,3104,0.3807196815390477,0.13207690306582529,0.11401654608970042,-0.0047609817252781085,-0.2941957013366408,-0.7302556435294248,0.03354317774084085,-0.0034767337736247967,0.284326376102366,-0.3864477801166912,-0.290043966318787,True
fut_commodity/GAS_US,fut_commodity,174,698,ls,1993-05-06,2011-11-28,2024-03-28,4644,3096,0.3597026468805804,0.15727557343751977,0.09482223571919442,0.005165026389566605,-0.3313919441115236,-0.7065643929270337,0.031423325039984996,0.0036494237353962367,0.28464555667513963,-0.3875574341607815,-0.29022517095822475,True
fut_commodity/GAS_US,fut_commodity,200,400,ls,1992-02-27,2011-06-07,2024-03-28,4822,3216,0.372991623219733,0.0908965766432782,0.12211747395077441,-0.020339869170704294,-0.2623146396590125,-0.695507379206659,0.032033201175466236,-0.014146529100322863,0.2798431539284183,-0.2799653433167639,-0.3236500647838015,True
fut_commodity/GAS_US,fut_commodity,200,600,ls,1992-12-11,2011-09-30,2024-03-28,4702,3136,0.3199229194071925,0.1452456805569738,0.08018587046292501,0.0006268191271379477,-0.33851180884599735,-0.720858744379648,0.027143864054295575,0.0004518480489418079,0.2830022463181399,-0.3501408595299881,-0.30065245654940664,True
fut_commodity/GOLD,fut_commodity,5,20,ls,1975-04-29,2004-11-05,2024-03-28,7414,4944,0.08208055793550985,-0.1458440825581886,0.008633244460154722,-0.06595995353361035,-0.3803031384416436,-0.5004059213234798,0.0032832499631307737,-0.033006751318440206,0.15142711177671014,-0.18005454715521668,0.4022449203696417,False
fut_commodity/GOLD,fut_commodity,5,35,ls,1975-05-20,2004-11-15,2024-03-28,7405,4938,-0.020317803319032768,-0.050875687581710585,-0.009209005732355497,-0.042100646028014076,-0.40615674733612045,-0.45191519391982043,-0.003740299814453196,-0.0190259216138997,0.1515074821489429,-0.17819430752616652,0.4011794128195915,False
fut_commodity/GOLD,fut_commodity,8,21,ls,1975-04-30,2004-11-08,2024-03-28,7414,4943,0.07296491710557436,0.02063093192572902,0.007318270383619688,-0.020478956078870306,-0.3629685731993778,-0.4062865863659743,0.0026563021594297014,-0.008320325157622935,0.15141965225427492,-0.18063870822463202,0.4026830504458565,False
fut_commodity/GOLD,fut_commodity,9,21,ls,1975-04-30,2004-11-08,2024-03-28,7414,4943,0.14771851701686514,0.08795371103617479,0.028234470850866597,0.004474270209355103,-0.2763902203188159,-0.41196626096597067,0.007803731619056203,0.0018432483686994527,0.1513814767892807,-0.18063870822463202,0.4026830504458565,False
fut_commodity/GOLD,fut_commodity,10,20,ls,1975-04-29,2004-11-05,2024-03-28,7414,4944,0.13958772540767983,0.07619414626409805,0.02547524782482735,0.00015118353776087532,-0.2842968449801162,-0.40888951652856803,0.007242532581684984,6.181736366212282e-05,0.15137722463769204,-0.18005454715521668,0.4022449203696417,False
fut_commodity/GOLD,fut_commodity,10,30,ls,1975-05-13,2004-11-11,2024-03-28,7408,4940,0.12570309766630158,0.023074908946107163,0.02022297104371379,-0.018548308648820348,-0.31079905319037665,-0.42916472169379716,0.0062852802530826484,-0.007960279719161635,0.15139904968252554,-0.17940134319844256,0.40193026594975345,False
fut_commodity/GOLD,fut_commodity,10,100,ls,1975-08-21,2004-12-23,2024-03-28,7366,4912,0.08782969423925292,-0.09856074315123338,0.011172908556262427,-0.05295163115934662,-0.32947817956157066,-0.49378110543486375,0.0036812295715252415,-0.02614651496844135,0.1517293999671205,-0.174180503030909,0.40088949932502793,False
fut_commodity/GOLD,fut_commodity,12,26,ls,1975-05-07,2004-11-10,2024-03-28,7411,4941,0.14181203962912386,0.010930689355490691,0.02379355122410818,-0.02330438078310896,-0.3108089131407328,-0.419801741749927,0.007395247795723416,-0.00978321964315267,0.1514080795447785,-0.17995058260187088,0.4022859878530316,False
fut_commodity/GOLD,fut_commodity,13,48,ls,1975-06-09,2004-11-23,2024-03-28,7398,4932,0.21797033972294874,-0.061024973783283094,0.0484117578656946,-0.04240998203966671,-0.2617604280489841,-0.4840939246674526,0.012672282461527991,-0.020530414650658437,0.15150887702218802,-0.17134060663044254,0.39678370986945816,False
fut_commodity/GOLD,fut_commodity,20,50,ls,1975-06-11,2004-11-23,2024-03-28,7396,4932,0.11963965791387103,0.0035853342681632636,0.02071669743432148,-0.02861223718779062,-0.28338057557123125,-0.38059044855709084,0.005870709642873071,-0.010889544185523107,0.15148076345388278,-0.17136377077117299,0.39678370986945816,False
fut_commodity/GOLD,fut_commodity,20,60,ls,1975-06-25,2004-12-01,2024-03-28,7390,4928,0.09212790940744593,-0.09185576467246911,0.012903686754702695,-0.05368722689244626,-0.30792636840604337,-0.4678478537440773,0.003973385401424764,-0.02511745387510229,0.151575334279663,-0.16824354997692553,0.39427763958030326,False
fut_commodity/GOLD,fut_commodity,20,100,ls,1975-08-21,2004-12-23,2024-03-28,7366,4912,0.06907783973034655,-0.0073243472318444665,0.007052074177150934,-0.029024318128243787,-0.3383596920083364,-0.43275966720307824,0.002386137646600732,-0.012560554253975053,0.15168663623463088,-0.174180503030909,0.40088949932502793,False
fut_commodity/GOLD,fut_commodity,21,55,ls,1975-06-18,2004-11-29,2024-03-28,7393,4930,0.14016141820811812,-0.06360543284848869,0.026530565541372255,-0.04615538883149435,-0.27463323124599054,-0.4532487821682489,0.007286174941410595,-0.02091987377837681,0.15152695399888585,-0.1676167681394972,0.39432170469181066,False
fut_commodity/GOLD,fut_commodity,30,90,ls,1975-08-07,2004-12-17,2024-03-28,7372,4916,0.13954702117326181,0.048720018806267106,0.025236438475236076,-0.008626489288319758,-0.28759667611214884,-0.4777133778907962,0.007257915822386641,-0.004120989337262002,0.15165579336462814,-0.1762217547439619,0.40072295504775685,False
fut_commodity/GOLD,fut_commodity,30,200,ls,1976-01-20,2005-02-23,2024-03-28,7306,4872,0.3103561936569638,0.1923305104586196,0.08360509894306038,0.04835075070716034,-0.2303195523276952,-0.3686948561610678,0.01925588896087833,0.01782667307725613,0.15223968284826575,-0.16152869161622851,0.40685739936836623,False
fut_commodity/GOLD,fut_commodity,40,100,ls,1975-08-21,2004-12-23,2024-03-28,7366,4912,0.16250756027914975,0.004190582930316014,0.03159477926599802,-0.020649831950618442,-0.28020401492276775,-0.5248381976232895,0.008852984000931262,-0.0108378205821864,0.15174407298826753,-0.174180503030909,0.40088949932502793,False
fut_commodity/GOLD,fut_commodity,50,150,ls,1975-11-03,2005-01-25,2024-03-28,7336,4892,0.27186731049785623,0.1380928947728439,0.07168204911330026,0.0270673755773067,-0.2303195523276952,-0.3495411323302868,0.016509777461707176,0.009461161108500933,0.15196823191850883,-0.1780858422723512,0.4110807715679091,False
fut_commodity/GOLD,fut_commodity,50,200,ls,1976-01-20,2005-02-23,2024-03-28,7306,4872,0.3727304791611971,0.18655910837384204,0.102727896931449,0.0405976394501238,-0.2303195523276951,-0.41705099543149027,0.023660243232816937,0.016931285944842868,0.15221921108073708,-0.16152869161622851,0.40685739936836623,False
fut_commodity/GOLD,fut_commodity,60,120,ls,1975-09-19,2005-01-06,2024-03-28,7354,4904,0.18529273325167503,0.07812286859259074,0.0390725809621747,0.0007243694497906958,-0.26743609524435386,-0.4338021006147527,0.01044941848364288,0.0003142329889403565,0.15181429237886637,-0.17607400629847128,0.4107476939005092,False
fut_commodity/GOLD,fut_commodity,60,132,ls,1975-10-07,2005-01-13,2024-03-28,7347,4899,0.2928793981801184,0.09648262828138195,0.07802811034042469,0.0076601878786182204,-0.2303195523276952,-0.40502355780586136,0.01797139944258262,0.0031025565480592853,0.15188633678831476,-0.17620858997620856,0.4094298580467896,False
fut_commodity/GOLD,fut_commodity,60,180,ls,1975-12-18,2005-02-10,2024-03-28,7318,4880,0.3743260120703644,0.1578527483594632,0.10312839200570403,0.02926681757570832,-0.2303195523276952,-0.42702291879683363,0.02375248507902881,0.012497601865073437,0.15212466543810046,-0.1794276609180006,0.41416694267879894,False
fut_commodity/GOLD,fut_commodity,60,400,ls,1976-11-03,2005-06-17,2024-03-28,7186,4792,0.4132954767856863,0.12485377920499484,0.10077612545690283,0.01452313696319628,-0.26585175424154817,-0.5094475874958262,0.026791509738383956,0.007398777088771805,0.15333766513229574,-0.1618302982789486,0.4112473428669379,False
fut_commodity/GOLD,fut_commodity,62,758,ls,1978-04-11,2006-01-13,2024-03-28,6972,4648,0.45232277416236083,0.20589252794217883,0.11268306388339756,0.0421865832341573,-0.2689842158417307,-0.47578410124688514,0.03030996557731934,0.020071705588740444,0.15502279850343106,-0.1135834602098883,0.3716339036003129,False
fut_commodity/GOLD,fut_commodity,74,758,ls,1978-04-11,2006-01-13,2024-03-28,6972,4648,0.47954761629490344,0.16979588779015609,0.12016415651830863,0.02776971971141697,-0.2689842158417307,-0.5177290064863711,0.03232226141336024,0.014377189396596903,0.15502269695009777,-0.1135834602098883,0.3716339036003129,False
fut_commodity/GOLD,fut_commodity,80,144,ls,1975-10-24,2005-01-21,2024-03-28,7340,4894,0.3828593593908165,0.1930153051569129,0.10556443676225964,0.04603144001912498,-0.2303195523276952,-0.3892717633353019,0.024313553816808928,0.017918739825107964,0.15190674756941938,-0.1752968722622728,0.40885766376543087,False
fut_commodity/GOLD,fut_commodity,80,300,ls,1976-06-11,2005-04-21,2024-03-28,7246,4832,0.4199919051272724,0.07355835646042955,0.10374595361434287,-0.0008118269158301292,-0.261683138001651,-0.5504025392703632,0.027148566696774967,-0.0004468315959209305,0.15274936281667606,-0.16468313860646897,0.41066500907820735,False
fut_commodity/GOLD,fut_commodity,100,200,ls,1976-01-20,2005-02-23,2024-03-28,7306,4872,0.427132584988277,0.030262518789180622,0.11946342462974126,-0.012153552963249633,-0.2303195523276951,-0.573415415170789,0.02751476248025535,-0.00696903461822196,0.1522072640829277,-0.16152869161622851,0.40685739936836623,False
fut_commodity/GOLD,fut_commodity,100,250,ls,1976-03-31,2005-03-23,2024-03-28,7276,4852,0.422816520461285,0.03341216449173553,0.11029626350569592,-0.012058404710318974,-0.2473767128965037,-0.5412148182948131,0.027284727110805658,-0.006526187314220602,0.15248504304605714,-0.17041420127260287,0.4125719119289927,False
fut_commodity/GOLD,fut_commodity,100,300,ls,1976-06-11,2005-04-21,2024-03-28,7246,4832,0.43302101652099423,0.110451421714661,0.10738456410914092,0.010216558877945103,-0.26148057053400214,-0.5090762918909151,0.028078977089803298,0.005201007909469501,0.15278581236285915,-0.16468313860646897,0.41066500907820735,False
fut_commodity/GOLD,fut_commodity,100,400,ls,1976-11-03,2005-06-17,2024-03-28,7186,4792,0.37758660927906995,0.09481469460970272,0.08363884548406003,0.005510705257664693,-0.28970711889466677,-0.5026982581120372,0.024230768952863243,0.002770221933996886,0.1533261996872272,-0.1618302982789486,0.4112473428669379,False
fut_commodity/GOLD,fut_commodity,116,378,ls,1976-10-01,2005-06-07,2024-03-28,7200,4800,0.3347814465164835,0.15960277781335777,0.06796963895324315,0.024902866541074115,-0.3112018021142657,-0.5127508968083284,0.021152274131305257,0.012768967152033867,0.15321637513167194,-0.16604987945681046,0.41674288013416955,False
fut_commodity/GOLD,fut_commodity,120,398,ls,1976-10-29,2005-06-17,2024-03-28,7188,4792,0.4383622196050889,0.20187915502728376,0.1004137156648567,0.040460162374528506,-0.2846847604889422,-0.4783433540136905,0.028586254593854474,0.01935384977417049,0.15331410666618098,-0.16115895853438386,0.4112473428669379,False
fut_commodity/GOLD,fut_commodity,134,750,ls,1978-03-30,2006-01-09,2024-03-28,6976,4652,0.48007358810714745,0.052063025380522494,0.1155401104985488,-0.006251007901611299,-0.27992115201708045,-0.6350025739581111,0.032342120834934554,-0.003969406107355666,0.1549991983642489,-0.11818587564517444,0.374322644353543,False
fut_commodity/GOLD,fut_commodity,150,400,ls,1976-11-03,2005-06-17,2024-03-28,7186,4792,0.4576724097459742,0.2774713077958261,0.1114384387012219,0.07114631489246619,-0.26898421584173077,-0.4390246427453922,0.029975181048674956,0.031234985478316147,0.15331363357724592,-0.1618302982789486,0.4112473428669379,False
fut_commodity/GOLD,fut_commodity,150,500,ls,1977-03-29,2005-08-15,2024-03-28,7126,4752,0.39603767256988887,0.25376302064591166,0.09543545514960054,0.05859129500041249,-0.26898421584173077,-0.47016994018019825,0.025670631066913967,0.02754786566542429,0.15385295193049922,-0.17134973816520108,0.41251778779836284,False
fut_commodity/GOLD,fut_commodity,150,710,ls,1978-01-30,2005-12-14,2024-03-28,7000,4668,0.4337170909743917,0.07911302693045974,0.102473006954905,0.0003550292489464302,-0.28095845091558946,-0.6273790879644191,0.028790657294712533,0.00022273792640470407,0.15490392010358248,-0.1430903217373091,0.3915452350139955,False
fut_commodity/GOLD,fut_commodity,162,678,ls,1977-12-12,2005-11-28,2024-03-28,7020,4680,0.4344079585043625,0.061106556485604625,0.10249225586444377,-0.003962379027571815,-0.28052763555708066,-0.645016652831928,0.028751910200563745,-0.0025558004576158016,0.154824858943533,-0.13971352475132298,0.393792665691326,False
fut_commodity/GOLD,fut_commodity,174,698,ls,1978-01-11,2005-12-08,2024-03-28,7008,4672,0.4133564414281908,0.060924274776690546,0.0847891094653598,-0.004066925259601042,-0.3213504333832396,-0.6378137340485275,0.027247017072872314,-0.0025939407859224177,0.15492643973785747,-0.1350481558862302,0.38530055812299724,False
fut_commodity/GOLD,fut_commodity,200,400,ls,1976-11-03,2005-06-17,2024-03-28,7186,4792,0.3629954129042155,0.21635294283964046,0.08621488702259102,0.04203439680609309,-0.2689842158417308,-0.5142312484341786,0.02319044377965506,0.021615400346774897,0.15331917371321724,-0.1618302982789486,0.4112473428669379,False
fut_commodity/GOLD,fut_commodity,200,600,ls,1977-08-22,2005-10-11,2024-03-28,7066,4712,0.4032092232027579,0.06695047963622479,0.08480230732165159,-0.002501532396375191,-0.3105490397969323,-0.6467302103368695,0.026335275111303263,-0.0016178165728722204,0.1544275698813526,-0.14778559809187483,0.40027850712553414,False
fut_commodity/SILVER,fut_commodity,5,20,ls,1970-07-14,2004-07-01,2024-03-28,8513,5676,0.32025308623772797,0.0821132248556115,0.0592373685112298,-0.0215490785645183,-0.49325869324345123,-0.6751736520394298,0.029219346983029977,-0.014549370072490414,0.2718971316314021,-0.10890020926649739,0.18990102948503904,False
fut_commodity/SILVER,fut_commodity,5,35,ls,1970-08-04,2004-07-12,2024-03-28,8504,5670,0.44088339729073217,0.012519311268278823,0.10408574681055005,-0.046183238835474066,-0.41090157474595257,-0.7180524450432032,0.042768997273063526,-0.03316198756582637,0.27201784695289116,-0.09562963325265955,0.18213797250137503,False
fut_commodity/SILVER,fut_commodity,8,21,ls,1970-07-15,2004-07-01,2024-03-28,8512,5676,0.3190887883525913,0.06478111376125373,0.05287149125348125,-0.0295618039213866,-0.5502772374235759,-0.651798720606023,0.02909397814543042,-0.0192683459747659,0.2719144730783975,-0.10890660543563077,0.18990102948503904,False
fut_commodity/SILVER,fut_commodity,9,21,ls,1970-07-15,2004-07-01,2024-03-28,8512,5676,0.25811151485143274,0.07050564962657699,0.03924841269055007,-0.025080477805945783,-0.5689333534883503,-0.7070962489321927,0.022329731051129377,-0.017734311778011373,0.2719418084777849,-0.10890660543563077,0.18990102948503904,False
fut_commodity/SILVER,fut_commodity,10,20,ls,1970-07-14,2004-07-01,2024-03-28,8513,5676,0.25374238207951644,0.06657863949752964,0.036679084593617975,-0.026105674708769504,-0.5955343398923283,-0.7196323337087867,0.021843654431315147,-0.018786487613714247,0.2719569608390615,-0.10890020926649739,0.18990102948503904,False
fut_commodity/SILVER,fut_commodity,10,30,ls,1970-07-28,2004-07-08,2024-03-28,8507,5672,0.32018792527092216,0.05964653072577288,0.05194688137081522,-0.026729385286864887,-0.5626923576450894,-0.7730431728831366,0.02923011315085379,-0.02066296881137386,0.27190777367798297,-0.09801867320448181,0.18353869479505777,False
fut_commodity/SILVER,fut_commodity,10,100,ls,1970-11-06,2004-08-17,2024-03-28,8465,5644,0.2481247025468065,-0.3432420201533174,0.039351440000837484,-0.13225793744239922,-0.5412649379247765,-0.9288366047799859,0.021299554729303866,-0.12284601356920186,0.27248988467633595,-0.08996948052810065,0.1801481009759686,False
fut_commodity/SILVER,fut_commodity,12,26,ls,1970-07-22,2004-07-06,2024-03-28,8509,5674,0.22801217777927207,0.08434840376354097,0.031226651370968007,-0.0183754787776045,-0.6085069785987485,-0.7663100193881035,0.01900163527750421,-0.014081313498331789,0.27190645614795633,-0.10831261563168379,0.18957250864530278,False
fut_commodity/SILVER,fut_commodity,13,48,ls,1970-08-21,2004-07-19,2024-03-28,8496,5665,0.2949465330107719,-0.17253316342703748,0.049807461374416544,-0.09167024050891692,-0.5310646996575202,-0.8818080978464694,0.02645098451550806,-0.08083556041229639,0.27209079845857853,-0.09431362849680007,0.181469165640796,False
fut_commodity/SILVER,fut_commodity,20,50,ls,1970-08-25,2004-07-20,2024-03-28,8495,5664,0.2786742448065737,-0.2850919590741988,0.04593914212591976,-0.12016482432392911,-0.5364989476649902,-0.9037851290165771,0.024646301407188372,-0.1086031812548566,0.27209054375579456,-0.09405032055394917,0.18132455489014795,False
fut_commodity/SILVER,fut_commodity,20,60,ls,1970-09-09,2004-07-26,2024-03-28,8489,5660,0.2552754762480968,-0.29786922469922505,0.04869201502584974,-0.12264085548265496,-0.4530044591825884,-0.9110588444486195,0.022057699933295528,-0.11173303607821777,0.2721466909526788,-0.10218403569671147,0.18631852372925972,False
fut_commodity/SILVER,fut_commodity,20,100,ls,1970-11-06,2004-08-17,2024-03-28,8465,5644,0.24547754697842875,-0.29106710854650064,0.04000620553069364,-0.11890299863384854,-0.5249934092981037,-0.9275526508311523,0.021002994234639503,-0.1102887915745991,0.27248305407352186,-0.08996948052810065,0.1801481009759686,False
fut_commodity/SILVER,fut_commodity,21,55,ls,1970-09-01,2004-07-22,2024-03-28,8492,5662,0.2650534609440379,-0.2517303952303775,0.0472445590774871,-0.10981194021990655,-0.48977878272788095,-0.9148293951464543,0.02313938263548709,-0.10045919085123571,0.2720875330024057,-0.09816027972105132,0.18383259009900002,False
fut_commodity/SILVER,fut_commodity,30,90,ls,1970-10-22,2004-08-11,2024-03-28,8471,5648,0.2476827505827511,-0.31591398551364164,0.03831200661286581,-0.12465576432877098,-0.5542840059554475,-0.9325450770486955,0.021235732501570855,-0.11624711935053776,0.27239166640747087,-0.09385493398587177,0.18277394796167917,False
fut_commodity/SILVER,fut_commodity,30,200,ls,1971-04-05,2004-10-13,2024-03-28,8405,5604,0.10483166902138544,-0.09827325725666725,0.00786455146945448,-0.07129179982048371,-0.6983037319629656,-0.8770116843378467,0.0054918456413348875,-0.06252374144003901,0.27323259689872775,-0.08585729811542468,0.17932133015724824,False
fut_commodity/SILVER,fut_commodity,40,100,ls,1970-11-06,2004-08-17,2024-03-28,8465,5644,0.1417353961455525,-0.23834619999328074,0.014342719798942858,-0.10597919579373584,-0.6652061730055822,-0.9189827272548518,0.009540865747946171,-0.09739305038280327,0.2724937335189966,-0.08996948052810065,0.1801481009759686,False
fut_commodity/SILVER,fut_commodity,50,150,ls,1971-01-21,2004-09-15,2024-03-28,8435,5624,0.0938058519175531,-0.08904330162639888,0.006323550156896567,-0.06858878318634688,-0.6775624005423372,-0.8753327792717585,0.004284599824256711,-0.06003801021337308,0.2728856052093513,-0.0971038121076147,0.18676689974794877,False
fut_commodity/SILVER,fut_commodity,50,200,ls,1971-04-05,2004-10-13,2024-03-28,8405,5604,0.23876248745709427,0.07306056547076936,0.030882022557845456,-0.022008122176543906,-0.6591875242290204,-0.7991457017894964,0.020357043993090906,-0.01758769624184316,0.2732084434055911,-0.08585729811542468,0.17932133015724824,False
fut_commodity/SILVER,fut_commodity,60,120,ls,1970-12-08,2004-08-27,2024-03-28,8453,5636,0.10918816148137524,0.022503166384283305,0.009217423662765083,-0.037532435019163736,-0.6479883063695867,-0.8237388802974136,0.005972782748326098,-0.03091692599752137,0.27269702283646724,-0.09103665848424167,0.18217084780816487,False
fut_commodity/SILVER,fut_commodity,60,132,ls,1970-12-24,2004-09-03,2024-03-28,8446,5631,0.07894062331014177,0.01807934054394613,0.003988557754656545,-0.03983812051773796,-0.6670501525321139,-0.8061679133996971,0.002660568058626794,-0.03211621449155047,0.272797539204874,-0.09201883945723731,0.18279233783885548,False
fut_commodity/SILVER,fut_commodity,60,180,ls,1971-03-08,2004-10-01,2024-03-28,8417,5612,0.17999037376634341,0.10064985918899548,0.019388728687024005,-0.013222386042921449,-0.7112689759250916,-0.7671048755852398,0.01379060119770901,-0.010142956800395269,0.2731258220674044,-0.08445213936795344,0.1785702916064549,False
fut_commodity/SILVER,fut_commodity,60,400,ls,1972-01-27,2005-02-09,2024-03-28,8285,5524,0.030714960874806733,-0.15740104386313447,-0.003964283962624078,-0.08598293336831128,-0.7058110323049372,-0.9085212253500707,-0.002798035356009608,-0.07811731998297165,0.2744997358320092,-0.0889680971149185,0.1856158290507735,False
fut_commodity/SILVER,fut_commodity,62,758,ls,1973-07-09,2005-09-02,2024-03-28,8070,5381,-0.0712924249451854,-0.18214593833767848,-0.01806656730954396,-0.0933295263018969,-0.8018043959759602,-0.9179974723213781,-0.014485853088987921,-0.08567626923809293,0.27757773582135836,-0.09783665688417496,0.18461757955601787,False
fut_commodity/SILVER,fut_commodity,74,758,ls,1973-07-09,2005-09-02,2024-03-28,8070,5381,0.05521976711906458,-0.1391409722768706,-0.0002807921784426943,-0.08153247668894924,-0.690145862820294,-0.9161157509665132,-0.00019378756026452323,-0.07469318611005646,0.2775683201678549,-0.09783665688417496,0.18461757955601787,False
fut_commodity/SILVER,fut_commodity,80,144,ls,1971-01-13,2004-09-13,2024-03-28,8439,5626,0.2871281884903845,0.14966803006386198,0.0384510468504069,0.004589178555649425,-0.6682702525540029,-0.707475862760607,0.025695690789687215,0.0032467330580205536,0.27281323034950444,-0.10089057548979492,0.1878485056043779,False
fut_commodity/SILVER,fut_commodity,80,300,ls,1971-08-31,2004-12-10,2024-03-28,8345,5564,0.1196481789750799,-0.16778285921994243,0.010881023645275163,-0.08855073026807586,-0.6557778636987927,-0.9080365739626781,0.007135534440954596,-0.08040730173451682,0.27369790476718303,-0.08600751406812966,0.18286664330721586,False
fut_commodity/SILVER,fut_commodity,100,200,ls,1971-04-05,2004-10-13,2024-03-28,8405,5604,0.23837323977209213,0.03475356253394837,0.030066551618443765,-0.035568906951256245,-0.6756405496319489,-0.7831279253491394,0.020314181461022707,-0.02785500430767389,0.2732081570108876,-0.08585729811542468,0.17932133015724824,False
fut_commodity/SILVER,fut_commodity,100,250,ls,1971-06-16,2004-11-10,2024-03-28,8375,5584,0.15146147987306618,-0.07596347841649072,0.01617169568614633,-0.06730488022755086,-0.659270273773061,-0.846061831223002,0.01066151824238032,-0.05694409021556651,0.27356438882970613,-0.0732436817524956,0.17294907533735146,False
fut_commodity/SILVER,fut_commodity,100,300,ls,1971-08-31,2004-12-10,2024-03-28,8345,5564,0.03416231420521229,-0.05571224846439818,-0.003345656490499851,-0.0596249677704483,-0.7054990702150848,-0.868058542828662,-0.0023603575433067086,-0.05175796263902129,0.2737134935842677,-0.08600751406812966,0.18286664330721586,False
fut_commodity/SILVER,fut_commodity,100,400,ls,1972-01-27,2005-02-09,2024-03-28,8285,5524,0.09344467236630465,-0.03595646176884375,0.006313910750679916,-0.05396461324097659,-0.6659183683725955,-0.8683585911384372,0.004204549145142959,-0.04686063552526508,0.27451309820037173,-0.0889680971149185,0.1856158290507735,False
fut_commodity/SILVER,fut_commodity,116,378,ls,1971-12-27,2005-01-27,2024-03-28,8298,5533,0.08652840181492022,0.030639933455606064,0.004967499717101754,-0.03551736756032697,-0.6910229139839208,-0.8223327350600166,0.003432656129725956,-0.02920709400801559,0.2742856183955975,-0.08258224007007503,0.1825052336775097,False
fut_commodity/SILVER,fut_commodity,120,398,ls,1972-01-25,2005-02-08,2024-03-28,8286,5525,0.022506660710677914,-0.04125424922343509,-0.004967793616988203,-0.056320370339453085,-0.7466355842510393,-0.8563820735309335,-0.0037091314896585703,-0.04823175553333092,0.2744939866264486,-0.0892901566376852,0.186023014075586,False
fut_commodity/SILVER,fut_commodity,134,750,ls,1973-06-26,2005-08-30,2024-03-28,8075,5384,0.1351914514828451,-0.11411876382719398,0.013711122924659857,-0.07762754400245897,-0.6527680646141646,-0.8787565050768493,0.008950183175217119,-0.06821570926530018,0.2775269197078652,-0.10362093794666168,0.18862915361500554,False
fut_commodity/SILVER,fut_commodity,150,400,ls,1972-01-27,2005-02-09,2024-03-28,8285,5524,0.021508411706416812,-0.09282441589736168,-0.005019605050261423,-0.06970198296179372,-0.7610873554201973,-0.8841871686148164,-0.0038203579329573333,-0.06162959896182657,0.27449728491146325,-0.0889680971149185,0.1856158290507735,False
fut_commodity/SILVER,fut_commodity,150,500,ls,1972-06-20,2005-04-08,2024-03-28,8225,5484,0.0766796478494611,-0.16286775855729194,0.003200672352146771,-0.08945871714968526,-0.7203499595032454,-0.8922455505102784,0.0023056041992520837,-0.0798191423311642,0.2752650182152057,-0.07781329263543162,0.17952042855433095,False
fut_commodity/SILVER,fut_commodity,150,710,ls,1973-04-30,2005-08-08,2024-03-28,8099,5400,0.12599774598558663,-0.05293334526092094,0.012214242323541681,-0.0617400095021844,-0.6462523038926946,-0.8443293378115613,0.007893482241892472,-0.052128901339458855,0.27715154974506656,-0.08954487295161709,0.18417057437388043,False
fut_commodity/SILVER,fut_commodity,162,678,ls,1973-03-14,2005-07-20,2024-03-28,8118,5413,0.1515702751439084,-0.10400847159308661,0.01728129985065085,-0.07591377679539657,-0.6258612760960826,-0.8608317402328981,0.010815696377127381,-0.06534898858643302,0.27685870700941284,-0.08952058887388528,0.18325056936381545,False
fut_commodity/SILVER,fut_commodity,174,698,ls,1973-04-11,2005-08-01,2024-03-28,8106,5405,0.13419872513249906,-0.15222178283525756,0.013506826982744675,-0.08921120115530631,-0.6537437583315063,-0.8722597130295514,0.008830003834832904,-0.07781533671874907,0.2770241262573798,-0.08489220957179254,0.1803557651374985,False
fut_commodity/SILVER,fut_commodity,200,400,ls,1972-01-27,2005-02-09,2024-03-28,8285,5524,0.024837665476951612,-0.0866767920751946,-0.004546727831276462,-0.07064695738158708,-0.7578533471696528,-0.8499530960203624,-0.0034457529056022835,-0.060046600150898535,0.27450188390595454,-0.0889680971149185,0.1856158290507735,False
fut_commodity/SILVER,fut_commodity,200,600,ls,1972-11-15,2005-06-06,2024-03-28,8165,5444,0.1498235466086242,-0.1184592576211412,0.016384814685609782,-0.08042185710073127,-0.6468419274732712,-0.8555747791264873,0.01059838511253219,-0.06880691262590008,0.27612664776320445,-0.07399143698205793,0.1760505574388255,False
fut_commodity/SOYBEAN,fut_commodity,5,20,ls,1988-06-13,2012-10-29,2024-03-28,4261,2841,-0.1600176324100938,-0.3550817368169415,-0.9988569561899675,-0.12216792798531306,-1.0,-0.7175194119080304,-0.9988569561899675,-0.08765785984204444,0.2011122411878629,0.3605550238412216,0.11265522514755708,False
fut_commodity/SOYBEAN,fut_commodity,5,35,ls,1988-07-05,2012-11-06,2024-03-28,4252,2835,-0.05030764121875649,-0.49853551062014617,-0.9974639384348047,-0.142860759461522,-1.0,-0.7959967171980812,-0.9974639384348047,-0.11371669554779623,0.2011815040245596,0.36145946519332717,0.10370454677871233,False
fut_commodity/SOYBEAN,fut_commodity,8,21,ls,1988-06-14,2012-10-29,2024-03-28,4260,2841,-0.06644455037498417,-0.2649959942242139,-0.9975673139779798,-0.10785409949275884,-1.0,-0.6578741074818492,-0.9975673139779798,-0.07095441944205728,0.20109357186217636,0.3605973520134089,0.11265522514755708,False
fut_commodity/SOYBEAN,fut_commodity,9,21,ls,1988-06-14,2012-10-29,2024-03-28,4260,2841,0.0029383117708066033,-0.17827988764718636,-0.997076856098314,-0.08688897700704704,-1.0,-0.6285144785318554,-0.997076856098314,-0.05461098007375054,0.20112173460511582,0.3605973520134089,0.11265522514755708,False
fut_commodity/SOYBEAN,fut_commodity,10,20,ls,1988-06-13,2012-10-29,2024-03-28,4261,2841,-0.02558022634711383,-0.17398487788232592,-0.9972708365570301,-0.08815806279093837,-1.0,-0.6102342615475408,-0.9972708365570301,-0.053797070346690005,0.20113095457776148,0.3605550238412216,0.11265522514755708,False
fut_commodity/SOYBEAN,fut_commodity,10,30,ls,1988-06-27,2012-11-02,2024-03-28,4255,2837,-0.12830698111002833,-0.10049789164270084,-0.9989326914411459,-0.06756897009301213,-1.0,-0.5871760762160376,-0.9989326914411459,-0.03967488273317366,0.20114441802165048,0.3610635575184901,0.10834659931997223,False
fut_commodity/SOYBEAN,fut_commodity,10,100,ls,1988-10-05,2012-12-13,2024-03-28,4213,2809,-0.304562520814606,-0.29529255207096305,-0.9999254211145678,-0.11455682282267819,-1.0,-0.6671628812745423,-0.9999254211145678,-0.07642805998403522,0.20080238566934056,0.3663063435206194,0.12548095804193704,False
fut_commodity/SOYBEAN,fut_commodity,12,26,ls,1988-06-21,2012-10-31,2024-03-28,4257,2839,-0.13912245078957955,-0.1626995237290263,-0.9989559598081096,-0.08973753354852541,-1.0,-0.5759071948037754,-0.9989559598081096,-0.051680491214540956,0.20118328841799507,0.3612488088978318,0.10355898851143636,False
fut_commodity/SOYBEAN,fut_commodity,13,48,ls,1988-07-22,2012-11-13,2024-03-28,4244,2830,-0.40352353405570274,-0.1540315475407279,-0.9997431033468057,-0.08599587614016001,-1.0,-0.5799409793786326,-0.9997431033468057,-0.04987253263124798,0.2007454347143894,0.3597132102299406,0.14062789724035735,False
fut_commodity/SOYBEAN,fut_commodity,20,50,ls,1988-07-26,2012-11-14,2024-03-28,4243,2829,-0.4564234122051277,-0.18647515007116205,-0.9998889563826097,-0.08943633713343829,-1.0,-0.6265175269126716,-0.9998889563826097,-0.056033432756969696,0.20069912013132482,0.35953231439545874,0.1445804775340877,False
fut_commodity/SOYBEAN,fut_commodity,20,60,ls,1988-08-09,2012-11-20,2024-03-28,4237,2825,-0.3455393895450092,-0.3083437428361844,-0.9998557274888411,-0.10534695991156089,-1.0,-0.7478691698023245,-0.9998557274888411,-0.07878574345025781,0.20065976788328063,0.3590791035587312,0.135307515864843,False
fut_commodity/SOYBEAN,fut_commodity,20,100,ls,1988-10-05,2012-12-13,2024-03-28,4213,2809,-0.12206490721951464,-0.36731685953501286,-0.9998751669470345,-0.12471594544217629,-1.0,-0.719531883627501,-0.9998751669470345,-0.08973709914239375,0.20078789138627834,0.3663063435206194,0.12548095804193704,False
fut_commodity/SOYBEAN,fut_commodity,21,55,ls,1988-08-02,2012-11-16,2024-03-28,4240,2827,-0.4017937398674691,-0.2516947274856277,-0.9998745407955401,-0.09449893367572004,-1.0,-0.7226215487247621,-0.9998745407955401,-0.0682869658055874,0.2007439829016392,0.3592387243461609,0.15203577090305875,False
fut_commodity/SOYBEAN,fut_commodity,30,90,ls,1988-09-21,2012-12-07,2024-03-28,4219,2813,-0.013699431604792551,-0.24882264415224833,-0.9998349543928398,-0.09999602292948631,-1.0,-0.6781089928610253,-0.9998349543928398,-0.06780820239882196,0.20076340452992622,0.36490058947637793,0.11448449798225879,False
fut_commodity/SOYBEAN,fut_commodity,30,200,ls,1989-02-28,2013-02-12,2024-03-28,4153,2769,-0.05336873705688961,-0.026044194364040932,-0.9994413243181013,-0.048587578865937765,-1.0,-0.5174656203810885,-0.9994413243181013,-0.025142401640677547,0.20079614056290876,0.3658930107437878,0.14380409222755386,False
fut_commodity/SOYBEAN,fut_commodity,40,100,ls,1988-10-05,2012-12-13,2024-03-28,4213,2809,-0.07657136940867902,-0.30775094227064176,-0.9998618428357151,-0.11474763037353553,-1.0,-0.6863854535729373,-0.9998618428357151,-0.07876110432035895,0.20074012312543418,0.3663063435206194,0.12548095804193704,False
fut_commodity/SOYBEAN,fut_commodity,50,150,ls,1988-12-15,2013-01-14,2024-03-28,4183,2789,-0.04673302580971527,-0.16737356477878992,-0.9993989201933973,-0.08819074226984804,-1.0,-0.5950860313051339,-0.9993989201933973,-0.05248107881521778,0.20092810219832946,0.36936096779732913,0.13871053253392066,False
fut_commodity/SOYBEAN,fut_commodity,50,200,ls,1989-02-28,2013-02-12,2024-03-28,4153,2769,-0.25072769499030717,-0.08030707533269137,-0.9998372846831525,-0.0702896560968444,-1.0,-0.5080317529342969,-0.9998372846831525,-0.03570937720002875,0.20082277972268628,0.3658930107437878,0.14380409222755386,False
fut_commodity/SOYBEAN,fut_commodity,60,120,ls,1988-11-02,2012-12-26,2024-03-28,4201,2801,-0.0342157885711062,-0.3684989890466927,-0.9993603858341719,-0.1340205710112413,-1.0,-0.6711973620042699,-0.9993603858341719,-0.08995425371705108,0.20079863256726396,0.3654453531509945,0.1311355683080243,False
fut_commodity/SOYBEAN,fut_commodity,60,132,ls,1988-11-18,2013-01-03,2024-03-28,4194,2796,-0.0927525261359546,-0.18289138077771017,-0.9994518099118616,-0.09342326176091263,-1.0,-0.5933563980066544,-0.9994518099118616,-0.055433290088487935,0.2009419397012625,0.37037134545013317,0.13555968067184987,False
fut_commodity/SOYBEAN,fut_commodity,60,180,ls,1989-01-30,2013-01-31,2024-03-28,4165,2777,-0.22478184105170884,-0.06606663122954684,-0.9998227918657239,-0.06186895976090911,-1.0,-0.5336061277009416,-0.9998227918657239,-0.033013656042904085,0.2010655509477045,0.36626912974821735,0.1205804360297552,False
fut_commodity/SOYBEAN,fut_commodity,60,400,ls,1989-12-12,2013-06-07,2024-03-28,4033,2689,-0.46342673816855934,-0.08321073033245224,-0.9999834152433675,-0.0737989210123515,-1.0,-0.49510487150966,-0.9999834152433675,-0.036538205305371836,0.2018102459217643,0.3907113231677359,0.1230417297296271,False
fut_commodity/SOYBEAN,fut_commodity,62,758,ls,1991-05-14,2013-12-31,2024-03-28,3818,2546,-0.6050519507214208,-0.2692766149083219,-0.9999930195447521,-0.10587729224090889,-1.0,-0.6764610401690422,-0.9999930195447521,-0.07162186323956689,0.20082076446478586,0.42395488447670027,0.12320075968830918,False
fut_commodity/SOYBEAN,fut_commodity,74,758,ls,1991-05-14,2013-12-31,2024-03-28,3818,2546,-0.5828814811281237,-0.2242667139765785,-0.9999927854774772,-0.09453243659534137,-1.0,-0.668486392801017,-0.9999927854774772,-0.0631936475423106,0.20083002883700216,0.42395488447670027,0.12320075968830918,False
fut_commodity/SOYBEAN,fut_commodity,80,144,ls,1988-12-07,2013-01-09,2024-03-28,4186,2792,-0.25727083460166206,-0.01952607629688007,-0.9998286608600042,-0.04568709733415006,-1.0,-0.5234008984361868,-0.9998286608600042,-0.02391266779163565,0.20099189722393834,0.3709844571754595,0.13712427403285934,False
fut_commodity/SOYBEAN,fut_commodity,80,300,ls,1989-07-21,2013-04-11,2024-03-28,4093,2729,-0.4704571143850217,0.08274691902080089,-0.9999811055480332,-0.008737702607331295,-1.0,-0.4236707743513038,-0.9999811055480332,-0.0037019092296994554,0.2017386758729457,0.38319084173885054,0.16705617868642592,False
fut_commodity/SOYBEAN,fut_commodity,100,200,ls,1989-02-28,2013-02-12,2024-03-28,4153,2769,-0.36517410152300467,0.16063207621459827,-0.9999459485037571,0.031178210689972567,-1.0,-0.3885836934777307,-0.9999459485037571,0.012115344265936407,0.20081388213855758,0.3658930107437878,0.14380409222755386,True
fut_commodity/SOYBEAN,fut_commodity,100,250,ls,1989-05-10,2013-03-13,2024-03-28,4123,2749,-0.4371384251368093,0.06216866543959469,-0.9999779575920311,-0.018405112551065035,-1.0,-0.42260727266632203,-0.9999779575920311,-0.007778134418322287,0.20136769807513347,0.3697210887716897,0.15040346312907685,False
fut_commodity/SOYBEAN,fut_commodity,100,300,ls,1989-07-21,2013-04-11,2024-03-28,4093,2729,-0.5005704431956454,-0.023081075292622648,-0.999982576349165,-0.04708328029699842,-1.0,-0.5257531996641809,-0.999982576349165,-0.0247541852668324,0.20172172978418879,0.38319084173885054,0.16705617868642592,False
fut_commodity/SOYBEAN,fut_commodity,100,400,ls,1989-12-12,2013-06-07,2024-03-28,4033,2689,-0.4870317120194054,-0.308881236690008,-0.9999843066629857,-0.12337894284078953,-1.0,-0.6438684610171058,-0.9999843066629857,-0.07943981004881662,0.2017901181464969,0.3907113231677359,0.1230417297296271,False
fut_commodity/SOYBEAN,fut_commodity,116,378,ls,1989-11-09,2013-05-24,2024-03-28,4046,2698,-0.493359131925676,-0.3357261030652002,-0.9999840860487341,-0.12242799454549033,-1.0,-0.6909372668424503,-0.9999840860487341,-0.0845900639362635,0.20214550774119452,0.39105066302190145,0.15921765594995715,False
fut_commodity/SOYBEAN,fut_commodity,120,398,ls,1989-12-08,2013-06-06,2024-03-28,4034,2690,-0.5653297727278307,-0.37549362380457596,-0.9999880951621763,-0.1318158533363197,-1.0,-0.6961806403973961,-0.9999880951621763,-0.09176764519020829,0.20184577091725092,0.3907664960619763,0.13389357944068214,False
fut_commodity/SOYBEAN,fut_commodity,134,750,ls,1991-05-02,2013-12-26,2024-03-28,3823,2549,-0.4961606863968474,-0.3353438280250795,-0.9999791463989414,-0.11706492251810513,-1.0,-0.7160269315992508,-0.9999791463989414,-0.08382163726854286,0.20072365432093114,0.4140224907401777,0.11529903205186769,False
fut_commodity/SOYBEAN,fut_commodity,150,400,ls,1989-12-12,2013-06-07,2024-03-28,4033,2689,-0.638319565317866,-0.33695090875004663,-0.9999900893554807,-0.11380159465323388,-1.0,-0.7434665780039033,-0.9999900893554807,-0.08460768214822709,0.2017504372915475,0.3907113231677359,0.1230417297296271,False
fut_commodity/SOYBEAN,fut_commodity,150,500,ls,1990-05-07,2013-08-05,2024-03-28,3973,2649,-0.5015873759853957,-0.29705330072016295,-0.9999734193192438,-0.10395422100312694,-1.0,-0.7405843573110277,-0.9999734193192438,-0.0769868699513693,0.20127273084337866,0.36764917710681244,0.1919987668185235,False
fut_commodity/SOYBEAN,fut_commodity,150,710,ls,1991-03-06,2013-12-03,2024-03-28,3847,2565,-0.4742168198922969,-0.40314076173192054,-0.9999768078972968,-0.12964042271419218,-1.0,-0.7399549059863777,-0.9999768078972968,-0.09592806680151433,0.2002021627654911,0.401495030035647,0.11193608716859017,False
fut_commodity/SOYBEAN,fut_commodity,162,678,ls,1991-01-18,2013-11-13,2024-03-28,3866,2578,-0.5363299494834419,-0.4308249752069116,-0.9999793585644435,-0.1342553479817495,-1.0,-0.7505219829783716,-0.9999793585644435,-0.10076158999271395,0.19991110999867362,0.4086109443373799,0.10259564758075582,False
fut_commodity/SOYBEAN,fut_commodity,174,698,ls,1991-02-15,2013-11-25,2024-03-28,3854,2570,-0.38195327676623886,-0.3563056066432166,-0.9998597174528804,-0.12246828155701853,-1.0,-0.7130640965777805,-0.9998597174528804,-0.08732773454788867,0.20005866538485992,0.4052594849724625,0.11015405546073793,False
fut_commodity/SOYBEAN,fut_commodity,200,400,ls,1989-12-12,2013-06-07,2024-03-28,4033,2689,-0.5977911282913428,-0.3925306005442368,-0.9999761674956484,-0.12607409275847867,-1.0,-0.7521475171633687,-0.9999761674956484,-0.09482631584691396,0.20174863202108828,0.3907113231677359,0.1230417297296271,False
fut_commodity/SOYBEAN,fut_commodity,200,600,ls,1990-09-27,2013-10-01,2024-03-28,3913,2609,-0.31836579217778155,-0.30756483805854895,-0.999815454957064,-0.11316035208372274,-1.0,-0.6884904870605153,-0.999815454957064,-0.07790982592206167,0.19904982317069303,0.39883184948757383,0.11454752796565537,False
fut_commodity/WHEAT,fut_commodity,5,20,ls,1974-01-21,2004-02-13,2024-03-28,7578,5052,0.21096080001364942,0.11715032619385572,0.05269004295614339,0.0054314630981630065,-0.2417444856720835,-0.6378547084916105,0.012737527334472871,0.0034644843111617044,0.19957041369630388,-0.11445119022785309,0.004286791858404565,True
fut_commodity/WHEAT,fut_commodity,5,35,ls,1974-02-11,2004-02-24,2024-03-28,7569,5046,0.022248564216021387,0.10808031733280436,-0.003284369430544705,0.0034710570182621553,-0.30931056180145483,-0.47194645304807387,-0.001015890153725307,0.0016381530480964474,0.19960912931317665,-0.10623646165575502,-0.0001406894972198321,True
fut_commodity/WHEAT,fut_commodity,8,21,ls,1974-01-22,2004-02-13,2024-03-28,7577,5052,0.24150686421769996,0.058003629394043396,0.057087606934990896,-0.014345336994887483,-0.2622220773926825,-0.579830870173766,0.014969630883870221,-0.008317869232681527,0.199607948823843,-0.1144587419144397,0.004286791858404565,True
fut_commodity/WHEAT,fut_commodity,9,21,ls,1974-01-22,2004-02-13,2024-03-28,7577,5052,0.26747339110525,0.08117496224050168,0.07108095658329151,-0.006833375077646139,-0.23732224402667143,-0.5443415933810942,0.016869092123909146,-0.0037196902779365578,0.19959237383251124,-0.1144587419144397,0.004286791858404565,True
fut_commodity/WHEAT,fut_commodity,10,20,ls,1974-01-21,2004-02-13,2024-03-28,7578,5052,0.28287751930803506,0.04946458060405,0.07074508568940241,-0.017985395339751128,-0.25441086999869583,-0.5563949134490047,0.017998318798373155,-0.010006982483406961,0.1995954842499132,-0.11445119022785309,0.004286791858404565,True
fut_commodity/WHEAT,fut_commodity,10,30,ls,1974-02-04,2004-02-20,2024-03-28,7572,5048,0.09949718599844451,0.04821518457301523,0.01670342665420358,-0.017790466278698826,-0.27502836923728413,-0.5772455964489053,0.0045939161933801955,-0.010269468318151639,0.19967043512430704,-0.11574790415395621,0.004982431211576969,True
fut_commodity/WHEAT,fut_commodity,10,100,ls,1974-05-16,2004-03-31,2024-03-28,7530,5020,0.20439084609386549,0.07297030878816364,0.05350544121699812,-0.009345965608584974,-0.22903910179976522,-0.57891405005643,0.012254838197741386,-0.005410510802154035,0.19988603525605872,-0.07031958885112828,-0.006226105326990457,True
fut_commodity/WHEAT,fut_commodity,12,26,ls,1974-01-29,2004-02-18,2024-03-28,7574,5050,0.07434656148700018,0.09472847766187142,0.009506342107163076,-0.002024292354750726,-0.29095270819253694,-0.5048972646884964,0.0027658959810838452,-0.001022059672843477,0.19960589549826072,-0.11866806383260878,0.00657361390980317,True
fut_commodity/WHEAT,fut_commodity,13,48,ls,1974-03-04,2004-03-02,2024-03-28,7561,5041,0.18378650169799418,-0.11005011629696175,0.0359529106485793,-0.05306024480493884,-0.29926106001524044,-0.7742678671981207,0.010759306151327067,-0.041082842578130156,0.1997391320686657,-0.11109607605612648,0.002486911637923672,False
fut_commodity/WHEAT,fut_commodity,20,50,ls,1974-03-06,2004-03-03,2024-03-28,7560,5040,0.19675514968436988,0.059093842765565896,0.04213933670269337,-0.012875840352292134,-0.27787534385889084,-0.63137711152202,0.011709482676246498,-0.008129510890048876,0.19974043757647705,-0.1133774674875495,0.0037308789946489977,True
fut_commodity/WHEAT,fut_commodity,20,60,ls,1974-03-20,2004-03-09,2024-03-28,7554,5036,0.16835354840176864,0.15013032290256542,0.03895652134267972,0.017227667271327626,-0.24711586028928212,-0.5846641288100602,0.009626774285474078,0.010072399076620353,0.19976562974057735,-0.10889421809235829,0.005111955734979282,True
fut_commodity/WHEAT,fut_commodity,20,100,ls,1974-05-16,2004-03-31,2024-03-28,7530,5020,0.3139645882888549,0.07956137406450438,0.08364592388100414,-0.006782476242780228,-0.24287219305261631,-0.6044185882116025,0.020315268972891688,-0.00409945471523996,0.19989494059511065,-0.07031958885112828,-0.006226105326990457,True
fut_commodity/WHEAT,fut_commodity,21,55,ls,1974-03-13,2004-03-05,2024-03-28,7557,5038,0.18433183378011317,0.12087970727787975,0.03877974205292753,0.007075762665309984,-0.2784966439995035,-0.5923664141676453,0.010800028016906734,0.0041914441575509765,0.1997416520226591,-0.11352186734399124,0.003800219390339064,True
fut_commodity/WHEAT,fut_commodity,30,90,ls,1974-05-02,2004-03-25,2024-03-28,7536,5024,0.2705847905698759,0.12110986840187861,0.08680370672242152,0.0067073822875113225,-0.19750144373053155,-0.6288101951972437,0.017143857398839897,0.00421767036547253,0.1998360318038633,-0.07012457825770162,-0.004578928810335372,True
fut_commodity/WHEAT,fut_commodity,30,200,ls,1974-10-08,2004-05-27,2024-03-28,7470,4980,0.4197072113153458,0.26759048831115584,0.14486944024932594,0.055241792814430826,-0.19190700013273618,-0.6171962952730906,0.02780145968915681,0.034095029869310345,0.20035082989753936,-0.13508870492440117,0.004451648643611822,True
fut_commodity/WHEAT,fut_commodity,40,100,ls,1974-05-16,2004-03-31,2024-03-28,7530,5020,0.37181566481289885,0.11050142301656418,0.12312817359860194,0.002817708925023545,-0.1997766131831186,-0.7446333427687422,0.024598129508951776,0.0020981600157896014,0.19989994407667327,-0.07031958885112828,-0.006226105326990457,True
fut_commodity/WHEAT,fut_commodity,50,150,ls,1974-07-29,2004-04-29,2024-03-28,7500,5000,0.4624963440585373,0.2802341321330156,0.12851573740651343,0.0586390727964014,-0.24186117172161173,-0.6258302265778892,0.031082966833806305,0.03669810421448923,0.2001343722529752,-0.12175630570837917,0.0009969541961258805,True
fut_commodity/WHEAT,fut_commodity,50,200,ls,1974-10-08,2004-05-27,2024-03-28,7470,4980,0.3730601789101042,0.24903951207272695,0.10156676797683574,0.04657865792110227,-0.24003248862937143,-0.649595332322889,0.02437932407952183,0.0302572787714126,0.2003595769915838,-0.13508870492440117,0.004451648643611822,True
fut_commodity/WHEAT,fut_commodity,60,120,ls,1974-06-14,2004-04-13,2024-03-28,7518,5012,0.3945252298828734,0.3135713435370801,0.11916746542053147,0.07347775470512254,-0.22020819727586421,-0.5936112064838633,0.02624165273418912,0.043617218620233156,0.19998696591233409,-0.08177065891913787,-0.0028925937988532923,True
fut_commodity/WHEAT,fut_commodity,60,132,ls,1974-07-02,2004-04-19,2024-03-28,7510,5008,0.4353141338075757,0.2432000483807659,0.12324477279586608,0.04499340509157011,-0.23653137715064643,-0.6453761828675213,0.02915125583602473,0.029037672032209617,0.20003150007702045,-0.09981434558251606,-0.002893526267534075,True
fut_commodity/WHEAT,fut_commodity,60,180,ls,1974-09-10,2004-05-17,2024-03-28,7482,4988,0.3314386537462468,0.26621832594050193,0.08088738950418597,0.053798752987892995,-0.2644201781401355,-0.6282769874576809,0.021388257941987385,0.03380051845621332,0.2002289735521402,-0.11534179349746608,0.005671394862140816,True
fut_commodity/WHEAT,fut_commodity,60,400,ls,1975-07-25,2004-09-22,2024-03-28,7350,4900,0.373688501886003,0.23931415814675996,0.07740124042544079,0.0443481399319838,-0.31489430762649634,-0.6380319802435417,0.024373210013201158,0.028295531540921307,0.2015858608476968,-0.13421058085542403,0.02164460789031739,True
fut_commodity/WHEAT,fut_commodity,62,758,ls,1976-12-27,2005-04-14,2024-03-28,7135,4757,0.1514849807138652,0.1707680640192944,0.031789436201136514,0.02023063566537452,-0.25978851466721015,-0.6972153829474542,0.008258530412801295,0.014105110392704522,0.20402531638775645,-0.0902231031807751,0.028258628791914667,True
fut_commodity/WHEAT,fut_commodity,74,758,ls,1976-12-27,2005-04-14,2024-03-28,7135,4757,0.17162282693594408,0.16225093559498052,0.037648608413275,0.01725764648334421,-0.25757785888336815,-0.7152394142481276,0.009697447945029735,0.012343348962048374,0.20404395580780424,-0.0902231031807751,0.028258628791914667,True
fut_commodity/WHEAT,fut_commodity,80,144,ls,1974-07-19,2004-04-26,2024-03-28,7503,5003,0.40371337855983386,0.2563062879727844,0.09845821036497115,0.05134923705593925,-0.2718218166425125,-0.6181882247360808,0.02676308960477711,0.03174349369716326,0.20009355887588215,-0.1101915969910931,0.0019493823972157238,True
fut_commodity/WHEAT,fut_commodity,80,300,ls,1975-03-04,2004-07-27,2024-03-28,7410,4940,0.2763619092815836,0.19313686457897414,0.055455028553749945,0.028898854484949343,-0.31240933342071625,-0.6496740745188846,0.017324668505303807,0.01877483654216538,0.2009098565508276,-0.11821016700180541,0.019045062332759072,True
fut_commodity/WHEAT,fut_commodity,100,200,ls,1974-10-08,2004-05-27,2024-03-28,7470,4980,0.36039107760894323,0.1860166261359426,0.09351537294777722,0.025836008760784335,-0.2508380713938004,-0.6706175454022132,0.02345721579589241,0.017326080778147266,0.20036350578278153,-0.13508870492440117,0.004451648643611822,True
fut_commodity/WHEAT,fut_commodity,100,250,ls,1974-12-19,2004-06-28,2024-03-28,7440,4960,0.3380868102967328,0.17530727116558645,0.08072199035155596,0.022549053264939944,-0.2706379362601293,-0.6714517793091357,0.02184643287955517,0.015140601936480402,0.20057418216784162,-0.13548018157050112,0.012472597380570988,True
fut_commodity/WHEAT,fut_commodity,100,300,ls,1975-03-04,2004-07-27,2024-03-28,7410,4940,0.393294252655943,0.2901287434937366,0.08536660339775619,0.06624659631198945,-0.30271379357606687,-0.5859948823350701,0.025841648359238335,0.03882016641094315,0.20089519438809803,-0.11821016700180541,0.019045062332759072,True
fut_commodity/WHEAT,fut_commodity,100,400,ls,1975-07-25,2004-09-22,2024-03-28,7350,4900,0.3066904750487716,0.290223769210369,0.054221428562414964,0.05937109689170985,-0.35969100239471236,-0.6551522284404041,0.019502959990888327,0.03889710643355486,0.20154311059058994,-0.13421058085542403,0.02164460789031739,True
fut_commodity/WHEAT,fut_commodity,116,378,ls,1975-06-24,2004-09-09,2024-03-28,7363,4909,0.37224847118902077,0.2800024480661397,0.07100133925780538,0.055178561913134125,-0.34235918463167236,-0.6660142165418337,0.024307960616059,0.036749706682481086,0.2014205101667812,-0.11816661771387714,0.023108811933471547,True
fut_commodity/WHEAT,fut_commodity,120,398,ls,1975-07-23,2004-09-21,2024-03-28,7351,4901,0.3225123047186052,0.2905082034578882,0.060219882894337,0.059023131253850815,-0.34293648485739914,-0.6600131132514988,0.02065159495830815,0.03895604061270592,0.20153460942917278,-0.12234619522378326,0.019200115281275444,True
fut_commodity/WHEAT,fut_commodity,134,750,ls,1976-12-14,2005-04-11,2024-03-28,7140,4760,0.1424602213477281,0.18673702971902664,0.028498314674724985,0.025481574352780458,-0.26709144495112264,-0.6833027128817459,0.007611656045144078,0.017411628883752805,0.20397329660528737,-0.08455502303161118,0.02692592520248719,True
fut_commodity/WHEAT,fut_commodity,150,400,ls,1975-07-25,2004-09-22,2024-03-28,7350,4900,0.23768190031322411,0.24604510618260128,0.04237106228682441,0.04667199004995855,-0.3422663540315618,-0.6361169558163468,0.0145021890053556,0.029688844232470455,0.20154638348310297,-0.13421058085542403,0.02164460789031739,True
fut_commodity/WHEAT,fut_commodity,150,500,ls,1975-12-16,2004-11-17,2024-03-28,7290,4860,0.20752690847888322,0.20711962258525507,0.04714451473555743,0.03188056883685527,-0.2599949482622062,-0.6789338120760691,0.012257335669518072,0.02164479613155968,0.20226256624162803,-0.11090056301239443,0.021131048114141973,True
fut_commodity/WHEAT,fut_commodity,150,710,ls,1976-10-15,2005-03-17,2024-03-28,7164,4776,0.11801593850338421,0.2087322889864869,0.021041103999240553,0.03135050470924287,-0.27851963132732493,-0.701283802497463,0.005860360528588381,0.02198560115271246,0.20370149137486698,-0.07075869375649027,0.013707558902357907,True
fut_commodity/WHEAT,fut_commodity,162,678,ls,1976-08-31,2005-02-28,2024-03-28,7183,4789,0.14898216762393052,0.18254170666682915,0.0282029517300472,0.02359942699022866,-0.2856388201785178,-0.7013800658237517,0.00805585785772237,0.0165521676558094,0.20353053459291773,-0.09646854829435238,0.019886978122651555,True
fut_commodity/WHEAT,fut_commodity,174,698,ls,1976-09-29,2005-03-10,2024-03-28,7171,4781,0.08093959300239963,0.16884262495599794,0.010149490345548837,0.018494817767540066,-0.3180068019237063,-0.7423853523189357,0.003227606965943518,0.013730281804429742,0.20367736310082787,-0.08126074301550444,0.018517569690282995,True
fut_commodity/WHEAT,fut_commodity,200,400,ls,1975-07-25,2004-09-22,2024-03-28,7350,4900,0.2646794514609757,0.1728231813766021,0.0630329845842357,0.021345293157780852,-0.2610741349828305,-0.6841186737985867,0.016456281925715424,0.014602713646943084,0.20156084267495245,-0.13421058085542403,0.02164460789031739,True
fut_commodity/WHEAT,fut_commodity,200,600,ls,1976-05-11,2005-01-12,2024-03-28,7230,4820,0.16934736580815798,0.12795667739474229,0.030532199419387594,0.007099824740643642,-0.311569264438388,-0.7566656665861342,0.00951289491478477,0.005372193620023849,0.20303075428575795,-0.127961267228322,0.02814816971345865,True
fut_equity/BOVESPA,fut_equity,5,20,ls,2013-01-14,2019-09-13,2024-03-28,1562,1042,-0.36465819724071447,0.27620207665606444,-0.14676545736625843,0.1463228145783596,-0.33651595348663915,-0.2328546749264494,-0.04938891782450914,0.03407195142296706,0.17782992133930228,0.2205563417217178,-0.1462198510497208,True
fut_equity/BOVESPA,fut_equity,5,35,ls,2013-02-04,2019-09-23,2024-03-28,1553,1036,-0.08322127962128188,0.33171270800022734,-0.07519797059616633,0.20299508725946622,-0.22558226108712998,-0.21898080074463908,-0.016963328236246716,0.044452026755305796,0.17852858222297438,0.22559864594775528,-0.15122819563960826,True
fut_equity/BOVESPA,fut_equity,8,21,ls,2013-01-15,2019-09-13,2024-03-28,1561,1042,0.19431437098991416,0.40954024729558125,0.0981967045201791,0.35322346794166115,-0.16484873879078688,-0.16669274130603295,0.016187602893563087,0.05887978816481915,0.17778461021138514,0.22062694532204086,-0.1462198510497208,True
fut_equity/BOVESPA,fut_equity,9,21,ls,2013-01-15,2019-09-13,2024-03-28,1561,1042,0.2924681864063782,0.21544994755525607,0.17201633985519277,0.09430674286177168,-0.16357667025506167,-0.24364149270755195,0.02813786010297549,0.02297703560322932,0.17799461967242938,0.22062694532204086,-0.1462198510497208,True
fut_equity/BOVESPA,fut_equity,10,20,ls,2013-01-14,2019-09-13,2024-03-28,1562,1042,0.2608857847096055,0.1821080960276093,0.1460720145249089,0.06196454074081981,-0.16618396426833876,-0.27313484054519777,0.024274826442411718,0.01692467495470023,0.17803612859310405,0.2205563417217178,-0.1462198510497208,True
fut_equity/BOVESPA,fut_equity,10,30,ls,2013-01-28,2019-09-19,2024-03-28,1556,1038,0.06686816572224341,0.4829492627655526,0.004848847424841121,0.31135258947064837,-0.17389064666429832,-0.23420105968594385,0.0008431692142821403,0.07291910638998848,0.17819344417258703,0.22415159173769986,-0.14983418984843958,True
fut_equity/BOVESPA,fut_equity,10,100,ls,2013-05-07,2019-10-29,2024-03-28,1514,1010,-0.2540536026159028,-0.06756902266022297,-0.11786462356202866,-0.09006822871357684,-0.31800747371738447,-0.307894178649634,-0.03748183117961124,-0.027731483302194118,0.17983295055734852,0.2699641686110251,-0.1726066845153626,True
fut_equity/BOVESPA,fut_equity,12,26,ls,2013-01-22,2019-09-17,2024-03-28,1558,1040,-0.010269920259823899,0.4389684680558399,-0.03888950040164352,0.26426282824482883,-0.21458617335027638,-0.2441441605085412,-0.008345149074692719,0.06451822635544655,0.17809495531392455,0.22786155346196885,-0.15355024873357154,True
fut_equity/BOVESPA,fut_equity,13,48,ls,2013-02-21,2019-09-30,2024-03-28,1545,1031,0.0526242623190692,-0.20210486871248287,-0.0035070270200821987,-0.14590587352240597,-0.25389429741148983,-0.3469587478914361,-0.0008904141612668807,-0.05062331918734022,0.17883781202516885,0.22843106137926072,-0.15399091056446515,False
fut_equity/BOVESPA,fut_equity,20,50,ls,2013-02-25,2019-10-01,2024-03-28,1544,1030,-0.042021122759396776,-0.06874453714598786,-0.052631930198473106,-0.09120477455670466,-0.23127608295199226,-0.3038439206549541,-0.012172506654505533,-0.027712016283760344,0.17887767800064197,0.21955390786570436,-0.14515272952914113,True
fut_equity/BOVESPA,fut_equity,20,60,ls,2013-03-11,2019-10-07,2024-03-28,1538,1026,-0.3853184767387548,-0.0035324312684573336,-0.1358269666454955,-0.04713226367463027,-0.3858793606712496,-0.34600223454973567,-0.05241282305107896,-0.016307868550809408,0.17891424706806522,0.18772906890013324,-0.11559430556524317,True
fut_equity/BOVESPA,fut_equity,20,100,ls,2013-05-07,2019-10-29,2024-03-28,1514,1010,0.09537499867312944,-0.15182805726868218,0.02201239162307537,-0.11491910219819945,-0.19141903415119016,-0.3686039613490695,0.004213590743846836,-0.042359636304934875,0.17985468291549742,0.2699641686110251,-0.1726066845153626,True
fut_equity/BOVESPA,fut_equity,21,55,ls,2013-03-04,2019-10-03,2024-03-28,1541,1028,-0.22122800676572948,-0.05831733198048387,-0.10825921161301405,-0.07895344714330582,-0.30800122401073615,-0.3279455032192913,-0.03334396968724563,-0.025892427954309145,0.178863276256533,0.1954848794711171,-0.1214893932589041,True
fut_equity/BOVESPA,fut_equity,30,90,ls,2013-04-23,2019-10-23,2024-03-28,1520,1014,0.10454218145391156,0.10232172212367702,0.029926457713135086,0.010313838298806803,-0.17820680916534046,-0.23928351189966787,0.005333098538679295,0.0024679314493037878,0.17950296975382413,0.287159437579129,-0.1758093278474149,True
fut_equity/BOVESPA,fut_equity,30,200,ls,2013-09-25,2019-12-30,2024-03-28,1454,970,-0.08580283188439922,-0.8643923878677809,-0.06764252114133155,-0.30471165922701393,-0.2633890370142774,-0.5245910518722235,-0.01781629850463322,-0.15984900983162978,0.18233801443318834,0.36656853679996265,-0.24292566197225118,False
fut_equity/BOVESPA,fut_equity,40,100,ls,2013-05-07,2019-10-29,2024-03-28,1514,1010,0.23863596665376016,-0.2906081481312535,0.1425206404975318,-0.21106905561518416,-0.15302336968747873,-0.31266112960806525,0.021808988658950063,-0.06599308935395103,0.17981702394464077,0.2699641686110251,-0.1726066845153626,False
fut_equity/BOVESPA,fut_equity,50,150,ls,2013-07-17,2019-11-28,2024-03-28,1484,990,-0.12415203728690061,-0.4164546890936596,-0.0917014133564458,-0.2181686605128089,-0.24266235027145983,-0.4015193386486962,-0.022252480488289775,-0.08759893628297495,0.1810442622351251,0.37215977363005115,-0.17549396005893025,False
fut_equity/BOVESPA,fut_equity,50,200,ls,2013-09-25,2019-12-30,2024-03-28,1454,970,0.024442940498452855,-0.8235506523180652,-0.01826396542273768,-0.30110112412853,-0.24554036404706228,-0.5101591326130339,-0.004484540718841968,-0.15360948831422033,0.18237172349177783,0.36656853679996265,-0.24292566197225118,False
fut_equity/BOVESPA,fut_equity,60,120,ls,2013-06-05,2019-11-08,2024-03-28,1502,1002,-0.1279754383999916,-0.45051551348720426,-0.07902817301744418,-0.23740380962356356,-0.2877448660404842,-0.39053221096017726,-0.022739951058328683,-0.09271383466265928,0.18017806801625316,0.3051738247265171,-0.17209996407271544,False
fut_equity/BOVESPA,fut_equity,60,132,ls,2013-06-21,2019-11-18,2024-03-28,1495,997,-0.22342912375775145,-0.4487529037336809,-0.11286097393656312,-0.23118497963016807,-0.3012531419725339,-0.4007174036533544,-0.0339997230044699,-0.09263984480105457,0.18055095114371839,0.3597055601012269,-0.1641430620315178,False
fut_equity/BOVESPA,fut_equity,60,180,ls,2013-08-28,2019-12-16,2024-03-28,1466,978,-0.05647595285554848,-0.8235492162298146,-0.05732808793565549,-0.2942084999178648,-0.24802173960845622,-0.5205549556250829,-0.014218612098227827,-0.1531516926192663,0.18183398532539244,0.388441735482136,-0.2170324318148233,False
fut_equity/BOVESPA,fut_equity,60,400,ls,2014-09-16,2020-05-04,2024-03-28,1334,890,-0.057134026209314306,-0.5019853704289481,-0.056546848650616786,-0.2942126712981016,-0.3189288860359914,-0.32116333254825613,-0.018034423448987015,-0.09449032199202297,0.1694561143358554,-0.021086148741813363,0.1230128837690399,False
fut_equity/BOVESPA,fut_equity,62,758,ls,2016-03-11,2020-12-22,2024-03-28,1119,747,-0.2940766926744489,-0.32748909997176534,-0.1248964024986651,-0.22380827070305287,-0.43791006458204595,-0.30549360177351137,-0.05469339168425564,-0.06837199472377667,0.17181364558843862,0.4953105232977748,-0.2921033139814769,False
fut_equity/BOVESPA,fut_equity,74,758,ls,2016-03-11,2020-12-22,2024-03-28,1119,747,-0.27455934277322436,-0.3800363177337296,-0.12052221317777924,-0.23633035019561274,-0.4305503535182478,-0.32473937905331285,-0.05189088149049447,-0.07674577117397526,0.17180860915380225,0.4953105232977748,-0.2921033139814769,False
fut_equity/BOVESPA,fut_equity,80,144,ls,2013-07-09,2019-11-26,2024-03-28,1488,992,-0.25608023019025566,-0.7319710168300563,-0.12305767784479361,-0.2727905685086066,-0.3075466708953919,-0.5061516115177664,-0.0378459791492839,-0.13807338585747891,0.180752078940927,0.38315693981720217,-0.17012609205945325,False
fut_equity/BOVESPA,fut_equity,80,300,ls,2014-02-28,2020-02-28,2024-03-28,1394,930,0.24123200864478564,-0.6549078122778038,0.15265374896593698,-0.2861524876981821,-0.14959182279398084,-0.4436357437419171,0.02283575256414928,-0.12694747170358278,0.18211046248820634,0.324325455357968,-0.13756205998031587,False
fut_equity/BOVESPA,fut_equity,100,200,ls,2013-09-25,2019-12-30,2024-03-28,1454,970,0.20878381945895735,-0.8011763781960552,0.10428340531446485,-0.27195160499930315,-0.17458166246211704,-0.5522252690873116,0.018205970267010044,-0.15017854824946647,0.18240761747685616,0.36656853679996265,-0.24292566197225118,False
fut_equity/BOVESPA,fut_equity,100,250,ls,2013-12-06,2020-01-29,2024-03-28,1424,950,0.34645336168305896,-0.7262398345708616,0.21721408115329915,-0.2925222750763987,-0.16518902270321056,-0.4749786031294058,0.035881381783089354,-0.13894182160002366,0.18301499614993588,0.38596291069151084,-0.24082490372491647,False
fut_equity/BOVESPA,fut_equity,100,300,ls,2014-02-28,2020-02-28,2024-03-28,1394,930,0.14576175922394527,-0.7142742795303748,0.05298154015080686,-0.3005118701607667,-0.19800088605402202,-0.45351767225098116,0.010490391894366503,-0.1362874438391,0.18204045947424147,0.324325455357968,-0.13756205998031587,False
fut_equity/BOVESPA,fut_equity,100,400,ls,2014-09-16,2020-05-04,2024-03-28,1334,890,-0.09206187509205721,-0.24749314025134053,-0.07020197573564607,-0.19113042907805575,-0.3259825843699247,-0.2856593216936318,-0.022884621478180656,-0.0545981887254502,0.16952419479537834,-0.021086148741813363,0.1230128837690399,False
fut_equity/BOVESPA,fut_equity,116,378,ls,2014-08-07,2020-04-17,2024-03-28,1347,899,-0.07204345157056177,-0.2667282891431515,-0.06221612425593059,-0.1904887345135572,-0.3189288860359914,-0.30424222345906926,-0.019842519202420767,-0.05795471613230899,0.17018121505943784,0.013571762774174398,0.11343816172885413,False
fut_equity/BOVESPA,fut_equity,120,398,ls,2014-09-12,2020-04-30,2024-03-28,1335,891,0.02285808176547325,-0.3202707871323535,-0.021385379042634257,-0.23035609067743473,-0.3189288860359914,-0.2874291283163663,-0.00682041511552478,-0.0662110503457809,0.16954621926371724,0.020662360272472795,0.10011372105707361,False
fut_equity/BOVESPA,fut_equity,134,750,ls,2016-03-01,2020-12-16,2024-03-28,1124,750,-0.029628069357263236,-0.5639578421726934,-0.050188582320265386,-0.2714015817994313,-0.31892888603599134,-0.39001041331462916,-0.01600658865112789,-0.10584944309184034,0.1717401210578279,0.5566797917906797,-0.288337649964855,False
fut_equity/BOVESPA,fut_equity,150,400,ls,2014-09-16,2020-05-04,2024-03-28,1334,890,0.0833309617599508,-0.38658969934822834,0.005378168601706055,-0.2217184849271686,-0.31892888603599134,-0.34555181594410206,0.0017152533210558574,-0.07661522509495813,0.1694679460882457,-0.021086148741813363,0.1230128837690399,False
fut_equity/BOVESPA,fut_equity,150,500,ls,2015-02-09,2020-07-02,2024-03-28,1274,850,-0.17841988223903785,-0.49484889486758193,-0.10790240844092869,-0.2821151576854752,-0.32518296149273695,-0.33212074649719725,-0.03508802472902009,-0.09369629676867454,0.16995418533091122,0.26802270633417324,-0.064998977722134,False
fut_equity/BOVESPA,fut_equity,150,710,ls,2015-12-22,2020-11-23,2024-03-28,1148,766,0.060312990357986054,-0.4537878285076881,-0.007266375961298691,-0.226952017449594,-0.31892888603599134,-0.3900104133146293,-0.0023174571908556973,-0.08851365012810512,0.17131178698107935,0.47599530361749454,-0.18332353305317442,False
fut_equity/BOVESPA,fut_equity,162,678,ls,2015-11-03,2020-11-03,2024-03-28,1167,779,0.02135698115084852,-0.3060367265738344,-0.0247495130368203,-0.16802470927236857,-0.3189288860359914,-0.39001041331462927,-0.007893334622766346,-0.06553138631038688,0.17220576170546278,0.3001998927766858,-0.04152416933636613,False
fut_equity/BOVESPA,fut_equity,174,698,ls,2015-12-04,2020-11-16,2024-03-28,1155,771,0.13744716391930017,-0.47753543929675185,0.02931688889962035,-0.22838637720975136,-0.3189288860359914,-0.4029470680728198,0.00935000271879684,-0.09202762108444239,0.17099543311455254,0.4388301836444056,-0.16931738913814257,False
fut_equity/BOVESPA,fut_equity,200,400,ls,2014-09-16,2020-05-04,2024-03-28,1334,890,0.057232180307044675,-0.33505672249898294,-0.006216475568260025,-0.24091243054488135,-0.31892888603599134,-0.2844581346212047,-0.001982613628055126,-0.06852950059985748,0.1695029675482066,-0.021086148741813363,0.1230128837690399,False
fut_equity/BOVESPA,fut_equity,200,600,ls,2015-07-10,2020-09-10,2024-03-28,1214,810,0.16340930177262125,-0.3411691488021046,0.04151826056005771,-0.18025619815618157,-0.3189288860359914,-0.3916228225331687,0.01324137259057124,-0.07059244110102199,0.171009287282435,0.2542423825193405,-0.08038673105839583,False
fut_equity/CAC,fut_equity,5,20,ls,2009-05-15,2018-04-16,2024-03-28,2290,1527,-0.533779317758817,-0.06321127353779019,-0.22167205311293775,-0.07166899413992883,-0.8914003627636182,-0.44400731344829447,-0.19759854855942877,-0.03182155754561136,0.19938840258059715,0.5320227277840155,0.5382620235338684,False
fut_equity/CAC,fut_equity,5,35,ls,2009-06-05,2018-04-24,2024-03-28,2281,1521,-0.6152903521579767,-0.20226762249574237,-0.23807358344254514,-0.13575928359892048,-0.9179137834281835,-0.4302312736906421,-0.21853102371205196,-0.058407889498092655,0.19966288514728192,0.5405286947045101,0.5215887560246043,False
fut_equity/CAC,fut_equity,8,21,ls,2009-05-18,2018-04-16,2024-03-28,2289,1527,-0.5215020340647084,-0.045977881323408264,-0.217722520300648,-0.06649653912143218,-0.8932961684186687,-0.4281338732626885,-0.19449069316302467,-0.028469420852622652,0.1993087646835565,0.5321390053041913,0.5382620235338684,False
fut_equity/CAC,fut_equity,9,21,ls,2009-05-18,2018-04-16,2024-03-28,2289,1527,-0.5061424367728486,-0.05001224332164124,-0.21470400462316164,-0.06648311635685132,-0.8874883659520025,-0.4399106483589827,-0.19054730622636093,-0.029246630821468153,0.19928821536195027,0.5321390053041913,0.5382620235338684,False
fut_equity/CAC,fut_equity,10,20,ls,2009-05-15,2018-04-16,2024-03-28,2290,1527,-0.5802444602771415,-0.060627730505107634,-0.2303018388249969,-0.07147171204058644,-0.9087595331729631,-0.4377537106616954,-0.2092889915394792,-0.03128700715311089,0.1992435975535171,0.5320227277840155,0.5382620235338684,False
fut_equity/CAC,fut_equity,10,30,ls,2009-05-29,2018-04-20,2024-03-28,2284,1523,-0.7012936153716772,-0.3329147992203797,-0.25730046236403525,-0.15822364758796,-0.9303730420274489,-0.5222324422234543,-0.23938541388469659,-0.08262952189736353,0.19951556698709633,0.5399254960743989,0.5218134042779823,False
fut_equity/CAC,fut_equity,10,100,ls,2009-09-04,2018-05-31,2024-03-28,2242,1495,-0.42678142525857066,0.006272915452726695,-0.19297596806732603,-0.04249624996489037,-0.8719680945789808,-0.43955507450260317,-0.16826888717520053,-0.018679442319398634,0.2009282016670655,0.4181829274322834,0.5077544793929167,False
fut_equity/CAC,fut_equity,12,26,ls,2009-05-25,2018-04-18,2024-03-28,2286,1525,-0.6977375437905828,-0.4779392679224654,-0.25655041030735937,-0.17717540500983592,-0.9293037965772317,-0.6136631730447151,-0.23841327031207563,-0.10872602122381841,0.19938523075947284,0.5375623961213111,0.5265424374024342,False
fut_equity/CAC,fut_equity,13,48,ls,2009-06-24,2018-05-02,2024-03-28,2273,1516,-0.7041412438806512,-0.21004034083117926,-0.2560209920996854,-0.15008056819159948,-0.9402489278111017,-0.3998525385847544,-0.2407234633188637,-0.06001009618365339,0.19989863986375297,0.5514799652945184,0.498628961065599,False
fut_equity/CAC,fut_equity,20,50,ls,2009-06-26,2018-05-03,2024-03-28,2272,1515,-0.7710788498364759,0.09105998037461233,-0.2685103932453169,-0.004686510879930246,-0.9565161502188892,-0.3609323429882812,-0.2568345276407706,-0.0016915133523332953,0.1999215356181986,0.551829928666184,0.4982474986066192,False
fut_equity/CAC,fut_equity,20,60,ls,2009-07-10,2018-05-09,2024-03-28,2266,1511,-0.5877333554357536,0.098808018252986,-0.23012550621223737,-0.00044656777737277383,-0.9229593378055204,-0.4204677608876013,-0.21239648482580678,-0.00018776735343648302,0.2002538053674332,0.5606576633884335,0.49390778712066263,False
fut_equity/CAC,fut_equity,20,100,ls,2009-09-04,2018-05-31,2024-03-28,2242,1495,-0.4098506234950259,0.09039453563713559,-0.19068773870512815,-0.004845345445528486,-0.8592529706104958,-0.4001704994991488,-0.16384900594137938,-0.0019389643071830596,0.20098655354716172,0.4181829274322834,0.5077544793929167,False
fut_equity/CAC,fut_equity,21,55,ls,2009-07-03,2018-05-07,2024-03-28,2269,1513,-0.6777309721234981,0.13444281396616192,-0.25016329506853924,0.019798475115530224,-0.9376452360676377,-0.3534115052250434,-0.2345644218599986,0.006997008891740101,0.2000453095645405,0.5531837730073675,0.49621598264000405,False
fut_equity/CAC,fut_equity,30,90,ls,2009-08-21,2018-05-25,2024-03-28,2248,1499,-0.437542044333495,0.09123962139643152,-0.19743258476032016,-0.0043954298726293405,-0.8688218678484658,-0.3990896556533764,-0.17153374706561192,-0.0017541705943162076,0.2008222161371249,0.42495135909645776,0.49020797232069824,False
fut_equity/CAC,fut_equity,30,200,ls,2010-01-26,2018-07-26,2024-03-28,2182,1455,-0.21483027948338587,-0.2634662051505132,-0.1439323136631299,-0.15586947666431739,-0.733059907347975,-0.45692072963966146,-0.10551100851827366,-0.07121999500601209,0.20243075033834707,0.40301084292901357,0.5045525698514185,False
fut_equity/CAC,fut_equity,40,100,ls,2009-09-04,2018-05-31,2024-03-28,2242,1495,-0.2600569074703786,-0.11537091847667462,-0.15239860347749615,-0.09397631696675929,-0.8088482862072286,-0.45064540848585566,-0.12326734924314774,-0.04234999574748149,0.20086200575231367,0.4181829274322834,0.5077544793929167,False
fut_equity/CAC,fut_equity,50,150,ls,2009-11-13,2018-06-28,2024-03-28,2212,1475,-0.2519205878427482,-0.23152388491132025,-0.15571914357053016,-0.1315162144030675,-0.7521646487983774,-0.49247064101841964,-0.11712643493491193,-0.06476787441139456,0.20136912618446376,0.3787875265493991,0.5317870848695784,False
fut_equity/CAC,fut_equity,50,200,ls,2010-01-26,2018-07-26,2024-03-28,2182,1455,-0.3585392573981777,-0.36879126748541075,-0.17220171109904991,-0.16908230460021578,-0.8348136391124334,-0.5379925117627214,-0.14375633710398578,-0.09096501374649964,0.20242896828316279,0.40301084292901357,0.5045525698514185,False
fut_equity/CAC,fut_equity,60,120,ls,2009-10-02,2018-06-12,2024-03-28,2230,1487,0.05070907108120151,-0.21282525741937888,-0.058100969882813776,-0.12863287874357737,-0.5558379215124702,-0.47528478528440443,-0.03229472233752184,-0.061137250154156,0.20111007032074238,0.41993820695274525,0.500992551375415,False
fut_equity/CAC,fut_equity,60,132,ls,2009-10-20,2018-06-19,2024-03-28,2223,1482,-0.13324047098474848,-0.28422295314980683,-0.12991871453192194,-0.15138968758940274,-0.6590621436802716,-0.49247064101841964,-0.08562450650359373,-0.07455497649073146,0.20117442359647972,0.3708058795535925,0.5079266884902899,False
fut_equity/CAC,fut_equity,60,180,ls,2009-12-28,2018-07-16,2024-03-28,2194,1463,-0.40484104197174825,-0.28917297029529604,-0.18575434287316275,-0.14814841062322162,-0.8432002769299564,-0.5124226793970124,-0.1566281133515929,-0.07591460551996003,0.20188408578993866,0.3618347096819245,0.5122621336715194,False
fut_equity/CAC,fut_equity,60,400,ls,2010-11-04,2018-11-15,2024-03-28,2062,1375,0.10649255002902992,-0.3874783552029581,-0.017261598904599204,-0.17190710609475682,-0.5457195294254897,-0.5577922169508117,-0.009419991631349427,-0.09588844581819281,0.20508952882918832,0.3754143340093981,0.5962990736913603,False
fut_equity/CAC,fut_equity,62,758,ls,2012-03-23,2019-06-12,2024-03-28,1847,1232,0.29028263565148343,-0.12883328657565304,0.09282098921124406,-0.0842193342056708,-0.44623646329174727,-0.5763404938306611,0.04142010994486698,-0.0485390126661858,0.21103713043601915,0.6050781096173447,0.5531201456465374,False
fut_equity/CAC,fut_equity,74,758,ls,2012-03-23,2019-06-12,2024-03-28,1847,1232,0.407354586161406,-0.0006303237542204658,0.210392877476015,-0.043317627233136397,-0.33676960887954016,-0.5176145818795156,0.07085392705863859,-0.022421835508292614,0.21099389524428666,0.6050781096173447,0.5531201456465374,False
fut_equity/CAC,fut_equity,80,144,ls,2009-11-05,2018-06-25,2024-03-28,2215,1478,-0.2828346464138378,-0.30129928131680855,-0.15337892998816596,-0.15153643359409474,-0.8204509741663111,-0.5136337936134229,-0.1258398925253772,-0.07783423325758342,0.2011535276141389,0.4196455837769883,0.5320672566179302,False
fut_equity/CAC,fut_equity,80,300,ls,2010-06-17,2018-09-20,2024-03-28,2122,1415,0.15123129544966524,-0.56863264064626,0.004197922774876609,-0.20632879781112565,-0.5285064446399497,-0.6210648391070207,0.0022186292406231084,-0.12814356161571175,0.2040103082746277,0.4358403666933794,0.515689569274253,False
fut_equity/CAC,fut_equity,100,200,ls,2010-01-26,2018-07-26,2024-03-28,2182,1455,0.07895877972875674,-0.3953889982802006,-0.03539894471831011,-0.16635149371764027,-0.6224710092323055,-0.5762207964895595,-0.022034816844565083,-0.09585519020720663,0.20234605253660734,0.40301084292901357,0.5045525698514185,False
fut_equity/CAC,fut_equity,100,250,ls,2010-04-08,2018-08-23,2024-03-28,2152,1435,0.10654410922867932,-0.5407174564470674,-0.025945234188574785,-0.198581601218866,-0.514942276515428,-0.6174827530944224,-0.013360297957790614,-0.12262071383452408,0.20318792896827526,0.36424709779384745,0.518389922726415,False
fut_equity/CAC,fut_equity,100,300,ls,2010-06-17,2018-09-20,2024-03-28,2122,1415,0.1415644425374299,-0.4323209237468964,-0.0009929339561913463,-0.185491684418243,-0.5732282695355488,-0.5584487205932256,-0.0005691778134706519,-0.10358759384405017,0.20412667873021612,0.4358403666933794,0.515689569274253,False
fut_equity/CAC,fut_equity,100,400,ls,2010-11-04,2018-11-15,2024-03-28,2062,1375,0.02549032876503001,-0.17314159128887543,-0.05297494830498606,-0.10263193401469892,-0.5973793913860447,-0.5383106316091295,-0.03164614237713975,-0.055247861222719075,0.20514658932950003,0.3754143340093981,0.5962990736913603,False
fut_equity/CAC,fut_equity,116,378,ls,2010-10-05,2018-11-02,2024-03-28,2075,1384,0.10227420726624,-0.21178283508254067,-0.018147949986926107,-0.1127137847003272,-0.5834461415853559,-0.5546566452331638,-0.010588351397556046,-0.06251744969341659,0.20466008015351805,0.41414517312193905,0.5871335657185615,False
fut_equity/CAC,fut_equity,120,398,ls,2010-11-02,2018-11-14,2024-03-28,2063,1376,0.06635113192962076,-0.061532888587224464,-0.03400712973971924,-0.0679230951678589,-0.6039543518607279,-0.49070217021417134,-0.020538754000595818,-0.033330010206532056,0.2050730640064534,0.3871638297691211,0.5976783465818657,False
fut_equity/CAC,fut_equity,134,750,ls,2012-03-13,2019-06-07,2024-03-28,1852,1235,0.6002341168523968,-0.03837808774256725,0.4141573997010427,-0.05606679002469359,-0.2926073215338509,-0.5371632778564166,0.1211854874199466,-0.03011702070855185,0.2107712309180457,0.5794211035681457,0.5554592744905932,False
fut_equity/CAC,fut_equity,150,400,ls,2010-11-04,2018-11-15,2024-03-28,2062,1375,-0.09335490364964165,0.1405272677275946,-0.09498819892592877,0.01580730924752471,-0.6664677466237379,-0.478535304128127,-0.06330657089401111,0.0075643555382115925,0.2051199023345771,0.3754143340093981,0.5962990736913603,False
fut_equity/CAC,fut_equity,150,500,ls,2011-03-24,2019-01-15,2024-03-28,2002,1335,-0.03196186969657587,0.266579131647765,-0.06724383106001854,0.0776077535652752,-0.6842538159991303,-0.4381911045971247,-0.04601184800521853,0.034007027260069385,0.2061062512448438,0.35167466106839734,0.6641923444702723,False
fut_equity/CAC,fut_equity,150,710,ls,2012-01-17,2019-05-16,2024-03-28,1876,1251,0.415555851977794,0.2367431515966824,0.19756769017721204,0.06998416090993526,-0.37194341383866075,-0.39671158496814296,0.07348400114873109,0.027763527397245972,0.21011992468101873,0.6586722308323797,0.5449706019195769,False
fut_equity/CAC,fut_equity,162,678,ls,2011-12-01,2019-04-26,2024-03-28,1895,1264,0.36174939455457483,0.284235588453263,0.14448132533637545,0.10120348207897446,-0.4150933822716894,-0.3761394695922956,0.05997324200897242,0.038066624070078846,0.21005473978473505,0.68498722057662,0.522911371180374,False
fut_equity/CAC,fut_equity,174,698,ls,2011-12-30,2019-05-09,2024-03-28,1883,1256,0.3539228451267767,0.20791208657375382,0.14410636351710635,0.0523914692342785,-0.4002411725814465,-0.4113290280857663,0.05767729991053482,0.021550132120121104,0.21027896171276259,0.6710420735431075,0.5590652566956811,False
fut_equity/CAC,fut_equity,200,400,ls,2010-11-04,2018-11-15,2024-03-28,2062,1375,0.10197521230431454,0.14423935561479045,-0.01678213977351795,0.01748498243520751,-0.6448360257475861,-0.47641159908992314,-0.01082172831509581,0.008330048442016428,0.2051341878622668,0.3754143340093981,0.5962990736913603,False
fut_equity/CAC,fut_equity,200,600,ls,2011-08-15,2019-03-12,2024-03-28,1942,1295,0.3634158842039929,0.29247486971403003,0.16189615723115247,0.10561561454746453,-0.38620007571087633,-0.3761394695922956,0.06252430817997102,0.039726201236547645,0.2084082401306218,0.5615578718754848,0.5801340826253948,False
fut_equity/DAX,fut_equity,5,20,ls,2000-04-10,2014-08-15,2024-03-28,3650,2434,0.15147362861650893,-0.1385394004828521,0.03111466302762092,-0.07607391228036278,-0.36628411106380276,-0.5178945507975368,0.011396806688121899,-0.0393982646278497,0.17699509985220768,0.11723351947328109,0.4165183192544632,False
fut_equity/DAX,fut_equity,5,35,ls,2000-05-04,2014-08-25,2024-03-28,3641,2428,0.21898997976380544,-0.016184198102537108,0.07317273740741828,-0.036563841436860145,-0.31354806723061085,-0.5030909495402545,0.02294317038806902,-0.018394937707309274,0.1771293776337568,0.12591609486950514,0.40495477550961545,False
fut_equity/DAX,fut_equity,8,21,ls,2000-04-11,2014-08-15,2024-03-28,3649,2434,0.3021438843379911,-0.020695933214557535,0.14445797648410766,-0.05408522222303943,-0.2582032124439837,-0.35339508939857467,0.03729951359135405,-0.019113451942652796,0.1769753604337238,0.11724957862684439,0.4165183192544632,False
fut_equity/DAX,fut_equity,9,21,ls,2000-04-11,2014-08-15,2024-03-28,3649,2434,0.3080899976554684,0.03428908578908041,0.16120471969990013,-0.02580681908223571,-0.2378159895239085,-0.368670916611505,0.038337059931356054,-0.009514223645875116,0.1769451936636007,0.11724957862684439,0.4165183192544632,False
fut_equity/DAX,fut_equity,10,20,ls,2000-04-10,2014-08-15,2024-03-28,3650,2434,0.26650263921196443,0.026410882126691605,0.12018097856459077,-0.029304458068462623,-0.25891269537323164,-0.37170809480594813,0.03111638109275077,-0.010892704277949037,0.17693606315067578,0.11723351947328109,0.4165183192544632,False
fut_equity/DAX,fut_equity,10,30,ls,2000-04-26,2014-08-21,2024-03-28,3644,2430,0.24432956074314827,0.09393260310593508,0.07545911988300892,0.002607971013716896,-0.36173067172732215,-0.37776723532362344,0.027295878123233346,0.0009852059996559794,0.17701210302012926,0.12109230432302169,0.41155409529113685,False
fut_equity/DAX,fut_equity,10,100,ls,2000-08-03,2014-09-30,2024-03-28,3602,2402,0.25301744656715386,0.0608597611711981,0.06895293332282579,-0.010078077850200852,-0.4186905277918456,-0.4916329541986665,0.02886994004572987,-0.0049547151861383905,0.17768512462388375,0.1390767219744908,0.4081863046251815,False
fut_equity/DAX,fut_equity,12,26,ls,2000-04-18,2014-08-19,2024-03-28,3646,2432,0.22041916332303124,0.09264337954359378,0.06398396865700114,0.001902512781449622,-0.36227158836348367,-0.39871136665439644,0.023179573955171156,0.0007585534711692358,0.1769890979280119,0.11995478545470059,0.4129556443874542,False
fut_equity/DAX,fut_equity,13,48,ls,2000-05-23,2014-09-01,2024-03-28,3633,2423,0.13343928619886478,0.035588277264696856,0.016200579051305425,-0.021557047973581604,-0.514172328823842,-0.4330888693624915,0.00832988945910446,-0.009336117533671445,0.17722243978265403,0.12726199193674806,0.4037168746581421,False
fut_equity/DAX,fut_equity,20,50,ls,2000-05-25,2014-09-02,2024-03-28,3632,2422,-0.06252358102865985,-0.08837222460163649,-0.0428105926831256,-0.05953715603758519,-0.5698955009691081,-0.5189601702262601,-0.024397564163934297,-0.030897412632052618,0.17732027405066808,0.1290243809462497,0.4013215383434744,False
fut_equity/DAX,fut_equity,20,60,ls,2000-06-08,2014-09-08,2024-03-28,3626,2418,0.11092072951727454,-0.01986663584355917,0.008605953293097813,-0.039615793400381565,-0.5226006788547801,-0.4812145998203181,0.0044974770331654475,-0.019063698167729015,0.17739566474157303,0.1397628655155062,0.38798526430756847,False
fut_equity/DAX,fut_equity,20,100,ls,2000-08-03,2014-09-30,2024-03-28,3602,2402,0.47877292108071917,-0.23870962645007804,0.24400499233593334,-0.08264819752450571,-0.2819627785784518,-0.683907635724063,0.06880032562605361,-0.05652373336584005,0.17763732047190528,0.1390767219744908,0.4081863046251815,False
fut_equity/DAX,fut_equity,21,55,ls,2000-06-01,2014-09-04,2024-03-28,3629,2420,0.04213441483110336,-0.00339941531385929,-0.013082069022260681,-0.036779757906330354,-0.5403751030353258,-0.44007736857657415,-0.007069224395819359,-0.01618593907630131,0.1773541734048066,0.13188260662961104,0.3975044162999066,False
fut_equity/DAX,fut_equity,30,90,ls,2000-07-20,2014-09-24,2024-03-28,3608,2406,0.5302786377110932,-0.242777449290932,0.234528271099209,-0.08821785228727162,-0.33299324836773997,-0.6481507691010143,0.07809633082739556,-0.057178468808434774,0.17756693178758068,0.1257745374332044,0.39835494133894545,False
fut_equity/DAX,fut_equity,30,200,ls,2000-12-22,2014-11-26,2024-03-28,3542,2362,0.424475318738586,-0.07251434742059383,0.17670256186720093,-0.052311725269035096,-0.3351370792398483,-0.5398324644210051,0.059219580478372315,-0.02823956757009778,0.17749857486182619,0.19954342501853425,0.3866418596287441,False
fut_equity/DAX,fut_equity,40,100,ls,2000-08-03,2014-09-30,2024-03-28,3602,2402,0.6377551271812072,-0.08000199926824707,0.4119762106044612,-0.05460912286570359,-0.23740353518259247,-0.5413465179578935,0.09780460880862733,-0.029562458512083417,0.1776431628203323,0.1390767219744908,0.4081863046251815,False
fut_equity/DAX,fut_equity,50,150,ls,2000-10-13,2014-10-29,2024-03-28,3572,2382,0.44015954826661857,-0.2588723978106141,0.13985370238682732,-0.09682717479176868,-0.4437801796159225,-0.6174943559130102,0.06206430116517799,-0.059790233932919656,0.17730158514923114,0.1447474682733667,0.4333898159197071,False
fut_equity/DAX,fut_equity,50,200,ls,2000-12-22,2014-11-26,2024-03-28,3542,2362,0.32818968404321563,-0.33553016738705244,0.09144283675599271,-0.10852824097791543,-0.4602153701571118,-0.6688776211979106,0.04208339896587553,-0.07259211165810167,0.17750936959646918,0.19954342501853425,0.3866418596287441,False
fut_equity/DAX,fut_equity,60,120,ls,2000-08-31,2014-10-13,2024-03-28,3590,2394,0.4635541039289183,-0.20425042184481493,0.16183159992515428,-0.08998513107060956,-0.40879116114381375,-0.5637902974574227,0.06615532764316494,-0.05073274381304413,0.17756957512286692,0.10185005407234307,0.4517210612908108,False
fut_equity/DAX,fut_equity,60,132,ls,2000-09-18,2014-10-20,2024-03-28,3583,2389,0.49734445377285585,-0.17335430456509845,0.16805625522290402,-0.08161287626711708,-0.43030318670158096,-0.5572262755036173,0.0723151421675498,-0.04547683907546321,0.17747438144010944,0.1228962709995874,0.44590194952838125,False
fut_equity/DAX,fut_equity,60,180,ls,2000-11-24,2014-11-14,2024-03-28,3554,2370,0.40106997411263723,-0.29786353272420835,0.12438972903920743,-0.10556993939590693,-0.4425900864127487,-0.628567386296985,0.055053660924321214,-0.06635782087761634,0.17748812549550907,0.15143221481520125,0.42644098547724674,False
fut_equity/DAX,fut_equity,60,400,ls,2001-10-05,2015-03-25,2024-03-28,3422,2282,0.22473068153700704,-0.41449075275127206,0.042592634614413,-0.12357169923426571,-0.5640391836596843,-0.6884728103400528,0.024023914857828718,-0.08507575505031066,0.1766941087585388,0.3798933950472132,0.28756855020507244,False
fut_equity/DAX,fut_equity,62,758,ls,2003-03-10,2015-10-16,2024-03-28,3207,2139,-0.1319098440736753,-0.2727232584926654,-0.06165707859755238,-0.09317858229279154,-0.5980615838036194,-0.6409549854799622,-0.03687473007875642,-0.05972327686051967,0.1715330594852543,0.49660917341286603,0.4216386756314362,False
fut_equity/DAX,fut_equity,74,758,ls,2003-03-10,2015-10-16,2024-03-28,3207,2139,-0.06202578967053082,-0.19174463399407535,-0.04330024716860942,-0.07805464481316295,-0.5823369660825224,-0.5963045326433584,-0.02521533456679134,-0.04654433849595647,0.17151154009434275,0.49660917341286603,0.4216386756314362,False
fut_equity/DAX,fut_equity,80,144,ls,2000-10-05,2014-10-27,2024-03-28,3576,2384,0.3878987348948054,-0.34744516772134404,0.11839166307982617,-0.11722185366266888,-0.44521330558476097,-0.6352625918027686,0.05270954367344671,-0.07446665857367189,0.17733345642947704,0.12770689791479828,0.44187251737674904,False
fut_equity/DAX,fut_equity,80,300,ls,2001-05-18,2015-01-28,2024-03-28,3482,2322,0.3814413744538299,-0.3323517590864434,0.09915859881720634,-0.10417602182437347,-0.5215759482385378,-0.6889795751503995,0.051718740204089154,-0.07177515125741558,0.17687253349359772,0.23492658798987395,0.3573568366634798,False
fut_equity/DAX,fut_equity,100,200,ls,2000-12-22,2014-11-26,2024-03-28,3542,2362,0.37392913909596975,-0.35771336992961056,0.09832711869580571,-0.11416758189867425,-0.5104736937549357,-0.667798504730428,0.05019340747692794,-0.07624094048062334,0.17750684872748373,0.19954342501853425,0.3866418596287441,False
fut_equity/DAX,fut_equity,100,250,ls,2001-03-06,2014-12-29,2024-03-28,3512,2342,0.37928349459402955,-0.2417836891484349,0.10298896772501763,-0.08586304672837528,-0.49802440045212204,-0.6634720692112275,0.051291018904434854,-0.05696773328165546,0.17735051031413504,0.20091794864397602,0.3915410207652364,False
fut_equity/DAX,fut_equity,100,300,ls,2001-05-18,2015-01-28,2024-03-28,3482,2322,0.3245821686702218,-0.27277469472597227,0.07558175487107094,-0.0948733861627078,-0.5502571486032974,-0.6529299230482516,0.04158940092178888,-0.06194567272654386,0.1768854216741989,0.23492658798987395,0.3573568366634798,False
fut_equity/DAX,fut_equity,100,400,ls,2001-10-05,2015-03-25,2024-03-28,3422,2282,0.18083447962295943,-0.4201805248947015,0.02928757445666761,-0.12899686431050644,-0.5598022204978403,-0.6665639874810627,0.016395249213838357,-0.08598466424736476,0.17668512424681593,0.3798933950472132,0.28756855020507244,False
fut_equity/DAX,fut_equity,116,378,ls,2001-09-05,2015-03-12,2024-03-28,3435,2291,0.16819901292769343,-0.3933977991204357,0.02257323405820347,-0.1235575575910571,-0.6293993431826691,-0.6611678480864873,0.01420757868974192,-0.08169228446730145,0.17678744791921383,0.3458418246540287,0.2884275667790484,False
fut_equity/DAX,fut_equity,120,398,ls,2001-10-03,2015-03-24,2024-03-28,3423,2283,0.18436913101707203,-0.49335923246635854,0.027382489511845732,-0.14148458539613226,-0.6210148198658151,-0.6906781782281066,0.017004931791676448,-0.09772031568875961,0.17667935877240348,0.3872908110233561,0.28080746239773546,False
fut_equity/DAX,fut_equity,134,750,ls,2003-02-26,2015-10-13,2024-03-28,3212,2142,-0.03953737902912521,-0.1586511151828388,-0.036233632769498376,-0.0727011414862936,-0.5912041557454908,-0.5655729545360867,-0.021421474271083436,-0.041117799388549134,0.1715443517339692,0.4835581005994293,0.4225629003639039,False
fut_equity/DAX,fut_equity,150,400,ls,2001-10-05,2015-03-25,2024-03-28,3422,2282,0.21870710444351849,-0.4333786904272442,0.03834694438941236,-0.13283800928887565,-0.5991177934473664,-0.6632001156497507,0.0229743367080336,-0.08809818312306499,0.17666733310354046,0.3798933950472132,0.28756855020507244,False
fut_equity/DAX,fut_equity,150,500,ls,2002-03-01,2015-05-26,2024-03-28,3362,2242,0.2259519326839146,-0.5225449871408702,0.04025099055038454,-0.14909064348355955,-0.6041470560204792,-0.6812968496714407,0.02431751744292295,-0.10157498572083702,0.17542622576375885,0.3524893081240477,0.2966576764816323,False
fut_equity/DAX,fut_equity,150,710,ls,2002-12-30,2015-09-21,2024-03-28,3236,2158,-0.025953067618499963,-0.14830367439702644,-0.0324071276608386,-0.06941272193413887,-0.5890811908223174,-0.5705869948171269,-0.019090429353577663,-0.03960599641047717,0.17216345384161225,0.4351504806187463,0.43444221137216016,False
fut_equity/DAX,fut_equity,162,678,ls,2002-11-11,2015-09-02,2024-03-28,3255,2171,0.0657205343587196,-0.179547146789217,-0.006508709281579431,-0.07705358155671102,-0.535106209368552,-0.5828189418432081,-0.003482850751547881,-0.04490828686811166,0.17260597619546178,0.4299842200554366,0.4178118627052988,False
fut_equity/DAX,fut_equity,174,698,ls,2002-12-09,2015-09-14,2024-03-28,3243,2163,0.0453115585494348,-0.15357279107959382,-0.013100235777091658,-0.0718888213115505,-0.5342730771011797,-0.5637321282197063,-0.006999103279377724,-0.04052603823316654,0.17231974304376613,0.4315059505476474,0.4164540690065151,False
fut_equity/DAX,fut_equity,200,400,ls,2001-10-05,2015-03-25,2024-03-28,3422,2282,0.16967484630109148,-0.5783230289551444,0.02301952999645473,-0.15176203994123413,-0.6285593095542524,-0.7324185787313818,0.014469139880834989,-0.1111533375991339,0.17665887502090025,0.3798933950472132,0.28756855020507244,False
fut_equity/DAX,fut_equity,200,600,ls,2002-07-24,2015-07-21,2024-03-28,3302,2202,0.21423285286394803,-0.2823732132571807,0.046346375930684545,-0.10570142662919237,-0.48108805089829465,-0.5884928799460288,0.022296687662692664,-0.06220453697141728,0.1737468386065713,0.4456875473229619,0.31168675460297784,False
fut_equity/EUROSTX200-LARGE,fut_equity,5,20,ls,2013-04-11,2020-02-07,2024-03-28,1531,1021,-0.37663129380834787,-0.02235688399947193,-0.16478756200760156,-0.055458295534418486,-0.5447958798895809,-0.3976413781823065,-0.08977558483879017,-0.02205251306794782,0.19068659525563925,0.6330542884284451,0.4141771200120984,False
fut_equity/EUROSTX200-LARGE,fut_equity,5,35,ls,2013-05-03,2020-02-20,2024-03-28,1522,1015,-0.5754601002466309,-0.1375323213026869,-0.20319032234235862,-0.09783728681225529,-0.6169265744998755,-0.44284187135866354,-0.12535350953419683,-0.043326447180593426,0.19076362670990252,0.6383951518410751,0.40947730493800455,False
fut_equity/EUROSTX200-LARGE,fut_equity,8,21,ls,2013-04-12,2020-02-07,2024-03-28,1530,1021,-0.4263674034192948,0.13326854315582384,-0.1806708959876905,0.023255939002553017,-0.5459438735275534,-0.3183328258085669,-0.09863616878921345,0.007403128779514367,0.19061800463462436,0.6332613318228961,0.4141771200120984,False
fut_equity/EUROSTX200-LARGE,fut_equity,9,21,ls,2013-04-12,2020-02-07,2024-03-28,1530,1021,-0.42887002607832425,0.032499433216251004,-0.17573976655462575,-0.0326941012410508,-0.5637709641855787,-0.3598443220721543,-0.09907697763624988,-0.011764786696844304,0.1906316571586009,0.6332613318228961,0.4141771200120984,False
fut_equity/EUROSTX200-LARGE,fut_equity,10,20,ls,2013-04-11,2020-02-07,2024-03-28,1531,1021,-0.45422510594431686,-0.005590738594868149,-0.17938432198541965,-0.04998283530446366,-0.5771849729319346,-0.37856825510730285,-0.10353793502956787,-0.018921914746526502,0.1906683384688312,0.6330542884284451,0.4141771200120984,False
fut_equity/EUROSTX200-LARGE,fut_equity,10,30,ls,2013-04-25,2020-02-18,2024-03-28,1525,1017,-0.5057411331167996,-0.20322505118092754,-0.18336360594307224,-0.11745420051466385,-0.6160076752367829,-0.47137529910168996,-0.11295338862002549,-0.05536500889834954,0.19106146441497074,0.6477716885430421,0.39395483858758945,False
fut_equity/EUROSTX200-LARGE,fut_equity,10,100,ls,2013-08-02,2020-03-30,2024-03-28,1483,989,-0.15160687610243556,-0.06231763744798809,-0.10241803731193723,-0.08316045047204496,-0.5258873488277083,-0.28197575678140246,-0.05386035011411197,-0.023449230956137216,0.16421290124449983,0.3091048393246175,0.9714435719360388,False
fut_equity/EUROSTX200-LARGE,fut_equity,12,26,ls,2013-04-19,2020-02-11,2024-03-28,1527,1019,-0.5263154556236754,-0.27250835237887305,-0.18663697454200168,-0.13507229025158787,-0.6239221738023386,-0.5013307032247207,-0.11644694686813742,-0.06771588625800214,0.1908893965563065,0.6438974461856911,0.39897297345038596,False
fut_equity/EUROSTX200-LARGE,fut_equity,13,48,ls,2013-05-22,2020-02-27,2024-03-28,1514,1010,-0.6769317177436157,0.016922577309304274,-0.21078074091758303,-0.042653061613563525,-0.6852494541213098,-0.33780623329326487,-0.144437387653059,-0.01440847008210344,0.1888327325321878,0.5567599813903218,0.5405881131670274,False
fut_equity/EUROSTX200-LARGE,fut_equity,20,50,ls,2013-05-24,2020-02-28,2024-03-28,1513,1009,-0.36847743007051215,0.060591030797837314,-0.17945293100578286,-0.01780075614732966,-0.503563735909914,-0.34012376405226646,-0.09036598835725605,-0.006054460183806285,0.18737500922699632,0.5143569010626294,0.6098368928545593,False
fut_equity/EUROSTX200-LARGE,fut_equity,20,60,ls,2013-06-07,2020-03-05,2024-03-28,1507,1005,-0.45039696446761673,0.009122832535170608,-0.18081804813726401,-0.038056920655449314,-0.5837113119883394,-0.4091938116464233,-0.10554554010937309,-0.015572656422528804,0.18723076033923625,0.5122841187695532,0.5867586276172514,False
fut_equity/EUROSTX200-LARGE,fut_equity,20,100,ls,2013-08-02,2020-03-30,2024-03-28,1483,989,-0.08493936609936731,-0.16241862303833265,-0.07825645401600823,-0.14223514968251116,-0.514044195170664,-0.2769249374623757,-0.04022727592156903,-0.03938845993078105,0.16426351537889572,0.3091048393246175,0.9714435719360388,False
fut_equity/EUROSTX200-LARGE,fut_equity,21,55,ls,2013-05-31,2020-03-03,2024-03-28,1510,1007,-0.41618253372842096,-0.027176170517202506,-0.17440364538468006,-0.05580667062896161,-0.5693138459981891,-0.3986549872041251,-0.09929041011005653,-0.022247607565493516,0.18727511400647248,0.5355156717625642,0.577201742744007,False
fut_equity/EUROSTX200-LARGE,fut_equity,30,90,ls,2013-07-19,2020-03-24,2024-03-28,1489,993,-0.1477514272605817,-0.2886546903729186,-0.1073119822156189,-0.17478512242157818,-0.49158106389048717,-0.3418600239015678,-0.052752538385750974,-0.05975204612867916,0.16571307857808276,0.2980020414104036,1.0143132478913843,False
fut_equity/EUROSTX200-LARGE,fut_equity,30,200,ls,2013-12-20,2020-05-29,2024-03-28,1423,949,-0.43151252305025584,-0.27269055749338234,-0.1687844015448607,-0.17072803152597807,-0.6614350818354863,-0.32309112199698703,-0.11163992444837852,-0.055160711262065225,0.16059397994169414,0.3385724895930369,0.843210726004593,False
fut_equity/EUROSTX200-LARGE,fut_equity,40,100,ls,2013-08-02,2020-03-30,2024-03-28,1483,989,-0.07692080626619362,-0.07911322640208622,-0.09433149331371145,-0.07703782451496081,-0.40982036539267486,-0.3398575407828161,-0.03865896705786189,-0.026181885586912725,0.16427491583986456,0.3091048393246175,0.9714435719360388,False
fut_equity/EUROSTX200-LARGE,fut_equity,50,150,ls,2013-10-11,2020-04-30,2024-03-28,1453,969,-0.3046232843958862,-0.2161262577510087,-0.1360747139346118,-0.15867103889472867,-0.6291014423454652,-0.2967749412863084,-0.08560479880301085,-0.04708958825182065,0.16212332475574634,0.3449218780657765,0.8792919527142754,False
fut_equity/EUROSTX200-LARGE,fut_equity,50,200,ls,2013-12-20,2020-05-29,2024-03-28,1423,949,-0.432624194366215,-0.11676863475074617,-0.16902837234988544,-0.10624922167322688,-0.6619872265069765,-0.2936753762556959,-0.11189462341288917,-0.031202780151759743,0.16061625593142215,0.3385724895930369,0.843210726004593,False
fut_equity/EUROSTX200-LARGE,fut_equity,60,120,ls,2013-08-30,2020-04-09,2024-03-28,1471,981,-0.12391785999136071,-0.12877005165900887,-0.09667957674545903,-0.11968600764778246,-0.5031135006252495,-0.283529509337173,-0.04864080029537536,-0.0339345150229009,0.1636910228043914,0.3810953010677915,0.8963533250813037,False
fut_equity/EUROSTX200-LARGE,fut_equity,60,132,ls,2013-09-17,2020-04-20,2024-03-28,1464,976,-0.2890362997265185,-0.1517934601404997,-0.13360914619644637,-0.1402116163299804,-0.6146738017093304,-0.26635204501276133,-0.08212604183570742,-0.03734565074403496,0.16295730977783715,0.3274246395462677,0.89823399020028,False
fut_equity/EUROSTX200-LARGE,fut_equity,60,180,ls,2013-11-22,2020-05-19,2024-03-28,1435,957,-0.28372116014542914,-0.13281744161938644,-0.13906224091928182,-0.12315895482259005,-0.592528549469673,-0.27419455557075983,-0.08239834789790426,-0.03376951488213937,0.16087319148172938,0.30140372182757774,0.8888461108299037,False
fut_equity/EUROSTX200-LARGE,fut_equity,60,400,ls,2014-10-08,2020-09-24,2024-03-28,1303,869,-0.28636249264807945,0.1312264070168443,-0.1555283609828524,0.02759777389983101,-0.554802072032691,-0.3030215359986696,-0.08628745693313485,0.008362719837270787,0.15314500224919347,0.3013623841302084,0.9397363951607681,False
fut_equity/EUROSTX200-LARGE,fut_equity,62,758,ls,2016-04-11,2021-05-12,2024-03-28,1088,726,0.15119127489404313,0.6113998712871795,0.023698504173552477,0.4229406711252429,-0.4258924534650699,-0.1958023971116901,0.010093014085926463,0.08281279724234954,0.1481378236651269,0.5912562273073696,0.6113998712871795,False
fut_equity/EUROSTX200-LARGE,fut_equity,74,758,ls,2016-04-11,2021-05-12,2024-03-28,1088,726,0.3628886654153915,0.6113998712871795,0.13990194617162885,0.4229406711252429,-0.3835727496420786,-0.1958023971116901,0.05366257417332975,0.08281279724234954,0.1481378236651269,0.5912562273073696,0.6113998712871795,False
fut_equity/EUROSTX200-LARGE,fut_equity,80,144,ls,2013-10-03,2020-04-27,2024-03-28,1456,972,-0.1135892548429625,-0.233106388541474,-0.08992347708722022,-0.15139455760575732,-0.5220574575863446,-0.3300101482720579,-0.0469452218254781,-0.04996174040305858,0.16281018194816527,0.34490530945644743,0.8891778460822206,False
fut_equity/EUROSTX200-LARGE,fut_equity,80,300,ls,2014-05-21,2020-07-29,2024-03-28,1363,909,-0.43636365495687357,-0.09812068817196784,-0.183391406450563,-0.08579410981033525,-0.6252199174964385,-0.31401458876803034,-0.11465996001057682,-0.026940602110811663,0.15518257835174779,0.2953504446381797,0.8231676330088713,False
fut_equity/EUROSTX200-LARGE,fut_equity,100,200,ls,2013-12-20,2020-05-29,2024-03-28,1423,949,-0.17692961197096127,0.2884359410041242,-0.11297892346523797,0.13069748226540662,-0.5380996990508422,-0.2597910080243123,-0.06079392471573269,0.03395403066396967,0.16061792109214257,0.3385724895930369,0.843210726004593,False
fut_equity/EUROSTX200-LARGE,fut_equity,100,250,ls,2014-03-07,2020-06-30,2024-03-28,1393,929,-0.31050936877192775,0.2745137566808771,-0.14921586093007694,0.11465262776009591,-0.596658550653927,-0.2704693886564362,-0.08903091931711764,0.03101002613812709,0.15526556820818244,0.3231418093724771,0.8472142079518693,False
fut_equity/EUROSTX200-LARGE,fut_equity,100,300,ls,2014-05-21,2020-07-29,2024-03-28,1363,909,-0.33956821854216773,0.006956633986080382,-0.16491258817193807,-0.04242252620214529,-0.5786154552254907,-0.25766866216195294,-0.09542097227751983,-0.01093095557203717,0.15512022222779748,0.2953504446381797,0.8231676330088713,False
fut_equity/EUROSTX200-LARGE,fut_equity,100,400,ls,2014-10-08,2020-09-24,2024-03-28,1303,869,-0.39879310076861013,0.5545876334273683,-0.18004106545959325,0.26870963905771783,-0.6064952357938943,-0.28234121961679853,-0.10919404844849998,0.07586780721434577,0.15302757360432528,0.3013623841302084,0.9397363951607681,False
fut_equity/EUROSTX200-LARGE,fut_equity,116,378,ls,2014-09-08,2020-09-11,2024-03-28,1316,878,-0.4022007751539582,0.3494371035969347,-0.1843428061307773,0.14914340232672924,-0.5945050720969138,-0.2868081978753736,-0.10959273324932517,0.04277555044633101,0.15379205734572324,0.2726853536063451,0.8565661646107687,False
fut_equity/EUROSTX200-LARGE,fut_equity,120,398,ls,2014-10-06,2020-09-23,2024-03-28,1304,870,-0.2653557025262316,0.6220037585770939,-0.15441039252724525,0.35303441076865116,-0.5309443127570137,-0.24657549729319997,-0.08198331974291896,0.08704963539689199,0.15308340498349332,0.2869662529639599,0.9151594819680718,False
fut_equity/EUROSTX200-LARGE,fut_equity,134,750,ls,2016-03-29,2021-05-07,2024-03-28,1093,729,0.6037190478428928,0.555082666646061,0.28463835048297076,0.37777282665200046,-0.3703302970049954,-0.19580239711169004,0.10541020487337055,0.07396882502212064,0.14848215916221327,0.6037190478428928,0.555082666646061,False
fut_equity/EUROSTX200-LARGE,fut_equity,150,400,ls,2014-10-08,2020-09-24,2024-03-28,1303,869,-0.1645951737928697,0.9397363951607681,-0.1263109780230646,0.7201376639288727,-0.48168442472262457,-0.19580239711169015,-0.060842030785191945,0.141004680847686,0.15285523145453522,0.3013623841302084,0.9397363951607681,False
fut_equity/EUROSTX200-LARGE,fut_equity,150,500,ls,2015-03-04,2020-11-23,2024-03-28,1243,829,-0.07175131709071099,0.832478456606669,-0.08800545949104277,0.6069933803851161,-0.45920603508610597,-0.19580239711169012,-0.04041263811881266,0.11885075891033367,0.14814067598870914,0.1812680788620348,0.832478456606669,False
fut_equity/EUROSTX200-LARGE,fut_equity,150,710,ls,2016-01-13,2021-04-13,2024-03-28,1117,745,0.493122567220407,0.6260277988969923,0.22459446085309284,0.4375584601848921,-0.37033029700499553,-0.19580239711169012,0.08317413339340271,0.08567499538070189,0.14913042099250812,0.493122567220407,0.6260277988969923,False
fut_equity/EUROSTX200-LARGE,fut_equity,162,678,ls,2015-11-13,2021-03-19,2024-03-28,1136,758,0.3637656455034301,0.6949669035988784,0.14965947608584793,0.4924777065432329,-0.37033029700499553,-0.19580239711169006,0.05542343822848409,0.09642831546523245,0.14835839075648286,0.3637656455034301,0.6949669035988784,False
fut_equity/EUROSTX200-LARGE,fut_equity,174,698,ls,2015-12-11,2021-04-01,2024-03-28,1124,750,0.44805928576411075,0.6442716380978358,0.19935139657610518,0.45184751903525966,-0.37033029700499553,-0.19580239711169012,0.07382586190238968,0.08847282735607387,0.1488351244117991,0.44805928576411075,0.6442716380978358,False
fut_equity/EUROSTX200-LARGE,fut_equity,200,400,ls,2014-10-08,2020-09-24,2024-03-28,1303,869,0.07004704361099844,0.9397363951607681,-0.021478057080487882,0.7201376639288727,-0.4540275598947673,-0.19580239711169015,-0.009751629847534443,0.141004680847686,0.15285523145453522,0.3013623841302084,0.9397363951607681,False
fut_equity/EUROSTX200-LARGE,fut_equity,200,600,ls,2015-07-28,2021-02-03,2024-03-28,1183,789,0.2130505575669482,0.7833304209188875,0.06135525699225287,0.5655554681346823,-0.37033029700499553,-0.19580239711169004,0.022721710544758834,0.11073711636039482,0.14813752720903262,0.2130505575669482,0.7833304209188875,False
fut_equity/FTSE100,fut_equity,5,20,ls,1984-06-19,2008-04-10,2024-03-28,6019,4014,-0.12950100637676748,-0.2118859701357771,-0.06386120007698559,-0.0977944862713602,-0.8709624994377555,-0.8398145068187398,-0.055620710436145956,-0.08212922825757439,0.2529734249061374,0.25709312844672905,0.3395616566709738,False
fut_equity/FTSE100,fut_equity,5,35,ls,1984-07-10,2008-04-18,2024-03-28,6010,4008,-0.15397959474904213,-0.30850415387440017,-0.06912820365728152,-0.11529416114343263,-0.8849183671652397,-0.9037273990443094,-0.061172817105467715,-0.10419449237514986,0.25281415766136467,0.26088430356040543,0.33491794815545817,False
fut_equity/FTSE100,fut_equity,8,21,ls,1984-06-20,2008-04-11,2024-03-28,6019,4013,-0.18351689740078203,-0.3850590888262461,-0.07490472669670865,-0.1326368787051733,-0.9007415530361098,-0.9160536083009643,-0.06746979985453871,-0.12150249133165134,0.25301004405900485,0.2533797240475239,0.34474630048848465,False
fut_equity/FTSE100,fut_equity,9,21,ls,1984-06-20,2008-04-11,2024-03-28,6019,4013,-0.19295049904576922,-0.38698431998785904,-0.07631158206600346,-0.13088735973997925,-0.9109435382486872,-0.9313789575176872,-0.06951554257656026,-0.12190573266686437,0.2529993332787495,0.2533797240475239,0.34474630048848465,False
fut_equity/FTSE100,fut_equity,10,20,ls,1984-06-19,2008-04-10,2024-03-28,6019,4014,-0.1668330966512434,-0.40892425315266073,-0.0713298253966252,-0.1351480529985418,-0.8945972385829015,-0.938096742136579,-0.06381146482842143,-0.12678194822403377,0.25302457164399494,0.25709312844672905,0.3395616566709738,False
fut_equity/FTSE100,fut_equity,10,30,ls,1984-07-03,2008-04-16,2024-03-28,6013,4010,-0.15406590587725874,-0.1238746655751801,-0.0683942645953129,-0.07185253328272405,-0.8940161232748915,-0.8543300399347279,-0.06114557528773882,-0.061385777628841,0.25286623001075614,0.26037240992807514,0.3354389113337878,False
fut_equity/FTSE100,fut_equity,10,100,ls,1984-10-10,2008-05-28,2024-03-28,5971,3982,0.09933840929923145,-0.19978546813192136,-0.00828074603752992,-0.09043446004160323,-0.5132028366296104,-0.8772890076514169,-0.004249702355869762,-0.07933715770738982,0.2531033306677379,0.2553092579929934,0.3370061219068259,False
fut_equity/FTSE100,fut_equity,12,26,ls,1984-06-27,2008-04-15,2024-03-28,6016,4011,-0.16523139266734369,-0.1340063553343083,-0.069988719579659,-0.07472290542755586,-0.9076838670801335,-0.8544596966105228,-0.06352763164005194,-0.06384771110148617,0.2530232336556304,0.2540588322061181,0.3440012867508711,False
fut_equity/FTSE100,fut_equity,13,48,ls,1984-07-27,2008-04-28,2024-03-28,6003,4002,-0.06373256186052258,-0.35628899146526416,-0.055033041829568245,-0.12533445278251018,-0.751330683511892,-0.9179718227180181,-0.041348012933548055,-0.11505349607012626,0.25295949258890876,0.2628545129345179,0.3326610870201821,False
fut_equity/FTSE100,fut_equity,20,50,ls,1984-07-31,2008-04-28,2024-03-28,6001,4002,0.0325800423366089,-0.347749707552446,-0.0290385401080623,-0.12257060329114064,-0.6731439459185392,-0.9229175182221594,-0.01954711747205482,-0.11312255699645236,0.252944331627993,0.26289831573763806,0.3326610870201821,False
fut_equity/FTSE100,fut_equity,20,60,ls,1984-08-14,2008-05-02,2024-03-28,5995,3998,-0.008902408710563534,-0.2187869600104647,-0.04156407168734809,-0.09223345273890837,-0.6987514541041172,-0.9073934731708537,-0.029042955530022247,-0.08369203302329786,0.25299450555722786,0.26682056726171205,0.3260243359934663,False
fut_equity/FTSE100,fut_equity,20,100,ls,1984-10-10,2008-05-28,2024-03-28,5971,3982,0.04813022083134738,0.004743908299525711,-0.022154090520740514,-0.040932247974590004,-0.7291188008793758,-0.7432980403024817,-0.016152963915055468,-0.030424859704687977,0.2531669362647514,0.2553092579929934,0.3370061219068259,False
fut_equity/FTSE100,fut_equity,21,55,ls,1984-08-07,2008-04-30,2024-03-28,5998,4000,0.0031927526663851767,-0.22576718761850798,-0.038107415475534714,-0.09348800169534396,-0.6891127383506284,-0.9127239709841733,-0.02626030542981084,-0.08532874014674947,0.2530386137661635,0.26241905403462157,0.33349900436246915,False
fut_equity/FTSE100,fut_equity,30,90,ls,1984-09-26,2008-05-21,2024-03-28,5977,3986,0.06291501162323668,0.05288888982483078,-0.01745825776779954,-0.029544162682561596,-0.7286655121782905,-0.6266440132627552,-0.01272123033811427,-0.018513672671888127,0.25307046082166745,0.26108844056766156,0.32857702378356246,False
fut_equity/FTSE100,fut_equity,30,200,ls,1985-03-04,2008-07-23,2024-03-28,5911,3942,0.14694573556437826,-0.10383386116684917,0.009526955041546756,-0.07384670599392681,-0.7044025917525533,-0.7646374329395592,0.006710811822775589,-0.05646595570223856,0.25238372922402047,0.20903967611753332,0.3831728790836623,False
fut_equity/FTSE100,fut_equity,40,100,ls,1984-10-10,2008-05-28,2024-03-28,5971,3982,0.03443610055222196,0.1654986249861128,-0.026743490325032853,0.018303035579976062,-0.7217532308872971,-0.5386346549685357,-0.019302200547295634,0.009858649254497238,0.253110060997727,0.2553092579929934,0.3370061219068259,False
fut_equity/FTSE100,fut_equity,50,150,ls,1984-12-19,2008-06-25,2024-03-28,5941,3962,0.01961887133021766,0.002318799485576139,-0.029244297813332612,-0.04408357862112373,-0.7825380103850512,-0.7041593274365595,-0.022884774625953206,-0.03104186307284718,0.25323958128654117,0.22466230807163806,0.36505437299069077,False
fut_equity/FTSE100,fut_equity,50,200,ls,1985-03-04,2008-07-23,2024-03-28,5911,3942,0.05299049835158196,-0.03582773601237064,-0.01791568486444862,-0.057950153697867365,-0.8600776054374651,-0.6924571583384614,-0.015408879337987206,-0.04012799875490232,0.2523727890630367,0.20903967611753332,0.3831728790836623,False
fut_equity/FTSE100,fut_equity,60,120,ls,1984-11-07,2008-06-09,2024-03-28,5959,3974,0.0018019788977481307,0.05994659508841461,-0.03265755108839769,-0.025365654413216907,-0.8219346665547581,-0.6623019223512568,-0.026842373364337136,-0.016799721679571198,0.2532614069046239,0.24342735096654888,0.3493297903169004,False
fut_equity/FTSE100,fut_equity,60,132,ls,1984-11-23,2008-06-16,2024-03-28,5952,3969,0.007506003747896812,6.500448866191035e-05,-0.03213021962336397,-0.043335595675860754,-0.7963219871342765,-0.7292312381507926,-0.025586000337537926,-0.03160167009071007,0.2532758152644809,0.23828577989457972,0.35607325062542416,False
fut_equity/FTSE100,fut_equity,60,180,ls,1985-02-04,2008-07-11,2024-03-28,5923,3950,0.05195841600502532,0.01759453350597444,-0.018301560653803152,-0.04470364821758289,-0.8502142989156646,-0.6072402590363583,-0.015560248560335757,-0.027145854923515268,0.252593101848241,0.19990658707063333,0.394935946372256,False
fut_equity/FTSE100,fut_equity,60,400,ls,1985-12-16,2008-11-13,2024-03-28,5791,3862,0.040163622102592555,-0.13333524042185685,-0.02535797062503335,-0.07803757701723515,-0.8411825468812072,-0.7377356433637763,-0.02133068231410439,-0.05757110208736022,0.23565234924941159,0.12314558615885189,0.5249518231404816,False
fut_equity/FTSE100,fut_equity,62,758,ls,1987-05-21,2009-06-12,2024-03-28,5577,3718,0.03178284007477336,-0.05106917055622628,-0.032860846252308666,-0.057543111133634105,-0.8094402231940802,-0.6010735199477302,-0.02659889072481508,-0.034587640357836874,0.21888094297518523,0.09428325345519734,0.5214256610959382,False
fut_equity/FTSE100,fut_equity,74,758,ls,1987-05-21,2009-06-12,2024-03-28,5577,3718,0.041629962706018285,-0.031054793909863022,-0.030462180610346466,-0.05155201577951758,-0.7895322285566462,-0.5888120040477973,-0.024050873343981902,-0.030354445723841418,0.21888103742304119,0.09428325345519734,0.5214256610959382,False
fut_equity/FTSE100,fut_equity,80,144,ls,1984-12-11,2008-06-23,2024-03-28,5945,3964,0.03522725177828286,0.032812211658475116,-0.02325155621587382,-0.037693989138210655,-0.8292451679652866,-0.6240325025954042,-0.019281240639686587,-0.02352227437472158,0.25318085695692477,0.22892934062205106,0.36399921393498597,False
fut_equity/FTSE100,fut_equity,80,300,ls,1985-07-26,2008-09-18,2024-03-28,5851,3902,0.034757049680138576,-0.0535030856294961,-0.023409827973389995,-0.0618338929400909,-0.8667271825986061,-0.7087506809826328,-0.020289934244494347,-0.04382481372909664,0.25035473232065597,0.1825909266583954,0.4323910315624866,False
fut_equity/FTSE100,fut_equity,100,200,ls,1985-03-04,2008-07-23,2024-03-28,5911,3942,0.10659568370445828,-0.004897511043352516,-0.003476383327242431,-0.04946966594037694,-0.8207258993475075,-0.6590112104436268,-0.0028531578327277247,-0.032601064431609664,0.25237434558831146,0.20903967611753332,0.3831728790836623,False
fut_equity/FTSE100,fut_equity,100,250,ls,1985-05-16,2008-08-20,2024-03-28,5881,3922,0.023296315633620463,-0.07610132803278227,-0.026281027185021375,-0.06621451321288739,-0.8571512694335832,-0.751881527161288,-0.022526815813659583,-0.049785469314747054,0.2521822000969951,0.19762859778115227,0.39054360494644846,False
fut_equity/FTSE100,fut_equity,100,300,ls,1985-07-26,2008-09-18,2024-03-28,5851,3902,0.05473716288063463,-0.048862301439689906,-0.01841850132772855,-0.05919570588354509,-0.8464633226887633,-0.7215801523499531,-0.015590585832816507,-0.04271444646991148,0.2503610490123927,0.1825909266583954,0.4323910315624866,False
fut_equity/FTSE100,fut_equity,100,400,ls,1985-12-16,2008-11-13,2024-03-28,5791,3862,0.1646998383780459,-0.19483532441464332,0.01151230297262981,-0.08985065153883352,-0.8486477609003572,-0.7918186317520866,0.009769890140528814,-0.07114541996351267,0.2356717063657859,0.12314558615885189,0.5249518231404816,False
fut_equity/FTSE100,fut_equity,116,378,ls,1985-11-14,2008-11-03,2024-03-28,5805,3870,0.15149234487617558,-0.10380718204286604,0.007866045183361915,-0.07042282159282104,-0.8359548070271174,-0.7322695349009073,0.0065756582833238954,-0.05156848681418463,0.23749034364550567,0.13649268474794812,0.498016022357673,False
fut_equity/FTSE100,fut_equity,120,398,ls,1985-12-12,2008-11-13,2024-03-28,5793,3862,0.1848811326786119,-0.19737963351129315,0.01872051817970218,-0.09120991702452864,-0.7960605930841539,-0.7860427256650079,0.014902666804976402,-0.0716948917856397,0.23565642962710504,0.12198381681787623,0.5249518231404816,False
fut_equity/FTSE100,fut_equity,134,750,ls,1987-05-11,2009-06-08,2024-03-28,5581,3722,0.027108511679023665,-0.06666215437297611,-0.034654485937857596,-0.06020235896679306,-0.8017001269492451,-0.6292045214289664,-0.027782505775741265,-0.03787959646259587,0.21889700116933444,0.09075266767601427,0.5265166104352764,False
fut_equity/FTSE100,fut_equity,150,400,ls,1985-12-16,2008-11-13,2024-03-28,5791,3862,0.2084818070618456,-0.0940707989612524,0.02672424677995187,-0.06952091984387826,-0.783472178879783,-0.7018147216561463,0.020937703853609917,-0.04879080500951068,0.23565909555222242,0.12314558615885189,0.5249518231404816,False
fut_equity/FTSE100,fut_equity,150,500,ls,1986-05-14,2009-01-13,2024-03-28,5731,3822,0.11101322578870389,-0.14602629677481543,-0.005523693564577178,-0.07667251114923783,-0.8012680740489547,-0.7613831281432429,-0.004425959304125361,-0.058377156381404366,0.23014336500253008,0.11302892871795461,0.5248749095710313,False
fut_equity/FTSE100,fut_equity,150,710,ls,1987-03-11,2009-05-14,2024-03-28,5605,3738,0.025662599613853372,-0.11081643729292821,-0.03426824553444134,-0.06971261129276583,-0.8144792642542396,-0.683488650685712,-0.027910775410175413,-0.04764777862827004,0.22052446353185967,0.09969735666732205,0.5313451595773494,False
fut_equity/FTSE100,fut_equity,162,678,ls,1987-01-26,2009-04-27,2024-03-28,5625,3750,0.08070061813687958,-0.1622234986009504,-0.016810157214907515,-0.08368009590527649,-0.7974053596052235,-0.7055096528991739,-0.013404509458973668,-0.059037115416701196,0.22230895418255822,0.0985045149437359,0.5586729442199367,False
fut_equity/FTSE100,fut_equity,174,698,ls,1987-02-23,2009-05-08,2024-03-28,5613,3742,0.016748698241592006,-0.09339021891377147,-0.03761167401934308,-0.06319779618558134,-0.8012167780231882,-0.6969113302704691,-0.03013510427383652,-0.044043260209855474,0.2207499504778561,0.11154366521376527,0.5137439967077548,False
fut_equity/FTSE100,fut_equity,200,400,ls,1985-12-16,2008-11-13,2024-03-28,5791,3862,0.16553359790857006,-0.18133341190926175,0.012847030045626318,-0.08985561602269938,-0.7777057729106909,-0.7586001256896241,0.009991209431240683,-0.06816448160873835,0.2356593442494175,0.12314558615885189,0.5249518231404816,False
fut_equity/FTSE100,fut_equity,200,600,ls,1986-10-03,2009-03-10,2024-03-28,5671,3782,0.13093076676929727,-0.25808874760960565,0.00024346290347343976,-0.1056589888415869,-0.8045085496268365,-0.7630423169595737,0.0001958679873613555,-0.08062227965329022,0.22625545354840723,0.07959182532874612,0.6041119067066557,False
fut_equity/HANG,fut_equity,5,20,ls,1994-01-07,2012-03-23,2024-03-28,4439,2960,0.19065149842853832,-0.1080465800516944,-0.1969857225210067,-0.08856989610088128,-0.9912079501835886,-0.5217099263750077,-0.19525381423548024,-0.04620779397383285,0.2179060383776311,0.4411173566819182,0.12283241518124347,False
fut_equity/HANG,fut_equity,5,35,ls,1994-01-28,2012-04-02,2024-03-28,4430,2954,0.321571842474317,-0.19845538020374334,-0.09876658752757302,-0.10175459655660415,-0.9890538957405366,-0.6364993134417433,-0.09768547816314478,-0.06476673084782011,0.21776846854149226,0.44087449559201586,0.1271101864930699,False
fut_equity/HANG,fut_equity,8,21,ls,1994-01-10,2012-03-23,2024-03-28,4438,2960,0.33059205488036464,0.015994738269214805,-0.09027609546204399,-0.03736362000679363,-0.9856298271664828,-0.5369829892477107,-0.08897881236751932,-0.02006362836036361,0.2178822220980894,0.44116707961228246,0.12283241518124347,False
fut_equity/HANG,fut_equity,9,21,ls,1994-01-10,2012-03-23,2024-03-28,4438,2960,0.39144925589876234,0.042052610000560334,-0.04025099756102906,-0.0281219355106284,-0.9728627301487051,-0.5148015852004335,-0.0391586953784316,-0.014477216979775864,0.21784073776806642,0.44116707961228246,0.12283241518124347,False
fut_equity/HANG,fut_equity,10,20,ls,1994-01-07,2012-03-23,2024-03-28,4439,2960,0.3993802624863429,0.1252838867417927,-0.03352202259179292,0.0076490715331418565,-0.968779379235368,-0.4654843181446356,-0.03247544423719113,0.0035605228470440794,0.21779656647333165,0.4411173566819182,0.12283241518124347,True
fut_equity/HANG,fut_equity,10,30,ls,1994-01-21,2012-03-29,2024-03-28,4433,2956,0.39583098019948065,-0.0963652568183693,-0.0376861768775647,-0.0658801782987935,-0.9808823752049223,-0.6636529531840522,-0.036965706688058486,-0.04372157488428621,0.21773434326456645,0.44108218638760355,0.12493157282721506,False
fut_equity/HANG,fut_equity,10,100,ls,1994-05-06,2012-05-14,2024-03-28,4391,2928,0.31082426585436385,-0.01232903091853607,-0.10793216912490938,-0.05826211040054446,-0.9896125239884013,-0.4454919852100154,-0.10681102630724457,-0.025955303224863634,0.21727296440722904,0.4675572836655887,0.14951512039074388,False
fut_equity/HANG,fut_equity,12,26,ls,1994-01-17,2012-03-27,2024-03-28,4435,2958,0.40197164586842493,-0.06657683191259518,-0.032091535974978984,-0.05818401837186208,-0.9887603528275243,-0.644935416514666,-0.031730838433397406,-0.03752493412315385,0.21783313220803577,0.4436650063894304,0.10884791546554491,False
fut_equity/HANG,fut_equity,13,48,ls,1994-02-18,2012-04-12,2024-03-28,4422,2949,0.3232979904447304,-0.0316434680188336,-0.09829563767220886,-0.05736344599544656,-0.9925371425035322,-0.5251889755607029,-0.09756207133573673,-0.03012664943698028,0.21766565971541715,0.44091107343847075,0.1294124298478838,False
fut_equity/HANG,fut_equity,20,50,ls,1994-02-22,2012-04-13,2024-03-28,4421,2948,0.23133397225064928,-0.09601183883070047,-0.16826359645084207,-0.08356175437941371,-0.9990403773837976,-0.5217223020458814,-0.16810212689820428,-0.04359603085782024,0.21758279693691182,0.4424093070896771,0.12076215156354964,False
fut_equity/HANG,fut_equity,20,60,ls,1994-03-08,2012-04-19,2024-03-28,4415,2944,0.28669793680312544,-0.03647876072860252,-0.12747563686057906,-0.06295435950854832,-0.9975717052575794,-0.4942185425691271,-0.1271660884418038,-0.031113211804687617,0.21755826145913976,0.44182855081424843,0.1128477128036365,False
fut_equity/HANG,fut_equity,20,100,ls,1994-05-06,2012-05-14,2024-03-28,4391,2928,0.22846797550549366,-0.057373557191391276,-0.16989237713177036,-0.061217458185138254,-0.9974911791786698,-0.5793689364044028,-0.1694661475986369,-0.03546749363810455,0.21725383708597254,0.4675572836655887,0.14951512039074388,False
fut_equity/HANG,fut_equity,21,55,ls,1994-03-01,2012-04-17,2024-03-28,4418,2946,0.29494553997699813,0.011016754683659332,-0.12102366476378591,-0.04450826455890184,-0.9974484180667453,-0.4731389316587991,-0.12071486296727836,-0.02105859274338601,0.21760907906631927,0.4418317100033711,0.12516689157141805,False
fut_equity/HANG,fut_equity,30,90,ls,1994-04-22,2012-05-08,2024-03-28,4397,2932,0.2865836346703246,-0.15973169150456062,-0.12689161189966827,-0.08440377854086394,-0.9967825087430391,-0.6716402053386963,-0.12648333924779942,-0.0566889711505477,0.21727049827500444,0.46058061858366556,0.12923046720091694,False
fut_equity/HANG,fut_equity,30,200,ls,1994-09-29,2012-07-10,2024-03-28,4331,2888,0.29410578539450427,-0.08884592140615723,-0.12036436261018049,-0.06970258849499872,-0.9949439434709109,-0.5983829376534887,-0.11975579358873564,-0.0417088396656896,0.21610195858710432,0.4548095783569937,0.14850243531798724,False
fut_equity/HANG,fut_equity,40,100,ls,1994-05-06,2012-05-14,2024-03-28,4391,2928,0.24744950995249554,-0.02674138896557588,-0.1561008529371585,-0.05412687108401647,-0.9981212660330548,-0.5363521619232813,-0.15580758096247635,-0.029031064324054973,0.21726498585731532,0.4675572836655887,0.14951512039074388,False
fut_equity/HANG,fut_equity,50,150,ls,1994-07-19,2012-06-11,2024-03-28,4361,2908,0.28253063465367084,0.05162587204632878,-0.12931954185474667,-0.024792082897528312,-0.9965960712651939,-0.4938888306696728,-0.12887934735025533,-0.012244532832125852,0.21655694145555554,0.4602640028456888,0.1601018857868212,False
fut_equity/HANG,fut_equity,50,200,ls,1994-09-29,2012-07-10,2024-03-28,4331,2888,0.4395071296576294,-0.07112900981696219,-0.0009675288115178769,-0.06983661117605239,-0.9748661157543853,-0.5445889954291143,-0.0009432110543648894,-0.038032249924540025,0.21607011594840467,0.4548095783569937,0.14850243531798724,False
fut_equity/HANG,fut_equity,60,120,ls,1994-06-03,2012-05-24,2024-03-28,4379,2920,0.2207382191532529,0.030474008415101273,-0.17546953139471982,-0.03422986795401958,-0.9985874351256877,-0.49306287881485156,-0.1752216692981596,-0.01687747723486113,0.2172023021917399,0.4531029208895625,0.1771052561282099,False
fut_equity/HANG,fut_equity,60,132,ls,1994-06-23,2012-05-31,2024-03-28,4372,2915,0.2621086147573948,0.007170814982954372,-0.1448787083154752,-0.04217752951076383,-0.9972750455486389,-0.5174581967571446,-0.1444839204343435,-0.0218251083643111,0.21711889499466538,0.45967474237206307,0.17152939312076,False
fut_equity/HANG,fut_equity,60,180,ls,1994-08-31,2012-06-27,2024-03-28,4343,2896,0.4106001546691509,-0.11358522480060744,-0.026115817396747808,-0.07999726731222138,-0.9853940385238187,-0.5861477560947279,-0.025734370773931925,-0.04689021872876869,0.2162987510596195,0.44478370343195656,0.15510734458892886,False
fut_equity/HANG,fut_equity,60,400,ls,1995-07-24,2012-11-02,2024-03-28,4211,2808,0.05504754194027685,0.026966183074637155,-0.27921825778031945,-0.028458103630478987,-0.9991394245027446,-0.6076612076939976,-0.2789779693892874,-0.017292885620777798,0.21531630142257474,0.49112539508315606,0.06996105107007856,False
fut_equity/HANG,fut_equity,62,758,ls,1996-12-27,2013-06-06,2024-03-28,3996,2665,-0.2544806047256673,0.11632689323842851,-0.4458438039876236,0.0034569977715367753,-0.9999608484471815,-0.5238217632768336,-0.44582634851038294,0.0018108506683304781,0.21518605235129126,0.43089655302489727,0.07717906368142573,True
fut_equity/HANG,fut_equity,74,758,ls,1996-12-27,2013-06-06,2024-03-28,3996,2665,-0.2956601860539723,0.10165057803078159,-0.46493414644584724,-0.002532660135274209,-0.9999778000620312,-0.5327567882991769,-0.46492382493663653,-0.0013492918795220466,0.21518813417719143,0.43089655302489727,0.07717906368142573,True
fut_equity/HANG,fut_equity,80,144,ls,1994-07-11,2012-06-07,2024-03-28,4365,2910,0.35519249733153785,-0.18102680160489193,-0.07293008923039974,-0.09792031329040199,-0.9895888786157145,-0.6222659856175564,-0.07217080521885529,-0.0609324802616319,0.21688898859276587,0.47576595878594397,0.1722668137465414,False
fut_equity/HANG,fut_equity,80,300,ls,1995-02-27,2012-09-04,2024-03-28,4271,2848,0.11662734779531292,0.09001254285574753,-0.24388360145145419,-0.007212606030669453,-0.9982173099307908,-0.5390504974775673,-0.2434488325771037,-0.0038879588689420706,0.21553671613642894,0.5033769702958133,0.15008279470459615,False
fut_equity/HANG,fut_equity,100,200,ls,1994-09-29,2012-07-10,2024-03-28,4331,2888,0.35397271148074455,-0.0021884963480948054,-0.07458311320172342,-0.03861941400992302,-0.991517142551404,-0.6114408752524759,-0.07395043528436071,-0.02361348830396506,0.21610479698890211,0.4548095783569937,0.14850243531798724,False
fut_equity/HANG,fut_equity,100,250,ls,1994-12-09,2012-08-07,2024-03-28,4301,2868,0.10475730593200816,0.03115046564041462,-0.2543187107036895,-0.026876489209870322,-0.9987431423116571,-0.6104637252180442,-0.2539990682768521,-0.016407121723840006,0.21531957664930404,0.5092846561039812,0.1313440184375973,False
fut_equity/HANG,fut_equity,100,300,ls,1995-02-27,2012-09-04,2024-03-28,4271,2848,0.05566542606244595,-0.008391876053850248,-0.28244277783835686,-0.03999690106638681,-0.9992391445764438,-0.6201729519440088,-0.28222787971899427,-0.02480499620295358,0.21557389364930876,0.5033769702958133,0.15008279470459615,False
fut_equity/HANG,fut_equity,100,400,ls,1995-07-24,2012-11-02,2024-03-28,4211,2808,0.014368755997277029,-0.00040648945393398535,-0.3036813960945238,-0.037380682060780705,-0.9996311855043968,-0.6171065140330659,-0.30356939399359917,-0.023067862398706743,0.21532374007062718,0.49112539508315606,0.06996105107007856,False
fut_equity/HANG,fut_equity,116,378,ls,1995-06-22,2012-10-19,2024-03-28,4224,2817,-0.0418082541647074,0.05012247572577277,-0.3382026967247949,-0.021208742663398342,-0.9997780356862919,-0.5831074780419323,-0.3381276277953222,-0.012366976446894542,0.2152564993013303,0.488208985994251,0.08564533714463865,False
fut_equity/HANG,fut_equity,120,398,ls,1995-07-20,2012-11-01,2024-03-28,4212,2809,-0.021099184912565738,0.05671039312059866,-0.3258197902351515,-0.01843814082851246,-0.9996830790429568,-0.5950857809816767,-0.3257165311154066,-0.010972275434785477,0.2153287836749558,0.483706523676698,0.07713104570126217,False
fut_equity/HANG,fut_equity,134,750,ls,1996-12-16,2013-06-03,2024-03-28,4001,2668,-0.2450742854787376,-0.050273796495690234,-0.43877689595662883,-0.05240297173299518,-0.9999585864682334,-0.638626576916117,-0.4387587246557097,-0.03346593045807475,0.21515769321332268,0.4408299663779052,0.06596490483918324,False
fut_equity/HANG,fut_equity,150,400,ls,1995-07-24,2012-11-02,2024-03-28,4211,2808,-0.13582043466493243,0.07026902109319053,-0.38934345866307707,-0.01461230889427246,-0.9998967149464724,-0.5528535748061674,-0.3893032453031084,-0.008078467208370485,0.2153050137562125,0.49112539508315606,0.06996105107007856,True
fut_equity/HANG,fut_equity,150,500,ls,1995-12-13,2013-01-02,2024-03-28,4151,2768,-0.13233320871181198,-0.07481169207891741,-0.38531624925379615,-0.06001834867128845,-0.9998727829157534,-0.6420416478866496,-0.38526723044405325,-0.038534279484349544,0.21509393799777907,0.4859885894087735,0.04121531747919014,False
fut_equity/HANG,fut_equity,150,710,ls,1996-10-18,2013-05-09,2024-03-28,4025,2684,-0.3375294223372961,-0.05851046915325812,-0.48170427879357386,-0.056250959253038656,-0.9999893789464449,-0.6261760433669615,-0.4816991625866311,-0.03522300310066392,0.21533819017414102,0.4490102842416682,0.04249478469561439,False
fut_equity/HANG,fut_equity,162,678,ls,1996-09-04,2013-04-19,2024-03-28,4044,2697,-0.2732346316862969,-0.07798738121370913,-0.4519354494348149,-0.058520160889138854,-0.9999821204524583,-0.6700254432831477,-0.4519273690334609,-0.039209996740746385,0.21515681506029125,0.47308486235480585,0.07571445132457842,False
fut_equity/HANG,fut_equity,174,698,ls,1996-10-02,2013-05-02,2024-03-28,4032,2689,-0.3188665799519595,-0.058291668960024995,-0.4735785713515337,-0.055071334415975094,-0.9999884102670197,-0.6381559707277286,-0.47357308270234655,-0.03514410087349795,0.21521287917765977,0.45954273086410974,0.05648959935847196,False
fut_equity/HANG,fut_equity,200,400,ls,1995-07-24,2012-11-02,2024-03-28,4211,2808,-0.20023945276309751,-0.056977862047547116,-0.4202326371953537,-0.05343372338669,-0.9999345491991287,-0.652946262465773,-0.420205132632697,-0.0348893499749692,0.21529315998838208,0.49112539508315606,0.06996105107007856,False
fut_equity/HANG,fut_equity,200,600,ls,1996-05-14,2013-03-04,2024-03-28,4091,2728,-0.3668535863508584,-0.10910522909577494,-0.4934637417377762,-0.06675694542283411,-0.999995600901075,-0.6847184313241576,-0.49346157094196036,-0.045709710949915376,0.21543696555430247,0.4715778524946453,0.06179298359899974,False
fut_equity/IBEX,fut_equity,5,20,ls,1997-06-09,2013-08-14,2024-03-28,4076,2718,0.15002610854580328,-0.557951559501441,-0.12355766242441615,-0.16759173038235936,-0.9944186028989718,-0.8606082189265618,-0.12286803804555069,-0.14423082059118283,0.2311054249312945,0.3889613216953883,0.3941934975316429,False
fut_equity/IBEX,fut_equity,5,35,ls,1997-06-30,2013-08-22,2024-03-28,4067,2712,0.08428292101302086,-0.3609075833532681,-0.16363916398280207,-0.1332960527148769,-0.9921078454423505,-0.7800575094472979,-0.16234769840896524,-0.10397858689992262,0.23039748722832962,0.3859449475595364,0.4108437346294043,False
fut_equity/IBEX,fut_equity,8,21,ls,1997-06-10,2013-08-14,2024-03-28,4075,2718,0.22084999300929928,-0.28655482135061716,-0.08223808256735268,-0.12184977365878573,-0.970567216273953,-0.727099259998737,-0.079817586869103,-0.0885968802583167,0.2310717317982961,0.38900906069593344,0.3941934975316429,False
fut_equity/IBEX,fut_equity,9,21,ls,1997-06-10,2013-08-14,2024-03-28,4075,2718,0.36646352677960636,-0.3347977022650836,0.019219726719752216,-0.1301220487748063,-0.8813037275442388,-0.7586400648741054,0.016938416800499234,-0.09871579952407054,0.23101432934294383,0.38900906069593344,0.3941934975316429,False
fut_equity/IBEX,fut_equity,10,20,ls,1997-06-09,2013-08-14,2024-03-28,4076,2718,0.20828143004793148,-0.3545091582413985,-0.09151093193365231,-0.13426481911503746,-0.9549679383507296,-0.7657614986896155,-0.08739000600523389,-0.10281482910682122,0.2310070795249313,0.3889613216953883,0.3941934975316429,False
fut_equity/IBEX,fut_equity,10,30,ls,1997-06-23,2013-08-20,2024-03-28,4070,2714,0.13201360587195218,-0.47860589100310735,-0.13646845840013871,-0.1502489502091865,-0.9898491515098726,-0.8516192101313685,-0.13508318775523764,-0.12795489230021473,0.23062459708049876,0.3834356332007774,0.420725860513423,False
fut_equity/IBEX,fut_equity,10,100,ls,1997-10-02,2013-09-27,2024-03-28,4028,2686,0.2734606604888567,-0.39397422012999034,-0.04772956656623391,-0.13052741124926928,-0.9713929454064806,-0.8451533435591972,-0.04636416424974864,-0.11031567804344632,0.2298177139437488,0.37865990437804314,0.36286872654364366,False
fut_equity/IBEX,fut_equity,12,26,ls,1997-06-17,2013-08-16,2024-03-28,4072,2716,0.18213766386289584,-0.4724584330190415,-0.10621505485855401,-0.1513495990893923,-0.977572872556307,-0.8388600742504978,-0.10383295628680238,-0.1269611359299107,0.2310173035174229,0.3899075978803526,0.3911188605052144,False
fut_equity/IBEX,fut_equity,13,48,ls,1997-07-17,2013-08-29,2024-03-28,4059,2707,0.16874048210814552,-0.5118420381511044,-0.11422338985589928,-0.15485570559880985,-0.9799544134740775,-0.8666909872732396,-0.11193371501125868,-0.13421204437032663,0.22999212408754402,0.3824666769194037,0.42895526354628905,False
fut_equity/IBEX,fut_equity,20,50,ls,1997-07-21,2013-08-30,2024-03-28,4058,2706,0.15452633908625432,-0.429363534573206,-0.12248174089992138,-0.1336248971459586,-0.9850602899648705,-0.879830495744232,-0.1206518992062787,-0.11756725949970077,0.22991069804108083,0.3797824206371235,0.4413422117934813,False
fut_equity/IBEX,fut_equity,20,60,ls,1997-08-05,2013-09-05,2024-03-28,4052,2702,0.13014764140723498,-0.4558596744401807,-0.13707931782929508,-0.13918520476620158,-0.9888372796765635,-0.883372462249125,-0.1355491397422392,-0.12295237704296813,0.22992285512497734,0.38534510240405545,0.42162922806281994,False
fut_equity/IBEX,fut_equity,20,100,ls,1997-10-02,2013-09-27,2024-03-28,4028,2686,0.3115102432155733,-0.33170090360314025,-0.02275494144944041,-0.11940260385634571,-0.935743574763216,-0.8165493967932627,-0.021292790255427043,-0.09749812415444399,0.22985310587048782,0.37865990437804314,0.36286872654364366,False
fut_equity/IBEX,fut_equity,21,55,ls,1997-07-29,2013-09-03,2024-03-28,4055,2704,0.12663044466476314,-0.5173584464194523,-0.13918770290942054,-0.15051984199739632,-0.9877920565696562,-0.8983282577493465,-0.13748850730610282,-0.13521622741822795,0.22984692709027163,0.38301247799439503,0.4280214885967045,False
fut_equity/IBEX,fut_equity,30,90,ls,1997-09-18,2013-09-23,2024-03-28,4034,2690,0.23155661058213786,-0.18365169318558502,-0.07504766051869197,-0.09023152645469355,-0.9744583326545546,-0.7340996572891064,-0.07313081813866962,-0.06623893264706347,0.22981332610702604,0.38512526626244237,0.37318032860766015,False
fut_equity/IBEX,fut_equity,30,200,ls,1998-02-27,2013-11-22,2024-03-28,3968,2646,0.21877524194326095,-0.08946758454377818,-0.07896026064224722,-0.06336142234575023,-0.9800914388961598,-0.7190579386997847,-0.07738827546847589,-0.04556053374502164,0.22892248190796988,0.3284615754494586,0.3198273403753872,False
fut_equity/IBEX,fut_equity,40,100,ls,1997-10-02,2013-09-27,2024-03-28,4028,2686,0.21244910898715147,-0.29514217461438425,-0.0870408241663809,-0.11472098930623041,-0.9778894678867044,-0.7840924671134925,-0.08511630522848242,-0.08995186353482279,0.22991884537486024,0.37865990437804314,0.36286872654364366,False
fut_equity/IBEX,fut_equity,50,150,ls,1997-12-15,2013-10-25,2024-03-28,3998,2666,0.3445722473313275,-0.07513955290381556,0.002743391537018161,-0.06089757168247736,-0.9582995470458602,-0.6971635226759945,0.0026289908672939497,-0.0424555655965698,0.22903729067555817,0.40325365027052207,0.31003626808077683,False
fut_equity/IBEX,fut_equity,50,200,ls,1998-02-27,2013-11-22,2024-03-28,3968,2646,0.18938753642790748,-0.2524606887590138,-0.09739154299226066,-0.10140876275439609,-0.9823164822909609,-0.7950653018005905,-0.09566931791704637,-0.08062658856454841,0.22892595126952722,0.3284615754494586,0.3198273403753872,False
fut_equity/IBEX,fut_equity,60,120,ls,1997-10-31,2013-10-09,2024-03-28,4016,2678,0.3197053595825455,-0.18345428761807345,-0.015282640041165321,-0.09141256634578873,-0.9453281262085261,-0.7242484567074776,-0.014447109473634206,-0.0662054100996074,0.22975881145379826,0.4269024848824906,0.34411939707738515,False
fut_equity/IBEX,fut_equity,60,132,ls,1997-11-18,2013-10-16,2024-03-28,4009,2673,0.3466864900211493,-0.14080676802876757,0.004079821989961293,-0.08193448583569488,-0.9557401511258986,-0.6938331594405226,0.00389924968525237,-0.05684886317451492,0.22930352593112496,0.4279287122326774,0.30275644908692745,False
fut_equity/IBEX,fut_equity,60,180,ls,1998-01-30,2013-11-12,2024-03-28,3980,2654,0.19410751867087125,-0.15245585404601555,-0.09444617017096746,-0.08045539894739966,-0.9896842815330119,-0.7376288456793901,-0.09347189006919851,-0.05934622305424523,0.22897594859076745,0.36832986820114305,0.3154115418312999,False
fut_equity/IBEX,fut_equity,60,400,ls,1998-12-16,2014-03-19,2024-03-28,3848,2566,0.15903112290108304,-0.25356643823966657,-0.10403756021552364,-0.10345854057786555,-0.9688612759246408,-0.7649493298516384,-0.10079796333449888,-0.0791405412824668,0.2250352107226847,0.3359240063121147,0.2925795282814774,False
fut_equity/IBEX,fut_equity,62,758,ls,2000-05-25,2014-10-09,2024-03-28,3633,2423,-0.19592004736649704,-0.34334357647223096,-0.28520133603507747,-0.12435575129568352,-0.9974109820907423,-0.7788765005420014,-0.28446294466833844,-0.09685777239145343,0.2236562481554354,0.33917430718725267,0.2731561444257062,False
fut_equity/IBEX,fut_equity,74,758,ls,2000-05-25,2014-10-09,2024-03-28,3633,2423,-0.22240145736793998,-0.39256056179165194,-0.29676586161851287,-0.13327524613513056,-0.9981200830237525,-0.8007976935811323,-0.29620796643728553,-0.10672650971647027,0.2236123587632529,0.33917430718725267,0.2731561444257062,False
fut_equity/IBEX,fut_equity,80,144,ls,1997-12-04,2013-10-23,2024-03-28,4002,2668,0.1991164599605961,-0.052904719404907326,-0.0922455745502859,-0.05698966735141849,-0.9917178381201924,-0.6613504926575703,-0.09148158176916457,-0.03769014457925167,0.22912133344645577,0.39896209829090434,0.30915496769205464,False
fut_equity/IBEX,fut_equity,80,300,ls,1998-07-27,2014-01-22,2024-03-28,3908,2606,0.17207684961640016,-0.2648395640591571,-0.10186738271107659,-0.10950996775972309,-0.9753714992857639,-0.7546750085552598,-0.09935854180321949,-0.08264443585595525,0.2275799680930267,0.29657955708782047,0.2691820931118331,False
fut_equity/IBEX,fut_equity,100,200,ls,1998-02-27,2013-11-22,2024-03-28,3968,2646,0.16920408652836502,-0.35070296499697645,-0.10949903755720938,-0.12284021550274637,-0.9848829912481386,-0.8228108385644489,-0.10784373964813665,-0.10107426072725237,0.22888685798603572,0.3284615754494586,0.3198273403753872,False
fut_equity/IBEX,fut_equity,100,250,ls,1998-05-15,2013-12-20,2024-03-28,3938,2626,0.12545635747580927,-0.17086302838365877,-0.13147651287183099,-0.08712366421947892,-0.9800655996057839,-0.7241007644107478,-0.1288556074218086,-0.06308631185959,0.22835358028799857,0.3030031260378589,0.32216939094022,False
fut_equity/IBEX,fut_equity,100,300,ls,1998-07-27,2014-01-22,2024-03-28,3908,2606,0.10162388733726045,-0.25894294260145084,-0.1426780242182519,-0.10927019281048803,-0.9810179381539871,-0.7448962214201116,-0.13996970113847412,-0.08139495373837957,0.227565895442731,0.29657955708782047,0.2691820931118331,False
fut_equity/IBEX,fut_equity,100,400,ls,1998-12-16,2014-03-19,2024-03-28,3848,2566,0.016750176549814283,-0.2092132454449265,-0.18114756884420255,-0.09528490963572515,-0.9885291398992162,-0.7333730246337136,-0.1790696504243936,-0.06987938238150183,0.2249873320600645,0.3359240063121147,0.2925795282814774,False
fut_equity/IBEX,fut_equity,116,378,ls,1998-11-13,2014-03-06,2024-03-28,3861,2575,0.04301976353808468,-0.2918669369702727,-0.16758621289973685,-0.11473952759740456,-0.9861121048147369,-0.7596897288019763,-0.1652587931404901,-0.08716644060333914,0.22529398837339792,0.3517768203220378,0.27423666384182754,False
fut_equity/IBEX,fut_equity,120,398,ls,1998-12-14,2014-03-18,2024-03-28,3849,2567,-0.04440828635853678,-0.3386097943357676,-0.21196391391833322,-0.12154537917196584,-0.9937557096401555,-0.7943961484607932,-0.21064034969401804,-0.09655518107741638,0.224945435093418,0.336456395088056,0.29633314464680655,False
fut_equity/IBEX,fut_equity,134,750,ls,2000-05-15,2014-10-06,2024-03-28,3638,2426,-0.22284896576065916,-0.41175541744582617,-0.29668014625714345,-0.13831355906957496,-0.9981003421697422,-0.7996558559868665,-0.29611655549422405,-0.11060324747237099,0.22370995639448468,0.33517334564163953,0.2501863692908678,False
fut_equity/IBEX,fut_equity,150,400,ls,1998-12-16,2014-03-19,2024-03-28,3848,2566,-0.09496166140786828,-0.45688205558179834,-0.2370712987263657,-0.1429614614518375,-0.9953146806513754,-0.8412435730048611,-0.2359605439834395,-0.12026541063374048,0.22490979290579938,0.3359240063121147,0.2925795282814774,False
fut_equity/IBEX,fut_equity,150,500,ls,1999-05-17,2014-05-19,2024-03-28,3788,2526,-0.17732867918428355,-0.42938078349775427,-0.2743869000939829,-0.13819034757906914,-0.9976683362954688,-0.8281220677283664,-0.273747122118035,-0.11443847637728038,0.2242752576923762,0.3382011632292339,0.26632884031514664,False
fut_equity/IBEX,fut_equity,150,710,ls,2000-03-15,2014-09-12,2024-03-28,3662,2442,-0.22948491351339917,-0.3901029152325327,-0.29997495329445867,-0.13577680107102746,-0.9977572347676522,-0.7846482962688843,-0.2993021798986347,-0.10653703563322092,0.22417652584887054,0.3069466962552208,0.2325177738371828,False
fut_equity/IBEX,fut_equity,162,678,ls,2000-01-31,2014-08-26,2024-03-28,3681,2455,-0.20817991579270972,-0.4107437640430128,-0.29059773837202546,-0.13864325766651034,-0.9979769072854995,-0.797697911934786,-0.2900098322046747,-0.1105954371444118,0.22405631696518596,0.3360853591387019,0.23787717077006398,False
fut_equity/IBEX,fut_equity,174,698,ls,2000-02-28,2014-09-05,2024-03-28,3669,2447,-0.2253989604109677,-0.3561261596822176,-0.2980589062599954,-0.1289390431611443,-0.9975788846297401,-0.7727840764411714,-0.2973372712608065,-0.09964203938649324,0.2240604102765895,0.30590839915250345,0.21783404716916838,False
fut_equity/IBEX,fut_equity,200,400,ls,1998-12-16,2014-03-19,2024-03-28,3848,2566,-0.128733838905163,-0.44739140272190314,-0.25316689444026985,-0.13993757238241455,-0.9965383404912821,-0.846170851915436,-0.2522905168528381,-0.11841109483780571,0.2249549201174829,0.3359240063121147,0.2925795282814774,False
fut_equity/IBEX,fut_equity,200,600,ls,1999-10-04,2014-07-14,2024-03-28,3728,2486,-0.21337419620149028,-0.34799653306198397,-0.2920032860588312,-0.12266035623511855,-0.9985220706218569,-0.8015460653533593,-0.29157172582385055,-0.09831792591510066,0.22467803204756104,0.35405775880705376,0.25168862277920256,False
fut_equity/KOSPI,fut_equity,5,20,ls,2014-04-10,2020-04-20,2024-03-29,1484,990,-0.23852396275872384,0.4351445796475661,-0.13740173157317337,0.18537374126494363,-0.3735946684910589,-0.37140902838702067,-0.051332554357177165,0.06884948113167967,0.19771671868696972,0.030744918588054584,0.7530765066773606,False
fut_equity/KOSPI,fut_equity,5,35,ls,2014-05-02,2020-04-28,2024-03-29,1475,984,-0.4062276033697536,0.4068671976053967,-0.16916854195938466,0.20780004304487107,-0.45896485161639716,-0.30255266460054225,-0.07764241475855124,0.06287045672733312,0.19768949505558833,0.04948538479023893,0.7344986528362216,False
fut_equity/KOSPI,fut_equity,8,21,ls,2014-04-11,2020-04-20,2024-03-29,1483,990,-0.044463490590956875,0.29954263709518414,-0.06540422069947172,0.11698394703789541,-0.3150344505110936,-0.34687605551201595,-0.020604582729164364,0.04057893010673174,0.1977776138953198,0.030755275673913854,0.7530765066773606,False
fut_equity/KOSPI,fut_equity,9,21,ls,2014-04-11,2020-04-20,2024-03-29,1483,990,0.11230176345377865,0.3559606381447583,0.0187319870054534,0.1620798757144831,-0.26384253763006327,-0.3223701610420277,0.004942294986372195,0.05224971563574975,0.19776202810560745,0.030755275673913854,0.7530765066773606,False
fut_equity/KOSPI,fut_equity,10,20,ls,2014-04-10,2020-04-20,2024-03-29,1484,990,0.0805129567695107,0.3917715437954183,-0.001089847611359284,0.19719000972474585,-0.2581415664138137,-0.30287242097036055,-0.00028133496954863886,0.059723415636502714,0.1977483657463677,0.030744918588054584,0.7530765066773606,False
fut_equity/KOSPI,fut_equity,10,30,ls,2014-04-24,2020-04-24,2024-03-29,1478,986,-0.01147449119605389,0.3481952525232151,-0.04897443394927101,0.15048306772684128,-0.31393198613560686,-0.33645490542408946,-0.01537464131956174,0.05063076631996123,0.197794126704974,0.021971308228476753,0.7672210068912667,False
fut_equity/KOSPI,fut_equity,10,100,ls,2014-08-07,2020-06-08,2024-03-29,1436,958,0.1523687080166883,0.7661269517857581,0.040160129770783065,0.4663842697009162,-0.28623188925391024,-0.3001870408734243,0.011495109816973442,0.14000251383143106,0.19603884943212516,0.17653522867208798,0.5824990449610696,True
fut_equity/KOSPI,fut_equity,12,26,ls,2014-04-18,2020-04-22,2024-03-29,1480,988,0.019627233088565423,0.461332895159412,-0.03250672013045759,0.2644178876892463,-0.31573732634298446,-0.28141175431345694,-0.010263584902170352,0.07441030164648943,0.1978186972003979,0.011357286815577046,0.778531240606616,False
fut_equity/KOSPI,fut_equity,13,48,ls,2014-05-23,2020-05-08,2024-03-29,1467,979,-0.16937184960223706,0.7554997005132695,-0.1268616439842545,0.4396756298784668,-0.32481101338721746,-0.31422713320720336,-0.0412060591424941,0.13815801271778202,0.19686429201157743,0.05093728469861201,0.7385854159315037,True
fut_equity/KOSPI,fut_equity,20,50,ls,2014-05-27,2020-05-11,2024-03-29,1466,978,-0.05103726231131653,0.7954594099560319,-0.07321548550740205,0.47141583480179866,-0.30260016720637517,-0.31211497959743184,-0.022155018156635797,0.1471359436610697,0.19685853235383133,0.04253980056741586,0.7498105559023964,True
fut_equity/KOSPI,fut_equity,20,60,ls,2014-06-12,2020-05-15,2024-03-29,1460,974,-0.0790488020240975,0.6529769173243216,-0.09091412622233301,0.30103608500784496,-0.295578533754161,-0.3839962760709139,-0.02687226412633791,0.11559673560597955,0.19719913668731215,0.04335320357640126,0.7554250013674613,False
fut_equity/KOSPI,fut_equity,20,100,ls,2014-08-07,2020-06-08,2024-03-29,1436,958,0.17012696274877107,0.700536710512068,0.05363230059575954,0.381132069939715,-0.27109172277087207,-0.32931121495581894,0.014539272764669722,0.1255110650104737,0.19614938466069567,0.17653522867208798,0.5824990449610696,True
fut_equity/KOSPI,fut_equity,21,55,ls,2014-06-03,2020-05-13,2024-03-29,1463,976,-0.018776702744136804,0.7241589743156422,-0.060800396584861305,0.3793688868482902,-0.27883006176022557,-0.3460180240271531,-0.016952978334803085,0.13126847260462599,0.19704609510975435,0.04804713118257523,0.7439781166178003,False
fut_equity/KOSPI,fut_equity,30,90,ls,2014-07-24,2020-06-02,2024-03-29,1442,962,0.10976588384454884,0.9596154490908606,0.015701760762560073,1.0687542640902532,-0.27109172277087207,-0.17285341221021608,0.004256617375658492,0.18473782136221867,0.19680881232014036,0.12755852185987274,0.6525767523067204,True
fut_equity/KOSPI,fut_equity,30,200,ls,2015-01-06,2020-08-03,2024-03-29,1376,918,-0.22975473875958374,0.7630081111106196,-0.1155627151343774,0.5349083716831746,-0.47207414257815244,-0.2560162007611787,-0.05455416966106449,0.13694520907367483,0.1923869538979613,0.31996563712587844,0.57160220461434,True
fut_equity/KOSPI,fut_equity,40,100,ls,2014-08-07,2020-06-08,2024-03-29,1436,958,-0.22034619361535915,0.9104070511887096,-0.1209232558159992,0.731388373685016,-0.4172912887614849,-0.23605148639067006,-0.050460221260693036,0.17264531273720285,0.19599072017512123,0.17653522867208798,0.5824990449610696,True
fut_equity/KOSPI,fut_equity,50,150,ls,2014-10-24,2020-07-06,2024-03-29,1406,938,-0.2799762577341588,0.7660394922307465,-0.12078374638740218,0.5733424961043652,-0.5149382479415682,-0.23949482043154904,-0.06219617074454759,0.13731255815029103,0.19193406749871514,0.27292497651177605,0.6061475084748107,True
fut_equity/KOSPI,fut_equity,50,200,ls,2015-01-06,2020-08-03,2024-03-29,1376,918,-0.1698796302278779,0.7976554436550821,-0.0972596790183597,0.6393024123878178,-0.45782328386401594,-0.22605366888512118,-0.04452774563574557,0.14451665584737497,0.1923458341350984,0.31996563712587844,0.57160220461434,True
fut_equity/KOSPI,fut_equity,60,120,ls,2014-09-05,2020-06-18,2024-03-29,1424,950,-0.22197079035748615,0.7413193776076907,-0.10272353353881614,0.47526018790109587,-0.5067199824815974,-0.27823933115241184,-0.0520520671152367,0.1322360768049705,0.19243610733586336,0.15987125889968964,0.6422245580605135,True
fut_equity/KOSPI,fut_equity,60,132,ls,2014-09-26,2020-06-25,2024-03-29,1417,945,-0.36662116484870566,0.884564374427652,-0.1425034710626823,0.7721448390394399,-0.5327851885673225,-0.2116613291824683,-0.07592373870162918,0.16343320295247088,0.19189410253045883,0.15810132942140742,0.667151361957321,True
fut_equity/KOSPI,fut_equity,60,180,ls,2014-12-05,2020-07-22,2024-03-29,1388,926,-0.312375557427922,0.7221329270283633,-0.1291824335634522,0.4432121926645758,-0.5268383159030376,-0.28857403338902887,-0.0680582557428252,0.127899530084412,0.19214658002981136,0.24377981775560892,0.5925953101008334,True
fut_equity/KOSPI,fut_equity,60,400,ls,2015-10-27,2020-11-30,2024-03-29,1256,838,-0.12368843188598218,0.15004771403980427,-0.07248486711952033,0.028573892419198738,-0.5340752373661769,-0.372139732819447,-0.03871237261231361,0.01063348069049224,0.18990153467182533,0.48860187231263524,0.3558278632211703,False
fut_equity/KOSPI,fut_equity,62,758,ls,2017-04-10,2021-06-29,2024-03-29,1041,695,-0.23677762199676533,-1.1509945207702756,-0.11035757611047517,-0.34494562395979694,-0.6557043912166082,-0.5080405218271433,-0.07236194725965962,-0.1752463547985248,0.15668037819569508,0.7163695141365122,-0.21992221842271478,False
fut_equity/KOSPI,fut_equity,74,758,ls,2017-04-10,2021-06-29,2024-03-29,1041,695,-0.20513526604635693,-1.0385478717760106,-0.10227174369761587,-0.33244531559765705,-0.6448451337230977,-0.48302434883435014,-0.06594943624078348,-0.16057918208958832,0.15668296415882366,0.7163695141365122,-0.21992221842271478,False
fut_equity/KOSPI,fut_equity,80,144,ls,2014-10-16,2020-07-02,2024-03-29,1410,940,-0.2723726842273704,0.768324538776242,-0.11893497127600164,0.46351490150733504,-0.5115962779817512,-0.29741365542103015,-0.06084668862666893,0.13785566119941528,0.19200413216955306,0.24145593681250513,0.6450781230892325,True
fut_equity/KOSPI,fut_equity,80,300,ls,2015-06-03,2020-09-29,2024-03-29,1316,878,-0.4000005493550387,0.4729169570320837,-0.15051430878967145,0.2367061221831496,-0.5618473205791769,-0.3148190473657133,-0.08456606110230376,0.0745195958913313,0.18987328308032392,0.3148517509068548,0.5399510392571104,False
fut_equity/KOSPI,fut_equity,100,200,ls,2015-01-06,2020-08-03,2024-03-29,1376,918,-0.6902732324534265,0.38550119147083767,-0.21194966117890165,0.1539990730805061,-0.6051583284326035,-0.3724619868069558,-0.1282631026708808,0.05735880072599488,0.19254340149004134,0.31996563712587844,0.57160220461434,False
fut_equity/KOSPI,fut_equity,100,250,ls,2015-03-20,2020-09-01,2024-03-29,1346,898,-0.6196836684691001,0.39632292805705427,-0.19438566979220595,0.1707999588619337,-0.6092103846243615,-0.34634338178820945,-0.11842176865957392,0.05915543536152917,0.19057396292464876,0.2845398568144163,0.5296340235526883,False
fut_equity/KOSPI,fut_equity,100,300,ls,2015-06-03,2020-09-29,2024-03-29,1316,878,-0.5867716674662575,0.34253501148781634,-0.18084365752682272,0.12954794658197008,-0.6354427518412805,-0.372510620786214,-0.11491579139188633,0.04825798600282897,0.18992364378270143,0.3148517509068548,0.5399510392571104,False
fut_equity/KOSPI,fut_equity,100,400,ls,2015-10-27,2020-11-30,2024-03-29,1256,838,-0.3494750956061896,-0.07093405366749884,-0.12903698427017907,-0.06785678081551343,-0.6015037617241866,-0.455472196647573,-0.0776162314400574,-0.030906877015474787,0.18995234306745243,0.48860187231263524,0.3558278632211703,False
fut_equity/KOSPI,fut_equity,116,378,ls,2015-09-22,2020-11-17,2024-03-29,1269,847,-0.5896759802171422,0.23847595642850059,-0.17799004897238968,0.0797787074020677,-0.6544165923311845,-0.3480406033056734,-0.11647964131737192,0.027766229455162435,0.19015445339685583,0.5220395088785186,0.3841322881796366,False
fut_equity/KOSPI,fut_equity,120,398,ls,2015-10-23,2020-11-27,2024-03-29,1257,839,-0.487996736501036,0.24574587817120253,-0.1565081792728849,0.09089705856353716,-0.6426019593850989,-0.32103913593266337,-0.10057246266055017,0.029181513140058672,0.18999665744157773,0.5107253330180447,0.3299682678904162,False
fut_equity/KOSPI,fut_equity,134,750,ls,2017-03-29,2021-06-24,2024-03-29,1046,698,-0.5098311553408029,-0.5606117054444862,-0.1743127501875211,-0.26301338762214993,-0.7199333417969828,-0.3621927584365784,-0.1254935607603247,-0.0952615443686155,0.1566828712399848,0.6960233742969907,-0.2233964700222753,False
fut_equity/KOSPI,fut_equity,150,400,ls,2015-10-27,2020-11-30,2024-03-29,1256,838,-0.5637750016506877,0.2630965532864312,-0.16973323112049551,0.11074601117020388,-0.6662012538734831,-0.2941073499287341,-0.1130764913964718,0.03257121586044665,0.1899235170315012,0.48860187231263524,0.3558278632211703,False
fut_equity/KOSPI,fut_equity,150,500,ls,2016-03-24,2021-01-28,2024-03-29,1196,798,-0.2566690486076808,-0.4559824398616404,-0.10733895092718462,-0.23043457936676762,-0.6333820667572558,-0.3814424081980775,-0.06798656658181586,-0.08789752088577087,0.17005344282006754,0.7559575621755359,-0.03913516770531497,False
fut_equity/KOSPI,fut_equity,150,710,ls,2017-01-31,2021-06-02,2024-03-29,1070,714,-0.4338973387532162,-0.4690584138955451,-0.15554601736937063,-0.25235178699616956,-0.7048633548216079,-0.3241877656953498,-0.10963868763211466,-0.08180936199551704,0.1560219878444867,0.7200518468398269,-0.16827715271561722,False
fut_equity/KOSPI,fut_equity,162,678,ls,2016-12-12,2021-05-13,2024-03-29,1089,727,-0.3494334338024123,-0.3753999119292572,-0.13516439912195274,-0.20990497265243527,-0.6839511900666124,-0.32437401451132325,-0.09244585163409816,-0.06808771864515994,0.1556155789486587,0.7210296036701986,-0.06807515590069878,False
fut_equity/KOSPI,fut_equity,174,698,ls,2017-01-11,2021-05-26,2024-03-29,1077,719,-0.3613231844300852,-0.6829658846960053,-0.14043471198162863,-0.2908673604305935,-0.67883195823159,-0.38388308158566536,-0.0953315705381783,-0.11165905865478466,0.15561446480261512,0.6979190149605522,-0.12574282988280652,False
fut_equity/KOSPI,fut_equity,200,400,ls,2015-10-27,2020-11-30,2024-03-29,1256,838,-0.47721000948381787,-0.0748128430070503,-0.15884930622139082,-0.07534272698687125,-0.6227539789871622,-0.41958711614350336,-0.09892403750872131,-0.031612837538808614,0.18990177512258488,0.48860187231263524,0.3558278632211703,False
fut_equity/KOSPI,fut_equity,200,600,ls,2016-08-18,2021-03-30,2024-03-29,1136,758,-0.30850363823578875,-0.5919129128339169,-0.12303875237354277,-0.26187313036568405,-0.6714218218716126,-0.3817506904114131,-0.08261090327945428,-0.09997024831729787,0.15708575192993784,0.7213409242563861,-0.06580478084608532,False
fut_equity/NIKKEI,fut_equity,5,20,ls,2011-07-08,2019-06-25,2024-03-29,1950,1300,0.11417707922458173,0.30876116956743205,-0.03747325517837266,0.10006030603930242,-0.7693579533244608,-0.4554359697933511,-0.02883034690843804,0.045571062518829204,0.22931008884369122,0.7566753174829158,0.9002794726853388,False
fut_equity/NIKKEI,fut_equity,5,35,ls,2011-08-01,2019-07-03,2024-03-29,1941,1294,0.08297615053732828,0.10182764835144219,-0.055129190307610834,-0.005793458075717114,-0.7381360387103157,-0.508379553257763,-0.040692842150966996,-0.002945275628350645,0.22963669293859099,0.7693746825411499,0.8760579619502178,False
fut_equity/NIKKEI,fut_equity,8,21,ls,2011-07-11,2019-06-25,2024-03-29,1949,1300,0.0021590037238776337,0.24907047654316836,-0.0847932908254092,0.06233833985172126,-0.8192645996371232,-0.5029483793143246,-0.06946814145999303,0.03135296699756878,0.22945897430481924,0.7568696825911555,0.9002794726853388,False
fut_equity/NIKKEI,fut_equity,9,21,ls,2011-07-11,2019-06-25,2024-03-29,1949,1300,-0.12891564375281225,0.12951262476741926,-0.1335246843007731,0.006761446170524425,-0.858906831855306,-0.508273263857287,-0.11468526356725695,0.003436662313487804,0.2295104871698546,0.7568696825911555,0.9002794726853388,False
fut_equity/NIKKEI,fut_equity,10,20,ls,2011-07-08,2019-06-25,2024-03-29,1950,1300,-0.14711206335762064,0.21832261037586745,-0.14505654783365726,0.05222797803769777,-0.8322250493055879,-0.4614806310401044,-0.12071969267296379,0.02410220026278548,0.22945489865767793,0.7566753174829158,0.9002794726853388,False
fut_equity/NIKKEI,fut_equity,10,30,ls,2011-07-25,2019-07-01,2024-03-29,1944,1296,-0.09210905895176273,0.30793511879541174,-0.13261171154810902,0.0943033928161752,-0.7729561319764602,-0.4810954741254936,-0.10250303561300443,0.04536893547854047,0.22941616620063457,0.7725465777402051,0.8659484490665039,False
fut_equity/NIKKEI,fut_equity,10,100,ls,2011-11-04,2019-08-09,2024-03-29,1902,1268,0.1803289105907467,-0.05232017466264481,-0.007335965846782814,-0.06590841010679353,-0.5607339920793678,-0.574015833522583,-0.004113525415024427,-0.037832470963599325,0.23038468995082534,0.7720419865496844,0.9418427767314346,False
fut_equity/NIKKEI,fut_equity,12,26,ls,2011-07-19,2019-06-27,2024-03-29,1946,1298,-0.1501290514671916,0.45839009907932154,-0.15461259006066777,0.1779495060019542,-0.7886429536114482,-0.4613857716564925,-0.12193412969096107,0.08210337014260329,0.22951618215115344,0.7612474599080711,0.8916683167018362,False
fut_equity/NIKKEI,fut_equity,13,48,ls,2011-08-18,2019-07-10,2024-03-29,1933,1289,0.08882115485934182,0.1938045773159477,-0.05820963370116218,0.03598936745702622,-0.6706918641667828,-0.5091431097186283,-0.03904072773949805,0.01832373846387673,0.22976111616839168,0.7689338409365355,0.8829279579032719,False
fut_equity/NIKKEI,fut_equity,20,50,ls,2011-08-22,2019-07-11,2024-03-29,1932,1288,-0.006145289003628383,0.09995370220566407,-0.10006537859615541,-0.006388406628096749,-0.7308143621348676,-0.5336883779400723,-0.07312921583053335,-0.0034094183709705607,0.22986730820279463,0.7716569322714112,0.8770178825495092,False
fut_equity/NIKKEI,fut_equity,20,60,ls,2011-09-05,2019-07-18,2024-03-29,1926,1284,-0.15825664827862038,-0.05992750324325746,-0.15613168024181845,-0.06838070363898292,-0.8048492712124828,-0.5764869886328938,-0.125662469055808,-0.03942058592143563,0.23001042785259343,0.7733358963703932,0.9125631920273595,False
fut_equity/NIKKEI,fut_equity,20,100,ls,2011-11-04,2019-08-09,2024-03-29,1902,1268,0.3818948660408699,-0.04416948447979155,0.14496310113559466,-0.06582312940021451,-0.516910744751959,-0.5472484019576042,0.07493298456955379,-0.03602160237611598,0.23034728600104815,0.7720419865496844,0.9418427767314346,False
fut_equity/NIKKEI,fut_equity,21,55,ls,2011-08-29,2019-07-16,2024-03-29,1929,1286,-0.1061470487817401,-0.026904102534373163,-0.13998310788586127,-0.05701374156700359,-0.7714873812856619,-0.5631156898708569,-0.10799520132709138,-0.032105332414621976,0.2300594213942113,0.7696934552846492,0.884141375573172,False
fut_equity/NIKKEI,fut_equity,30,90,ls,2011-10-20,2019-08-05,2024-03-29,1908,1272,0.33338723066365283,-0.17817118480791228,0.1098135420923956,-0.11794663304656977,-0.5035431340633112,-0.5530642586535692,0.05529585514779823,-0.06523206716658568,0.23009865033786597,0.7774073840878201,0.9438329317939418,False
fut_equity/NIKKEI,fut_equity,30,200,ls,2012-04-02,2019-10-09,2024-03-29,1842,1228,0.1749879885925387,0.1708636273697029,-0.011651552876615423,0.02944978056225642,-0.5035431340633112,-0.4338634466154975,-0.005867059452195319,0.012777183296810653,0.23216586250948187,0.6772903454759738,0.9103380995162986,False
fut_equity/NIKKEI,fut_equity,40,100,ls,2011-11-04,2019-08-09,2024-03-29,1902,1268,0.3321229161900788,-0.05362807252558037,0.10889297911473018,-0.07538643363746592,-0.5035431340633112,-0.5056387834702063,0.05483231198092193,-0.038118304594605704,0.2303474908215887,0.7720419865496844,0.9418427767314346,False
fut_equity/NIKKEI,fut_equity,50,150,ls,2012-01-20,2019-09-09,2024-03-29,1872,1248,0.1824846340360238,0.05368746711139691,-0.0057335834032476675,-0.031145415860423884,-0.5376976452287968,-0.45761823959714937,-0.0030829342946491816,-0.014252710377568313,0.23112777435092852,0.803832518896142,0.9148842724778676,False
fut_equity/NIKKEI,fut_equity,50,200,ls,2012-04-02,2019-10-09,2024-03-29,1842,1228,0.09903865156425218,-0.1181957162803255,-0.05934723210225538,-0.0931069923832301,-0.5739593789653902,-0.5700696822259393,-0.03406290048072536,-0.05307747356092094,0.23223822645265763,0.6772903454759738,0.9103380995162986,False
fut_equity/NIKKEI,fut_equity,60,120,ls,2011-12-05,2019-08-22,2024-03-29,1890,1260,0.14999949753733288,-0.018411675241105385,-0.024625825976324116,-0.06424768761851533,-0.6212630797064905,-0.4740501816899467,-0.015299116486367214,-0.030456627988716137,0.23077091671162153,0.7884928793766437,0.9479683447250594,False
fut_equity/NIKKEI,fut_equity,60,132,ls,2011-12-21,2019-08-28,2024-03-29,1882,1256,0.17545779387033836,-0.14725329056113665,-0.009318977917074669,-0.11076281207483907,-0.6146042914099682,-0.5321855322702421,-0.005727483819388818,-0.05894636609979703,0.23084243206961483,0.8097036940687362,0.9586960971112081,False
fut_equity/NIKKEI,fut_equity,60,180,ls,2012-03-02,2019-09-27,2024-03-29,1854,1236,0.3109596767082112,-0.083376168198884,0.09097987179572971,-0.08296863228027916,-0.5103885679615608,-0.5463148350947257,0.04643508647914889,-0.045326994662235644,0.2320509264640878,0.7242854962836515,0.8827426617824617,False
fut_equity/NIKKEI,fut_equity,60,400,ls,2013-01-24,2020-02-10,2024-03-29,1722,1148,0.4956001650662022,-0.0014577140772039344,0.2400686029158555,-0.052522711620908304,-0.5035431340633112,-0.5233095438072564,0.12088489670245045,-0.027485636257857608,0.23409183362544575,0.7281286318372243,0.8230458026885967,False
fut_equity/NIKKEI,fut_equity,62,758,ls,2014-07-09,2020-09-10,2024-03-29,1507,1005,0.30522642352083534,1.0695852924478595,0.11382905006345717,1.0506349916213724,-0.4163072229587928,-0.21091811907392885,0.04738785572395525,0.22159795626603285,0.2072759658658941,0.5434319889251115,1.0695852924478595,False
fut_equity/NIKKEI,fut_equity,74,758,ls,2014-07-09,2020-09-10,2024-03-29,1507,1005,0.37141391381360633,1.0695852924478595,0.14085751675095376,1.0506349916213724,-0.4801190153549233,-0.21091811907392885,0.06762837224780753,0.22159795626603285,0.2072759658658941,0.5434319889251115,1.0695852924478595,False
fut_equity/NIKKEI,fut_equity,80,144,ls,2012-01-12,2019-09-04,2024-03-29,1875,1251,0.20172435247296697,-0.11178871368415694,0.007255857487074812,-0.09616092840454242,-0.5633565319678958,-0.5335769521550168,0.004087634710371758,-0.05130925509449252,0.2311582375107896,0.8245126334060034,0.9485603780422645,False
fut_equity/NIKKEI,fut_equity,80,300,ls,2012-08-24,2019-12-09,2024-03-29,1782,1188,0.5333410966874054,-0.07287582798158977,0.2729219480868444,-0.08759643035145885,-0.5035431340633113,-0.49727389093690766,0.13742797309431398,-0.043559417753053775,0.2341447942264634,0.8391459923256908,0.8128022217789242,False
fut_equity/NIKKEI,fut_equity,100,200,ls,2012-04-02,2019-10-09,2024-03-29,1842,1228,0.18359804111289507,-0.06894007145349704,-0.00512147188894738,-0.07675516230018578,-0.5222855965291296,-0.54943847476864,-0.002674871000626051,-0.0421722393048335,0.23221697704854088,0.6772903454759738,0.9103380995162986,False
fut_equity/NIKKEI,fut_equity,100,250,ls,2012-06-14,2019-11-11,2024-03-29,1812,1208,0.31869389055080966,-0.12062886027358947,0.09073307102344358,-0.10285102878338705,-0.5473679951767253,-0.5233254150238595,0.049664379182329736,-0.05382455732369695,0.23306141053648066,0.8729684661269805,0.8110794772410742,False
fut_equity/NIKKEI,fut_equity,100,300,ls,2012-08-24,2019-12-09,2024-03-29,1782,1188,0.5297058472200687,-0.1332825433559533,0.2699079796354635,-0.1085689317680964,-0.5035431340633113,-0.5245797405606306,0.13591030997433767,-0.056953062059852816,0.23404023332074414,0.8391459923256908,0.8128022217789242,False
fut_equity/NIKKEI,fut_equity,100,400,ls,2013-01-24,2020-02-10,2024-03-29,1722,1148,0.6224745833833942,0.2328262465253434,0.34696075016338246,0.05711607620200905,-0.5035431340633112,-0.4795843127631732,0.1747097035342271,0.027391974153069543,0.23404964363889888,0.7281286318372243,0.8230458026885967,False
fut_equity/NIKKEI,fut_equity,116,378,ls,2012-12-17,2020-01-28,2024-03-29,1735,1157,0.6173194393657575,0.469345026811043,0.34492468441940016,0.22215839297681328,-0.5035431340633113,-0.38678047611069294,0.17368445660834336,0.08592652900755826,0.23422619123233604,0.7769542884518935,0.8450051800062517,False
fut_equity/NIKKEI,fut_equity,120,398,ls,2013-01-22,2020-02-07,2024-03-29,1723,1149,0.49222770912749586,0.43471048738823437,0.2359590772706535,0.20678767577100066,-0.5068092716256218,-0.37276010341161786,0.11958624808499371,0.07708219540464631,0.23388118887846646,0.7218528674192222,0.8104521645431331,False
fut_equity/NIKKEI,fut_equity,134,750,ls,2014-06-27,2020-09-07,2024-03-29,1512,1008,0.5483226172010381,1.0805289621822112,0.3262318627318453,1.06394074787338,-0.37854545842397885,-0.21091811907392885,0.12349359003033492,0.22440438134756246,0.20730806401599128,0.5483226172010381,1.0805289621822112,False
fut_equity/NIKKEI,fut_equity,150,400,ls,2013-01-24,2020-02-10,2024-03-29,1722,1148,0.48193965584016574,0.3722497210793186,0.2202432237289566,0.14577576735755107,-0.5232598251760674,-0.421831667294867,0.11524443074462733,0.06149283499562442,0.2339511462043412,0.7281286318372243,0.8230458026885967,False
fut_equity/NIKKEI,fut_equity,150,500,ls,2013-06-20,2020-04-09,2024-03-29,1662,1108,0.2920494881883178,1.2008993231816514,0.09413313702510803,1.2479152926441552,-0.45908722797832846,-0.21091811907392904,0.043215320937761,0.26320794628809696,0.21362675875071188,0.5101937770579703,1.2008993231816514,False
fut_equity/NIKKEI,fut_equity,150,710,ls,2014-04-30,2020-08-14,2024-03-29,1536,1024,0.6068428000405008,1.0503653453310864,0.3766571477860861,1.0248608900235499,-0.37854545842397874,-0.21091811907392882,0.14258185267735227,0.21616173123619975,0.20670826472658096,0.6068428000405008,1.0503653453310864,False
fut_equity/NIKKEI,fut_equity,162,678,ls,2014-03-13,2020-07-27,2024-03-29,1555,1037,0.5462457182391779,1.0761444300859544,0.32503184278822617,1.0584545199860131,-0.37854545842397885,-0.21091811907392882,0.12303932793065969,0.2232472364807481,0.20726546089508338,0.5462457182391779,1.0761444300859544,False
fut_equity/NIKKEI,fut_equity,174,698,ls,2014-04-11,2020-08-06,2024-03-29,1543,1029,0.5844704784498312,1.108830199596307,0.3573460174429433,1.0947355644207233,-0.3785454584239788,-0.21091811907392885,0.1352717119889221,0.23089956613095483,0.2066730618902537,0.5844704784498312,1.108830199596307,False
fut_equity/NIKKEI,fut_equity,200,400,ls,2013-01-24,2020-02-10,2024-03-29,1722,1148,0.44572159036684544,0.8230458026885967,0.1797314025846194,0.5508390929278845,-0.5585705391889706,-0.3256418812554582,0.1003926664508808,0.17937627849008644,0.2337486369663683,0.7281286318372243,0.8230458026885967,False
fut_equity/NIKKEI,fut_equity,200,600,ls,2013-11-14,2020-06-10,2024-03-29,1602,1068,0.5195209248388224,1.0118553886835189,0.30622098494497274,0.9963667882289351,-0.37854545842397885,-0.21091811907392885,0.11591856312503702,0.2101518088809786,0.21044007219179614,0.5195209248388224,1.0118553886835189,False
fut_equity/TOPIX,fut_equity,5,20,ls,2010-04-09,2018-12-26,2024-03-29,2139,1427,-0.17024059394338087,-0.31592293184471154,-0.19285622276912415,-0.1678300781027268,-0.8542109101281715,-0.5093250363644876,-0.16473988957549493,-0.08548006063272612,0.21183406198062368,0.5480808426728402,0.9713485335609341,False
fut_equity/TOPIX,fut_equity,5,35,ls,2010-05-06,2019-01-09,2024-03-29,2130,1421,0.004533784948707333,-0.07690784783196183,-0.11303455200734958,-0.07195365164594081,-0.8577337998382843,-0.5223246824779434,-0.09695355580628212,-0.03758316824909458,0.21049690077065467,0.5703765287507494,0.9109381361761869,False
fut_equity/TOPIX,fut_equity,8,21,ls,2010-04-12,2018-12-27,2024-03-29,2139,1426,-0.1263361886550495,0.17675459698532145,-0.169769834078183,0.035311304613259195,-0.8731735398833956,-0.43041343626959744,-0.1482385269874638,0.01519845995775538,0.2108926671361218,0.5604917272618382,0.9346217780220435,False
fut_equity/TOPIX,fut_equity,9,21,ls,2010-04-12,2018-12-27,2024-03-29,2139,1426,-0.08472517551931073,0.1445444995532579,-0.14896273032093515,0.019359227474702603,-0.8868274266280398,-0.42991697919782834,-0.1321042347940016,0.008322860595527747,0.21090384405624546,0.5604917272618382,0.9346217780220435,False
fut_equity/TOPIX,fut_equity,10,20,ls,2010-04-09,2018-12-26,2024-03-29,2139,1427,-0.03613841627644592,0.22131229295694937,-0.12704064639487456,0.061256415491231064,-0.8877259551747835,-0.4045647913799434,-0.11277727916691192,0.024782188953893027,0.21159087600705911,0.5480808426728402,0.9713485335609341,False
fut_equity/TOPIX,fut_equity,10,30,ls,2010-04-23,2019-01-07,2024-03-29,2133,1423,0.15960496835298305,0.04004201037060251,-0.0399591502279931,-0.029460908783186787,-0.7855491443408026,-0.4612356592275641,-0.031389876270185565,-0.01358842168405629,0.21043534266928585,0.5657085126432781,0.9238842146707421,False
fut_equity/TOPIX,fut_equity,10,100,ls,2010-08-06,2019-02-18,2024-03-29,2091,1395,0.04578747020478026,-0.15462862687824966,-0.10953240068128008,-0.11788325495267983,-0.7371542222340856,-0.45255555445427315,-0.08074227163364124,-0.05334872180598446,0.21089090370752145,0.5874853310795426,0.8731262006114527,False
fut_equity/TOPIX,fut_equity,12,26,ls,2010-04-19,2019-01-04,2024-03-29,2136,1424,0.1318364131485813,-0.006052237081046783,-0.0544387396537264,-0.048529290873677945,-0.7953614195629121,-0.4784713381656648,-0.04329847325020362,-0.02321987474455947,0.21093876215918148,0.5546142655232035,0.956028656055848,False
fut_equity/TOPIX,fut_equity,13,48,ls,2010-05-25,2019-01-17,2024-03-29,2122,1416,-0.2006240931787499,-0.13786141784461012,-0.20836780195205848,-0.10446521488007117,-0.855067903320786,-0.4782763686282295,-0.17816861953470742,-0.049963243620808125,0.21078078881783066,0.572196960171666,0.9105258652244438,False
fut_equity/TOPIX,fut_equity,20,50,ls,2010-05-27,2019-01-18,2024-03-29,2121,1415,-0.3475159717617016,-0.09470184572503876,-0.2593946364583597,-0.07602440929607908,-0.8898009189106701,-0.5426046311417342,-0.2308095858811477,-0.041251196563867214,0.21070095250225196,0.5770460793687601,0.895991075895164,False
fut_equity/TOPIX,fut_equity,20,60,ls,2010-06-10,2019-01-24,2024-03-29,2115,1411,-0.21539685756213706,-0.3909122002649033,-0.22078015726579012,-0.17314012237481183,-0.8323579607408581,-0.5740101433982452,-0.183768121473799,-0.09938418647235546,0.2108997798552209,0.5746620490816924,0.9034322996980413,False
fut_equity/TOPIX,fut_equity,20,100,ls,2010-08-06,2019-02-18,2024-03-29,2091,1395,0.2647629508069292,0.04753787338615457,0.0256033072985007,-0.024535251774662193,-0.5888541500869335,-0.49335667327278193,0.015076613758673212,-0.012104630193457458,0.21089379907958014,0.5874853310795426,0.8731262006114527,False
fut_equity/TOPIX,fut_equity,21,55,ls,2010-06-03,2019-01-22,2024-03-29,2118,1413,-0.25320813266374576,-0.2859577622251991,-0.2321787523961256,-0.13824667583321817,-0.8505269904210206,-0.5724995017035732,-0.19747429551518403,-0.07914615302669283,0.21074299385241982,0.57629845935335,0.9005231248460086,False
fut_equity/TOPIX,fut_equity,30,90,ls,2010-07-23,2019-02-12,2024-03-29,2097,1399,0.36640351077300315,-0.02645615750779073,0.10985036977813338,-0.06063665696747033,-0.5730170606386359,-0.4522671224372353,0.06294613600033323,-0.027423966360891543,0.21095902320574006,0.5946072682935563,0.8927555507487527,False
fut_equity/TOPIX,fut_equity,30,200,ls,2011-01-05,2019-04-16,2024-03-29,2031,1355,0.31875180831184174,0.05803291722657911,0.06534788741275308,-0.020653179692858868,-0.6163810648748945,-0.4847715770731164,0.040279200430797454,-0.010012074491281655,0.2114705932998062,0.5639561581840835,0.866573953846796,False
fut_equity/TOPIX,fut_equity,40,100,ls,2010-08-06,2019-02-18,2024-03-29,2091,1395,0.34833686139543524,-0.0018062273999942837,0.09471855459175502,-0.04953455050417055,-0.5730170606386359,-0.4510073175545335,0.05427534774010763,-0.022340444749155523,0.21090183051775355,0.5874853310795426,0.8731262006114527,False
fut_equity/TOPIX,fut_equity,50,150,ls,2010-10-20,2019-03-18,2024-03-29,2061,1375,0.0685546186343078,0.2805593886981777,-0.10187137527978202,0.0964912285132824,-0.69217652885523,-0.3900600980880205,-0.070512974930868,0.03763737805852453,0.21142379370977643,0.6270059812276431,0.8756057556003557,False
fut_equity/TOPIX,fut_equity,50,200,ls,2011-01-05,2019-04-16,2024-03-29,2031,1355,0.2952999624360442,0.2097171903449366,0.04538563067808692,0.05366925037019377,-0.6456247016566949,-0.413783291242922,0.02930208426604081,0.02220743905671919,0.2114011969005446,0.5639561581840835,0.866573953846796,False
fut_equity/TOPIX,fut_equity,60,120,ls,2010-09-03,2019-02-28,2024-03-29,2079,1387,0.15324413468182033,0.24976343266719597,-0.05195964891875657,0.08175793999616839,-0.6637030589075805,-0.37794359000538713,-0.03448577792714269,0.030899889353596905,0.21132338793267508,0.6229815745984142,0.8760228055428645,False
fut_equity/TOPIX,fut_equity,60,132,ls,2010-09-22,2019-03-07,2024-03-29,2072,1382,0.12226504861973846,0.3285729789127353,-0.07060396559153927,0.12381961362955105,-0.6784792009451044,-0.38955432983880767,-0.0479033221581032,0.04823446660835985,0.21150550103181345,0.6044556351319714,0.8835059531077779,False
fut_equity/TOPIX,fut_equity,60,180,ls,2010-12-03,2019-04-04,2024-03-29,2043,1363,0.28076348933468503,0.20697255370852558,0.034046771351347524,0.04274057663709271,-0.6670025516864653,-0.5052934305346455,0.022709283368034443,0.021596532591985497,0.21092720788310748,0.5865299516075291,0.8699647700076126,False
fut_equity/TOPIX,fut_equity,60,400,ls,2011-10-27,2019-08-16,2024-03-29,1911,1275,0.12150040873816362,0.030491389509293067,-0.06159523234752563,-0.029257285824662624,-0.6969828223956217,-0.5544112945713285,-0.04293081888769251,-0.016220569709694585,0.2133437623784251,0.7074373521015404,1.0294413839793077,False
fut_equity/TOPIX,fut_equity,62,758,ls,2013-04-11,2020-03-23,2024-03-29,1696,1132,0.20884791296714858,0.9606291167520837,0.0001281202851433177,0.8149731210788697,-0.5730170606386359,-0.23644609227334187,7.341510920100779e-05,0.19269720978690782,0.2054477090022216,0.2816986467260005,1.355321910162772,False
fut_equity/TOPIX,fut_equity,74,758,ls,2013-04-11,2020-03-23,2024-03-29,1696,1132,0.2514552012528679,0.8077833031869376,0.030441260110228855,0.48318135844576876,-0.5730170606386359,-0.32259683779046433,0.017443361390499495,0.15587277831390586,0.2055024722104314,0.2816986467260005,1.355321910162772,False
fut_equity/TOPIX,fut_equity,80,144,ls,2010-10-12,2019-03-14,2024-03-29,2065,1377,0.21567206996033603,0.05550040211890469,-0.009826965181567504,-0.019113064629283194,-0.6887149690609384,-0.5566928192147396,-0.006767978020986183,-0.010640105832309182,0.21137206087302998,0.6174785275295128,0.8947389869813718,False
fut_equity/TOPIX,fut_equity,80,300,ls,2011-06-03,2019-06-19,2024-03-29,1971,1315,0.0515193911701016,0.07036144007319761,-0.10094156621929673,-0.013703593438210917,-0.7229339670575087,-0.5621326281475688,-0.07297408690791439,-0.007703236994487281,0.2125709704319121,0.6524376531698662,0.9459210245077647,False
fut_equity/TOPIX,fut_equity,100,200,ls,2011-01-05,2019-04-16,2024-03-29,2031,1355,0.1577291772484717,-0.3808827568409871,-0.04526152277248981,-0.14859452094051306,-0.7229544910351406,-0.6586027651188058,-0.032722021159460796,-0.09786476237292618,0.21141002062341918,0.5639561581840835,0.866573953846796,False
fut_equity/TOPIX,fut_equity,100,250,ls,2011-03-18,2019-05-22,2024-03-29,2001,1335,0.06951258296090233,0.0460168082232946,-0.0885533255838133,-0.022437292729636994,-0.7456601235250591,-0.5687886024504528,-0.066030683693381,-0.012762076374461931,0.21218205342713808,0.6349857227207085,0.9405359546932613,False
fut_equity/TOPIX,fut_equity,100,300,ls,2011-06-03,2019-06-19,2024-03-29,1971,1315,0.24254285821987628,0.07758307431661214,0.013761410139871548,-0.011023027230750155,-0.5929066242885355,-0.5605905101744447,0.008159231231481262,-0.006179404458953026,0.21256756086201994,0.6524376531698662,0.9459210245077647,False
fut_equity/TOPIX,fut_equity,100,400,ls,2011-10-27,2019-08-16,2024-03-29,1911,1275,0.254253097640512,0.06590076868148328,0.02426487134962286,-0.016187536443157964,-0.5730170606386359,-0.541511009636198,0.013904185257535541,-0.008765729202857219,0.21338827812706668,0.7074373521015404,1.0294413839793077,False
fut_equity/TOPIX,fut_equity,116,378,ls,2011-09-26,2019-08-02,2024-03-29,1924,1284,0.22787505805791267,0.18539270996844168,0.003423029593165469,0.03329783448639017,-0.5730170606386359,-0.5064823777820303,0.0019614543559547427,0.016864766385659383,0.21313640274510537,0.7521415780233133,0.9857136521564799,False
fut_equity/TOPIX,fut_equity,120,398,ls,2011-10-25,2019-08-15,2024-03-29,1912,1276,0.24145368351379687,0.14961849114661666,0.014358402450229053,0.018102243208298414,-0.5730170606386359,-0.5043547868525973,0.00822760956749684,0.009129953014875222,0.21329568871411697,0.7195191745486861,1.029036828537044,False
fut_equity/TOPIX,fut_equity,134,750,ls,2013-04-01,2020-03-17,2024-03-29,1701,1135,0.44720043049488023,1.0343709346096261,0.17762353343226406,0.939922048199439,-0.5730170606386359,-0.2248547742301074,0.10178131502760443,0.211345959941785,0.20586804245019508,0.44720043049488023,1.4038230725397596,False
fut_equity/TOPIX,fut_equity,150,400,ls,2011-10-27,2019-08-16,2024-03-29,1911,1275,0.2777906926475278,0.34794129946993224,0.04249721845245369,0.12324906257400793,-0.5730170606386359,-0.4280500707142761,0.02435163120294301,0.052756769950272335,0.21326024691910678,0.7074373521015404,1.0294413839793077,False
fut_equity/TOPIX,fut_equity,150,500,ls,2012-03-26,2019-10-16,2024-03-29,1851,1235,0.33160167061085327,0.335610746849944,0.0845915324253253,0.11321880787450903,-0.5730170606386359,-0.44269807813858303,0.04847239126527776,0.050121748655186614,0.21452678221081242,0.6715635202232093,0.9118592581959762,False
fut_equity/TOPIX,fut_equity,150,710,ls,2013-01-31,2020-02-21,2024-03-29,1725,1151,0.5618258097275483,0.5661828958254517,0.2732003809532555,0.3206695364486238,-0.5730170606386359,-0.3251056108846189,0.15654847925919002,0.10425146553921741,0.216756334440558,0.6129869486265498,0.9242045825079946,False
fut_equity/TOPIX,fut_equity,162,678,ls,2012-12-10,2020-02-03,2024-03-29,1744,1164,0.398749285710693,0.5351906292517455,0.13896518820310919,0.24298050243204392,-0.5730170606386359,-0.39868755821759383,0.07962942367524047,0.0968733032091157,0.21678553417612184,0.7890453677123732,0.9163061651301062,False
fut_equity/TOPIX,fut_equity,174,698,ls,2013-01-15,2020-02-14,2024-03-29,1732,1156,0.4849807611026411,0.6861046201152189,0.20921802313907137,0.43471748848580677,-0.5730170606386359,-0.3063651340101925,0.11988549665177678,0.1331822816165285,0.21650885850959656,0.6552192186851098,0.8951203118371834,False
fut_equity/TOPIX,fut_equity,200,400,ls,2011-10-27,2019-08-16,2024-03-29,1911,1275,0.16809237323539827,0.08206015757838166,-0.04093867073952985,-0.009957627214407376,-0.5730170606386359,-0.5333160758207122,-0.023458556773618324,-0.005310562670473271,0.21334226553300112,0.7074373521015404,1.0294413839793077,False
fut_equity/TOPIX,fut_equity,200,600,ls,2012-08-17,2019-12-13,2024-03-29,1791,1195,0.2878828334720474,0.567922168828154,0.04663533119376192,0.305614325103179,-0.6287050548970143,-0.3418509002596284,0.02931986845831453,0.10447453216876049,0.21627765280253972,0.8258780881879315,0.8286462414597368,False
fut_rates/BOBL,fut_rates,5,20,ls,2008-04-04,2017-12-12,2024-03-28,2472,1648,-0.3804701298671073,-0.21792182811444163,-0.09186679135628485,-0.058051013177115966,-0.16695523997443387,-0.14838020067713614,-0.015337642196569785,-0.008613620984731542,0.03662025251538269,1.1615919014660547,-0.3308686162612759,True
fut_rates/BOBL,fut_rates,5,35,ls,2008-04-25,2017-12-20,2024-03-28,2463,1642,0.03367402802705787,-0.32101374645290276,0.0052553240747227935,-0.10150754456176615,-0.10548993526353509,-0.12207277191862007,0.000554383796431405,-0.012391307335307642,0.0367373723080905,1.1475875112177054,-0.30704291074117473,False
fut_rates/BOBL,fut_rates,8,21,ls,2008-04-07,2017-12-12,2024-03-28,2471,1648,-0.2305054240093049,-0.4364596614835807,-0.06893335751297203,-0.11449963628578869,-0.13979990886563767,-0.14476449043611728,-0.00963687709811591,-0.016575481502032963,0.03674632816258555,1.1618280670530317,-0.3308686162612759,False
fut_rates/BOBL,fut_rates,9,21,ls,2008-04-07,2017-12-12,2024-03-28,2471,1648,-0.20319265406469375,-0.3648152035953716,-0.05276539679400285,-0.10762601397235802,-0.1626314032292003,-0.12990454244880967,-0.00858131052255423,-0.013981108100668365,0.03674187775478321,1.1618280670530317,-0.3308686162612759,False
fut_rates/BOBL,fut_rates,10,20,ls,2008-04-04,2017-12-12,2024-03-28,2472,1648,-0.2008725092120111,-0.3463887603940407,-0.04994503988002625,-0.10213088458205703,-0.1699781993055461,-0.13034686438403542,-0.00848956794305055,-0.013312440562038962,0.03673961286000199,1.1615919014660547,-0.3308686162612759,False
fut_rates/BOBL,fut_rates,10,30,ls,2008-04-18,2017-12-18,2024-03-28,2466,1644,0.01616706370928146,-0.37377268006137604,-0.0010106989892795623,-0.10089803245397513,-0.12430810027375472,-0.14179373412811866,-0.00012563807130594638,-0.014306708787829237,0.036744668911376954,1.159573285991886,-0.3259710005750345,False
fut_rates/BOBL,fut_rates,10,100,ls,2008-07-28,2018-01-30,2024-03-28,2424,1616,0.7255628703470641,0.042904139349863306,0.4337810673587556,0.010764476766888288,-0.06297688437037659,-0.08380167610937823,0.02731818012111089,0.0009020811955056993,0.0368459762770735,1.1756275564532193,-0.2680595787747526,True
fut_rates/BOBL,fut_rates,12,26,ls,2008-04-14,2017-12-14,2024-03-28,2468,1646,-0.04201435389793271,-0.406997613180492,-0.019257862333554185,-0.1129520218381245,-0.12358538825390328,-0.137118878077185,-0.002379990393432514,-0.015487854510993332,0.03669530305083722,1.1627338780343768,-0.3314092712160674,False
fut_rates/BOBL,fut_rates,13,48,ls,2008-05-15,2017-12-29,2024-03-28,2455,1637,0.5692609908857907,-0.08445070992214704,0.34307223470574233,-0.03531392646618118,-0.06288949196119362,-0.10677360529542404,0.021575638546635512,-0.003770595245931658,0.03673708995883786,1.1467046000487287,-0.3036030820564307,True
fut_rates/BOBL,fut_rates,20,50,ls,2008-05-19,2018-01-02,2024-03-28,2454,1636,0.6269293648729888,0.13394923566056707,0.3223381286807542,0.053867454174970346,-0.07399619668163904,-0.07891738319775905,0.02385179556785256,0.004251078523013861,0.036698857617145725,1.1454432284964688,-0.30136425289979896,True
fut_rates/BOBL,fut_rates,20,60,ls,2008-06-02,2018-01-08,2024-03-28,2448,1632,0.673907448689803,0.0010896117077893851,0.3723414753468756,-0.006529293494818296,-0.06905869007861205,-0.09720603794564499,0.025713414549393052,-0.0006346867512155602,0.03672930301056148,1.142155477150983,-0.3084413455054893,True
fut_rates/BOBL,fut_rates,20,100,ls,2008-07-28,2018-01-30,2024-03-28,2424,1616,0.8246777445565617,0.012810024841580024,0.6023653398810895,-0.0026937132485961674,-0.05179261457582964,-0.07705423579824311,0.031198075882299895,-0.00020756201583018054,0.03686238195029879,1.1756275564532193,-0.2680595787747526,True
fut_rates/BOBL,fut_rates,21,55,ls,2008-05-26,2018-01-04,2024-03-28,2451,1634,0.5871948704225004,0.010127391197760323,0.2951082810017804,-0.0033823274033431884,-0.07551766657488367,-0.08934415972163294,0.022285888768179527,-0.0003021911997551498,0.036703048418908084,1.1493018564443684,-0.30657160458551724,True
fut_rates/BOBL,fut_rates,30,90,ls,2008-07-14,2018-01-24,2024-03-28,2430,1620,0.795838826172695,-0.017360588312884583,0.5801228601680983,-0.016822560819271023,-0.0519604635872051,-0.07846982970068728,0.03014345275186975,-0.0013200634826176514,0.036885109001787195,1.1750013254600233,-0.2910790503006067,True
fut_rates/BOBL,fut_rates,30,200,ls,2008-12-15,2018-03-27,2024-03-28,2364,1576,0.8179616205356726,0.3450216329869252,0.4946349654866322,0.20434044580843966,-0.05848863498581265,-0.059819337713310376,0.02893052394756767,0.01222351013630345,0.03722307421407664,1.059496839122959,-0.3237389908607517,True
fut_rates/BOBL,fut_rates,40,100,ls,2008-07-28,2018-01-30,2024-03-28,2424,1616,0.4844222173762496,0.24680665629257015,0.23400348523527362,0.13431701716090821,-0.07656562420526092,-0.06292862509919996,0.01791662291324528,0.008452385217361599,0.036856757736805,1.1756275564532193,-0.2680595787747526,True
fut_rates/BOBL,fut_rates,50,150,ls,2008-10-06,2018-02-27,2024-03-28,2394,1596,0.8690970036241276,0.29922910188428337,0.5094373678713083,0.17840555411441478,-0.06230238230204464,-0.058570360025679315,0.031739161652065605,0.010449277535062087,0.03703273689982784,1.0894664512317074,-0.2854063925329875,True
fut_rates/BOBL,fut_rates,50,200,ls,2008-12-15,2018-03-27,2024-03-28,2364,1576,0.8027412226966666,0.188547475717427,0.44378551849720876,0.07866807092700925,-0.06395040083988958,-0.08069476524367285,0.028380261794834733,0.006348101515627617,0.03724211141714616,1.059496839122959,-0.3237389908607517,True
fut_rates/BOBL,fut_rates,60,120,ls,2008-08-25,2018-02-09,2024-03-28,2412,1608,0.75337873824825,0.3111560309381612,0.4936631644079,0.17002649688549776,-0.05729489349846711,-0.06388414265887436,0.02828437842886689,0.010861996982821797,0.036911259664050615,1.1179512297143266,-0.2696384307605499,True
fut_rates/BOBL,fut_rates,60,132,ls,2008-09-10,2018-02-15,2024-03-28,2404,1604,0.8283567212883074,0.28878579130542475,0.5587774292857527,0.16866841678969494,-0.05562190923641864,-0.05949416448487438,0.03108026745509147,0.010034786531889458,0.03693914970512323,1.1144308152414482,-0.26831684297011027,True
fut_rates/BOBL,fut_rates,60,180,ls,2008-11-17,2018-03-15,2024-03-28,2376,1584,0.7761918320095688,0.1755310277492188,0.41119522954901117,0.07749132770600112,-0.06763846344721826,-0.07553487818629509,0.02781261350352131,0.0058532979987670685,0.037191115683572896,1.0406788531767988,-0.30568992445953375,True
fut_rates/BOBL,fut_rates,60,400,ls,2009-10-01,2018-07-20,2024-03-28,2244,1496,1.1038468541622224,0.41104962097654646,0.661323544596074,0.2503721734746632,-0.05509080656851612,-0.05953886160770904,0.03643284747454776,0.01490687418692929,0.03773120670370583,1.1038468541622224,-0.3829955969916537,True
fut_rates/BOBL,fut_rates,62,758,ls,2011-02-25,2019-02-05,2024-03-28,2029,1353,1.1249705727319796,0.3747377192806126,1.214546681010163,0.22595010407225558,-0.028319955661727816,-0.06210983036584635,0.03439590815530649,0.014033722635073123,0.03924607820676504,1.1249705727319796,-0.45612932427906194,True
fut_rates/BOBL,fut_rates,74,758,ls,2011-02-25,2019-02-05,2024-03-28,2029,1353,1.1249705727319796,0.3827747756958062,1.214546681010163,0.2370057599951176,-0.028319955661727816,-0.06055431430728759,0.03439590815530649,0.014351721283381918,0.03924067447844228,1.1249705727319796,-0.45612932427906194,True
fut_rates/BOBL,fut_rates,80,144,ls,2008-09-26,2018-02-22,2024-03-28,2397,1599,0.7563386110464514,0.19700489828501988,0.3673856496739928,0.08929514568922581,-0.07569583034086955,-0.07422646688028503,0.027809561807392694,0.006628063174071546,0.037011830047352465,1.1476380171612328,-0.27929503620352003,True
fut_rates/BOBL,fut_rates,80,300,ls,2009-05-14,2018-05-25,2024-03-28,2304,1536,0.9355351653775177,0.4946149811022503,0.5029843350272107,0.32713470701855507,-0.06243595808057329,-0.05510515586587909,0.03140430885694396,0.018026809019396167,0.03754863616850526,1.1046144055874876,-0.3627101509259008,True
fut_rates/BOBL,fut_rates,100,200,ls,2008-12-15,2018-03-27,2024-03-28,2364,1576,0.8200792693671457,0.42539808646576344,0.38421664826555085,0.27687145491266385,-0.07550734503837983,-0.055105155865879114,0.02901117903007677,0.015257044677775064,0.037224944154581725,1.059496839122959,-0.3237389908607517,True
fut_rates/BOBL,fut_rates,100,250,ls,2009-03-02,2018-04-26,2024-03-28,2334,1556,0.734976290593815,0.5346544707683502,0.2942940118099556,0.3535588384451703,-0.08536512546652145,-0.055105155865879114,0.025122445242202807,0.01948291490028028,0.03739974529893584,0.9945074189623403,-0.3137101834288853,True
fut_rates/BOBL,fut_rates,100,300,ls,2009-05-14,2018-05-25,2024-03-28,2304,1536,1.1046144055874876,0.44902895365633083,0.6761125581623786,0.2795633906110521,-0.05509080656851615,-0.05828725901406443,0.03724758616026822,0.016294983759396465,0.03757044384062836,1.1046144055874876,-0.3627101509259008,True
fut_rates/BOBL,fut_rates,100,400,ls,2009-10-01,2018-07-20,2024-03-28,2244,1496,1.1038468541622224,0.4679837374389713,0.661323544596074,0.31012756889435966,-0.05509080656851612,-0.055105155865879114,0.03643284747454776,0.017089628022229852,0.03773197762108921,1.1038468541622224,-0.3829955969916537,True
fut_rates/BOBL,fut_rates,116,378,ls,2009-09-01,2018-07-09,2024-03-28,2257,1505,1.1303614618423141,0.49126570696855576,0.6783860968905634,0.3253947554493344,-0.05509080656851614,-0.0551051558658791,0.03737283724256868,0.017930928716975183,0.03761822647806902,1.1303614618423141,-0.3849392084718014,True
fut_rates/BOBL,fut_rates,120,398,ls,2009-09-29,2018-07-19,2024-03-28,2245,1497,1.1203839592950304,0.566494382527547,0.671645279728533,0.3785034900141285,-0.05509080656851614,-0.055105155865879114,0.03700148018818153,0.02085749381300777,0.03769600326773758,1.1203839592950304,-0.3892058703790781,True
fut_rates/BOBL,fut_rates,134,750,ls,2011-02-15,2019-02-01,2024-03-28,2034,1356,1.1446750775194057,0.4186032205986909,1.2399679516044277,0.28601423379730234,-0.02831995566172783,-0.055105155865879114,0.035115837411400876,0.015760858933260336,0.039194082602901796,1.1446750775194057,-0.45711486198604084,True
fut_rates/BOBL,fut_rates,150,400,ls,2009-10-01,2018-07-20,2024-03-28,2244,1496,1.1038468541622224,0.5552660825463708,0.661323544596074,0.3708192732952347,-0.05509080656851612,-0.055105155865879114,0.03643284747454776,0.02043405385300593,0.03771214268751611,1.1038468541622224,-0.3829955969916537,True
fut_rates/BOBL,fut_rates,150,500,ls,2010-02-24,2018-09-14,2024-03-28,2184,1456,1.044162838710137,0.5761949772462286,0.6171017037189827,0.38940709960192693,-0.05509080656851616,-0.0551051558658791,0.03399663059268424,0.02145833891884409,0.03810985550259428,1.044162838710137,-0.3748179644260671,True
fut_rates/BOBL,fut_rates,150,710,ls,2010-12-17,2019-01-11,2024-03-28,2058,1372,1.0676503755059032,0.4598471269705815,0.8826956498205785,0.3141230459466567,-0.03753585084365374,-0.055105155865879114,0.033132732252007246,0.017309799407955222,0.03897383648649594,1.0676503755059032,-0.4478555848875006,True
fut_rates/BOBL,fut_rates,162,678,ls,2010-11-03,2018-12-20,2024-03-28,2077,1385,0.9518958031316551,0.467640790008357,0.6070095746095467,0.31885108356626013,-0.04923272192270279,-0.055105155865879114,0.029884733591169926,0.01757033865792321,0.038862667625694146,0.9518958031316551,-0.43070140874787,True
fut_rates/BOBL,fut_rates,174,698,ls,2010-12-01,2019-01-06,2024-03-28,2065,1377,0.9979086304720474,0.4318462177052732,0.8017091818638603,0.2939268298846753,-0.038782645848118476,-0.055105155865879114,0.031092403273410903,0.016196883773958767,0.038965350983775106,0.9979086304720474,-0.4417289701482795,True
fut_rates/BOBL,fut_rates,200,400,ls,2009-10-01,2018-07-20,2024-03-28,2244,1496,1.1038468541622224,0.5504284507854612,0.661323544596074,0.36747888355804653,-0.05509080656851612,-0.05510515586587913,0.03643284747454776,0.020249981155885402,0.03771608603014074,1.1038468541622224,-0.3829955969916537,True
fut_rates/BOBL,fut_rates,200,600,ls,2010-07-16,2018-11-09,2024-03-28,2124,1416,0.9393402609449687,0.47053481344628373,0.543919674575348,0.31800283841297605,-0.05509080656851613,-0.055105155865879114,0.029964973580840736,0.017523595976539016,0.038495872702761114,0.9393402609449687,-0.39464149331150133,True
fut_rates/BUND,fut_rates,5,20,ls,2007-01-03,2017-06-13,2024-03-28,2566,1712,-0.22488882668077556,-0.49775895832930167,-0.06897378679375436,-0.16551953035581266,-0.39946291795864375,-0.22865117328207296,-0.027552470135290483,-0.037846234816954254,0.07225804422403212,0.937973792103782,-0.16723317413545646,False
fut_rates/BUND,fut_rates,5,35,ls,2007-01-24,2017-06-21,2024-03-28,2557,1706,-0.11453286218053231,-0.4257674649870984,-0.05606774062325011,-0.138439607518367,-0.2969737772840398,-0.23696412617910645,-0.01665064871666839,-0.032805220624168296,0.07220915710518708,0.9388895202749157,-0.16664365595766445,False
fut_rates/BUND,fut_rates,8,21,ls,2007-01-04,2017-06-14,2024-03-28,2566,1711,-0.16361169935766176,-0.5300044369358861,-0.058461022697546064,-0.16080460231413843,-0.36775239439149354,-0.24887080266699937,-0.021499181075598017,-0.04001957045046726,0.07214075737294061,0.9409969692007286,-0.17372830028925346,False
fut_rates/BUND,fut_rates,9,21,ls,2007-01-04,2017-06-14,2024-03-28,2566,1711,-0.09210604909922326,-0.5826703042074378,-0.04305218805420997,-0.17686416398607183,-0.33372964723339055,-0.2468195157113928,-0.014367791531957084,-0.04365352730174261,0.07212962016551293,0.9409969692007286,-0.17372830028925346,False
fut_rates/BUND,fut_rates,10,20,ls,2007-01-03,2017-06-13,2024-03-28,2566,1712,-0.08683130100993915,-0.5336153420489153,-0.041654488150211784,-0.16078035943439875,-0.33226340392945414,-0.2503903675780732,-0.01384026202172848,-0.040257853298113835,0.07212060437500445,0.937973792103782,-0.16723317413545646,False
fut_rates/BUND,fut_rates,10,30,ls,2007-01-17,2017-06-19,2024-03-28,2560,1708,-0.12461134624814364,-0.35111661019798546,-0.050809990283500694,-0.11884527101311347,-0.34728495891081623,-0.2318138496591194,-0.01764554538786451,-0.027549979787331185,0.07214312433743268,0.9357191536958197,-0.16093920308419896,False
fut_rates/BUND,fut_rates,10,100,ls,2007-04-27,2017-08-01,2024-03-28,2518,1680,0.5534775815228349,0.3296357893704143,0.28134787941199346,0.17039574608063954,-0.18744669652689083,-0.12554018604475806,0.05273773057062421,0.021391513664198843,0.07210167044255666,0.97187588943684,-0.13468881935973787,True
fut_rates/BUND,fut_rates,12,26,ls,2007-01-11,2017-06-16,2024-03-28,2563,1709,-0.20994392375776014,-0.33473627838067416,-0.07597268394117832,-0.12039179535646898,-0.34369780264289856,-0.2193710643507211,-0.026111644531466412,-0.026410476286442802,0.07216956403554516,0.9362211489539376,-0.16308981316565932,False
fut_rates/BUND,fut_rates,13,48,ls,2007-02-12,2017-06-29,2024-03-28,2550,1700,0.5534374766924791,0.13843428197721028,0.30517090256161333,0.039818711835718675,-0.17200831703694414,-0.18595237251514413,0.05249193335826837,0.007404383936348737,0.07205201434600363,0.9161398422750947,-0.11918650272973474,True
fut_rates/BUND,fut_rates,20,50,ls,2007-02-14,2017-06-29,2024-03-28,2548,1700,0.7511943896722145,-0.025018726540591542,0.4654680791290792,-0.022670315037640283,-0.15874199007938194,-0.1935549786602211,0.07388932919937727,-0.0043879523433309545,0.07202614060761106,0.9165001865328296,-0.11918650272973474,True
fut_rates/BUND,fut_rates,20,60,ls,2007-02-28,2017-07-05,2024-03-28,2542,1696,0.6508172706427444,-0.006905365108384142,0.2972128252872016,-0.016952355722501478,-0.21213793122380026,-0.18276887096953032,0.06305011388960774,-0.003098362915675451,0.0721559068892876,0.9209980870058476,-0.11541734061902527,True
fut_rates/BUND,fut_rates,20,100,ls,2007-04-27,2017-08-01,2024-03-28,2518,1680,0.5948028723006451,0.42945352408011306,0.32569841900237634,0.24134698053323111,-0.17558493893797844,-0.11929510304420178,0.05718773701272836,0.028791512912118768,0.07216309232825274,0.97187588943684,-0.13468881935973787,True
fut_rates/BUND,fut_rates,21,55,ls,2007-02-21,2017-07-03,2024-03-28,2545,1698,0.7104909844860071,-0.04198232245887598,0.46695011386148205,-0.02608898808952888,-0.14887592085512405,-0.21504806640316135,0.06951762819453317,-0.005610386443068292,0.07208493157924649,0.9141898911750415,-0.1133027023295665,True
fut_rates/BUND,fut_rates,30,90,ls,2007-04-13,2017-07-25,2024-03-28,2524,1684,0.5332185260563266,0.42827320733885577,0.29782663719167374,0.30854063250947455,-0.16965836607505314,-0.09299089318908862,0.05052878063956702,0.028691469002182394,0.0721287708642186,0.9627412236923529,-0.11186642272606616,True
fut_rates/BUND,fut_rates,30,200,ls,2007-09-18,2017-09-27,2024-03-28,2458,1640,0.6407585703401876,0.11199531846825714,0.4556889703470242,0.03432079578830267,-0.13623726578112774,-0.16061748049142155,0.062081819366695976,0.005512519747977766,0.07266910887099633,0.9933089687265227,-0.15398979419282052,True
fut_rates/BUND,fut_rates,40,100,ls,2007-04-27,2017-08-01,2024-03-28,2518,1680,0.3020551627646078,0.3278151169286276,0.15104643433324533,0.18351752967618895,-0.17223171709306803,-0.1159247634838605,0.02601498674600019,0.021274226222854555,0.07216339532040941,0.97187588943684,-0.13468881935973787,True
fut_rates/BUND,fut_rates,50,150,ls,2007-07-10,2017-08-29,2024-03-28,2488,1660,0.42956563082278354,0.12376309074960808,0.2888319638996705,0.03972491800697168,-0.1367643312738468,-0.16016623296234297,0.03950191039325029,0.006362590471914599,0.0724702509272157,1.0523927547157341,-0.17631397314779587,True
fut_rates/BUND,fut_rates,50,200,ls,2007-09-18,2017-09-27,2024-03-28,2458,1640,0.7614876405945655,0.15419506670629773,0.5303282604819175,0.05991566519771081,-0.14185182565765833,-0.14347011032010504,0.07522803194721017,0.008596107095818048,0.0726146145114508,0.9933089687265227,-0.15398979419282052,True
fut_rates/BUND,fut_rates,60,120,ls,2007-05-29,2017-08-11,2024-03-28,2506,1672,0.3970424792324874,0.23239768192677895,0.27275366783741223,0.09417659502731451,-0.1322462433868405,-0.15167710019945613,0.036070647941479864,0.014284432840401585,0.07227227548882575,1.0141389764297648,-0.16319155097490284,True
fut_rates/BUND,fut_rates,60,132,ls,2007-06-14,2017-08-18,2024-03-28,2499,1667,0.5149998890653926,0.21757721177281675,0.4231953072248556,0.09728316739000721,-0.11492790905268316,-0.13578273633951338,0.048636951780260514,0.013209374667990095,0.07234596114166565,1.0507229060614596,-0.15518199938439717,True
fut_rates/BUND,fut_rates,60,180,ls,2007-08-21,2017-09-14,2024-03-28,2470,1648,0.7362934211743171,0.06550524760632921,0.5246907756683606,0.013662848651618091,-0.1381390419091033,-0.15529824707282042,0.0724802810493716,0.0021218164456175376,0.07258738751757421,1.000971230039065,-0.1656263225684022,True
fut_rates/BUND,fut_rates,60,400,ls,2008-07-04,2018-01-25,2024-03-28,2338,1560,0.8795913508138756,0.5712248308130373,0.5615619933565741,0.30396172433034185,-0.15339104914684681,-0.13237585341902183,0.08613858332195952,0.04023719266494646,0.0738380562134686,1.1156065225070813,-0.15215225999251017,True
fut_rates/BUND,fut_rates,62,758,ls,2009-11-30,2018-08-23,2024-03-28,2124,1416,1.0937628214578414,0.6203406877615444,0.7511040865672929,0.5000164344307334,-0.1288873173713899,-0.09026095259550877,0.09680779078434659,0.045131959685127745,0.07579676579441358,1.0937628214578414,-0.2717569565528857,True
fut_rates/BUND,fut_rates,74,758,ls,2009-11-30,2018-08-23,2024-03-28,2124,1416,1.0937628214578414,0.5564560106372516,0.7511040865672929,0.42481602809832064,-0.1288873173713899,-0.09442121523006533,0.09680779078434659,0.040111645622253014,0.07585321248944435,1.0937628214578414,-0.2717569565528857,True
fut_rates/BUND,fut_rates,80,144,ls,2007-07-02,2017-08-25,2024-03-28,2492,1662,0.5810641856596734,0.03886854287697945,0.30538245959768595,0.0010372760127552877,-0.18260506242410618,-0.18383553482753376,0.05576438309806253,0.00019068819056864005,0.07245258966924907,1.0334682630349319,-0.16695831883505716,True
fut_rates/BUND,fut_rates,80,300,ls,2008-02-12,2017-11-23,2024-03-28,2398,1600,0.6863674182332037,0.4686456490166999,0.33046358284323624,0.22358691118078516,-0.2004766204039054,-0.1437880818698371,0.06625022225497802,0.03214913308988673,0.07325019037049166,0.998707101692798,-0.19370850393068684,True
fut_rates/BUND,fut_rates,100,200,ls,2007-09-18,2017-09-27,2024-03-28,2458,1640,0.615218884215418,0.41999725017508,0.25648929849309693,0.22362923056140882,-0.2312406283943808,-0.126333629442913,0.059310746559977645,0.028251892346348773,0.07261676428938832,0.9933089687265227,-0.15398979419282052,True
fut_rates/BUND,fut_rates,100,250,ls,2007-11-27,2017-10-26,2024-03-28,2428,1620,0.6835369358006858,0.5166546753161249,0.33671533767023915,0.2646484571988711,-0.19722099142494418,-0.13461418650578974,0.06640733272330941,0.03562543677583835,0.07290318989659093,0.996249781469781,-0.16777387957104734,True
fut_rates/BUND,fut_rates,100,300,ls,2008-02-12,2017-11-23,2024-03-28,2398,1600,0.793539623460187,0.4287992416244483,0.45273360597037243,0.18574256691324192,-0.17187957902159096,-0.15693352442502417,0.07781566160311446,0.02914923566144594,0.07327204688950667,0.998707101692798,-0.19370850393068684,True
fut_rates/BUND,fut_rates,100,400,ls,2008-07-04,2018-01-25,2024-03-28,2338,1560,0.8879547191309477,0.675516545345985,0.6752558888466165,0.5276507091710123,-0.12888731737138992,-0.0915024860868115,0.08703192005267385,0.04828135167461677,0.0738441632094891,1.1156065225070813,-0.15215225999251017,True
fut_rates/BUND,fut_rates,116,378,ls,2008-06-04,2018-01-15,2024-03-28,2352,1568,0.8974313526284643,0.6711740967501731,0.6862113773897394,0.5247672169419582,-0.12888731737138998,-0.0911807860095427,0.08844394358148999,0.047848687312807954,0.07368977097177755,1.0956173986355375,-0.1549487379688876,True
fut_rates/BUND,fut_rates,120,398,ls,2008-07-02,2018-01-25,2024-03-28,2340,1560,0.8626056820331721,0.7994185440065281,0.6547579290416445,0.6635667935565938,-0.12888731737138992,-0.08724843634302985,0.08438999300182444,0.057895165146970906,0.07381850872884947,1.1387789706009812,-0.15215225999251017,True
fut_rates/BUND,fut_rates,134,750,ls,2009-11-18,2018-08-17,2024-03-28,2128,1420,1.1283954516083723,0.42855946013585683,0.777345583979312,0.2838204692315769,-0.12888731737138995,-0.1058059407852654,0.10018998698959004,0.030029891761162466,0.07573931354034791,1.1283954516083723,-0.28169518075049454,True
fut_rates/BUND,fut_rates,150,400,ls,2008-07-04,2018-01-25,2024-03-28,2338,1560,0.8675611160707744,0.7400149489719474,0.6581538321330975,0.6106296882154035,-0.12888731737138995,-0.0872484363430298,0.08482768184133505,0.053276485481425766,0.07383174281887393,1.1156065225070813,-0.15215225999251017,True
fut_rates/BUND,fut_rates,150,500,ls,2008-11-21,2018-03-23,2024-03-28,2278,1520,1.0094849017911207,0.6143948512927123,0.7466005589920234,0.40746653165182073,-0.12888731737138998,-0.10765576439554912,0.09622734319646208,0.04386612093057997,0.07438485049695438,1.0094849017911207,-0.18110247627158482,True
fut_rates/BUND,fut_rates,150,710,ls,2009-09-23,2018-07-26,2024-03-28,2152,1436,1.1221217362377518,0.40647846376004226,0.7751587994457549,0.23913588723262838,-0.12888731737138992,-0.11803697698157181,0.09990813819739061,0.028226877216745508,0.07549853801680503,1.1221217362377518,-0.24753130086239533,True
fut_rates/BUND,fut_rates,162,678,ls,2009-08-10,2018-07-10,2024-03-28,2172,1448,1.1497586636288868,0.39662327798746666,0.7973613969658022,0.23198630455521072,-0.12888731737138998,-0.11803697698157181,0.10276977143042622,0.027382962090823314,0.07525851632361583,1.1497586636288868,-0.2540404779961456,True
fut_rates/BUND,fut_rates,174,698,ls,2009-09-07,2018-07-20,2024-03-28,2160,1440,1.105718956004195,0.4204074692436299,0.7637911253429498,0.2766349304273338,-0.1288873173713899,-0.10580594078526538,0.0984429891775278,0.029269619067930484,0.07538854649357388,1.105718956004195,-0.25605379471720036,True
fut_rates/BUND,fut_rates,200,400,ls,2008-07-04,2018-01-25,2024-03-28,2338,1560,0.827047626808334,0.64276068986874,0.6243527787802737,0.4447635931254104,-0.12888731737138995,-0.10284733797752989,0.08047115475036236,0.045742751582269675,0.07383355861982559,1.1156065225070813,-0.15215225999251017,True
fut_rates/BUND,fut_rates,200,600,ls,2009-04-21,2018-05-23,2024-03-28,2218,1480,1.0417616640521845,0.47845745474301693,0.7281787714545863,0.31784964831007634,-0.12888731737138992,-0.10585038554348662,0.09385300841957607,0.03364450781848321,0.07505518399479992,1.0417616640521845,-0.19688239239384916,True
fut_rates/GILT,fut_rates,5,20,ls,1993-11-17,2012-02-16,2024-03-28,4588,3060,-0.16781863799501148,0.01978687462515266,-0.29393961773645505,-0.007586498941490457,-0.9991882256838281,-0.28138023413006624,-0.2937010051042712,-0.0021346908483840846,0.08804152162527903,0.3384706745289029,0.2540775651674472,False
fut_rates/GILT,fut_rates,5,35,ls,1993-12-08,2012-02-24,2024-03-28,4579,3054,-0.22866863208747712,-0.10790578620571785,-0.3248080815110086,-0.047628323301146004,-0.9998139868679012,-0.27898133685547477,-0.32474766294243573,-0.013287413306738471,0.08802567408886884,0.3393935954118701,0.24795509582488878,False
fut_rates/GILT,fut_rates,8,21,ls,1993-11-18,2012-02-17,2024-03-28,4588,3059,-0.2373344719962984,0.020425466955010182,-0.32696678953151476,-0.010874663975034936,-0.9997920248304201,-0.19095177692585738,-0.3268987885580149,-0.0020765364095045287,0.08802501253168676,0.33779108050951384,0.2618273489854832,False
fut_rates/GILT,fut_rates,9,21,ls,1993-11-18,2012-02-17,2024-03-28,4588,3059,-0.20907637548595936,-0.029987199480395785,-0.31425197161144053,-0.0304195752333927,-0.9996706058353936,-0.2133348518387765,-0.31414845884577564,-0.0064895555754143465,0.0879769598837914,0.33779108050951384,0.2618273489854832,False
fut_rates/GILT,fut_rates,10,20,ls,1993-11-17,2012-02-16,2024-03-28,4588,3060,-0.29268487351163364,-0.06302546667187806,-0.3511468191145897,-0.03792128700813261,-0.9998840954853699,-0.24730984134441433,-0.35110611961295635,-0.009378307473557276,0.08801114817301746,0.3384706745289029,0.2540775651674472,False
fut_rates/GILT,fut_rates,10,30,ls,1993-12-01,2012-02-22,2024-03-28,4582,3056,-0.2658760243523797,-0.16916230363731366,-0.34523976890250846,-0.062148423689290015,-0.9999244063509604,-0.2989206937720625,-0.3452136709685835,-0.018577449926042655,0.08796051395408012,0.3385395363484586,0.2561808499653661,False
fut_rates/GILT,fut_rates,10,100,ls,1994-03-14,2012-04-02,2024-03-28,4540,3028,0.12467900519682983,0.057148858366125224,-0.14761043548844477,0.004364244573715029,-0.9951029474610829,-0.2670603146888583,-0.1468875794305654,0.001165516529235478,0.08770183112188229,0.3783853107653816,0.2567156520637562,False
fut_rates/GILT,fut_rates,12,26,ls,1993-11-25,2012-02-21,2024-03-28,4585,3057,-0.23905167142005115,-0.23867101197809593,-0.33338744088298555,-0.0731763401844554,-0.9998990825223116,-0.3357870325185966,-0.33335379626335865,-0.024571666121109614,0.0879969864679127,0.3376631369081637,0.26464762301481265,False
fut_rates/GILT,fut_rates,13,48,ls,1993-12-29,2012-03-05,2024-03-28,4572,3048,-0.11647096443912529,-0.17845007564249518,-0.27724599111810616,-0.06413451602446052,-0.9994565828876402,-0.3024617742268952,-0.2770953309021994,-0.01939823950594157,0.08803104142489726,0.33947727850022713,0.2505552966066753,False
fut_rates/GILT,fut_rates,20,50,ls,1993-12-31,2012-03-05,2024-03-28,4570,3048,-0.05046623221044422,-0.06412831859432554,-0.24479610952559117,-0.031077720672696523,-0.9989595645416244,-0.30445912439197975,-0.24454141497316834,-0.009461895624107711,0.08793027592479807,0.33955157184046075,0.2505552966066753,False
fut_rates/GILT,fut_rates,20,60,ls,1994-01-17,2012-03-09,2024-03-28,4564,3044,0.07188070330092015,0.07334786686890403,-0.18091778419419233,0.009178088699505314,-0.995755483253272,-0.28166160193400586,-0.18014987562939916,0.0025851151657950633,0.08794962468302889,0.3388900185194049,0.24796968915155376,False
fut_rates/GILT,fut_rates,20,100,ls,1994-03-14,2012-04-02,2024-03-28,4540,3028,0.13497960024606698,0.04593183292726172,-0.14186271577230436,0.0005529046432243803,-0.9905048434519699,-0.32724911665177847,-0.14051570707771763,0.0001809375560878452,0.08770015107755622,0.3783853107653816,0.2567156520637562,False
fut_rates/GILT,fut_rates,21,55,ls,1994-01-10,2012-03-07,2024-03-28,4567,3046,-0.02588722569376187,0.032085391271012155,-0.23213619010137965,-0.003598664800939465,-0.9984840269106151,-0.2906712495593412,-0.23178427788411363,-0.0010460283944342921,0.08793724746311875,0.340033362763717,0.24649905596703267,False
fut_rates/GILT,fut_rates,30,90,ls,1994-02-28,2012-03-27,2024-03-28,4546,3032,0.19043537624772403,0.008513906231171858,-0.10967148671446894,-0.00904537141388251,-0.9768538731303263,-0.34217625918336086,-0.10713301656899012,-0.0030951113533264248,0.08769013243476582,0.36537204517355926,0.26235260362276147,False
fut_rates/GILT,fut_rates,30,200,ls,1994-08-22,2012-05-31,2024-03-28,4480,2988,0.20921469495355555,0.17918363950638774,-0.08718261352060822,0.05752568264632587,-0.9767780474932416,-0.20662692648176173,-0.08515806301001758,0.011886354998975533,0.08716708157039357,0.4639097349324719,0.16775373305922778,True
fut_rates/GILT,fut_rates,40,100,ls,1994-03-14,2012-04-02,2024-03-28,4540,3028,0.10019692490570985,0.08036977007802516,-0.16152316771642047,0.011173547657828064,-0.9945740077595043,-0.28684194387359924,-0.1606467442617309,0.003205042130135704,0.08772844455348262,0.3783853107653816,0.2567156520637562,False
fut_rates/GILT,fut_rates,50,150,ls,1994-05-26,2012-05-02,2024-03-28,4510,3008,0.2390132326317001,0.17632022761230048,-0.07239117867644551,0.04686711879059873,-0.9619885148792416,-0.2486712586409408,-0.06963948246531164,0.011654505418532675,0.08739290249062848,0.43720288376669636,0.23192023556321031,False
fut_rates/GILT,fut_rates,50,200,ls,1994-08-22,2012-05-31,2024-03-28,4480,2988,0.20593747558526854,0.20704678953666372,-0.08863404672500617,0.06574570948064787,-0.9836926868954031,-0.21825701762990896,-0.08718866357333403,0.014349462473208634,0.08718680369798076,0.4639097349324719,0.16775373305922778,True
fut_rates/GILT,fut_rates,60,120,ls,1994-04-13,2012-04-16,2024-03-28,4528,3020,0.2606935803970076,0.17621079662959818,-0.05956974385158193,0.05166516258441071,-0.9721951336375237,-0.22532896585931886,-0.05791341508454175,0.011641657656098838,0.08735994383063918,0.4038641130086833,0.23171552415188904,False
fut_rates/GILT,fut_rates,60,132,ls,1994-04-29,2012-04-23,2024-03-28,4521,3015,0.23822604088374008,0.18555084394027743,-0.07291267871074103,0.05542447401590018,-0.9721023167524695,-0.22496334191041506,-0.07087858389533981,0.012468474898243867,0.08737114420371728,0.412645964693117,0.24077600340855496,False
fut_rates/GILT,fut_rates,60,180,ls,1994-07-25,2012-05-21,2024-03-28,4492,2996,0.22068045021148808,0.3193217655023032,-0.08126331293209525,0.12961392225179524,-0.9840272141573492,-0.18800206408919665,-0.07996531143776658,0.024367684918034163,0.08735803025003457,0.4344726885412874,0.20386159321395572,True
fut_rates/GILT,fut_rates,60,400,ls,1995-06-26,2012-09-25,2024-03-28,4360,2908,0.46403345579282035,0.3907527711082591,0.17184725154803182,0.20959159453160991,-0.6486175223503564,-0.1459264929013339,0.11146313852180285,0.030584966331596224,0.08673624202734145,0.5892726530032303,0.174664126782245,True
fut_rates/GILT,fut_rates,62,758,ls,1996-11-20,2013-04-22,2024-03-28,4146,2764,0.5375104871968741,0.4481297365583059,0.2162701995024519,0.24514876736736435,-0.4320423645667601,-0.1459264929013339,0.09343788837836427,0.03577369986100445,0.0868637387714475,0.6391477883480695,0.14915149257606825,True
fut_rates/GILT,fut_rates,74,758,ls,1996-11-20,2013-04-22,2024-03-28,4146,2764,0.5177700074310116,0.43370343689945146,0.19001886289929623,0.23626857729181158,-0.46848810963664955,-0.1459264929013339,0.08902157787499697,0.0344778448669818,0.08686677496368723,0.6391477883480695,0.14915149257606825,True
fut_rates/GILT,fut_rates,80,144,ls,1994-05-18,2012-04-30,2024-03-28,4514,3010,0.24987117807464454,0.3123678037771775,-0.0657950582174527,0.12240337057441375,-0.971222725577913,-0.1940710605699884,-0.06390165577151187,0.023754951944717786,0.08739870119853352,0.4176798275746636,0.2412116216049684,True
fut_rates/GILT,fut_rates,80,300,ls,1995-01-31,2012-07-30,2024-03-28,4420,2948,0.006801355522488912,0.2873881798237675,-0.1843763467585467,0.12710300636669347,-0.9971892466241262,-0.1687797752667461,-0.18385811031946384,0.02145241685029832,0.08705557277577043,0.45565920445475117,0.16420055193811559,True
fut_rates/GILT,fut_rates,100,200,ls,1994-08-22,2012-05-31,2024-03-28,4480,2988,0.05254728399359586,0.4318375830448252,-0.17488548827653705,0.235741530661488,-0.9965248216960565,-0.1459264929013339,-0.17427773002200386,0.034400934800623215,0.08712255906524116,0.4639097349324719,0.16775373305922778,True
fut_rates/GILT,fut_rates,100,250,ls,1994-11-17,2012-07-02,2024-03-28,4450,2968,-0.004207560210875352,0.389486561345853,-0.20157715283480407,0.20921959400797605,-0.99804472239907,-0.1459264929013339,-0.20118301354300694,0.030530681599824874,0.08692628509578337,0.4472752346040465,0.18264800656654892,True
fut_rates/GILT,fut_rates,100,300,ls,1995-01-31,2012-07-30,2024-03-28,4420,2948,-0.12156035015704181,0.30395860641796685,-0.24637952151657888,0.13765613020048273,-0.9991435841239072,-0.16654273468744224,-0.24616851818280794,0.022925628370079,0.08705018258926041,0.45565920445475117,0.16420055193811559,True
fut_rates/GILT,fut_rates,100,400,ls,1995-06-26,2012-09-25,2024-03-28,4360,2908,0.27751349570125317,0.4477791874311052,0.03698541743634246,0.24459991895606412,-0.7557103262606251,-0.14592649290133383,0.027950261877703775,0.03569360833720892,0.08673394274265374,0.5892726530032303,0.174664126782245,True
fut_rates/GILT,fut_rates,116,378,ls,1995-05-24,2012-09-13,2024-03-28,4374,2916,0.3006315039362389,0.4375866713914772,0.030015737073078638,0.23855883809872067,-0.8560021378938844,-0.14592649290133383,0.025693535105016038,0.03481205459436341,0.08682668444296088,0.3234311438017745,0.17383886109644492,True
fut_rates/GILT,fut_rates,120,398,ls,1995-06-22,2012-09-25,2024-03-28,4362,2908,0.36711352982815026,0.4284117872494199,0.08746227381520032,0.23270424060364533,-0.7739207885875808,-0.1459264929013339,0.06768887192272276,0.03395771371455814,0.086740091057435,0.41628636513385253,0.174664126782245,True
fut_rates/GILT,fut_rates,134,750,ls,1996-11-08,2013-04-16,2024-03-28,4150,2768,0.5592019997799156,0.3871250977996275,0.26205908793446325,0.20759812739884756,-0.37762586545329707,-0.1459264929013339,0.09896028988115337,0.030294066664198135,0.08684395034613661,0.6624618176999256,0.15894003513230387,True
fut_rates/GILT,fut_rates,150,400,ls,1995-06-26,2012-09-25,2024-03-28,4360,2908,0.13966988531187244,0.35930883913391626,-0.02891163346941269,0.16803762887348542,-0.9123875727359156,-0.16531743638327148,-0.026378615084987903,0.02777955002128821,0.0867407280950954,0.5892726530032303,0.174664126782245,True
fut_rates/GILT,fut_rates,150,500,ls,1995-11-14,2012-11-20,2024-03-28,4300,2868,0.4415177810995785,0.45703666465172244,0.13777143028445518,0.2502215035823827,-0.6432127018673488,-0.14592649290133383,0.0886163339133935,0.03651394646627565,0.08670448410341365,0.566160811528766,0.1768690185055378,True
fut_rates/GILT,fut_rates,150,710,ls,1996-09-13,2013-03-21,2024-03-28,4174,2784,0.5647873808925001,0.42806640309986493,0.29110709554720976,0.23263243638478637,-0.35620028706962426,-0.1459264929013339,0.10369243100192066,0.033947235576724535,0.08679813765713466,0.6526477798176714,0.178558414599864,True
fut_rates/GILT,fut_rates,162,678,ls,1996-07-30,2013-03-05,2024-03-28,4194,2796,0.5842197387658201,0.44223370853937227,0.3023807662886036,0.24126008177014965,-0.3636690911130665,-0.1459264929013339,0.10996653844624905,0.03520623760980698,0.08676262643474539,0.6800783438602295,0.18946717505929836,True
fut_rates/GILT,fut_rates,174,698,ls,1996-08-28,2013-03-15,2024-03-28,4182,2788,0.6292263223565945,0.41647934879933135,0.3429510932787003,0.22553433813940219,-0.34980463367722425,-0.1459264929013339,0.11996588155355933,0.03291143499350651,0.0868082608158743,0.6815213000256511,0.19017265032130332,True
fut_rates/GILT,fut_rates,200,400,ls,1995-06-26,2012-09-25,2024-03-28,4360,2908,0.22784434553619626,0.4495679308931086,0.010587098277633652,0.24568845140523116,-0.881481844543534,-0.14592649290133383,0.009332334918132183,0.03585245405992517,0.08672914557118941,0.5892726530032303,0.174664126782245,True
fut_rates/GILT,fut_rates,200,600,ls,1996-04-09,2013-01-18,2024-03-28,4240,2828,0.6359834067530991,0.4690381495976123,0.3723092209146769,0.2575568707252054,-0.34980463367722425,-0.14592649290133383,0.1302354906367113,0.03758437086757144,0.08668211329464744,0.6970583842539838,0.1958710641289424,True
fut_rates/JGB,fut_rates,5,20,ls,2002-01-08,2015-08-24,2024-03-29,3345,2230,-0.3607750515910533,-0.4476468398951565,-0.07563294060798421,-0.10325674065687161,-0.221594337655478,-0.11100506402779921,-0.016759831378962368,-0.011462021107917891,0.02505216524407282,0.6835441709766157,0.26653179969837326,False
fut_rates/JGB,fut_rates,5,35,ls,2002-01-30,2015-09-01,2024-03-29,3336,2224,-0.24859469148876254,-0.2711713452374697,-0.05241229535082358,-0.07242610928502065,-0.22782634760612044,-0.09761628127446043,-0.011940901819431384,-0.007069967455581386,0.02501198605832522,0.6839803907469556,0.2681479979514127,False
fut_rates/JGB,fut_rates,8,21,ls,2002-01-09,2015-08-24,2024-03-29,3344,2230,-0.34453590808048556,-0.22083825323130576,-0.06336701788886562,-0.06331986160522514,-0.25443114048411586,-0.09178185158139303,-0.01612254263054145,-0.005811614140005121,0.024981305241729767,0.6836464987409218,0.26653179969837326,False
fut_rates/JGB,fut_rates,9,21,ls,2002-01-09,2015-08-24,2024-03-29,3344,2230,-0.3070564680859179,-0.2688046352381309,-0.05990692448706152,-0.07125095489797965,-0.24164864056269286,-0.09822491705264356,-0.014476426862590314,-0.0069986191347756995,0.024968888108067126,0.6836464987409218,0.26653179969837326,False
fut_rates/JGB,fut_rates,10,20,ls,2002-01-08,2015-08-24,2024-03-29,3345,2230,-0.28472959153871735,-0.348865034460661,-0.058052436723352585,-0.08130263920763528,-0.23252761177651565,-0.11065731962811409,-0.013498794469088471,-0.008996732133408538,0.02500939655471305,0.6835441709766157,0.26653179969837326,False
fut_rates/JGB,fut_rates,10,30,ls,2002-01-23,2015-08-28,2024-03-29,3339,2226,-0.08255086468501396,-0.20115630798088702,-0.023893110597328918,-0.05886325762327351,-0.19347996841888784,-0.09049689973102604,-0.004622838283800193,-0.005326942322974937,0.025000110357101566,0.6812030779131043,0.27461486514022854,False
fut_rates/JGB,fut_rates,10,100,ls,2002-05-08,2015-10-13,2024-03-29,3297,2198,0.2058502420927486,-0.32892107302838125,0.09237451359615659,-0.0816822348484616,-0.08858134361087165,-0.10430770776774467,0.008182658529748282,-0.008520086682389622,0.025059625027946432,0.6660549633900743,0.24521583086271226,False
fut_rates/JGB,fut_rates,12,26,ls,2002-01-17,2015-08-26,2024-03-29,3341,2228,-0.08129601209017466,-0.23590862532076398,-0.023965370030737367,-0.06010508596870526,-0.1906726215069676,-0.10311949060315201,-0.0045695399291452105,-0.0061980058477515455,0.0250279373707755,0.6821824706117906,0.2713520241412886,False
fut_rates/JGB,fut_rates,13,48,ls,2002-02-19,2015-09-08,2024-03-29,3328,2219,0.15174828576156,-0.09032782295835921,0.04413546948978509,-0.030403513033455554,-0.13060106947201308,-0.08459160589463241,0.0057641395170153365,-0.0025718819923383923,0.025041314974415127,0.6883761670750891,0.25886167885494654,False
fut_rates/JGB,fut_rates,20,50,ls,2002-02-21,2015-09-09,2024-03-29,3327,2218,0.15032849732913717,-0.1308984120665139,0.05296784996511457,-0.04524877540693974,-0.1076002671942654,-0.07896279595263311,0.005699354808952089,-0.0035729698195647057,0.02496507626090424,0.6878936697987194,0.2604809474825249,False
fut_rates/JGB,fut_rates,20,60,ls,2002-03-07,2015-09-15,2024-03-29,3321,2214,0.24905750669478263,-0.17546405809973398,0.08450827147874401,-0.05549932871438936,-0.11975676783295246,-0.08449591489291082,0.010120437447444064,-0.004689466555664725,0.025007616707590493,0.6836737546107953,0.26080804121821954,False
fut_rates/JGB,fut_rates,20,100,ls,2002-05-08,2015-10-13,2024-03-29,3297,2198,0.16275868664877177,-0.3755788449910052,0.05702631093245949,-0.08050534359429867,-0.10975325356116065,-0.12026568684790981,0.006258823163427814,-0.009682030442295306,0.025067896905254624,0.6660549633900743,0.24521583086271226,False
fut_rates/JGB,fut_rates,21,55,ls,2002-02-28,2015-09-11,2024-03-29,3324,2216,0.22235185240201202,-0.2455868797115776,0.08023842285405758,-0.06621293274052645,-0.11118517527101521,-0.0972359297027765,0.008921323108498224,-0.006438276073372498,0.025025935657959845,0.691539315270366,0.2516829543773439,False
fut_rates/JGB,fut_rates,30,90,ls,2002-04-19,2015-10-06,2024-03-29,3303,2202,0.2879890203111893,-0.39065009072277823,0.13991596554787675,-0.0819296767521452,-0.08474519016302706,-0.12242385055253664,0.011857205107198357,-0.01003014650252226,0.025004787812804997,0.6769964743974574,0.2434066952971711,False
fut_rates/JGB,fut_rates,30,200,ls,2002-09-27,2015-12-10,2024-03-29,3237,2158,-0.005035385029902592,-0.7009486677568862,-0.007024262067508407,-0.10560751150315974,-0.1682254367912732,-0.16839400692135384,-0.0011816595544429734,-0.017783672023010035,0.02514692509884239,0.6193947204491262,0.23522620220226795,False
fut_rates/JGB,fut_rates,40,100,ls,2002-05-08,2015-10-13,2024-03-29,3297,2198,0.10012749566899706,-0.8444537021601113,0.027472643114850336,-0.10968895356397507,-0.1260557763682799,-0.19385111241775377,0.003463085356731138,-0.021263325668315902,0.025077862417518745,0.6660549633900743,0.24521583086271226,False
fut_rates/JGB,fut_rates,50,150,ls,2002-07-17,2015-11-11,2024-03-29,3267,2178,-0.007318163050322288,-0.7486681258767794,-0.0067619938201867345,-0.10764019878131863,-0.1936969677217418,-0.17579112258613494,-0.0013097776987233275,-0.018922191379162717,0.025094889742228663,0.6284588328580831,0.2445968719950157,False
fut_rates/JGB,fut_rates,50,200,ls,2002-09-27,2015-12-10,2024-03-29,3237,2158,-0.06439274133138084,-0.8148495628365202,-0.021142167019926935,-0.11317035149385787,-0.17884622337216302,-0.18233891928807333,-0.0037811967254174307,-0.02063535958684144,0.025198217680286968,0.6193947204491262,0.23522620220226795,False
fut_rates/JGB,fut_rates,60,120,ls,2002-06-05,2015-10-23,2024-03-29,3285,2190,0.0029687822693099703,-0.595899128464974,-0.00416532802553056,-0.10157020920123346,-0.20484934204194402,-0.14889880380015752,-0.000853264705418805,-0.015123682651795414,0.025046061307110373,0.6639758195057451,0.23904970144143298,False
fut_rates/JGB,fut_rates,60,132,ls,2002-06-21,2015-10-29,2024-03-29,3277,2186,-0.04214462474899346,-0.5208698844120063,-0.013413725882912645,-0.0976438585125917,-0.21263964760870588,-0.13601385613114894,-0.002852289944862322,-0.013280917723821912,0.025064356459281553,0.6466482126783687,0.2338107271030116,False
fut_rates/JGB,fut_rates,60,180,ls,2002-08-28,2015-11-30,2024-03-29,3249,2166,-0.08774719485109113,-0.7106299390973169,-0.025984152490003038,-0.1087289226886727,-0.1878427661327409,-0.1658697094645037,-0.004880935079337118,-0.018034834816758622,0.02516360103755604,0.6085259277706629,0.23906318185632305,False
fut_rates/JGB,fut_rates,60,400,ls,2003-07-24,2016-04-08,2024-03-29,3117,2078,0.325569634683208,-0.29770699837301506,0.09845413121572165,-0.08503160849518192,-0.13524451076277072,-0.0903722961510979,0.013315380808843907,-0.007684501705130792,0.02487208069691893,0.652218054657079,0.10352307946373174,False
fut_rates/JGB,fut_rates,62,758,ls,2005-01-11,2016-11-09,2024-03-29,2902,1935,0.538882281528714,-0.2643002993231596,0.2130140483765179,-0.08436388212518832,-0.09783057582353974,-0.08094846974415505,0.020839287011178098,-0.00682912715971027,0.024765963091080746,0.6964706756624909,0.10480473054244308,False
fut_rates/JGB,fut_rates,74,758,ls,2005-01-11,2016-11-09,2024-03-29,2902,1935,0.5234645048797996,-0.23469998049208532,0.1958785743215985,-0.07969941520216262,-0.10321039334406504,-0.07652053815902773,0.02021670470340686,-0.00609864214222928,0.02475770027335599,0.6964706756624909,0.10480473054244308,False
fut_rates/JGB,fut_rates,80,144,ls,2002-07-09,2015-11-06,2024-03-29,3270,2181,-0.06792674160933924,-0.43439881291808613,-0.020529260259460613,-0.09019984985962726,-0.19440216167315838,-0.12364431522295555,-0.003990932571990007,-0.011152698669107015,0.025092385734095408,0.6408067666498499,0.24431753056360075,False
fut_rates/JGB,fut_rates,80,300,ls,2003-02-28,2016-02-10,2024-03-29,3177,2118,0.20393201089851976,-0.3153122708085452,0.042258850797669625,-0.08320768502195569,-0.19041921662775255,-0.09839284914251388,0.008046897264481327,-0.008187041199863097,0.025073834218990683,0.603005990900129,0.11398269680981687,False
fut_rates/JGB,fut_rates,100,200,ls,2002-09-27,2015-12-10,2024-03-29,3237,2158,0.08532563076771128,-0.5839232754055486,0.013121046585575077,-0.10262288476399216,-0.21235373966626747,-0.14510185025084782,0.0027863033107821777,-0.014890770457334803,0.025150361181974286,0.6193947204491262,0.23522620220226795,False
fut_rates/JGB,fut_rates,100,250,ls,2002-12-10,2016-01-13,2024-03-29,3207,2138,0.19739142253630473,-0.3118018082707812,0.04021029246015727,-0.07790640590251204,-0.19210836770998832,-0.10490856656178096,0.007724733649662063,-0.00817304936921281,0.025293258308483006,0.5989836146379476,0.20674164024004413,False
fut_rates/JGB,fut_rates,100,300,ls,2003-02-28,2016-02-10,2024-03-29,3177,2118,0.255729719276595,-0.32479867902130516,0.06079730437841316,-0.08578926233950586,-0.17030718960820773,-0.09826433455299405,0.010354218044442328,-0.008430024775583777,0.025094253449777632,0.603005990900129,0.11398269680981687,False
fut_rates/JGB,fut_rates,100,400,ls,2003-07-24,2016-04-08,2024-03-29,3117,2078,0.3293099948317628,-0.26144889109935976,0.10083204988864455,-0.0752902785577779,-0.1337276779819067,-0.09029663077495047,0.013484035897764212,-0.006798458483874841,0.024904555632507156,0.652218054657079,0.10352307946373174,False
fut_rates/JGB,fut_rates,116,378,ls,2003-06-23,2016-03-28,2024-03-29,3130,2087,0.30795314811055496,-0.19130460763063128,0.09471385024940802,-0.06504539670690464,-0.13380253087452323,-0.07768870494679153,0.012672952872241388,-0.0050532926329097195,0.024864725753448565,0.6031836194448541,0.09399065880542122,False
fut_rates/JGB,fut_rates,120,398,ls,2003-07-22,2016-04-07,2024-03-29,3118,2079,0.3460315246571213,-0.1645876821255,0.11619961716647545,-0.05743632979435108,-0.12238319624870049,-0.07654053987223143,0.014220880551708632,-0.004396207690739163,0.024886458034870104,0.6403586599831513,0.11455399664169993,False
fut_rates/JGB,fut_rates,134,750,ls,2004-12-27,2016-11-04,2024-03-29,2907,1938,0.7010559853086825,-0.32136688003157915,0.3775306902600644,-0.08608833722102396,-0.07266104708149596,-0.09556572560640546,0.027431775259696208,-0.008227094412776078,0.024752101128449316,0.7010559853086825,0.10815813261604154,False
fut_rates/JGB,fut_rates,150,400,ls,2003-07-24,2016-04-08,2024-03-29,3117,2078,0.368687085702577,-0.15995031282792005,0.1290723440795708,-0.05619481891436591,-0.11794405975282292,-0.07609090386357102,0.015223316262557816,-0.004275914563643799,0.02485731899895891,0.652218054657079,0.10352307946373174,False
fut_rates/JGB,fut_rates,150,500,ls,2003-12-18,2016-06-09,2024-03-29,3057,2038,0.5280587638776412,-0.20067550142864815,0.16854361297171866,-0.06926979829928831,-0.12531302296491587,-0.07657520270134886,0.021120709642914872,-0.005304348845849553,0.02495062692607504,0.7452372128949855,0.08350495510804594,False
fut_rates/JGB,fut_rates,150,710,ls,2004-10-27,2016-10-12,2024-03-29,2931,1954,0.7172836471331911,-0.24722977911058658,0.38697198964178253,-0.07518694815205025,-0.07266104708149597,-0.08486187667186433,0.028117789958581732,-0.006380505521413146,0.0246599179351828,0.7172836471331911,0.10808916936001255,False
fut_rates/JGB,fut_rates,162,678,ls,2004-09-08,2016-09-21,2024-03-29,2950,1967,0.7594731650799658,-0.1421695727097463,0.41317036047317107,-0.050011392275181504,-0.07266104708149596,-0.07591135563620748,0.03002139101501974,-0.0037964325848631824,0.02462123605821238,0.7594731650799658,0.12339364583584858,False
fut_rates/JGB,fut_rates,174,698,ls,2004-10-08,2016-10-04,2024-03-29,2938,1959,0.7505221762658774,-0.08875860342523145,0.407234861315497,-0.03491079563225902,-0.07266104708149597,-0.07117950496991954,0.029590111431271812,-0.002484933151210226,0.024616184637036218,0.7505221762658774,0.09761531944917527,False
fut_rates/JGB,fut_rates,200,400,ls,2003-07-24,2016-04-08,2024-03-29,3117,2078,0.45418919128414464,-0.09089823485177423,0.15339568470723786,-0.034447150042182864,-0.12391483424986488,-0.07449138269779677,0.019008000845141912,-0.00256601583664067,0.024863362157075044,0.652218054657079,0.10352307946373174,False
fut_rates/JGB,fut_rates,200,600,ls,2004-05-20,2016-08-05,2024-03-29,2997,1998,0.7375723287620914,-0.12609095333231746,0.4071729567017376,-0.04317284904357568,-0.07266104708149597,-0.07862685511510653,0.029585613377216873,-0.00339454534665559,0.024571767481537075,0.7375723287620914,0.10550443833511856,False
fut_rates/OAT,fut_rates,5,20,ls,2012-10-03,2019-06-19,2024-03-28,1657,1106,0.9765091750571813,-0.0989816890934221,0.4683551770150627,-0.046424675725217274,-0.11859012005241813,-0.2459512294358305,0.05554229666938783,-0.011418206070776945,0.08197597701443367,1.239202965721929,-0.4175560518785957,True
fut_rates/OAT,fut_rates,5,35,ls,2012-10-24,2019-06-27,2024-03-28,1648,1100,1.0011391746627023,-0.2832028290010027,0.5810886721967164,-0.10837015065929494,-0.09829281369976335,-0.24261689273896223,0.05711684059927471,-0.026292429218611336,0.08212924056133378,1.2552103400386931,-0.43328963682915994,True
fut_rates/OAT,fut_rates,8,21,ls,2012-10-04,2019-06-20,2024-03-28,1657,1105,1.013510534758692,-0.360637381918602,0.6127038712289248,-0.11397371803757116,-0.0942618246028456,-0.28466319269667134,0.05775458484326541,-0.032444122460085205,0.08207818635007036,1.247053619387778,-0.42621324220653845,True
fut_rates/OAT,fut_rates,9,21,ls,2012-10-04,2019-06-20,2024-03-28,1657,1105,1.0834992312593517,-0.3815054483554763,0.8813693607758173,-0.12189531628039604,-0.07024789888188139,-0.2795829575320605,0.06191434573336805,-0.034079853034979055,0.08203284520186757,1.247053619387778,-0.42621324220653845,True
fut_rates/OAT,fut_rates,10,20,ls,2012-10-03,2019-06-19,2024-03-28,1657,1106,1.0689019141765306,-0.31375076945142355,0.8508102781180852,-0.10074426786082563,-0.0717183758644234,-0.2847176755024524,0.06101873131538744,-0.028683673765530698,0.08200163051641018,1.239202965721929,-0.4175560518785957,True
fut_rates/OAT,fut_rates,10,30,ls,2012-10-17,2019-06-25,2024-03-28,1651,1102,0.9690999059556564,-0.3281994023995728,0.7272193216782189,-0.11534508505666358,-0.07572344565502415,-0.25886810706933366,0.05506755278438413,-0.029859163828369784,0.08206621200842722,1.2529977936889327,-0.43146176709860307,True
fut_rates/OAT,fut_rates,10,100,ls,2013-01-30,2019-08-02,2024-03-28,1609,1074,1.2058139176570464,-0.23969977025222608,0.8273230565266266,-0.12051284512164902,-0.08439051417849011,-0.1913555475570112,0.06981821813200206,-0.023060801465906434,0.08293653792488545,1.3677080594389626,-0.49819620525356817,True
fut_rates/OAT,fut_rates,12,26,ls,2012-10-11,2019-06-24,2024-03-28,1654,1103,0.9724447640797612,-0.4356711712936746,0.7360659209480321,-0.13348290798674148,-0.07496847177309304,-0.28765607952238603,0.05518173721772828,-0.038397169994713445,0.08210203005345823,1.245601825041745,-0.42457295767003267,False
fut_rates/OAT,fut_rates,13,48,ls,2012-11-12,2019-07-05,2024-03-28,1641,1094,1.142652921898456,-0.5472840561631649,0.744718467663038,-0.17116811107637933,-0.08852185716126437,-0.27623933565593356,0.06592386181982313,-0.04728336528922007,0.0822903403757941,1.2753879493166544,-0.45499786313345064,False
fut_rates/OAT,fut_rates,20,50,ls,2012-11-14,2019-07-05,2024-03-28,1639,1094,1.3408250682834808,-0.5406148732963894,1.0387752446496812,-0.16539142441375554,-0.07511594824547577,-0.2826270039362161,0.07802858751578688,-0.046744082758802874,0.08226335540386336,1.2761704565710923,-0.45499786313345064,False
fut_rates/OAT,fut_rates,20,60,ls,2012-11-28,2019-07-11,2024-03-28,1633,1090,1.2886987416706468,-0.5031896542902851,1.0556192955874557,-0.19406378748012484,-0.07097470340906156,-0.22593714664669726,0.07492226641720216,-0.04384621841071046,0.08233953525615241,1.2299073649440504,-0.42735615091856893,False
fut_rates/OAT,fut_rates,20,100,ls,2013-01-30,2019-08-02,2024-03-28,1609,1074,0.9838372993612545,0.2830847717079463,0.49134767500843485,0.16986803997920544,-0.11474264137317737,-0.11892895462348864,0.05637853006303734,0.020202228418667877,0.08279892495402377,1.3677080594389626,-0.49819620525356817,True
fut_rates/OAT,fut_rates,21,55,ls,2012-11-21,2019-07-09,2024-03-28,1636,1092,1.2868321208155247,-0.4701316884877035,0.9941121561396399,-0.17828000382871356,-0.0752664584724372,-0.23130315030331355,0.0748233013170292,-0.04123672652166825,0.08233421568633299,1.269532365171678,-0.4476061077664003,False
fut_rates/OAT,fut_rates,30,90,ls,2013-01-16,2019-07-29,2024-03-28,1615,1078,0.8912339977131786,0.11701412557537437,0.44279145109445683,0.03937907612484854,-0.1149137208873712,-0.1591968195410302,0.050882813222382486,0.0062690236755400044,0.08275526218182828,1.2918987561799786,-0.47534114679391265,True
fut_rates/OAT,fut_rates,30,200,ls,2013-06-24,2019-10-04,2024-03-28,1549,1034,1.0439664568613298,0.30883994780482515,0.5595076767461569,0.2570567564910879,-0.10526998688828271,-0.08779161677777765,0.05889936579496145,0.022567428256004093,0.08360447982652038,1.4441940679724847,-0.5289736303264462,True
fut_rates/OAT,fut_rates,40,100,ls,2013-01-30,2019-08-02,2024-03-28,1609,1074,0.8185759392069917,0.06958325349998375,0.41702153184660634,0.015524215684661672,-0.11126537844536616,-0.14994391029020512,0.04640005856077897,0.002327761603946705,0.08285346975644377,1.3677080594389626,-0.49819620525356817,True
fut_rates/OAT,fut_rates,50,150,ls,2013-04-12,2019-08-30,2024-03-28,1579,1054,0.6551819587376128,0.21392274886205614,0.2729594029999954,0.1480358209000976,-0.13372340684868572,-0.0975490090485917,0.03650106130054275,0.014440747632499322,0.08326496479446936,1.2709332311774177,-0.5550523575386707,True
fut_rates/OAT,fut_rates,50,200,ls,2013-06-24,2019-10-04,2024-03-28,1549,1034,1.1907121351029788,0.16664312132142609,0.7781214610832254,0.08610671571773616,-0.08686508572753532,-0.12177390037947743,0.06759158742342941,0.010485550621815587,0.08362738243031684,1.4441940679724847,-0.5289736303264462,True
fut_rates/OAT,fut_rates,60,120,ls,2013-02-27,2019-08-14,2024-03-28,1597,1066,0.7190168794230565,0.11470117853040532,0.31724863247848434,0.04820952661113017,-0.12772993763927207,-0.1262515094873877,0.04052214804262115,0.00608652550632757,0.08300523245986652,1.3582550703295735,-0.5393575912917352,True
fut_rates/OAT,fut_rates,60,132,ls,2013-03-15,2019-08-21,2024-03-28,1590,1061,0.8027478565796718,0.0941534025970607,0.4171728646487468,0.03646138787568477,-0.10938719423403873,-0.11993157387667798,0.045633369174502815,0.004372871633658899,0.08308639168243301,1.336581187153109,-0.5517886613356687,True
fut_rates/OAT,fut_rates,60,180,ls,2013-05-27,2019-09-19,2024-03-28,1561,1042,0.7633337265475671,0.1749233710510786,0.4184097666772035,0.09003128427449449,-0.10280107307890532,-0.123994382830586,0.04301297300111092,0.011163373529060987,0.08338783774261874,1.2358218555546154,-0.5075636505376414,True
fut_rates/OAT,fut_rates,60,400,ls,2014-04-10,2020-02-14,2024-03-28,1429,954,1.0882369550733384,0.42624172114586434,0.6088182757734475,0.3710835420488615,-0.10061940803468378,-0.0900553490878403,0.061258934509021146,0.03341805791996249,0.08577592302527429,1.214273177685555,-0.5379463786875295,True
fut_rates/OAT,fut_rates,62,758,ls,2015-09-21,2020-10-02,2024-03-28,1215,810,0.9094544523091214,0.03498236375014014,0.6442036811428621,-0.00539705025465368,-0.08231523463896895,-0.1078722630486409,0.05302777716856223,-0.0005821920247567361,0.08373297269428227,0.9094544523091214,-0.7185786020368949,True
fut_rates/OAT,fut_rates,74,758,ls,2015-09-21,2020-10-02,2024-03-28,1215,810,0.9094544523091214,0.06287385459964949,0.6442036811428621,0.01710287947288863,-0.08231523463896895,-0.10258853959027363,0.05302777716856223,0.0017545594279121132,0.08374009028106437,0.9094544523091214,-0.7185786020368949,True
fut_rates/OAT,fut_rates,80,144,ls,2013-04-04,2019-08-28,2024-03-28,1583,1056,0.7224220250682662,0.14023236374643394,0.32821791578657383,0.06760501601509826,-0.12409091895532942,-0.12177390037947737,0.04072886278755887,0.008232526485375547,0.08321069918635804,1.2888999019173648,-0.5606589294048053,True
fut_rates/OAT,fut_rates,80,300,ls,2013-11-11,2019-12-12,2024-03-28,1489,994,1.120238535458838,0.3453530712401771,0.5978664244564874,0.22012571411044085,-0.10587347292029818,-0.11783305323991419,0.06329819469964942,0.02593808499024971,0.08451723563784416,1.2916925799889651,-0.4647018932138744,True
fut_rates/OAT,fut_rates,100,200,ls,2013-06-24,2019-10-04,2024-03-28,1549,1034,1.2149298150251118,0.2687171271282301,0.5627581841769439,0.18610948385565312,-0.12274549671975178,-0.10289424493021543,0.06907603284990453,0.019149594815679547,0.08363748101291191,1.4441940679724847,-0.5289736303264462,True
fut_rates/OAT,fut_rates,100,250,ls,2013-09-02,2019-11-11,2024-03-28,1519,1014,1.0588797469772102,0.27618890800220386,0.4172414040269033,0.14369424172663922,-0.14367011483043668,-0.13824078096605413,0.05994512042855782,0.01986440419661557,0.08403396518675157,1.3633017804651204,-0.45405878624463136,True
fut_rates/OAT,fut_rates,100,300,ls,2013-11-11,2019-12-12,2024-03-28,1489,994,1.16510531692761,0.4093246506278485,0.738209893894379,0.3192944208826468,-0.08937368361359414,-0.09865925076685769,0.06597653749734113,0.031501348338319655,0.08452317115132779,1.2916925799889651,-0.4647018932138744,True
fut_rates/OAT,fut_rates,100,400,ls,2014-04-10,2020-02-14,2024-03-28,1429,954,1.214273177685555,0.2730171421988894,0.7913130413706185,0.22127357233219067,-0.08686508572753526,-0.09005534908784021,0.06873747517597543,0.01992686880028889,0.08578618219603552,1.214273177685555,-0.5379463786875295,True
fut_rates/OAT,fut_rates,116,378,ls,2014-03-06,2020-02-04,2024-03-28,1443,962,1.27449905993777,0.289757038979351,0.8339323446419405,0.23683870945712795,-0.08686508572753529,-0.09005534908784021,0.07243960460828668,0.02132859265767522,0.08547960722660157,1.27449905993777,-0.5289800392851388,True
fut_rates/OAT,fut_rates,120,398,ls,2014-04-07,2020-02-14,2024-03-28,1431,954,1.2225224645308261,0.2664394993255297,0.7971132275510502,0.21484084123308025,-0.08686508572753526,-0.09005534908784013,0.0692413088457743,0.01934756695557028,0.08576456720470885,1.2225224645308261,-0.5379463786875295,True
fut_rates/OAT,fut_rates,134,750,ls,2015-09-09,2020-09-28,2024-03-28,1219,814,0.9106059360568607,-0.15616804411604265,0.6500725627934582,-0.11461295751877858,-0.08231523463896895,-0.1431641681624541,0.05351087553869938,-0.016408468723814622,0.08354865398981713,0.9106059360568607,-0.7137772953128935,True
fut_rates/OAT,fut_rates,150,400,ls,2014-04-10,2020-02-14,2024-03-28,1429,954,1.214273177685555,0.23897241927506316,0.7913130413706185,0.18247811380052473,-0.08686508572753526,-0.0929154788576156,0.06873747517597543,0.016955041324810228,0.08580186055614177,1.214273177685555,-0.5379463786875295,True
fut_rates/OAT,fut_rates,150,500,ls,2014-09-10,2020-04-30,2024-03-28,1369,914,0.8636507715651159,0.1445850910130561,0.6127386994865919,0.08427388077983418,-0.08686508572753521,-0.09970861393333912,0.05322559965948123,0.008402831843340734,0.08010460036922999,0.8636507715651159,-0.5842171416075672,True
fut_rates/OAT,fut_rates,150,710,ls,2015-07-15,2020-09-04,2024-03-28,1243,830,0.9085465531109769,-0.12544598220544176,0.6539561865319241,-0.09554274618218372,-0.082315234638969,-0.14370985318501886,0.053830556937980716,-0.013730434026735145,0.08281986694228442,0.9085465531109769,-0.6745329703238127,True
fut_rates/OAT,fut_rates,162,678,ls,2015-06-01,2020-08-19,2024-03-28,1263,842,0.8128991252238387,-0.12808130210965094,0.5970351251676302,-0.09639114819965383,-0.08231523463896895,-0.1437098531850189,0.049145086415879675,-0.01385235775610765,0.08237094767899553,0.8128991252238387,-0.6722906883831278,True
fut_rates/OAT,fut_rates,174,698,ls,2015-06-29,2020-08-31,2024-03-28,1251,834,0.9079494978059829,-0.10553629658533036,0.6593577035604139,-0.0835335097240076,-0.08231523463896902,-0.1447019882574239,0.05427518407958725,-0.012087464943184752,0.08273770243695981,0.9079494978059829,-0.648488273636477,True
fut_rates/OAT,fut_rates,200,400,ls,2014-04-10,2020-02-14,2024-03-28,1429,954,1.214273177685555,0.3372722834008279,0.7913130413706185,0.28360338380812816,-0.08686508572753526,-0.09005534908784024,0.06873747517597543,0.025540001731333722,0.08569410294972425,1.214273177685555,-0.5379463786875295,True
fut_rates/OAT,fut_rates,200,600,ls,2015-02-04,2020-07-03,2024-03-28,1309,874,0.6973425399916402,-0.09867147593848186,0.4893543946990525,-0.07827457107913767,-0.08686508572753521,-0.14370985318501892,0.0425078114466793,-0.011248827117903202,0.08118558410301445,0.6973425399916402,-0.6305344567938981,True
fut_rates/US10,fut_rates,5,20,ls,1992-07-31,2011-10-04,2024-03-28,4803,3203,0.3331827237206686,-0.5719024445012248,0.13543326351659768,-0.10626143929555681,-0.3291659279529106,-0.32953472861976285,0.04458001586113195,-0.03501683456100672,0.05925385837616148,0.7025441530700193,0.011005212174394076,False
fut_rates/US10,fut_rates,5,35,ls,1992-08-21,2011-10-12,2024-03-28,4794,3197,0.377760881641698,-0.08930675844730719,0.12547269587795495,-0.03972913724562915,-0.42246690493328504,-0.1754459265711274,0.05300806148119498,-0.006970315295930894,0.05890427095432022,0.6921142164372184,0.060408674434087,False
fut_rates/US10,fut_rates,8,21,ls,1992-08-03,2011-10-05,2024-03-28,4803,3202,0.3039459914659723,-0.36222430224676794,0.1041902403774667,-0.07818449566002647,-0.375717448416862,-0.29301478123108876,0.0391460912645613,-0.022909212891485665,0.05915154088696337,0.6994805821042757,0.024685140803627277,False
fut_rates/US10,fut_rates,9,21,ls,1992-08-03,2011-10-05,2024-03-28,4803,3202,0.30461742839068023,-0.3250852817031517,0.11443794588057338,-0.07677935032011844,-0.3432049247355655,-0.2703439034766814,0.03927566660283491,-0.02075682927194441,0.05914260543201977,0.6994805821042757,0.024685140803627277,False
fut_rates/US10,fut_rates,10,20,ls,1992-07-31,2011-10-04,2024-03-28,4803,3203,0.3070850310997287,-0.37067063360416874,0.1294104145781315,-0.08688979693623398,-0.3070473410767107,-0.2695909013667878,0.03973512370385007,-0.023424698675616477,0.05921639532436429,0.7025441530700193,0.011005212174394076,False
fut_rates/US10,fut_rates,10,30,ls,1992-08-14,2011-10-10,2024-03-28,4797,3199,0.38046967575458074,-0.07637308721364133,0.1512256991744359,-0.03629658242983567,-0.35378974291982945,-0.171530508230327,0.053502101233795146,-0.00622597123121367,0.05899628039781788,0.6907319438062925,0.06580977596609115,False
fut_rates/US10,fut_rates,10,100,ls,1992-11-23,2011-11-17,2024-03-28,4755,3171,0.4522669857013342,0.37121332049259775,0.19177181977757524,0.18735378162576863,-0.3454887644083248,-0.10778846479884506,0.06625500906329042,0.020194576495699668,0.0584639318624432,0.7608907583463803,0.013321524095703755,True
fut_rates/US10,fut_rates,12,26,ls,1992-08-10,2011-10-07,2024-03-28,4800,3200,0.4359840527320985,-0.02889135620317159,0.17265805314361451,-0.023800826744069623,-0.3706938159920767,-0.14488030528742907,0.06400327258156924,-0.003448271044774013,0.05911094675970109,0.6952931760675436,0.04448583172819112,False
fut_rates/US10,fut_rates,13,48,ls,1992-09-10,2011-10-19,2024-03-28,4786,3192,0.42210836587083334,0.043221642946480704,0.18548981763951514,0.004242265467984565,-0.33125958833258234,-0.19124197508067958,0.06144528063115156,0.0008112992269139316,0.058931064436266514,0.6959420098589553,0.04548416071773681,False
fut_rates/US10,fut_rates,20,50,ls,1992-09-14,2011-10-20,2024-03-28,4785,3191,0.35513949993238314,0.1296631289267878,0.15565155018219237,0.032845288566545276,-0.31338659757030984,-0.18025375123747436,0.04877910971814161,0.005920486474597113,0.05890254981237193,0.6955103054281123,0.04778588778813515,True
fut_rates/US10,fut_rates,20,60,ls,1992-09-28,2011-10-26,2024-03-28,4779,3187,0.4642242241112683,0.18632559210791727,0.21771144169060003,0.06160992749448861,-0.31927639923147344,-0.15053826247605073,0.06951012517446767,0.00927465143629578,0.058835295651421975,0.6890283010562173,0.049924296227023456,True
fut_rates/US10,fut_rates,20,100,ls,1992-11-23,2011-11-17,2024-03-28,4755,3171,0.5099507011506222,0.47338245918027033,0.2471085959327692,0.3190923771709836,-0.31214380712518897,-0.08233898785711109,0.07713341790781457,0.026273743369178332,0.058387660595684364,0.7608907583463803,0.013321524095703755,True
fut_rates/US10,fut_rates,21,55,ls,1992-09-21,2011-10-24,2024-03-28,4782,3189,0.36271766465099275,0.11778817040530438,0.1548379017417641,0.029711578898727855,-0.3243306168914948,-0.17564401831352447,0.050218672190091004,0.0052186611082118825,0.05892902144809384,0.6944356592962997,0.05367086283559918,True
fut_rates/US10,fut_rates,30,90,ls,1992-11-09,2011-11-11,2024-03-28,4761,3175,0.4052323126644859,0.327061651561605,0.13697238741311182,0.13929497568099905,-0.42065304965829603,-0.12609724256221616,0.057617852484303095,0.017564712336144938,0.05846450551361419,0.7729075098128292,0.030707472418075348,True
fut_rates/US10,fut_rates,30,200,ls,1993-04-19,2012-01-18,2024-03-28,4695,3131,0.3890766697572414,0.6980091170589341,0.15718868938708627,0.575737457853896,-0.33796354408962553,-0.06909178524151449,0.05312404655606298,0.03977872879353688,0.05832428044972859,0.6372010437868576,-0.005129382484552043,True
fut_rates/US10,fut_rates,40,100,ls,1992-11-23,2011-11-17,2024-03-28,4755,3171,0.441469299635116,0.3328050305736505,0.16676852420078198,0.15496609328653832,-0.3850365997819877,-0.11556700107601335,0.06421198550892922,0.01790896666959096,0.058473547854780886,0.7608907583463803,0.013321524095703755,True
fut_rates/US10,fut_rates,50,150,ls,1993-02-04,2011-12-16,2024-03-28,4725,3151,0.43985025834368574,0.5513543516650101,0.19328277284206333,0.3797806249356818,-0.32781927111532916,-0.08150923359622023,0.06336181771223494,0.03095562767320099,0.05838692303670017,0.69173566683145,-0.003651961860785449,True
fut_rates/US10,fut_rates,50,200,ls,1993-04-19,2012-01-18,2024-03-28,4695,3131,0.4742059070214042,0.4962016230538298,0.21704713565949746,0.28753022366040576,-0.31562736075788533,-0.0960741782574791,0.06850601458826588,0.02762422996236266,0.05834887259413956,0.6372010437868576,-0.005129382484552043,True
fut_rates/US10,fut_rates,60,120,ls,1992-12-22,2011-11-30,2024-03-28,4743,3163,0.43905622346145917,0.33732916795731394,0.17383675024272588,0.20430365477985818,-0.36563186414505305,-0.08892047344793211,0.06356025504816587,0.018166777710167867,0.05843336668820932,0.7260875534219406,0.026186885748863926,True
fut_rates/US10,fut_rates,60,132,ls,1993-01-11,2011-12-07,2024-03-28,4736,3158,0.4498921997624573,0.46057246002663144,0.172909445528893,0.2529243317277681,-0.37810850670811635,-0.10090068591462946,0.06537853224465812,0.02552023855583108,0.05842151840751626,0.7357967282418323,0.015994172178539153,True
fut_rates/US10,fut_rates,60,180,ls,1993-03-19,2012-01-05,2024-03-28,4707,3139,0.5180592484559077,0.5236401743199284,0.23233446267210542,0.3110513216405346,-0.3307089273244481,-0.09409738071141441,0.07683508093079401,0.029269114633198003,0.058345710049111904,0.6526503311699815,0.0073427191420788445,True
fut_rates/US10,fut_rates,60,400,ls,1994-02-01,2012-05-10,2024-03-28,4575,3051,0.342862547118789,0.2899264924968844,0.11180742043180848,0.13208207057481797,-0.39299924509791195,-0.11575775928382256,0.04394023182604559,0.015289524531308642,0.058174275069594196,0.6089787080498004,-0.03371533489810542,True
fut_rates/US10,fut_rates,62,758,ls,1995-07-05,2012-12-03,2024-03-28,4360,2908,0.551308779376985,0.42015867209382185,0.23449963721509723,0.2587329976252843,-0.3117827031874938,-0.08916958157966845,0.07311293078740963,0.02307111313909995,0.058338191381055386,0.6708324828107238,-0.0881526976725456,True
fut_rates/US10,fut_rates,74,758,ls,1995-07-05,2012-12-03,2024-03-28,4360,2908,0.5098686862291488,0.39385686969340966,0.18305005856335793,0.21912912618270317,-0.3636130885198254,-0.09810733535718368,0.06655939714795749,0.021498174668933077,0.05832519777060915,0.6708324828107238,-0.0881526976725456,True
fut_rates/US10,fut_rates,80,144,ls,1993-01-27,2011-12-14,2024-03-28,4729,3153,0.5226019264432392,0.5327660567801671,0.20829773053848588,0.29814438559354,-0.378573678890653,-0.1000736405600976,0.07885603815452852,0.029836394078899063,0.058384887184625256,0.7043357005005357,0.002222894930921958,True
fut_rates/US10,fut_rates,80,300,ls,1993-09-10,2012-03-15,2024-03-28,4635,3091,0.2153818575127058,0.468368676648329,0.042968792886070216,0.2528566270534074,-0.5185336173357231,-0.10229688376282581,0.022280763607763474,0.025866444986342614,0.058134480604938345,0.5632578541914166,0.028227475122580708,True
fut_rates/US10,fut_rates,100,200,ls,1993-04-19,2012-01-18,2024-03-28,4695,3131,0.41667009077175404,0.4874130706520448,0.12173690533593412,0.2887013533959267,-0.47706562300591826,-0.09383312909120209,0.058076492586899904,0.02708975136200474,0.05833164327845706,0.6372010437868576,-0.005129382484552043,True
fut_rates/US10,fut_rates,100,250,ls,1993-06-29,2012-02-15,2024-03-28,4665,3111,0.24501638788288127,0.4457459111309748,0.05046871398151411,0.2232634345427429,-0.5442398742841579,-0.11003622489701026,0.02746708655258236,0.024567065494624184,0.05825750369690324,0.6150305057575854,-0.01030810889828292,True
fut_rates/US10,fut_rates,100,300,ls,1993-09-10,2012-03-15,2024-03-28,4635,3091,0.220783762626553,0.3589790707655301,0.05079284883123053,0.16336708730119384,-0.4568429016078611,-0.1185936536335466,0.023204352440988812,0.01937429976651915,0.058168868134787714,0.5632578541914166,0.028227475122580708,True
fut_rates/US10,fut_rates,100,400,ls,1994-02-01,2012-05-10,2024-03-28,4575,3051,0.3094489341697146,0.3050182418924721,0.10856774562081413,0.11455495353549355,-0.35162645117471514,-0.14124045328029003,0.03817529110468609,0.016179793562855673,0.05816884113689827,0.6089787080498004,-0.03371533489810542,True
fut_rates/US10,fut_rates,116,378,ls,1993-12-31,2012-04-27,2024-03-28,4588,3060,0.31481047892945896,0.4115145221079709,0.10919428656724972,0.16428760097126047,-0.3589843125449051,-0.1367550365594103,0.03919903589717551,0.022467156877082534,0.05809462096043558,0.61791062086256,-0.0238111115849015,True
fut_rates/US10,fut_rates,120,398,ls,1994-01-28,2012-05-09,2024-03-28,4576,3052,0.283187286157252,0.3377124324712685,0.08954556198767728,0.15005509717013374,-0.3761794890844426,-0.1206749214933103,0.03368520375830372,0.018107887070676936,0.05814673763938669,0.5990381588217267,-0.03567796745281302,True
fut_rates/US10,fut_rates,134,750,ls,1995-06-22,2012-11-28,2024-03-28,4365,2911,0.5678055895557763,0.25304414914061935,0.21189564003735167,0.10198964190300432,-0.35874045564017076,-0.12885030712231882,0.07601553845516515,0.013141396682497423,0.058314932400649847,0.6480393533695972,-0.08834953439848775,True
fut_rates/US10,fut_rates,150,400,ls,1994-02-01,2012-05-10,2024-03-28,4575,3051,0.32458244327536073,0.4059616007045015,0.0982728305562399,0.18615703710428164,-0.41494443533528813,-0.11903248845192688,0.04077776418395942,0.022158735369360326,0.05815425956639648,0.6089787080498004,-0.03371533489810542,True
fut_rates/US10,fut_rates,150,500,ls,1994-06-24,2012-07-09,2024-03-28,4515,3011,0.3529290428198731,0.4378047058868464,0.12318498337561216,0.2894352710411925,-0.36267934875527835,-0.08304428905481295,0.04467664954709681,0.024035946311002924,0.05810980194408992,0.7557271014543822,-0.07797796764774424,True
fut_rates/US10,fut_rates,150,710,ls,1995-04-26,2012-11-05,2024-03-28,4389,2927,0.6436274664409103,0.2918334552927018,0.24085858058246212,0.12952062096213435,-0.374010870145406,-0.11907215302287072,0.09008372730563405,0.015422299198820497,0.05825878637309471,0.7390987184628519,-0.07458722931677818,True
fut_rates/US10,fut_rates,162,678,ls,1995-03-10,2012-10-17,2024-03-28,4408,2940,0.6253396452759787,0.3034466579864352,0.23463694816328654,0.13627151097699858,-0.37271633659684883,-0.11814601529905869,0.08745302374968487,0.016099936020714318,0.05822038095821928,0.7613429459619918,-0.05739985065445484,True
fut_rates/US10,fut_rates,174,698,ls,1995-04-07,2012-10-29,2024-03-28,4396,2932,0.6852135801116175,0.2547063051513262,0.28044159005446495,0.10994546229966072,-0.3458947463853707,-0.12029852536750883,0.09700327266779925,0.013226276985498222,0.05824830142204647,0.7546250726599425,-0.06877870667493534,True
fut_rates/US10,fut_rates,200,400,ls,1994-02-01,2012-05-10,2024-03-28,4575,3051,0.1917864365687739,0.4061416862604093,0.041220307822388315,0.20742004527890612,-0.4407507078029694,-0.10687575267256304,0.018167879848573924,0.022168173458560196,0.058150621261384795,0.6089787080498004,-0.03371533489810542,True
fut_rates/US10,fut_rates,200,600,ls,1994-11-15,2012-09-04,2024-03-28,4455,2971,0.4336985730346305,0.29706634887890304,0.14882146106923394,0.141356844970956,-0.38461651530875635,-0.11112341021229075,0.0572391917596065,0.01570805467002273,0.058160612072604576,0.8289938559786478,-0.07792369068928316,True
fut_rates/US20,fut_rates,5,20,ls,1993-07-20,2012-01-24,2024-03-28,4638,3093,0.2712068359897327,0.22685478863724712,0.07204555224022717,0.11213534319758521,-0.49584384000387005,-0.18110560126924652,0.03572334327799366,0.020308338753331982,0.12073186910004621,0.4712663436172541,0.0947852693043585,True
fut_rates/US20,fut_rates,5,35,ls,1993-08-10,2012-02-01,2024-03-28,4629,3087,0.18313913679431262,0.16833796671188522,0.00841202308395838,0.04494447984981412,-0.6950335975480092,-0.29216163222416497,0.005846638666700491,0.013131052592387785,0.1206743693881031,0.47814316421959424,0.06830771113493517,True
fut_rates/US20,fut_rates,8,21,ls,1993-07-21,2012-01-25,2024-03-28,4638,3092,0.2302575836831429,0.2027565878520967,0.03757679547354067,0.07029855276101785,-0.5804485982785531,-0.2468933968718561,0.02181139826041656,0.017356248486343095,0.12077671244762905,0.4725294364772465,0.08959602781440057,True
fut_rates/US20,fut_rates,9,21,ls,1993-07-21,2012-01-25,2024-03-28,4638,3092,0.11570186695597212,0.1821150151470246,-0.022407314914629044,0.06240236347662317,-0.7287052161067167,-0.23754186421394358,-0.016328327257236014,0.014823173751593172,0.12077212317106524,0.4725294364772465,0.08959602781440057,True
fut_rates/US20,fut_rates,10,20,ls,1993-07-20,2012-01-24,2024-03-28,4638,3093,0.14124556838055904,0.1431790539372505,-0.011411990294435636,0.03561701328207219,-0.6982040017836137,-0.2825259895725636,-0.007967897291890721,0.010062731923136586,0.12077936370775691,0.4712663436172541,0.0947852693043585,True
fut_rates/US20,fut_rates,10,30,ls,1993-08-03,2012-01-30,2024-03-28,4632,3089,0.21720199788226213,0.18179661483828138,0.024505742926009343,0.054097798776625024,-0.7061009169657797,-0.27320196483339304,0.017303527550982866,0.014779624918935483,0.12069846901210211,0.47854550463606893,0.06605596942379917,True
fut_rates/US20,fut_rates,10,100,ls,1993-11-11,2012-03-09,2024-03-28,4590,3061,0.24954094825559536,-0.015076170898136221,0.04430300341456121,-0.028670788465717335,-0.6411526117196998,-0.3149101580968922,0.0284049863462727,-0.0090287225285016,0.12051846512637752,0.5054408855217176,0.08930999911925462,False
fut_rates/US20,fut_rates,12,26,ls,1993-07-28,2012-01-27,2024-03-28,4635,3090,0.2634859280498584,0.17510749654794397,0.04911822253146886,0.06015032703087297,-0.67279737740279,-0.23211365290905972,0.033046611301858875,0.01396171213081048,0.12072111621804016,0.476020750623965,0.07584727627407876,True
fut_rates/US20,fut_rates,13,48,ls,1993-08-27,2012-02-08,2024-03-28,4621,3082,0.19685311550371468,0.24617819453541023,0.015888307004789663,0.09594841514278801,-0.6517014824806644,-0.23622788368853107,0.010354433229129347,0.022665691052449418,0.12047978481714755,0.4744011225941072,0.085301888109597,True
fut_rates/US20,fut_rates,20,50,ls,1993-08-31,2012-02-09,2024-03-28,4620,3081,0.2909878503084536,0.3916397238910996,0.07109548410730285,0.22861816262371043,-0.5967683218790728,-0.17814134082502056,0.042427532743895414,0.04072634602674038,0.12040847702259809,0.4731663300832118,0.09061363755044886,True
fut_rates/US20,fut_rates,20,60,ls,1993-09-16,2012-02-15,2024-03-28,4614,3077,0.34703579176824495,0.22693202111671423,0.09643747379670045,0.07963734623470824,-0.6428648445557443,-0.25476280413372915,0.0619962616016645,0.020288633640522948,0.12038445149762358,0.4750255201870383,0.0771413825195428,True
fut_rates/US20,fut_rates,20,100,ls,1993-11-11,2012-03-09,2024-03-28,4590,3061,0.33007616493708436,0.019534938372609813,0.10936648758852471,-0.02131016975616287,-0.5128748116348208,-0.22912694139514264,0.056091316721126584,-0.00488273401684087,0.12048266829749169,0.5054408855217176,0.08930999911925462,False
fut_rates/US20,fut_rates,21,55,ls,1993-09-09,2012-02-13,2024-03-28,4617,3079,0.3666412233749145,0.2273611881196342,0.12390728559161604,0.08681975955104107,-0.556424159321957,-0.23434667753064656,0.06894500721918059,0.020345922194796095,0.12042429408707539,0.4748636745252805,0.084226676097526,True
fut_rates/US20,fut_rates,30,90,ls,1993-10-28,2012-03-05,2024-03-28,4596,3065,0.3379178207993623,0.0972493121163602,0.09276835777529123,0.020808434079533412,-0.6341951583969715,-0.21515737457234085,0.05883324335352774,0.004477088045514033,0.12051220411578024,0.4783422321822578,0.08478492914772935,True
fut_rates/US20,fut_rates,30,200,ls,1994-04-05,2012-05-04,2024-03-28,4530,3021,0.18329469017804242,0.32123057780314446,0.01021181396346193,0.16192397024949912,-0.6774744110336817,-0.19715992062818774,0.006918242650481897,0.03192491712219228,0.12036643533227284,0.6053087749246624,0.06544534492335453,True
fut_rates/US20,fut_rates,40,100,ls,1993-11-11,2012-03-09,2024-03-28,4590,3061,0.40072846294936865,0.3238076206282743,0.1573656289446152,0.17788711762729958,-0.5140128444048105,-0.18135785471393223,0.08088795454537365,0.03226122603413197,0.12043319361924924,0.5054408855217176,0.08930999911925462,True
fut_rates/US20,fut_rates,50,150,ls,1994-01-24,2012-04-06,2024-03-28,4560,3041,0.25955134066085794,0.2707858366078961,0.06032581901982969,0.11512428386371736,-0.5269886939718544,-0.22283740118163642,0.031791024578042504,0.025653996229087775,0.1202068657215103,0.49781772810814817,0.09065349345594478,True
fut_rates/US20,fut_rates,50,200,ls,1994-04-05,2012-05-04,2024-03-28,4530,3021,0.09600353961059951,0.1844029986203508,-0.029976696370588928,0.05839066273163804,-0.7058089174439269,-0.2580966918028807,-0.021157819613870664,0.015070436883213535,0.12037866722645352,0.6053087749246624,0.06544534492335453,True
fut_rates/US20,fut_rates,60,120,ls,1993-12-10,2012-03-21,2024-03-28,4578,3053,0.2661520609411404,0.45856737922799834,0.060646617016559524,0.27086818800582224,-0.5596698716404046,-0.18115928027014597,0.03394208436108265,0.04907028598721334,0.12020744591718584,0.49293134070325967,0.11609414444180922,True
fut_rates/US20,fut_rates,60,132,ls,1993-12-29,2012-03-28,2024-03-28,4571,3048,0.1822374713761525,0.39748200961176133,0.008881303168066684,0.23885071022456272,-0.6562060661082535,-0.1733847715890619,0.005827965013831807,0.04141307583617102,0.1202761153493607,0.4951418219254148,0.10477304575932661,True
fut_rates/US20,fut_rates,60,180,ls,1994-03-08,2012-04-24,2024-03-28,4542,3029,0.14257157279646526,0.20882515561228648,-0.00941699836307089,0.07476414450422883,-0.7163202762976547,-0.24145518098752713,-0.006745586869329503,0.018052190042646205,0.12030390424745972,0.55543493430223,0.07574527989356969,True
fut_rates/US20,fut_rates,60,400,ls,1995-01-20,2012-08-28,2024-03-28,4410,2941,0.29385557160406967,0.04386909790682921,0.06884465071859229,-0.006060992553663393,-0.637453206964893,-0.31676941263781977,0.04388524338294458,-0.0019199370512261523,0.11989814075440706,0.7126600015085379,0.021026127563218276,True
fut_rates/US20,fut_rates,62,758,ls,1996-06-21,2013-03-25,2024-03-28,4195,2798,0.46638869183181475,0.2724792415194791,0.17233547565013843,0.0975123512070593,-0.5095241984223727,-0.2660939427972981,0.08780909509037511,0.02594744600412128,0.1207554103344399,0.5936035348633566,0.050160753350625704,True
fut_rates/US20,fut_rates,74,758,ls,1996-06-21,2013-03-25,2024-03-28,4195,2798,0.5074901785945953,0.31354232908152424,0.19490082106255116,0.14461500495356996,-0.5069750724351162,-0.21466987862632728,0.09880985787585049,0.031044485560928585,0.12074525954947483,0.5936035348633566,0.050160753350625704,True
fut_rates/US20,fut_rates,80,144,ls,1994-01-14,2012-04-04,2024-03-28,4564,3043,0.034372789553515526,0.3315016925760591,-0.05243086779602013,0.15198227227688685,-0.7931019842559278,-0.21831909814823358,-0.04158302528528379,0.03318063261800922,0.12026985501651424,0.4981760566372253,0.11264601153479817,True
fut_rates/US20,fut_rates,80,300,ls,1994-08-26,2012-07-02,2024-03-28,4470,2981,0.26726193687171695,0.06175792503938549,0.0492576264861564,0.0007354492793671864,-0.7104633985986859,-0.2934480470271388,0.03499574072025932,0.00021581615471781744,0.12002581573419487,0.6514508036798777,0.01797184154592777,True
fut_rates/US20,fut_rates,100,200,ls,1994-04-05,2012-05-04,2024-03-28,4530,3021,0.13892484754283035,0.27544840882696525,-0.009742909721867978,0.097326283848087,-0.7731265960409627,-0.26974067536958973,-0.0075325026288021926,0.02625285753639538,0.12034806159986551,0.6053087749246624,0.06544534492335453,True
fut_rates/US20,fut_rates,100,250,ls,1994-06-16,2012-06-04,2024-03-28,4500,3001,0.19408632272233847,0.12686876686546447,0.014727089998923377,0.029217863233421796,-0.7402607317223616,-0.27599573879890665,0.010901886418744093,0.00806400574923366,0.12017914336977796,0.6343537992363714,0.004825428052084969,True
fut_rates/US20,fut_rates,100,300,ls,1994-08-26,2012-07-02,2024-03-28,4470,2981,0.21178020295772407,0.15364772282548733,0.02387277438398092,0.03901529407874329,-0.7171246090874983,-0.2898189009367721,0.01711975399794636,0.011307369649626333,0.12001773375869634,0.6514508036798777,0.01797184154592777,True
fut_rates/US20,fut_rates,100,400,ls,1995-01-20,2012-08-28,2024-03-28,4410,2941,0.08187466356228136,0.06795104093727646,-0.027477098906598153,0.0032852182775590234,-0.7617820060003638,-0.2945164218071517,-0.020931559524138745,0.0009675507319621377,0.11987203985976225,0.7126600015085379,0.021026127563218276,True
fut_rates/US20,fut_rates,116,378,ls,1994-12-16,2012-08-15,2024-03-28,4423,2950,0.11516926090934324,0.06756535219291865,-0.016926390034277376,0.0033618520071231456,-0.6855487024079226,-0.2742845821053336,-0.011603864724449249,0.0009221041728737489,0.11985179462561175,0.6936460608897315,0.04407120086111065,True
fut_rates/US20,fut_rates,120,398,ls,1995-01-18,2012-08-27,2024-03-28,4411,2942,0.14923326255155492,-0.010553284355410347,-0.0013070755399224921,-0.02564903396557115,-0.6760958080826248,-0.32792993787639774,-0.0008837082933889304,-0.008411086114919362,0.11989513697529455,0.6915642509425205,0.023591781440598696,False
fut_rates/US20,fut_rates,134,750,ls,1996-06-11,2013-03-20,2024-03-28,4200,2801,0.48980058988476416,0.2793945941448576,0.16984128307387059,0.11747908690595615,-0.5539084377594732,-0.2280661535278293,0.0940765197745121,0.026793003470602997,0.12068877812221251,0.5997084825632895,0.0529149647005603,True
fut_rates/US20,fut_rates,150,400,ls,1995-01-20,2012-08-28,2024-03-28,4410,2941,0.10157719073451443,-0.08020588910234415,-0.02070260897576671,-0.04698240781425144,-0.7303884862691971,-0.35464641651537043,-0.01512094723163334,-0.016662142570588012,0.11991796492571824,0.7126600015085379,0.021026127563218276,False
fut_rates/US20,fut_rates,150,500,ls,1995-06-14,2012-10-24,2024-03-28,4350,2901,0.29733700706683963,0.1103838704907345,0.07989098719957853,0.017918633460484217,-0.56112203865535,-0.3388576291333285,0.04482859360761598,0.006071865651728812,0.11992055988551997,0.47346194837216815,0.04113149469191488,True
fut_rates/US20,fut_rates,150,710,ls,1996-04-15,2013-02-26,2024-03-28,4224,2817,0.41936697590590005,0.22789936513483441,0.12778668718009045,0.08950410634865778,-0.5933941593044615,-0.22806615352782914,0.07582787380953197,0.02041285725988413,0.12051583170228593,0.5551649136651927,0.04530150084242218,True
fut_rates/US20,fut_rates,162,678,ls,1996-02-29,2013-02-06,2024-03-28,4243,2830,0.35601869857633034,0.25447204751736896,0.0988962460814804,0.10900990492166357,-0.6024067703726722,-0.21706955194797609,0.05957576820392565,0.023662731219236986,0.12034897802840111,0.49516930547108073,0.06057348319961074,True
fut_rates/US20,fut_rates,174,698,ls,1996-03-28,2013-02-19,2024-03-28,4231,2822,0.3916124478415915,0.21905093142169488,0.11243890130804306,0.07852158046201811,-0.6112543254604919,-0.2460555828062083,0.06872876477456667,0.019320673243446444,0.12046982501801681,0.5394837013770639,0.0641445420243062,True
fut_rates/US20,fut_rates,200,400,ls,1995-01-20,2012-08-28,2024-03-28,4410,2941,-0.026267904184574548,0.14375758604471653,-0.06326022646012618,0.033587833493769224,-0.8286226240509011,-0.3008615201219674,-0.052418854847444005,0.01010528664253894,0.1199018980386487,0.7126600015085379,0.021026127563218276,True
fut_rates/US20,fut_rates,200,600,ls,1995-11-06,2012-12-20,2024-03-28,4290,2861,0.31944230079024183,0.25689268449865055,0.0815145433602957,0.11109508611220631,-0.6155921807007859,-0.21541770459430512,0.0501797155059932,0.02393184844199815,0.12014267743677201,0.4637667775505331,0.03838191147337172,True
fx_futures/AUD,fx_futures,5,20,ls,1987-07-15,2009-09-09,2024-03-28,5590,3727,0.07294922827736292,0.10831239947647937,-0.025922736595272007,0.016941557881603935,-0.7700557383547367,-0.3348303394882429,-0.01996195206904754,0.0056725475769571635,0.12873574571898427,0.47032268198384136,0.0356248015270042,True
fx_futures/AUD,fx_futures,5,35,ls,1987-08-05,2009-09-17,2024-03-28,5581,3721,0.15224273618166054,-0.12793540398751738,0.0031471617759444544,-0.06443664567832931,-0.791905261975221,-0.3791695904382956,0.002492253970657695,-0.024432416551069695,0.12864367681192249,0.4746546897278138,0.022219862976051254,False
fx_futures/AUD,fx_futures,8,21,ls,1987-07-16,2009-09-09,2024-03-28,5589,3727,0.043314638168341316,0.13362396125822465,-0.03284229232346912,0.03197733905592492,-0.8615750351185397,-0.2800485494241147,-0.028296099161966255,0.008955207417054863,0.1286869115466794,0.47036477864340953,0.0356248015270042,True
fx_futures/AUD,fx_futures,9,21,ls,1987-07-16,2009-09-09,2024-03-28,5589,3727,0.029626426117381782,0.08627036714809073,-0.03853881091239231,0.009149550108141759,-0.8329098943387049,-0.3087394869334375,-0.032099356924980005,0.002824827406059464,0.12870101565035585,0.47036477864340953,0.0356248015270042,True
fx_futures/AUD,fx_futures,10,20,ls,1987-07-15,2009-09-09,2024-03-28,5590,3727,-0.016817520432023645,0.10936494892249066,-0.05210852374188933,0.01929598132277335,-0.8612747056664756,-0.30111628901984494,-0.044879753448510286,0.00581033428890975,0.1286635559723369,0.47032268198384136,0.0356248015270042,True
fx_futures/AUD,fx_futures,10,30,ls,1987-07-29,2009-09-15,2024-03-28,5584,3723,0.2563877280946518,0.10290924075110779,0.04428755677430048,0.01582218238942453,-0.7414616848405474,-0.3142252726630403,0.03283752646334423,0.004971729575441277,0.1286920093137253,0.47115552368513886,0.03365952242831768,True
fx_futures/AUD,fx_futures,10,100,ls,1987-11-05,2009-10-26,2024-03-28,5542,3695,0.3855620821250608,-0.11825500750923357,0.10195186564665386,-0.059817185865495434,-0.6975095290642493,-0.38198897023022066,0.07111239779441915,-0.022849505230830312,0.12710823671704247,0.5744984815699145,-0.032603136112814485,False
fx_futures/AUD,fx_futures,12,26,ls,1987-07-23,2009-09-11,2024-03-28,5586,3725,0.23760445157861193,0.10695023160425497,0.036849073317810295,0.01709225540472783,-0.7409245038190492,-0.32147589396817944,0.027302381364190356,0.005494748086167325,0.1286733296046376,0.4717221709222124,0.03152407751066021,True
fx_futures/AUD,fx_futures,13,48,ls,1987-08-24,2009-09-24,2024-03-28,5573,3716,0.1757041326057542,-0.013576458360903309,0.013539861869655622,-0.025982547934757103,-0.6729520465600343,-0.38257510875001344,0.009111677755324923,-0.009940276101742135,0.12840387940277914,0.4723683656405065,0.030555155685306545,False
fx_futures/AUD,fx_futures,20,50,ls,1987-08-26,2009-09-25,2024-03-28,5572,3715,0.15378529066988728,-0.12109800521617575,0.004104259761397909,-0.054604530529951976,-0.6743484984006809,-0.43082893362350894,0.0027677014071450165,-0.02352521165923155,0.1284297605515386,0.4729709533670189,0.02868106867100955,False
fx_futures/AUD,fx_futures,20,60,ls,1987-09-10,2009-10-01,2024-03-28,5566,3711,0.14399542230966453,-0.10132641412835615,-0.00011794580070552712,-0.04525461654237236,-0.7033063513351917,-0.4634631744933645,-8.295203074951196e-05,-0.02097384824320782,0.12812924842033918,0.475176028625871,0.023242777094265556,False
fx_futures/AUD,fx_futures,20,100,ls,1987-11-05,2009-10-26,2024-03-28,5542,3695,0.2474451335818428,0.03878911597766588,0.04585447891528309,-0.011883121961392018,-0.6593727645559342,-0.2650119158831938,0.030235194529642007,-0.003149168917662154,0.1270939145881072,0.5744984815699145,-0.032603136112814485,True
fx_futures/AUD,fx_futures,21,55,ls,1987-09-02,2009-09-29,2024-03-28,5569,3713,0.19054847029133085,-0.08897102678703563,0.020893526441877083,-0.04885950138732029,-0.6406313985753863,-0.3987162070594322,0.01338504906563153,-0.01948107507196741,0.12840192294322297,0.47522079316576404,0.02155131352635589,False
fx_futures/AUD,fx_futures,30,90,ls,1987-10-22,2009-10-20,2024-03-28,5548,3699,0.24510899508240164,0.03340783089103075,0.04489544699382921,-0.017250335240188295,-0.6540748655214248,-0.22292508993840304,0.029364983455013097,-0.003845532534886579,0.12724432971315847,0.5155829669438509,-0.04217986371303044,True
fx_futures/AUD,fx_futures,30,200,ls,1988-03-30,2009-12-22,2024-03-28,5482,3655,0.4948159642965578,-0.14888825568155153,0.21745701678510862,-0.059208106424706586,-0.47246684649891857,-0.4355932506624262,0.10274123096952267,-0.025790651543104823,0.12389089464410377,0.4666227138200437,0.005388326634451288,False
fx_futures/AUD,fx_futures,40,100,ls,1987-11-05,2009-10-26,2024-03-28,5542,3695,0.4593622974567969,-0.17735405898435652,0.15864859704107462,-0.08106546547184135,-0.5894712010055584,-0.3721192698190869,0.09351877903564913,-0.030166021818926,0.1270892320981747,0.5744984815699145,-0.032603136112814485,False
fx_futures/AUD,fx_futures,50,150,ls,1988-01-19,2009-11-23,2024-03-28,5512,3675,0.5664640770132272,-0.5088684555665599,0.2521195247913563,-0.1150565003605923,-0.4967602550313791,-0.6010264815776354,0.12524295943374425,-0.06915200359436273,0.12533728867291832,0.5226473321810248,-0.049196246939356515,False
fx_futures/AUD,fx_futures,50,200,ls,1988-03-30,2009-12-22,2024-03-28,5482,3655,0.46392896415657925,0.07847518384087822,0.17718801082193023,0.006793525767380582,-0.527397562184191,-0.3010313594775396,0.09344852495575205,0.002045064297400272,0.12389398971894082,0.4666227138200437,0.005388326634451288,True
fx_futures/AUD,fx_futures,60,120,ls,1987-12-04,2009-11-05,2024-03-28,5530,3687,0.5208957974794706,-0.40657650591790595,0.23780813470693,-0.10355936112107138,-0.4709968959127029,-0.554315556527097,0.11200689326975394,-0.05740456489341729,0.12587310210644637,0.5441291593779448,-0.029589895733131574,False
fx_futures/AUD,fx_futures,60,132,ls,1987-12-22,2009-11-12,2024-03-28,5523,3682,0.6014563850570995,-0.4840009906556831,0.2886778769858598,-0.11275340333605094,-0.4743230613782974,-0.5890734748920033,0.13692657436412056,-0.06642003910906713,0.1256443528667819,0.5173508744612306,-0.04500270122796619,False
fx_futures/AUD,fx_futures,60,180,ls,1988-03-02,2009-12-10,2024-03-28,5494,3663,0.5693484010303226,0.06763567226589749,0.25611127741381856,0.002290932801432436,-0.49122050619391316,-0.2993823230743134,0.12580711133318567,0.0006858647840999874,0.12415067337806991,0.5055690445311829,-0.042511049134947305,True
fx_futures/AUD,fx_futures,60,400,ls,1989-01-13,2010-04-19,2024-03-28,5362,3575,0.3880530788590111,0.10956769215207204,0.1340789110470262,0.01998454607499148,-0.508061728127347,-0.29675225112716147,0.06812036325198496,0.005930459035508201,0.12278310334280096,0.31416225898449057,-0.05468024591880831,True
fx_futures/AUD,fx_futures,62,758,ls,1990-06-14,2010-11-09,2024-03-28,5147,3432,0.3673599453518076,-0.24696585037966745,0.1071053280461025,-0.07350109776958921,-0.5710261809269829,-0.48127770742003334,0.06115994643109758,-0.035374439827403625,0.1177464401569495,0.38985303036069874,-0.16965619424690817,False
fx_futures/AUD,fx_futures,74,758,ls,1990-06-14,2010-11-09,2024-03-28,5147,3432,0.31731002752498205,-0.18652102129604078,0.08203659966670003,-0.06499396693066271,-0.5905896401127929,-0.4383599306842607,0.048449965873233636,-0.02849075083862044,0.1177701209550471,0.38985303036069874,-0.16965619424690817,False
fx_futures/AUD,fx_futures,80,144,ls,1988-01-11,2009-11-18,2024-03-28,5515,3678,0.5004336718112347,-0.0037302832071443954,0.19129546236299622,-0.027815929357667954,-0.5497677445119465,-0.29913462574605765,0.10516807487867438,-0.008320707618184781,0.12553714981984046,0.5276026709293167,-0.05111174841439553,True
fx_futures/AUD,fx_futures,80,300,ls,1988-08-22,2010-02-22,2024-03-28,5422,3615,0.3523274035938878,0.17117300821842554,0.11968702369720885,0.051018927832870535,-0.4942853005472657,-0.26601877780166583,0.05915953647978259,0.013571992826851611,0.12286321946943023,0.35962985180751783,-0.02780285303738377,True
fx_futures/AUD,fx_futures,100,200,ls,1988-03-30,2009-12-22,2024-03-28,5482,3655,0.49660080165953974,0.3362170677539073,0.19959024005927556,0.1618735062666203,-0.5174130451534916,-0.21346164068393225,0.10327059389198617,0.03455378423093356,0.12387205179090677,0.4666227138200437,0.005388326634451288,True
fx_futures/AUD,fx_futures,100,250,ls,1988-06-10,2010-01-22,2024-03-28,5452,3635,0.33236799504481473,0.2924093690699401,0.10666139529477892,0.12843136075233963,-0.5098876105964744,-0.2247749037525439,0.05438532398974085,0.028868146751915385,0.1233581767279864,0.3742120821592054,-0.025727624807878716,True
fx_futures/AUD,fx_futures,100,300,ls,1988-08-22,2010-02-22,2024-03-28,5422,3615,0.3332294331483522,0.20684481213145123,0.09989210051191755,0.06882909367328238,-0.5395320852040394,-0.2618736098240164,0.05389499328460637,0.018024523221137827,0.12286870786734394,0.35962985180751783,-0.02780285303738377,True
fx_futures/AUD,fx_futures,100,400,ls,1989-01-13,2010-04-19,2024-03-28,5362,3575,0.35593591118086015,0.0912221877336567,0.11465155810472165,0.012189767363568636,-0.5188719091911637,-0.3008164933531784,0.05948947284553856,0.0036668830730997356,0.12279424724726724,0.31416225898449057,-0.05468024591880831,True
fx_futures/AUD,fx_futures,116,378,ls,1988-12-12,2010-04-06,2024-03-28,5375,3584,0.31689054535894984,0.11950311388847625,0.091026902953303,0.025241592583941794,-0.5404460346613285,-0.28359911773272867,0.049195128748614175,0.00715849338697488,0.12275528038480775,0.32494578263234997,-0.05880839996485158,True
fx_futures/AUD,fx_futures,120,398,ls,1989-01-11,2010-04-16,2024-03-28,5363,3576,0.25498149654606844,0.04110890174537283,0.054984191162991844,-0.00699898695251618,-0.5970010884424323,-0.3558585185906194,0.0328256219714329,-0.0024906491285574817,0.12280171053173197,0.31604301852380506,-0.05836038463712229,True
fx_futures/AUD,fx_futures,134,750,ls,1990-06-04,2010-11-04,2024-03-28,5152,3435,0.2957286946962081,-0.07419236056441011,0.07461533896264652,-0.045275767065113146,-0.5764580864286073,-0.3433795697298122,0.04301261551662912,-0.015546773414005755,0.11774083378971671,0.3979215186305486,-0.17594087098817868,True
fx_futures/AUD,fx_futures,150,400,ls,1989-01-13,2010-04-19,2024-03-28,5362,3575,0.28434821697747154,0.11329391838678816,0.0704367804510199,0.020311800249928253,-0.5751801781898925,-0.3146332843118224,0.04051383993093997,0.006390768422920622,0.12280178710353228,0.31416225898449057,-0.05468024591880831,True
fx_futures/AUD,fx_futures,150,500,ls,1989-06-07,2010-06-15,2024-03-28,5302,3535,0.34045590710201523,0.16097466061624824,0.09287118683829207,0.04098352632325531,-0.5883872141305446,-0.297641140366809,0.05464421889677997,0.012198383511106844,0.12021883820659082,0.3929127536927139,-0.0036717199962054176,True
fx_futures/AUD,fx_futures,150,710,ls,1990-04-05,2010-10-13,2024-03-28,5176,3451,0.2763017928054441,-0.05269739240293962,0.062169609778011815,-0.03796380597743062,-0.6134334440432526,-0.3484655852348691,0.038136917840950864,-0.013229079867668383,0.1187884532005272,0.396233180638182,-0.14723840973370184,True
fx_futures/AUD,fx_futures,162,678,ls,1990-02-20,2010-09-24,2024-03-28,5195,3464,0.2978863081842465,-0.012723927049993542,0.07102060098071449,-0.024716351889719275,-0.6133212297836539,-0.344959810848244,0.04355844233346598,-0.0085261480727362,0.11874161559526018,0.3958687808703281,-0.11096042954861308,True
fx_futures/AUD,fx_futures,174,698,ls,1990-03-20,2010-10-06,2024-03-28,5183,3456,0.2795950018100272,-0.03476948706429985,0.06510095169084715,-0.03109933801846482,-0.5984633943906397,-0.3575432748182512,0.03896053652696544,-0.011119359159801655,0.11875001542503386,0.4007417589323548,-0.13118127938445553,True
fx_futures/AUD,fx_futures,200,400,ls,1989-01-13,2010-04-19,2024-03-28,5362,3575,0.3060420320921845,0.17340693881245373,0.07933343476317738,0.05357973313253741,-0.5826999960399856,-0.25841975607118617,0.04622759212234191,0.013846061566469569,0.12278521836365383,0.31416225898449057,-0.05468024591880831,True
fx_futures/AUD,fx_futures,200,600,ls,1989-10-27,2010-08-11,2024-03-28,5242,3495,0.2727072365823146,0.09374427165232703,0.06252809088756983,0.012193272686204218,-0.5959606712762664,-0.3342083147725768,0.037264283018979515,0.004075093116018802,0.11928409455869586,0.3719686861416971,-0.044520838933177646,True
fx_futures/CAD,fx_futures,5,20,ls,1972-10-12,2005-06-02,2024-03-28,8233,5490,0.31095005833729544,-0.531468010371806,0.08177941080792586,-0.08287655886268157,-0.21027948012939424,-0.6156332808482035,0.017196531989978815,-0.05102156783804191,0.09076931204967043,0.05673490355213632,-0.010947686960743294,False
fx_futures/CAD,fx_futures,5,35,ls,1972-11-02,2005-06-10,2024-03-28,8224,5484,0.04538837298220694,-0.48674832352906516,0.002559063780967737,-0.0770952792633389,-0.35529483673355694,-0.6118406858887806,0.000909222148249691,-0.04717002854326835,0.09078625255982396,0.05504977069144481,-0.00925218226941167,False
fx_futures/CAD,fx_futures,8,21,ls,1972-10-13,2005-06-03,2024-03-28,8233,5489,0.2843185978261093,-0.38934474805429364,0.0588408324961837,-0.07310946123507976,-0.2642826328979059,-0.5291963281747094,0.015550610133996088,-0.03868925844043546,0.09075218356297776,0.05735065993648578,-0.01156823424191529,False
fx_futures/CAD,fx_futures,9,21,ls,1972-10-13,2005-06-03,2024-03-28,8233,5489,0.26441626457712125,-0.467354418385414,0.05786368023221018,-0.07736116223356625,-0.24758237098419136,-0.5879827213454495,0.014326027145761682,-0.0454870266965391,0.09078007942860557,0.05735065993648578,-0.01156823424191529,False
fx_futures/CAD,fx_futures,10,20,ls,1972-10-12,2005-06-02,2024-03-28,8233,5490,0.21703450041065214,-0.4393096535711215,0.047156749580481654,-0.07512198479269737,-0.24196191368023456,-0.5729588485166299,0.011410137371432939,-0.04304180590510767,0.09075716527164783,0.05673490355213632,-0.010947686960743294,False
fx_futures/CAD,fx_futures,10,30,ls,1972-10-26,2005-06-08,2024-03-28,8227,5486,-0.04757251797216479,-0.12609784529400644,-0.012469607867360141,-0.032913501043554776,-0.3799301803003633,-0.4690659411579797,-0.004737580365320967,-0.015438602343799169,0.09072173298048702,0.054747007046141556,-0.008938953103284023,False
fx_futures/CAD,fx_futures,10,100,ls,1973-02-12,2005-07-19,2024-03-28,8185,5458,0.296836203423825,-0.06894866826854926,0.0645472457362222,-0.02836882689506026,-0.25452290592488996,-0.36369753477010147,0.01642875255423124,-0.010317672406053168,0.09071256549657342,0.06427964475220045,-0.025075557853751346,False
fx_futures/CAD,fx_futures,12,26,ls,1972-10-20,2005-06-07,2024-03-28,8230,5487,-0.028324993201324356,-0.1723675858008963,-0.009649034234790235,-0.03977764257510213,-0.36994574850337325,-0.49185820220919463,-0.0035696191923241466,-0.019564959765109653,0.09072986310697066,0.05759210585045393,-0.011802726804548094,False
fx_futures/CAD,fx_futures,13,48,ls,1972-11-22,2005-06-20,2024-03-28,8217,5478,0.08376347916948482,-0.21658852420504962,0.011446162857266873,-0.046730384007355914,-0.2841836965316226,-0.5024840980849057,0.0032528128718810594,-0.023481274861097537,0.09069784603835696,0.06300704794311497,-0.017335935329955515,False
fx_futures/CAD,fx_futures,20,50,ls,1972-11-28,2005-06-20,2024-03-28,8215,5478,0.18797199054636296,-0.07099133206757231,0.04294043651531405,-0.028414125907634986,-0.22475282345209155,-0.36957390931273887,0.009650984347082123,-0.010501119591389036,0.09071120546207412,0.06301471639726544,-0.017335935329955515,False
fx_futures/CAD,fx_futures,20,60,ls,1972-12-12,2005-06-24,2024-03-28,8209,5474,0.198647919021111,0.05058598692706776,0.053594932661054084,0.0015441990818057306,-0.19246647222267307,-0.3057301590488827,0.0103152276182848,0.0004721082308836046,0.09072576578940676,0.06170723561062171,-0.018194446453706565,True
fx_futures/CAD,fx_futures,20,100,ls,1973-02-12,2005-07-19,2024-03-28,8185,5458,0.4396314839542048,-0.17922042035285368,0.12708960386346005,-0.04660518690279696,-0.1994259018157956,-0.4329411364573623,0.02534495886188274,-0.020177302582504695,0.0907447652370579,0.06427964475220045,-0.025075557853751346,False
fx_futures/CAD,fx_futures,21,55,ls,1972-12-05,2005-06-22,2024-03-28,8212,5476,0.23515029931855064,0.05629737369650411,0.06786432410718864,0.0033169655948889942,-0.18511428156196644,-0.2987674137368987,0.012562655600790663,0.0009910012322392585,0.09070886569064297,0.06310004216288914,-0.01741756426666484,True
fx_futures/CAD,fx_futures,30,90,ls,1973-01-29,2005-07-13,2024-03-28,8191,5462,0.4511628122883977,0.006259518139372272,0.14440494384700608,-0.011347005236574772,-0.18042219564877374,-0.31226284659937614,0.026053857031414718,-0.0035432481555508657,0.09072579079478633,0.07446499629744897,-0.031479551294982616,True
fx_futures/CAD,fx_futures,30,200,ls,1973-07-06,2005-09-14,2024-03-28,8125,5418,0.38049504324858696,0.10898053417171094,0.10250207211453169,0.018100663772672068,-0.21271247640567406,-0.31965194149337806,0.021803469596195023,0.005785912317253479,0.09071683383972434,0.08915481740261748,-0.044913860883499135,True
fx_futures/CAD,fx_futures,40,100,ls,1973-02-12,2005-07-19,2024-03-28,8185,5458,0.40703372982533353,0.06592068382914439,0.13656831318420698,0.006044492550718826,-0.17066744071265075,-0.308604061663063,0.023307764493592363,0.0018653549518439574,0.09072092424041865,0.06427964475220045,-0.025075557853751346,True
fx_futures/CAD,fx_futures,50,150,ls,1973-04-25,2005-08-16,2024-03-28,8155,5438,0.37077315253208687,0.0898955715810366,0.085361352342391,0.013932118669752405,-0.24721970741574362,-0.29042296437816967,0.021103008550698105,0.004046207204137935,0.09075830619389481,0.08586067182015593,-0.03508075751101078,True
fx_futures/CAD,fx_futures,50,200,ls,1973-07-06,2005-09-14,2024-03-28,8125,5418,0.49459217414107426,0.09641645024545635,0.16025240308652555,0.020083593479402438,-0.18101320410106497,-0.23102618774528616,0.029007800947587384,0.004639836037772432,0.09070521406508544,0.08915481740261748,-0.044913860883499135,True
fx_futures/CAD,fx_futures,60,120,ls,1973-03-13,2005-07-29,2024-03-28,8173,5450,0.3993078419314082,0.1562011525378712,0.10773507154052187,0.03612617349063607,-0.21206199699179398,-0.27971912298772056,0.02284651441693686,0.010105181565702961,0.09073715341382112,0.06491670030041179,-0.022243398447523634,True
fx_futures/CAD,fx_futures,60,132,ls,1973-03-29,2005-08-05,2024-03-28,8166,5445,0.40406601789677554,0.12830093289839184,0.1104956390750361,0.027593640168587574,-0.20969662722580945,-0.2736315674271616,0.02317056283719543,0.007550491010351705,0.09071774221117647,0.07043795092947824,-0.026297932414220015,True
fx_futures/CAD,fx_futures,60,180,ls,1973-06-07,2005-09-01,2024-03-28,8137,5426,0.49674402045924976,0.08486868574904441,0.16700053222383093,0.01379494258718749,-0.17431154069045396,-0.2601104207120384,0.02911012006806177,0.003588208320051753,0.09069863280902671,0.09234572359620406,-0.04362028486544475,True
fx_futures/CAD,fx_futures,60,400,ls,1974-04-24,2006-01-11,2024-03-28,8005,5338,0.47513593536039844,0.027532245080938014,0.16386305568196236,-0.005706561945501908,-0.1717173457271851,-0.2842538510955625,0.028138128984452514,-0.0016221122095243028,0.0907841007309884,0.0789313874109735,-0.0558495901665686,True
fx_futures/CAD,fx_futures,62,758,ls,1975-09-22,2006-08-08,2024-03-28,7791,5194,0.44422262711637084,-0.04084727973127303,0.12949002070686064,-0.019714798569200432,-0.20662907744456302,-0.3960188303301991,0.026756403516935975,-0.007807431469570237,0.09081168383187255,0.15211710373645762,-0.0756662421671999,True
fx_futures/CAD,fx_futures,74,758,ls,1975-09-22,2006-08-08,2024-03-28,7791,5194,0.418330530470087,-0.037001860142050404,0.12195638137160476,-0.017832357290563407,-0.20543077990275938,-0.4184029772471004,0.02505359453928712,-0.007461111381705765,0.09081151273961104,0.15211710373645762,-0.0756662421671999,True
fx_futures/CAD,fx_futures,80,144,ls,1973-04-16,2005-08-12,2024-03-28,8159,5440,0.4332843585359363,0.09384015161380176,0.09460462702012956,0.017049247570936118,-0.264466465452449,-0.2583806745955587,0.025019751323460918,0.0044051960887251645,0.09070951038663663,0.08482960403276651,-0.0370870608468917,True
fx_futures/CAD,fx_futures,80,300,ls,1973-11-28,2005-11-10,2024-03-28,8065,5378,0.49459143157516255,-0.05246245632943206,0.1388248694591692,-0.028523087870870725,-0.21047501350405284,-0.3098586538815388,0.02921916627411701,-0.00883812561221285,0.09072278571669809,0.09726092046139928,-0.03929712056759063,False
fx_futures/CAD,fx_futures,100,200,ls,1973-07-06,2005-09-14,2024-03-28,8125,5418,0.49974516824849136,0.032013095557158616,0.16494461555209525,-0.004055908694732879,-0.1778475377235039,-0.2989107112556621,0.02933499373669011,-0.001212354552730629,0.09071765126364846,0.08915481740261748,-0.044913860883499135,True
fx_futures/CAD,fx_futures,100,250,ls,1973-09-17,2005-10-13,2024-03-28,8095,5398,0.5674300866196805,0.03207650146859519,0.2031612352096861,-0.004454874498731751,-0.16622488520210119,-0.2703846613689513,0.03377045300024715,-0.0012045297327807612,0.09068380812058537,0.10198671764753757,-0.04248636674186476,True
fx_futures/CAD,fx_futures,100,300,ls,1973-11-28,2005-11-10,2024-03-28,8065,5378,0.4910550570535253,-0.08615597501409056,0.17604857658389092,-0.035997755576477296,-0.16470574049578482,-0.32966282259662,0.028996211169478637,-0.011867121710484723,0.09074664078317453,0.09726092046139928,-0.03929712056759063,False
fx_futures/CAD,fx_futures,100,400,ls,1974-04-24,2006-01-11,2024-03-28,8005,5338,0.5651049804410212,-0.011189448669344236,0.26974887770652406,-0.013788870101830076,-0.12577473927264465,-0.371926789061807,0.03392759476262657,-0.0051284501817640115,0.09079045231148289,0.0789313874109735,-0.0558495901665686,True
fx_futures/CAD,fx_futures,116,378,ls,1974-03-22,2005-12-29,2024-03-28,8019,5346,0.5719780038079154,-0.00033057509947783363,0.27382758824929815,-0.012052670109029896,-0.12526233252129204,-0.34442649139047427,0.03430028241278703,-0.004151258877540012,0.09084018356759194,0.08510726143561093,-0.052482179139991716,True
fx_futures/CAD,fx_futures,120,398,ls,1974-04-22,2006-01-11,2024-03-28,8007,5338,0.5077231347836552,-0.04233670078563774,0.21057368716914598,-0.02068649771415054,-0.14359839205651073,-0.38370290249819355,0.03023804288690007,-0.007937469215441808,0.09078764541908704,0.08634407562359359,-0.0558495901665686,True
fx_futures/CAD,fx_futures,134,750,ls,1975-09-10,2006-08-02,2024-03-28,7795,5198,0.42190070470746627,-0.0389625783031021,0.1543817605574258,-0.02094165907656855,-0.1637136275137568,-0.36458802395404605,0.0252743980428164,-0.00763507810104544,0.09081003493487397,0.15346762268642658,-0.07286368616069579,True
fx_futures/CAD,fx_futures,150,400,ls,1974-04-24,2006-01-11,2024-03-28,8005,5338,0.5154520724679714,-0.029181876551935493,0.2512465236125717,-0.016479491174587413,-0.12231913770876952,-0.4097347702574753,0.030732258120615773,-0.006752220530379665,0.09078858896415799,0.0789313874109735,-0.0558495901665686,True
fx_futures/CAD,fx_futures,150,500,ls,1974-09-13,2006-03-10,2024-03-28,7945,5298,0.5541287229455453,-0.03784302428415049,0.2441390796953031,-0.017200431485300496,-0.13674205744670456,-0.4387928843636912,0.03338408006068072,-0.007547426943735053,0.09089462410182009,0.10132753833891057,-0.05355496621130615,True
fx_futures/CAD,fx_futures,150,710,ls,1975-07-15,2006-07-11,2024-03-28,7819,5214,0.4397362770121154,-0.05988634464446841,0.18092334860781334,-0.023322554544486833,-0.1459213849751039,-0.4076390763788338,0.02640058560318566,-0.009507184593309586,0.09073066907355723,0.15207827690928244,-0.06965443243565116,True
fx_futures/CAD,fx_futures,162,678,ls,1975-05-29,2006-06-22,2024-03-28,7839,5226,0.44763521431106673,-0.10167490942796915,0.18397915863467026,-0.031101127387042415,-0.1459213849751039,-0.42647317250523153,0.02684649363452543,-0.01326379646524132,0.09077150323623227,0.1633018975626587,-0.07801996998514331,False
fx_futures/CAD,fx_futures,174,698,ls,1975-06-26,2006-07-05,2024-03-28,7827,5218,0.43135617256593456,-0.017261293695252644,0.15793677128817915,-0.015219648716342547,-0.16351327290534792,-0.37256720611384814,0.025824758385433556,-0.005670342000281958,0.09075249223185251,0.16454592974563675,-0.08213680358562107,True
fx_futures/CAD,fx_futures,200,400,ls,1974-04-24,2006-01-11,2024-03-28,8005,5338,0.5437629362493533,0.0046848342776562475,0.2586205208480985,-0.010025778137302583,-0.12588178820305296,-0.368217768207302,0.03255561363036358,-0.0036916696502591185,0.09079043558289095,0.0789313874109735,-0.0558495901665686,True
fx_futures/CAD,fx_futures,200,600,ls,1975-02-06,2006-05-08,2024-03-28,7885,5258,0.46620567007129343,-0.10720350821233185,0.1907759905308456,-0.034199387050976617,-0.1459213849751039,-0.4035392179108725,0.027838296758258295,-0.013800793903582324,0.09099355854267652,0.14071756124653478,-0.08221248029348012,False
fx_futures/CHF,fx_futures,5,20,ls,1972-10-12,2005-05-11,2024-03-28,8216,5478,0.20378303635835376,-0.40240752477444647,0.036440467927217765,-0.06559741432418242,-0.32994886052124983,-0.5847957036525555,0.012023490869446653,-0.03836108606749849,0.08758675733818412,0.03426202618556628,-0.010235870808810438,False
fx_futures/CHF,fx_futures,5,35,ls,1972-11-02,2005-05-19,2024-03-28,8207,5472,0.49529640391173996,-0.5150462438023536,0.17429955618899054,-0.07766001249681352,-0.1904715365482348,-0.6152061461191076,0.033199104286992416,-0.04777691699572638,0.08752065067006258,0.029400473612857674,-0.004315394331289015,False
fx_futures/CHF,fx_futures,8,21,ls,1972-10-13,2005-05-11,2024-03-28,8215,5478,0.3614717097483041,-0.2811652400587256,0.1074312396545364,-0.0532564544217412,-0.217933234053838,-0.5270051639869481,0.02341283749632604,-0.028066426495893148,0.08751026846467261,0.03426411120945105,-0.010235870808810438,False
fx_futures/CHF,fx_futures,9,21,ls,1972-10-13,2005-05-11,2024-03-28,8215,5478,0.3994464795296884,-0.37895053236975634,0.16212758387229975,-0.06545146749293915,-0.16145474138654428,-0.5554769942665593,0.026176267125727425,-0.03635678443331325,0.08752748539773175,0.03426411120945105,-0.010235870808810438,False
fx_futures/CHF,fx_futures,10,20,ls,1972-10-12,2005-05-11,2024-03-28,8216,5478,0.39563815050170253,-0.4106563236977765,0.16016177312486998,-0.06897854203658423,-0.16169081013229888,-0.5657656431729975,0.025896686848785683,-0.03902568920046372,0.0875228498027586,0.03426202618556628,-0.010235870808810438,False
fx_futures/CHF,fx_futures,10,30,ls,1972-10-26,2005-05-17,2024-03-28,8210,5474,0.5459213015130684,-0.35517365984107235,0.25939438469102416,-0.06324977531874904,-0.14226281341724245,-0.5429134553299108,0.03690217495077958,-0.034339154067142545,0.08750304643503683,0.02894564989130388,-0.003765483705472423,False
fx_futures/CHF,fx_futures,10,100,ls,1973-02-12,2005-06-27,2024-03-28,8168,5446,0.4124398979060092,-0.2890403401385299,0.11751745671896677,-0.050809308039043044,-0.23182327169859762,-0.5662961741051515,0.02724328129828922,-0.028773116751440196,0.08757678608210512,0.005337814146824344,0.014906124894079806,False
fx_futures/CHF,fx_futures,12,26,ls,1972-10-20,2005-05-13,2024-03-28,8212,5476,0.510812044513954,-0.3622988956472251,0.216601488526293,-0.06404695301410747,-0.15845707637378362,-0.5453884116231221,0.03432203861008602,-0.03493046597366481,0.08747850023995825,0.02871709501766604,-0.0034904347738249873,False
fx_futures/CHF,fx_futures,13,48,ls,1972-11-22,2005-05-26,2024-03-28,8199,5467,0.45764199697998226,-0.5706608106700334,0.1450050002912982,-0.08055090969505342,-0.2100156546171732,-0.6508055756098531,0.030453320058940383,-0.05242298114998654,0.08755309235673135,0.025030574009583913,0.0010103629789807475,False
fx_futures/CHF,fx_futures,20,50,ls,1972-11-28,2005-05-27,2024-03-28,8198,5466,0.5432331778558991,-0.3767215301718168,0.21240626483943806,-0.06081664869758251,-0.17299527587912503,-0.5952314512075925,0.03674528038435308,-0.036199982061844375,0.08756942877000226,0.026520056814502608,-0.0008026198410218151,False
fx_futures/CHF,fx_futures,20,60,ls,1972-12-12,2005-06-03,2024-03-28,8192,5462,0.46008023917378577,-0.291702753259461,0.16237459858451364,-0.05523818864162632,-0.18887706764651466,-0.5248473046833353,0.030668838040922845,-0.028991614424147202,0.0875549451735174,0.019613969180153908,0.007774873943412861,False
fx_futures/CHF,fx_futures,20,100,ls,1973-02-12,2005-06-27,2024-03-28,8168,5446,0.5090194368685392,-0.17827653138364008,0.16001650537995307,-0.041436764313535615,-0.21449768042830203,-0.4659207934381563,0.03432316923424285,-0.019306250106472394,0.08757994820611606,0.005337814146824344,0.014906124894079806,False
fx_futures/CHF,fx_futures,21,55,ls,1972-12-05,2005-06-01,2024-03-28,8195,5464,0.4993244340113496,-0.32856719939044154,0.18787361603440444,-0.05741599548055856,-0.17850105521809725,-0.5594054532570214,0.03353563870978083,-0.03211882097600496,0.0875500400487303,0.019838834969255602,0.007333431877846977,False
fx_futures/CHF,fx_futures,30,90,ls,1973-01-29,2005-06-21,2024-03-28,8174,5450,0.44804535202864304,-0.2561499922377284,0.1591312232488283,-0.05079279806042596,-0.18745098176003505,-0.5113541450954999,0.029829304026668182,-0.025973107829197484,0.08758148540559821,0.01022430560319913,0.013906149970180734,False
fx_futures/CHF,fx_futures,30,200,ls,1973-07-06,2005-08-23,2024-03-28,8108,5406,0.4679657955336255,-0.2626546441899346,0.13777064746549625,-0.052543933484129224,-0.22807954401326663,-0.5055954474842669,0.031422666452342894,-0.02656597356249187,0.08769450220847623,-0.032700391581276175,0.017436754165314743,False
fx_futures/CHF,fx_futures,40,100,ls,1973-02-12,2005-06-27,2024-03-28,8168,5446,0.44792027115279376,-0.1916690964649796,0.17411949656566808,-0.03947752996993235,-0.17134555214768077,-0.5182640503951198,0.0298346012787206,-0.02045978458181187,0.08759581632941081,0.005337814146824344,0.014906124894079806,False
fx_futures/CHF,fx_futures,50,150,ls,1973-04-25,2005-07-26,2024-03-28,8138,5426,0.4479683716241672,-0.2752490093646458,0.12374932798322028,-0.056041998659560326,-0.24172407166905538,-0.49267799735144063,0.02991319142641338,-0.027610659667164302,0.08761123475599279,-0.014424151185182766,0.025964922130072562,False
fx_futures/CHF,fx_futures,50,200,ls,1973-07-06,2005-08-23,2024-03-28,8108,5406,0.5163616623889808,-0.30449150982379225,0.13079304122591634,-0.06088720742232921,-0.26759138265529264,-0.49496625140259914,0.03499909074333365,-0.0301371128162028,0.08771107808877163,-0.032700391581276175,0.017436754165314743,False
fx_futures/CHF,fx_futures,60,120,ls,1973-03-13,2005-07-08,2024-03-28,8156,5438,0.44265954218070147,-0.2649565288426971,0.137314404484976,-0.05379993175469097,-0.21459034912178712,-0.4969704645274417,0.029466345997881293,-0.026736977075673435,0.08762200784636702,-0.0154437711322939,0.026017197536313923,False
fx_futures/CHF,fx_futures,60,132,ls,1973-03-29,2005-07-15,2024-03-28,8149,5433,0.47214000159752956,-0.26061546219490506,0.14364993952707275,-0.05486665202046679,-0.22043530532678218,-0.48030905971332655,0.03166551827982408,-0.026352950041568693,0.08758151100862528,-0.01417302695968667,0.024392464582895398,False
fx_futures/CHF,fx_futures,60,180,ls,1973-06-07,2005-08-11,2024-03-28,8120,5414,0.5194893273735446,-0.2767921695104475,0.13293649097995366,-0.06051372494894437,-0.26506167104674133,-0.45882482051246604,0.03523636844223658,-0.02776519898824014,0.08767616342297686,-0.006950763732417661,0.009496179992825898,False
fx_futures/CHF,fx_futures,60,400,ls,1974-04-23,2005-12-19,2024-03-28,7988,5326,0.33617000590773366,-0.1902516837320681,0.06819489337536416,-0.04540404431817844,-0.32168635578483207,-0.4497684007335089,0.021937366733056084,-0.020421304399820477,0.08789879262170763,-0.02674920261840728,0.02943806980189466,False
fx_futures/CHF,fx_futures,62,758,ls,1975-09-23,2006-07-17,2024-03-28,7773,5183,0.21194724024797884,-0.21599639144509236,0.03699123950113923,-0.05804380936485129,-0.3509586588253937,-0.3913953663613837,0.012982395803608748,-0.022718078031366287,0.08817154924301171,-0.030240365408991506,0.024282584180486684,False
fx_futures/CHF,fx_futures,74,758,ls,1975-09-23,2006-07-17,2024-03-28,7773,5183,0.22479279643400166,-0.27289447953597173,0.0418672928633867,-0.06360386740199521,-0.33300368869377145,-0.43412621862198175,0.013941962959130185,-0.027612106444962113,0.08818005682022718,-0.030240365408991506,0.024282584180486684,False
fx_futures/CHF,fx_futures,80,144,ls,1973-04-16,2005-07-22,2024-03-28,8142,5428,0.529921123279764,-0.246965957961239,0.13731183155616666,-0.05896115193679899,-0.2618179894358185,-0.42728480658468565,0.03595070766378534,-0.02519320440132542,0.08759663679435756,-0.014318331699300553,0.025074942165822508,False
fx_futures/CHF,fx_futures,80,300,ls,1973-11-27,2005-10-20,2024-03-28,8048,5366,0.3555695501376576,-0.2095062380718633,0.07397833654947464,-0.046271535263143586,-0.31467273384252015,-0.47630037088846244,0.023278965407145212,-0.022039149407413857,0.08776658071972528,-0.01265998681903981,0.026603989135834796,False
fx_futures/CHF,fx_futures,100,200,ls,1973-07-06,2005-08-23,2024-03-28,8108,5406,0.3613984988990939,-0.14182154446501494,0.07543323584089633,-0.038870274414979686,-0.3127010642236543,-0.4167618443736413,0.02358805312528218,-0.016199647256496495,0.087714236524847,-0.032700391581276175,0.017436754165314743,False
fx_futures/CHF,fx_futures,100,250,ls,1973-09-17,2005-09-21,2024-03-28,8078,5386,0.33065230322042466,-0.12055740108687504,0.06261040473243136,-0.03410671812744956,-0.3416010262082504,-0.42123811049176924,0.021387778507912448,-0.014367049499082227,0.08773226239167638,-0.016860588077474016,0.019111160632276518,False
fx_futures/CHF,fx_futures,100,300,ls,1973-11-27,2005-10-20,2024-03-28,8048,5366,0.3437643468461709,-0.18111381199252283,0.07139431453170877,-0.04765262162527872,-0.313808263643111,-0.41133783438515154,0.022404125877185658,-0.019601326182117188,0.08777503243500437,-0.01265998681903981,0.026603989135834796,False
fx_futures/CHF,fx_futures,100,400,ls,1974-04-23,2005-12-19,2024-03-28,7988,5326,0.33694526946088177,-0.20198030058122027,0.056653859392504856,-0.05458914032294865,-0.38821226324071784,-0.39252684307684993,0.02199372297608571,-0.021427702917246206,0.0878874522033408,-0.02674920261840728,0.02943806980189466,False
fx_futures/CHF,fx_futures,116,378,ls,1974-03-21,2005-12-06,2024-03-28,8001,5335,0.3036522268911146,-0.13688626488999547,0.04628091897426922,-0.04608146751202596,-0.4217677046983276,-0.3430313741641745,0.019519796967106807,-0.015807389124152027,0.08786458543683928,-0.025989855087367418,0.03338526637845109,False
fx_futures/CHF,fx_futures,120,398,ls,1974-04-19,2005-12-16,2024-03-28,7989,5327,0.27457880193302914,-0.14941137322784018,0.04014668264421242,-0.04919801865196194,-0.43329365674291354,-0.3434060001168369,0.017395302929008063,-0.016894894798943787,0.08788546546226499,-0.023534860532968233,0.02879668171274218,False
fx_futures/CHF,fx_futures,134,750,ls,1975-09-11,2006-07-12,2024-03-28,7778,5186,0.19547426707644758,-0.32323818613289856,0.03538134716239131,-0.065861879898452,-0.3320773016968244,-0.48463989105800825,0.011749342296085501,-0.0319192942988614,0.08818042768455119,-0.02809640523010922,0.01853186566500983,False
fx_futures/CHF,fx_futures,150,400,ls,1974-04-23,2005-12-19,2024-03-28,7988,5326,0.3071101406254974,-0.1972213183680517,0.05032580330942004,-0.05590334609618966,-0.3932815731598309,-0.37599901526391843,0.019792211096060938,-0.021019603082125332,0.0878931391539159,-0.02674920261840728,0.02943806980189466,False
fx_futures/CHF,fx_futures,150,500,ls,1974-09-13,2006-02-16,2024-03-28,7928,5286,0.2709554257141583,-0.28363471003323637,0.045563271008998193,-0.06358989934665292,-0.3775897321198875,-0.4473919253403954,0.017204223294793465,-0.028449607500901003,0.08795156837479146,-0.030814621265400875,0.03897980303441435,False
fx_futures/CHF,fx_futures,150,710,ls,1975-07-16,2006-06-19,2024-03-28,7802,5202,0.18741538818316736,-0.30958815355206587,0.03339546145423014,-0.0655627295892985,-0.33335683362392005,-0.46865781175048604,0.011132605287791832,-0.030726485381709474,0.08811186107990966,-0.03563052477017197,0.019949874301367194,False
fx_futures/CHF,fx_futures,162,678,ls,1975-05-30,2006-05-31,2024-03-28,7821,5215,0.1569180470798592,-0.2947517271389879,0.025098766739720835,-0.06379204692102547,-0.3528952565848103,-0.4616593957170582,0.008857235728576086,-0.029450197833114842,0.08808991467162071,-0.03439605835501913,0.010304359874808268,False
fx_futures/CHF,fx_futures,174,698,ls,1975-06-27,2006-06-12,2024-03-28,7809,5207,0.1669338875860036,-0.35294348303574047,0.027718696021482837,-0.06937259955305772,-0.3466497894803446,-0.49613596232251744,0.00960868014051669,-0.034418241438070936,0.08810177502733087,-0.03852513771168961,0.01634388117839206,False
fx_futures/CHF,fx_futures,200,400,ls,1974-04-23,2005-12-19,2024-03-28,7988,5326,0.28017188656926306,-0.15172930796556203,0.04567259890865967,-0.04568168403384339,-0.389893464103877,-0.37418467193889887,0.01780744780312427,-0.017093385953820123,0.08788036072033038,-0.02674920261840728,0.02943806980189466,False
fx_futures/CHF,fx_futures,200,600,ls,1975-02-06,2006-04-17,2024-03-28,7868,5246,0.17175036307645447,-0.2884295861395652,0.028337893760343104,-0.06742150498852954,-0.3501469715345191,-0.4287408569775078,0.009922427679851084,-0.02890635382749547,0.08808220488624897,-0.051201938578715585,0.03144659140852804,False
fx_futures/CLP,fx_futures,5,20,ls,2015-01-30,2020-08-05,2024-03-28,1390,928,-0.4188956880539362,-0.22561349668319172,-0.13749587383691814,-0.15007930670124198,-0.41661051449138836,-0.32892790261416,-0.057282226739641486,-0.049365271579026766,0.16490672867667275,-0.1392849181357839,-0.28790136274511335,True
fx_futures/CLP,fx_futures,5,35,ls,2015-02-23,2020-08-13,2024-03-28,1381,922,-0.5345023378838669,0.06735234132731688,-0.15441174160334203,-0.009383563788612213,-0.46171057690222855,-0.24180423103908125,-0.0712935342961569,-0.002268985426311544,0.1646254020687026,-0.16671490571054298,-0.2589729765986598,True
fx_futures/CLP,fx_futures,8,21,ls,2015-02-02,2020-08-06,2024-03-28,1390,927,-0.5174341170514953,0.011313235625628432,-0.15095021318250823,-0.037530017531512506,-0.4547245817434462,-0.30603706223236155,-0.0686407725535001,-0.011485576310873113,0.16499264165536423,-0.1291527370216028,-0.29938457760553583,True
fx_futures/CLP,fx_futures,9,21,ls,2015-02-02,2020-08-06,2024-03-28,1390,927,-0.6508122077157268,-0.021447535122404764,-0.168998287971277,-0.054146018591669454,-0.4954899167793189,-0.31070823572980666,-0.08373694764273541,-0.016823613908410927,0.16504430093644537,-0.1291527370216028,-0.29938457760553583,True
fx_futures/CLP,fx_futures,10,20,ls,2015-01-30,2020-08-05,2024-03-28,1390,928,-0.652040868221041,-0.07005659980953217,-0.16908019577966005,-0.082118588865609,-0.4958636832658959,-0.30043084174846085,-0.08384072864662102,-0.024670956776090696,0.16500238987577845,-0.1392849181357839,-0.28790136274511335,True
fx_futures/CLP,fx_futures,10,30,ls,2015-02-13,2020-08-11,2024-03-28,1384,924,-0.740949449507264,0.4546281005010076,-0.18640616595940468,0.3543473375060453,-0.5080391365194843,-0.1786598330263019,-0.09470162759592364,0.0633076361521447,0.1642654277009684,-0.16642161161765054,-0.2588197629981499,True
fx_futures/CLP,fx_futures,10,100,ls,2015-05-26,2020-09-21,2024-03-28,1342,896,-0.19089906336902696,0.40131277467377313,-0.10602878205492317,0.27877301266040894,-0.29444366622452944,-0.1951841040255054,-0.031219503313573174,0.05441206070261279,0.1657394721828764,-0.18061669118809687,-0.29764124128618613,True
fx_futures/CLP,fx_futures,12,26,ls,2015-02-09,2020-08-10,2024-03-28,1387,925,-0.8526708553250344,0.3904502287411598,-0.20102661794137652,0.29893692187091714,-0.5315397145027289,-0.17454483062669393,-0.10685363110800843,0.05217789439602447,0.16434423002608137,-0.18852105222330937,-0.2335564915978533,True
fx_futures/CLP,fx_futures,13,48,ls,2015-03-12,2020-08-21,2024-03-28,1374,916,-0.043227461823335304,0.6699921161207426,-0.04744688636935401,0.6011674390855634,-0.2742410541229852,-0.16914633274113008,-0.013011884132785144,0.10168526768469975,0.16445112906691056,-0.16821605164087342,-0.2587060754410188,True
fx_futures/CLP,fx_futures,20,50,ls,2015-03-16,2020-08-21,2024-03-28,1372,916,-0.01951048325603716,0.47741011604003997,-0.031866591315658575,0.3548987415804955,-0.31695951250303867,-0.18988228436354823,-0.010100419248544707,0.06738898376905307,0.1645595843990617,-0.16833853786741354,-0.2587060754410188,True
fx_futures/CLP,fx_futures,20,60,ls,2015-03-30,2020-08-27,2024-03-28,1366,912,-0.03840166535323081,0.44185982547085567,-0.04327262169087371,0.3178928246966949,-0.28871010968756433,-0.1926058729453145,-0.012493243354840623,0.06122802500375875,0.16477262199397238,-0.14343311269231374,-0.2770075369418461,True
fx_futures/CLP,fx_futures,20,100,ls,2015-05-26,2020-09-21,2024-03-28,1342,896,-0.0039056973755647205,0.27893230608458525,-0.04465949822372228,0.17767130240907392,-0.18456926036999005,-0.1871326292289446,-0.008242770555647306,0.033248097958340925,0.16577293819152814,-0.18061669118809687,-0.29764124128618613,True
fx_futures/CLP,fx_futures,21,55,ls,2015-03-23,2020-08-25,2024-03-28,1369,914,-0.017917518385838174,0.4987786358061538,-0.03611909357796694,0.3668499141201083,-0.27534220499449036,-0.19396853963123037,-0.009945110868159754,0.07115734210571968,0.16458455539070796,-0.15392167739089843,-0.27562140988722034,True
fx_futures/CLP,fx_futures,30,90,ls,2015-05-11,2020-09-15,2024-03-28,1348,900,0.07539371905535798,0.3430712253964945,0.009421542616523927,0.22205235952309224,-0.17545258293919153,-0.19931624171687173,0.0016530339873407917,0.044258641764506355,0.16560403288895967,-0.16351949567750884,-0.3231764445168413,True
fx_futures/CLP,fx_futures,30,200,ls,2015-10-15,2020-11-16,2024-03-28,1282,856,0.06572188020547036,0.13161685729944506,0.00160735581244234,0.030549392813566396,-0.2715093862166206,-0.26961034576876564,0.0004364121900679372,0.00823643235949148,0.16863583142192368,-0.047173507011491284,-0.317547396420408,True
fx_futures/CLP,fx_futures,40,100,ls,2015-05-26,2020-09-21,2024-03-28,1342,896,0.3072209311465391,0.4650108207672841,0.19878984482141587,0.34653467175991604,-0.15677082690092334,-0.18928385160132216,0.031164448352159597,0.06559341738411684,0.16572222292901972,-0.18061669118809687,-0.29764124128618613,True
fx_futures/CLP,fx_futures,50,150,ls,2015-08-05,2020-10-19,2024-03-28,1312,876,0.23377738638915846,0.1532159619466826,0.1252478690357332,0.043233165443705285,-0.17377049180621354,-0.27597023232066287,0.021764383800019584,0.011931066711457002,0.16719531294143575,-0.07473935783128036,-0.2634282895956598,True
fx_futures/CLP,fx_futures,50,200,ls,2015-10-15,2020-11-16,2024-03-28,1282,856,0.20668711379721036,0.062310945321580956,0.08989987168482962,-0.01182455702461272,-0.20343161113439978,-0.2941478389632535,0.018288475737620696,-0.0034781678954875902,0.16862462637491363,-0.047173507011491284,-0.317547396420408,True
fx_futures/CLP,fx_futures,60,120,ls,2015-06-23,2020-10-01,2024-03-28,1330,888,0.2802455986179478,0.21565521954071507,0.17506730485906064,0.08852993485880295,-0.15813546082719898,-0.2542222306087917,0.027684348929663285,0.02250627751545591,0.16639390193015938,-0.1677139182167072,-0.26004672602846723,True
fx_futures/CLP,fx_futures,60,132,ls,2015-07-10,2020-10-08,2024-03-28,1323,883,0.3239160405396226,0.1557298806277834,0.19847068849838195,0.0439815209352295,-0.16782834980017933,-0.2810198168671614,0.033309008134388876,0.012359678958757418,0.1667671730007293,-0.16961915172803618,-0.23736342714667302,True
fx_futures/CLP,fx_futures,60,180,ls,2015-09-17,2020-11-04,2024-03-28,1294,864,0.25469881747682077,-0.03732938410133284,0.12897653251806818,-0.06817954240445338,-0.18966400266218575,-0.29284052509185615,0.02446220540686637,-0.0199657329982426,0.16803605557270632,-0.02859876777528029,-0.3442527827460996,True
fx_futures/CLP,fx_futures,60,400,ls,2016-08-02,2021-03-15,2024-03-28,1162,776,0.10252260085206105,0.12652918808631972,0.02426011918108027,0.02541921810685426,-0.20590872147289643,-0.2875580678871952,0.004995370123356329,0.007309501246010218,0.17093931886894675,-0.003728507507945729,-0.48140038813055097,True
fx_futures/CLP,fx_futures,62,758,ls,2018-01-03,2021-10-07,2024-03-28,948,632,-0.21241707766744736,0.3302735670970137,-0.15662769069267407,0.15739194422395703,-0.23914565942664368,-0.2839063460537008,-0.037456832375171924,0.04468457178291152,0.18090047097459255,-0.4584047898757405,-0.3302735670970137,True
fx_futures/CLP,fx_futures,74,758,ls,2018-01-03,2021-10-07,2024-03-28,948,632,-0.205235904709162,0.3302735670970137,-0.15192356759706205,0.15739194422395703,-0.24045742227289632,-0.2839063460537008,-0.036531149446891654,0.04468457178291152,0.18090047097459255,-0.4584047898757405,-0.3302735670970137,True
fx_futures/CLP,fx_futures,80,144,ls,2015-07-28,2020-10-15,2024-03-28,1316,878,0.30035757291054843,-0.02502054467792641,0.19839130065937008,-0.05632052339933808,-0.15273710863481532,-0.3158119005215754,0.03030171364101252,-0.017786691533114816,0.1672130153106486,-0.13855309858556478,-0.22582176676469945,True
fx_futures/CLP,fx_futures,80,300,ls,2016-03-10,2021-01-14,2024-03-28,1222,816,0.07071765930999038,-0.08907791566297651,0.005112439833043836,-0.08297118644082065,-0.18383214090401476,-0.3477555980122156,0.0009398307597514121,-0.02885369455851062,0.16970583739069536,0.023206934305304294,-0.43607586433031065,True
fx_futures/CLP,fx_futures,100,200,ls,2015-10-15,2020-11-16,2024-03-28,1282,856,0.28092142371899004,-0.021191572193175395,0.16743825221622227,-0.04760502609297745,-0.16611904718586523,-0.36593792132863506,0.02781468292062543,-0.0174204842932596,0.16866538273476986,-0.047173507011491284,-0.317547396420408,True
fx_futures/CLP,fx_futures,100,250,ls,2015-12-28,2020-12-15,2024-03-28,1252,836,0.015792478696897032,-0.07642075173547169,-0.0375987584511464,-0.07494569868491772,-0.15757051839328096,-0.35766437146110475,-0.005924455860090892,-0.02680540621385444,0.16984359487113104,0.090540735512256,-0.3974063003145786,True
fx_futures/CLP,fx_futures,100,300,ls,2016-03-10,2021-01-14,2024-03-28,1222,816,0.0054222403799636405,-0.13509031949900005,-0.036223516869583666,-0.09707890465558637,-0.2035975955763763,-0.37503489342116236,-0.007375020937967539,-0.03640797666095102,0.16973421426165364,0.023206934305304294,-0.43607586433031065,True
fx_futures/CLP,fx_futures,100,400,ls,2016-08-02,2021-03-15,2024-03-28,1162,776,0.18527918893485326,-0.10432388179130783,0.07781487700819135,-0.09134907455031872,-0.202413577390739,-0.3466276060446646,0.015750787629448378,-0.03166411102577257,0.17092435451802798,-0.003728507507945729,-0.48140038813055097,True
fx_futures/CLP,fx_futures,116,378,ls,2016-06-30,2021-03-03,2024-03-28,1176,784,0.11352932472876294,-0.12788024069236864,0.03175511193606562,-0.09322919158378948,-0.20241357739073898,-0.3812075871539093,0.006427665807422399,-0.035539675175965936,0.1708591752950132,-0.020607536665034308,-0.4662538446994675,True
fx_futures/CLP,fx_futures,120,398,ls,2016-07-29,2021-03-15,2024-03-28,1164,776,0.27316008910962786,0.08482929594436155,0.13475495928896167,0.0005030279475491785,-0.202413577390739,-0.3134268053826258,0.027276233380822124,0.00015766244261851807,0.17093779923423916,-0.007188051136292153,-0.48140038813055097,True
fx_futures/CLP,fx_futures,134,750,ls,2017-12-20,2021-10-01,2024-03-28,952,636,-0.2504254283757773,0.3555603067862678,-0.14528998010602154,0.17394634321613237,-0.2919914926679026,-0.2839063460537008,-0.0424234381608471,0.049384470711895084,0.18042976593483911,-0.383809831029435,-0.3555603067862678,True
fx_futures/CLP,fx_futures,150,400,ls,2016-08-02,2021-03-15,2024-03-28,1162,776,0.13817697235775123,-0.12592307066574643,0.04751273352800514,-0.10479233230182101,-0.20241357739073898,-0.3362085753758015,0.009617222365016427,-0.03523208075350283,0.17093732277699514,-0.003728507507945729,-0.48140038813055097,True
fx_futures/CLP,fx_futures,150,500,ls,2016-12-22,2021-05-11,2024-03-28,1102,736,0.22269852960390857,0.1458368409079026,0.10280432314423243,0.037349098007626466,-0.202413577390739,-0.28390634605370063,0.020808990818857634,0.01060364594374678,0.17303632422653403,0.08340036736693758,-0.577193467147809,True
fx_futures/CLP,fx_futures,150,710,ls,2017-10-24,2021-09-09,2024-03-28,976,652,-0.1504487628157119,0.35502956668465124,-0.10325388806906216,0.17256205973669214,-0.28323837905526333,-0.2839063460537008,-0.02924546388783476,0.04899146384734471,0.17888745471679787,-0.3144559481289472,-0.35502956668465124,True
fx_futures/CLP,fx_futures,162,678,ls,2017-09-08,2021-08-23,2024-03-28,996,664,-0.18030038116463618,0.39040587444289304,-0.12170215503275661,0.19508746498914886,-0.2717884516267326,-0.2839063460537008,-0.03307724027598948,0.05538656934594854,0.17774049480773849,-0.3019025768653984,-0.39040587444289304,True
fx_futures/CLP,fx_futures,174,698,ls,2017-10-06,2021-09-02,2024-03-28,984,656,-0.12671571864688425,0.42477059355678515,-0.11027481214039472,0.21877867632015666,-0.23510816231934478,-0.2839063460537008,-0.025926508432439176,0.06211265458852099,0.1787242488292444,-0.24603863211157548,-0.42477059355678515,True
fx_futures/CLP,fx_futures,200,400,ls,2016-08-02,2021-03-15,2024-03-28,1162,776,0.11266856015528089,0.10230395837898941,0.031176905998771536,0.011098572530320023,-0.20241357739073904,-0.28390634605370063,0.0063106290751861385,0.0031509551734951323,0.1709297272879909,-0.003728507507945729,-0.48140038813055097,True
fx_futures/CLP,fx_futures,200,600,ls,2017-05-18,2021-07-08,2024-03-28,1042,696,0.05351215346734488,0.37390347172618327,-0.007741240088130143,0.18221694618673154,-0.21693342091716292,-0.2839063460537008,-0.0016793336944591517,0.05173254738093878,0.17510215518738242,-0.07694376086832663,-0.4549209694651213,True
fx_futures/CNH,fx_futures,5,20,ls,2013-06-05,2020-02-19,2024-03-29,1684,1123,0.79173622191164,0.8096045435102066,0.5895271018796825,0.5028173680684662,-0.05922833045376818,-0.09620703712450417,0.034916706001582094,0.0483745691966084,0.060624820908569285,-0.053928548093399684,0.14712688049108252,True
fx_futures/CNH,fx_futures,5,35,ls,2013-06-26,2020-02-26,2024-03-29,1675,1117,0.7803903164379075,1.3507148682170909,0.5094726464900875,1.039971714112512,-0.06794400719744675,-0.079894031056657,0.034615613160024754,0.08308753242534984,0.06045174027937422,-0.03828149579197441,0.1303011997848917,True
fx_futures/CNH,fx_futures,8,21,ls,2013-06-06,2020-02-19,2024-03-29,1683,1123,0.6515979642363766,1.1649122216030998,0.45390432662580144,0.873811451343346,-0.06288288097824397,-0.08117317213367861,0.02854281174672025,0.07093004735227296,0.06039881905093381,-0.05394455788712062,0.14712688049108252,True
fx_futures/CNH,fx_futures,9,21,ls,2013-06-06,2020-02-19,2024-03-29,1683,1123,0.7286769466089339,1.1312576093547857,0.5103376575273117,0.823340906561605,-0.06288288097824397,-0.08355379782787781,0.03209150217700578,0.06879325965026997,0.06043154386187922,-0.05394455788712062,0.14712688049108252,True
fx_futures/CNH,fx_futures,10,20,ls,2013-06-05,2020-02-19,2024-03-29,1684,1123,0.6557272498961252,1.0437889919181456,0.4196445252747486,0.7563301191144389,-0.06848034177848553,-0.08355379782787781,0.02873740051628509,0.06319425386362257,0.06046456957100201,-0.053928548093399684,0.14712688049108252,True
fx_futures/CNH,fx_futures,10,30,ls,2013-06-19,2020-02-24,2024-03-29,1678,1119,0.9347093855695267,1.1252930171708233,0.6105176133218885,0.67454984564911,-0.06831782773291645,-0.10150988085320792,0.04170923713483607,0.06847347446139095,0.06048869901113496,-0.030404110127623507,0.12135930067512476,True
fx_futures/CNH,fx_futures,10,100,ls,2013-09-27,2020-04-01,2024-03-29,1636,1091,0.32060744962808674,1.2008307906514046,0.15730387521917616,0.9147169204535375,-0.08793493429067824,-0.07987574691954841,0.013832505931067303,0.07306369724117545,0.06024207100773858,0.00975011017765188,0.10785231081972817,True
fx_futures/CNH,fx_futures,12,26,ls,2013-06-13,2020-02-21,2024-03-29,1680,1121,0.9450563995423011,1.1194490434127733,0.6737712115677529,0.7226807264614948,-0.06257392883867867,-0.09421661820293539,0.04216051184619088,0.06808853408764265,0.06048216743253481,-0.02928197003630642,0.12001103360971475,True
fx_futures/CNH,fx_futures,13,48,ls,2013-07-16,2020-03-03,2024-03-29,1667,1112,1.0208699680288347,1.1130578102776627,0.9179931962016442,0.7207320960071947,-0.05000788413727286,-0.09407546946797275,0.045906897394456615,0.06780321029251285,0.06059563112177893,-0.07041159579105012,0.1664329447250005,True
fx_futures/CNH,fx_futures,20,50,ls,2013-07-18,2020-03-04,2024-03-29,1666,1111,0.8457625705205625,1.260940122318079,0.5998495068834798,1.4492843353686617,-0.06310875681932399,-0.053290808623414794,0.03785575665810094,0.07723353415704426,0.06045700525616875,-0.09941312383601078,0.19936558151343492,True
fx_futures/CNH,fx_futures,20,60,ls,2013-08-01,2020-03-10,2024-03-29,1660,1107,0.8536492393335388,1.223721352901657,0.6051381103033407,1.3028634161723007,-0.06319023515980049,-0.057446931085516004,0.03823881949422539,0.07484550488269012,0.06048313796881818,-0.09813155619325421,0.1985022452452463,True
fx_futures/CNH,fx_futures,20,100,ls,2013-09-27,2020-04-01,2024-03-29,1636,1091,0.07058587961660062,0.9810760325393895,0.019444220302073954,0.6833323487111738,-0.11296703869301246,-0.08637735393051821,0.002196555987219847,0.05902444013679735,0.06031413167687536,0.00975011017765188,0.10785231081972817,True
fx_futures/CNH,fx_futures,21,55,ls,2013-07-25,2020-03-06,2024-03-29,1663,1109,0.8428236517127193,1.0817123484273239,0.6088478373717104,1.2088065605248575,-0.061958633704584105,-0.05433924530191413,0.037723380137542,0.06568563621492333,0.06051140540103703,-0.10495612784611358,0.205699509310223,True
fx_futures/CNH,fx_futures,30,90,ls,2013-09-13,2020-03-26,2024-03-29,1642,1095,0.15560336362170574,0.9655142111970842,0.0549469986705476,0.8508067079129523,-0.11140556919105266,-0.06822536849592016,0.006121401662232369,0.058046601166161886,0.06033013295536076,0.03280072772236339,0.07980077895841549,True
fx_futures/CNH,fx_futures,30,200,ls,2014-02-25,2020-05-29,2024-03-29,1576,1051,-0.20439100325645318,0.5658070834512595,-0.1046074418987074,0.251230126446852,-0.10334832078364928,-0.13157360808992244,-0.010811003461704567,0.033055254197499766,0.060742585452950415,0.07989984230010448,0.04313514934200511,True
fx_futures/CNH,fx_futures,40,100,ls,2013-09-27,2020-04-01,2024-03-29,1636,1091,0.064551030163996,0.8028659327506268,0.02271526435391933,0.5797127956672725,-0.08431069917725738,-0.08235453948498166,0.0019151398196751704,0.047741980320729495,0.06036301235557853,0.00975011017765188,0.10785231081972817,True
fx_futures/CNH,fx_futures,50,150,ls,2013-12-11,2020-05-04,2024-03-29,1606,1071,-0.24662241861932757,0.33104313745587377,-0.1239958994534274,0.11653489605333507,-0.10177483599878213,-0.15742373552050856,-0.012619662331394053,0.018345358655210177,0.06043681311947562,0.08720634667320784,0.05759211793128644,True
fx_futures/CNH,fx_futures,50,200,ls,2014-02-25,2020-05-29,2024-03-29,1576,1051,-0.6669393917881015,0.3250333722432462,-0.1866975490027376,0.13734574708511427,-0.17315761778182256,-0.13151835874879625,-0.032328102831019126,0.018063487237761494,0.06076442857195862,0.07989984230010448,0.04313514934200511,True
fx_futures/CNH,fx_futures,60,120,ls,2013-10-28,2020-04-16,2024-03-29,1624,1083,-0.4340640710761192,0.5204786777343408,-0.1828703816755298,0.24779179799450166,-0.11516030630141295,-0.12132654189014395,-0.021059409167210306,0.030063721959413994,0.060422189469994524,0.041788577781573334,0.10364577737242613,True
fx_futures/CNH,fx_futures,60,132,ls,2013-11-14,2020-04-23,2024-03-29,1617,1078,-0.4715734500474837,0.4630013188487315,-0.1610225125727555,0.20405724883135698,-0.14173067238842246,-0.13009724269904976,-0.022821828976609844,0.026547285425713437,0.0605538096435486,0.03784990419335241,0.10789114375973291,True
fx_futures/CNH,fx_futures,60,180,ls,2014-01-27,2020-05-20,2024-03-29,1588,1059,-0.7413483052082591,0.39384146464276515,-0.20380987851961094,0.17515676136203795,-0.17474050322707205,-0.12721692871844434,-0.035613840735165235,0.022282905224747948,0.06062994256619543,0.09298893809177203,0.07850586200998357,True
fx_futures/CNH,fx_futures,60,400,ls,2014-12-11,2020-09-21,2024-03-29,1456,971,-0.7563372183628779,0.8441423752236714,-0.19340835385798877,0.5578903531049718,-0.19694442030611056,-0.09275019267173808,-0.0380906961329207,0.05174443774019012,0.06205174277982688,-0.1942389932320272,0.3972337843491261,True
fx_futures/CNH,fx_futures,62,758,ls,2016-05-13,2021-05-10,2024-03-29,1241,828,-0.1273159710569571,-0.49234043100426994,-0.052494595644819335,-0.1707013977758724,-0.1466749977353174,-0.1912305602703109,-0.007699644697320278,-0.03264332393560528,0.0633275088759696,-0.5517634344269973,0.8479111300277036,False
fx_futures/CNH,fx_futures,74,758,ls,2016-05-13,2021-05-10,2024-03-29,1241,828,-0.11696933277042339,-0.5982027293604055,-0.04769725572960445,-0.19098862586482332,-0.1504611393168274,-0.2048310320817131,-0.007176583439362358,-0.03912039735175993,0.063347986433164,-0.5517634344269973,0.8479111300277036,False
fx_futures/CNH,fx_futures,80,144,ls,2013-12-03,2020-04-29,2024-03-29,1609,1074,-0.7205464538337685,0.5030254840497124,-0.20411664057559645,0.2566057525615512,-0.16748350556578223,-0.11335825935662835,-0.03418617050791168,0.02908838145127512,0.06066505447060886,0.03782315256372894,0.10776062851430115,True
fx_futures/CNH,fx_futures,80,300,ls,2014-07-18,2020-07-29,2024-03-29,1516,1011,-0.6601245000197093,0.8836920298422117,-0.20247832378566835,0.5789167501395042,-0.1616032857141191,-0.0927501926717381,-0.03272116240965128,0.05369464011633548,0.061320123440948796,-0.07470413493248093,0.18978655155705917,True
fx_futures/CNH,fx_futures,100,200,ls,2014-02-25,2020-05-29,2024-03-29,1576,1051,-0.5146453148829399,0.8501942349796511,-0.16342206364656983,0.5500883528144769,-0.15472481060803983,-0.0927501926717381,-0.02528544784689055,0.05102080071002178,0.060703160597814415,0.07989984230010448,0.04313514934200511,True
fx_futures/CNH,fx_futures,100,250,ls,2014-05-07,2020-06-26,2024-03-29,1546,1031,-0.547969662552813,0.8021175777445859,-0.181265118757447,0.5192513640302306,-0.14965762927804813,-0.09275019267173808,-0.02712770794404337,0.0481606640588667,0.06096324102050868,-0.04447060176254171,0.11704130604683258,True
fx_futures/CNH,fx_futures,100,300,ls,2014-07-18,2020-07-29,2024-03-29,1516,1011,-0.465442079795768,0.8432026768012683,-0.17472038768058576,0.5508135263142071,-0.13468363452596435,-0.09275019267173809,-0.023531976838606816,0.05108806069184219,0.06132735028901272,-0.07470413493248093,0.18978655155705917,True
fx_futures/CNH,fx_futures,100,400,ls,2014-12-11,2020-09-21,2024-03-29,1456,971,-0.5534439432459884,0.5828765858088425,-0.18907028100642104,0.33135435908051614,-0.14991297682379134,-0.10517084146925737,-0.028344088654583315,0.034848816769004344,0.062081541958524444,-0.1942389932320272,0.3972337843491261,True
fx_futures/CNH,fx_futures,116,378,ls,2014-11-07,2020-09-08,2024-03-29,1469,980,-0.6665932138120627,0.5871142127536237,-0.1953687717880568,0.3013397165052003,-0.1718689660184381,-0.116360093474105,-0.03357782879950552,0.03506391758000541,0.0619763039003945,-0.1033933593584484,0.31763507919837286,True
fx_futures/CNH,fx_futures,120,398,ls,2014-12-09,2020-09-18,2024-03-29,1457,972,-0.6721818577899671,0.47168755862882705,-0.19817270490940664,0.22664692438371054,-0.1718533738977497,-0.12236528386403037,-0.03405664795312468,0.027733715239122166,0.06208857496650276,-0.1975175442761717,0.40211634366185295,True
fx_futures/CNH,fx_futures,134,750,ls,2016-05-03,2021-05-06,2024-03-29,1246,831,-0.4646060663767647,-0.34890954897060483,-0.14687330944896793,-0.1206746949327975,-0.16628829004783297,-0.19764500637465574,-0.024423311481935103,-0.023850750849252398,0.06341639025289597,-0.467752945445711,0.791906651097823,False
fx_futures/CNH,fx_futures,150,400,ls,2014-12-11,2020-09-21,2024-03-29,1456,971,-0.6721380716739772,0.32968560632962074,-0.19584889728938484,0.1283124004593669,-0.1736899784553986,-0.14584547853526472,-0.03401699075070683,0.018713783447004886,0.06209162398524699,-0.1942389932320272,0.3972337843491261,False
fx_futures/CNH,fx_futures,150,500,ls,2015-05-06,2020-11-19,2024-03-29,1396,931,-0.9645790558743244,0.0048904659372331375,-0.21635572620727925,-0.009366146522599246,-0.23039142907227583,-0.17035483139755775,-0.049846504948865104,-0.0015955683117022162,0.06158316155801639,-0.2621350362548022,0.5933416222815596,False
fx_futures/CNH,fx_futures,150,710,ls,2016-03-07,2021-03-29,2024-03-29,1270,847,-0.3257805492706173,-0.2494726224167223,-0.12763780095091887,-0.08926478754061441,-0.1367135944667885,-0.19683753845382593,-0.017449822557836593,-0.01757066105009829,0.0630754596098011,-0.4109469969838086,0.6920308865042623,False
fx_futures/CNH,fx_futures,162,678,ls,2016-01-20,2021-03-09,2024-03-29,1289,860,-0.3575713859687479,-0.39375298134983816,-0.14933690194791355,-0.12407092467506732,-0.1267924823260431,-0.21204956230969227,-0.01893479650085686,-0.026309185272706825,0.0627103710161736,-0.5494811094738,0.7158334486911355,False
fx_futures/CNH,fx_futures,174,698,ls,2016-02-18,2021-03-22,2024-03-29,1277,852,-0.2341014969431119,-0.3252802692107405,-0.11638521340050896,-0.1101288264304857,-0.11081002462870086,-0.2016849849779867,-0.012896648363327004,-0.022211330704275813,0.06296179096479326,-0.4782818381610506,0.7293501226233414,False
fx_futures/CNH,fx_futures,200,400,ls,2014-12-11,2020-09-21,2024-03-29,1456,971,-1.140284887430914,0.2886352544139422,-0.23196122473718522,0.10631953229381455,-0.2422925930896416,-0.1517275246239483,-0.05620248663782173,0.016131599454116415,0.062136328392516954,-0.1942389932320272,0.3972337843491261,False
fx_futures/CNH,fx_futures,200,600,ls,2015-09-28,2021-01-25,2024-03-29,1336,891,-0.41244276537119534,-0.3130657864819598,-0.14786147872241812,-0.10508581475040843,-0.1467803289076169,-0.2016849849779867,-0.021703156479643132,-0.021194230969335617,0.06224119292392147,-0.42119235327213433,0.7038920505254412,False
fx_futures/CZK,fx_futures,5,20,ls,2004-10-12,2016-07-05,2024-03-28,2937,1959,0.3046282025733565,0.12694457747362242,0.11353719427652822,0.04183690219898772,-0.26564084814537636,-0.1805923867189422,0.030160116583663327,0.007555426021042153,0.09427629530433433,0.0036580995754282443,0.0567905899811817,True
fx_futures/CZK,fx_futures,5,35,ls,2004-11-02,2016-07-13,2024-03-28,2928,1953,0.30581563748795193,-0.04402423240191271,0.0903102709478848,-0.0353349558963822,-0.33589162193993904,-0.2427140404321699,0.03033446338652038,-0.00857628991410345,0.09442539764302664,0.006416669440072063,0.05154956307744249,False
fx_futures/CZK,fx_futures,8,21,ls,2004-10-13,2016-07-06,2024-03-28,2937,1958,0.4023193517675953,0.07931795904901646,0.17937969596980463,0.01622295830901459,-0.2368891361202495,-0.187344502177734,0.04249310121580002,0.003039282048252472,0.09436424918510522,0.005346963279092159,0.05353050369266121,True
fx_futures/CZK,fx_futures,9,21,ls,2004-10-13,2016-07-06,2024-03-28,2937,1958,0.38750020509220645,0.03759757988837047,0.17686448278556627,-0.004354709273748543,-0.22961209369672717,-0.20734526346640395,0.04061022419298263,-0.0009029283416849842,0.09438676389326019,0.005346963279092159,0.05353050369266121,False
fx_futures/CZK,fx_futures,10,20,ls,2004-10-12,2016-07-05,2024-03-28,2937,1959,0.36329904421933246,0.13454697376258778,0.1502212735874802,0.04233282067448525,-0.24992649157296268,-0.19556432309373648,0.03754427586734109,0.008278789419854242,0.09431850806807167,0.0036580995754282443,0.0567905899811817,True
fx_futures/CZK,fx_futures,10,30,ls,2004-10-26,2016-07-11,2024-03-28,2931,1955,0.21221436224787027,-0.015554892312766301,0.05924652935070566,-0.023693977874265824,-0.3144064356181491,-0.24918415361922025,0.01862749011590142,-0.005904163822471461,0.09439263209162378,0.0027997772485843435,0.05852821548145322,False
fx_futures/CZK,fx_futures,10,100,ls,2005-02-07,2016-08-18,2024-03-28,2889,1927,0.2056758856022397,0.15807974144945702,0.06142294837303609,0.0414872609623138,-0.2903724777455583,-0.25404710877075165,0.017835533709516,0.010539718698293494,0.09470549116633908,0.027427804171529454,0.02350764213007782,True
fx_futures/CZK,fx_futures,12,26,ls,2004-10-20,2016-07-08,2024-03-28,2934,1956,0.22697677002348782,0.006932922074637517,0.06971775172052297,-0.019042648321114273,-0.2934019041205786,-0.19897301705070794,0.020455321105807184,-0.003788973189087705,0.09436125372486656,0.002765214117839625,0.05857755179684787,False
fx_futures/CZK,fx_futures,13,48,ls,2004-11-22,2016-07-20,2024-03-28,2920,1948,0.25475190012193194,0.2307621523497359,0.09096320370918155,0.0926453559207935,-0.2633720743192269,-0.18869372200034684,0.023957167647609537,0.017481597034741395,0.09442228467534852,1.4773570219778253e-05,0.06407521824096565,True
fx_futures/CZK,fx_futures,20,50,ls,2004-11-24,2016-07-21,2024-03-28,2919,1947,0.3003699950933351,0.07449779497269826,0.1000737974236577,0.008464191441267775,-0.29668827140940496,-0.30451067603991094,0.029690721970999964,0.0025774366579116785,0.09446215448031295,0.00047981513568299286,0.06318909839314424,True
fx_futures/CZK,fx_futures,20,60,ls,2004-12-09,2016-07-27,2024-03-28,2913,1943,0.24895831249009637,0.028303592030996902,0.07807469161599605,-0.0059103750642876,-0.29780896876809254,-0.303499087271916,0.023251343397046625,-0.0017937934374459784,0.09455152657283003,0.00021560237761081608,0.06301082686716017,False
fx_futures/CZK,fx_futures,20,100,ls,2005-02-07,2016-08-18,2024-03-28,2889,1927,0.07774877115198436,-0.1392799936798506,0.005381117974744776,-0.04857134490445165,-0.3750945997136241,-0.3608372006102998,0.002018428292748679,-0.01752634812519968,0.09471863264741226,0.027427804171529454,0.02350764213007782,False
fx_futures/CZK,fx_futures,21,55,ls,2004-12-02,2016-07-25,2024-03-28,2916,1945,0.28239746927023335,-0.036833452225924455,0.10388169890591158,-0.02371467563833526,-0.26413247593786865,-0.3339432070820328,0.027438530336650606,-0.00791935483757583,0.09452537221406095,-0.0010153980308012088,0.06613741766593266,False
fx_futures/CZK,fx_futures,30,90,ls,2005-01-24,2016-08-12,2024-03-28,2895,1931,0.011961711079845205,-0.10645938812013667,-0.01473649281855043,-0.04158972197643526,-0.40809563168316837,-0.34769606132222336,-0.0060138983455808115,-0.014460582522692856,0.09468355484598832,0.009175760899814702,0.04637893164970935,False
fx_futures/CZK,fx_futures,30,200,ls,2005-06-30,2016-10-14,2024-03-28,2829,1887,0.17458774227841395,0.03348956471682412,0.04383037226582451,-0.006387099353162202,-0.3187663192252086,-0.2115671115571508,0.013971646437447544,-0.0013513001613770733,0.09532685656801233,0.04612830684259066,0.07365428656645769,False
fx_futures/CZK,fx_futures,40,100,ls,2005-02-07,2016-08-18,2024-03-28,2889,1927,0.1152164727694637,0.20229224252480388,0.021676562013838968,0.06960898102726085,-0.30563299288691376,-0.21231378311656657,0.00662507252378839,0.014778946100787057,0.09470635966278666,0.027427804171529454,0.02350764213007782,True
fx_futures/CZK,fx_futures,50,150,ls,2005-04-20,2016-09-16,2024-03-28,2859,1907,0.28042383583943875,-0.2470133093202325,0.10427601447100229,-0.08676932693623396,-0.26071009526219163,-0.317918539041798,0.02718580966629668,-0.02758557765320763,0.09496803354872446,0.00655561709000033,0.05126436654951952,False
fx_futures/CZK,fx_futures,50,200,ls,2005-06-30,2016-10-14,2024-03-28,2829,1887,0.1353375686783836,-0.22275108400532037,0.02345273854654803,-0.08117656393770702,-0.38845101794324227,-0.31368704705167283,0.009110240161963299,-0.025464036631420627,0.09536519532115155,0.04612830684259066,0.07365428656645769,False
fx_futures/CZK,fx_futures,60,120,ls,2005-03-08,2016-08-30,2024-03-28,2877,1919,0.2987189518586597,-0.1703823521915232,0.14927314922121154,-0.06523857941600134,-0.1975842883094174,-0.31329815132284955,0.029494028952578546,-0.020439126325962124,0.09479695633003138,-0.027263976885742194,0.050050936925486254,False
fx_futures/CZK,fx_futures,60,132,ls,2005-03-24,2016-09-07,2024-03-28,2870,1914,0.29737947604341475,-0.17848592311853304,0.13020616344922303,-0.06782637211611417,-0.22506446907672115,-0.3127322626432287,0.029304781047216157,-0.02121149481875398,0.094876960433,0.018534804308663583,0.03785864679920793,False
fx_futures/CZK,fx_futures,60,180,ls,2005-06-02,2016-10-04,2024-03-28,2841,1895,0.05258320437748588,-0.1584320637492254,-0.0024703063170285894,-0.06432061272563092,-0.4269428721046451,-0.30226229441673524,-0.001054679673970434,-0.01944169598073946,0.09526135357416712,0.053695635610727106,0.044663517949145165,False
fx_futures/CZK,fx_futures,60,400,ls,2006-04-20,2017-02-09,2024-03-28,2709,1807,0.034512195672652755,-0.537806758868321,-0.006239462669210711,-0.12837439256598443,-0.527879336864895,-0.42640342343344295,-0.0032936834162162172,-0.05473928047132449,0.09608267948476161,-0.032407931232410085,0.12892158331010659,False
fx_futures/CZK,fx_futures,62,758,ls,2007-09-20,2017-09-05,2024-03-28,2494,1664,-0.2826890321974525,-0.3409416971306598,-0.07231623810574259,-0.11427314051274086,-0.5904418880813073,-0.3248859758788139,-0.04269853616609203,-0.03712574077221864,0.09713204828656263,-0.036909782873223676,-0.07444650711890605,False
fx_futures/CZK,fx_futures,74,758,ls,2007-09-20,2017-09-05,2024-03-28,2494,1664,-0.2207056871458132,-0.23405202695492153,-0.06026481523492181,-0.09610308552775064,-0.5837060330377233,-0.2817355291290103,-0.03517693623252756,-0.027075653652091358,0.09713329339665085,-0.036909782873223676,-0.07444650711890605,False
fx_futures/CZK,fx_futures,80,144,ls,2005-04-12,2016-09-14,2024-03-28,2863,1909,0.009136190852537886,-0.35807230816992924,-0.015607282098600987,-0.0965813828096638,-0.40721492450939306,-0.39142670743049945,-0.006355518201578603,-0.037804532672271345,0.09500235190663932,0.01694505194381929,0.03798320650945761,False
fx_futures/CZK,fx_futures,80,300,ls,2005-11-23,2016-12-12,2024-03-28,2769,1847,-0.007720821366668691,-0.48981475598373786,-0.01601528469212247,-0.12206493777997714,-0.5270536920811936,-0.41062014131785063,-0.00844091492671457,-0.050122322001168854,0.09562969548444292,0.020315838132333435,0.12253379819340184,False
fx_futures/CZK,fx_futures,100,200,ls,2005-06-30,2016-10-14,2024-03-28,2829,1887,-0.06751999503075339,-0.3985870426026464,-0.030778250116959564,-0.10773227030262918,-0.5085821321769121,-0.386634108224182,-0.015653268069157587,-0.041652970255423555,0.09532416332599836,0.04612830684259066,0.07365428656645769,False
fx_futures/CZK,fx_futures,100,250,ls,2005-09-12,2016-11-11,2024-03-28,2799,1867,-0.045962665160462095,-0.4618395131211443,-0.024348763699021628,-0.11523893921495497,-0.5347353706561282,-0.4127173182144465,-0.013020145181614809,-0.04756110594667383,0.09559966220358154,0.009162880972805676,0.09278184204410789,False
fx_futures/CZK,fx_futures,100,300,ls,2005-11-23,2016-12-12,2024-03-28,2769,1847,0.001453903841937738,-0.43512743460239195,-0.013995780009215478,-0.12248021466901549,-0.5231553757520441,-0.3684804821950149,-0.007321967549664071,-0.04513156856058776,0.0956225166872165,0.020315838132333435,0.12253379819340184,False
fx_futures/CZK,fx_futures,100,400,ls,2006-04-20,2017-02-09,2024-03-28,2709,1807,-0.004383308104647763,-0.28798384529987314,-0.014575439190393565,-0.12367872730000969,-0.5515842039323408,-0.25691499043150423,-0.008039582022797476,-0.03177491904086261,0.09609587044720523,-0.032407931232410085,0.12892158331010659,False
fx_futures/CZK,fx_futures,116,378,ls,2006-03-20,2017-01-27,2024-03-28,2722,1816,-0.04113977733735603,-0.3761805118630849,-0.021721692669629922,-0.13089910878423666,-0.5765264948318999,-0.3046191027839168,-0.012523131336637513,-0.039874369073068495,0.09593319203083799,-0.01954915305286121,0.12224329836317788,False
fx_futures/CZK,fx_futures,120,398,ls,2006-04-18,2017-02-08,2024-03-28,2710,1808,-0.054366240947146156,-0.3245901691362205,-0.024279763485459946,-0.13148243250992603,-0.5808343591546565,-0.2674591093227596,-0.014102520864503757,-0.03516617429069467,0.0960745217664748,-0.027439240603315266,0.12503436538117585,False
fx_futures/CZK,fx_futures,134,750,ls,2007-09-10,2017-08-30,2024-03-28,2499,1667,-0.4386743129419192,-0.3590738901185344,-0.08997663987100789,-0.11618015021224071,-0.6820230557697237,-0.33377762798809374,-0.06136614287271676,-0.03877833495714213,0.09703692184390024,-0.018757374074761274,-0.07354523190900093,False
fx_futures/CZK,fx_futures,150,400,ls,2006-04-20,2017-02-09,2024-03-28,2709,1807,-0.11859731162118024,-0.5338100308629905,-0.03444138047204449,-0.15494679294914526,-0.6341604968954159,-0.35081197123759206,-0.021841362953915807,-0.05435718987143268,0.09605296298667353,-0.032407931232410085,0.12892158331010659,False
fx_futures/CZK,fx_futures,150,500,ls,2006-09-12,2017-04-07,2024-03-28,2649,1767,-0.20381423729333548,-0.5391250690304475,-0.04887449815791687,-0.16266927443499932,-0.6581524902926559,-0.3389163534254367,-0.03216687267443681,-0.055131277305871584,0.09653850635317168,-0.05476229616662373,0.12252913071139349,False
fx_futures/CZK,fx_futures,150,710,ls,2007-07-13,2017-08-08,2024-03-28,2523,1683,-0.3856836629469993,-0.4444981068778018,-0.08164865117187452,-0.1285830272213888,-0.671726824601571,-0.36271438008781287,-0.0548455891846846,-0.046638913008420414,0.09688861168737427,-0.0172307917716374,-0.049825059512415455,False
fx_futures/CZK,fx_futures,162,678,ls,2007-05-29,2017-07-20,2024-03-28,2542,1696,-0.406705214248521,-0.49147731193204647,-0.08257132981877797,-0.13968478609021076,-0.691775614809145,-0.3647724126839737,-0.05712083245099382,-0.05095315643737095,0.09685961878072807,-0.0006607760317501608,-0.03919808534409751,False
fx_futures/CZK,fx_futures,174,698,ls,2007-06-26,2017-08-01,2024-03-28,2530,1688,-0.2374967284878059,-0.5913365955604528,-0.05937990078024862,-0.1496678128423613,-0.6237767831744558,-0.4016292841626196,-0.037039803493921844,-0.0601109765340625,0.09689094458496808,0.02014096877409278,-0.05868616221694472,False
fx_futures/CZK,fx_futures,200,400,ls,2006-04-20,2017-02-09,2024-03-28,2709,1807,-0.19745598586683336,-0.6224450643229594,-0.046621973204541776,-0.16120742626029977,-0.670424116033271,-0.3869035718774545,-0.03125649517338177,-0.06237172903328134,0.09604627510777311,-0.032407931232410085,0.12892158331010659,False
fx_futures/CZK,fx_futures,200,600,ls,2007-02-06,2017-06-06,2024-03-28,2589,1727,-0.24220860313104933,-0.5923056428162702,-0.057608523369812266,-0.16446073214634058,-0.6441221175875054,-0.36514839419314954,-0.03710692406405277,-0.060052572251065944,0.0966643673724944,-0.01715641115145905,0.023831088280832323,False
fx_futures/EUR,fx_futures,5,20,ls,1999-07-14,2014-02-17,2024-03-28,3681,2454,0.12391472063782412,-0.035524376673117246,0.03876384069793457,-0.019611304512431323,-0.18081485586671567,-0.257299506153371,0.007009078268637367,-0.0050459789660719555,0.07115363319273113,0.18132301253542676,-0.4664677842602386,True
fx_futures/EUR,fx_futures,5,35,ls,1999-08-04,2014-02-25,2024-03-28,3672,2448,0.23067828713932398,0.01490736481773334,0.08661253231830694,-0.005939253661375065,-0.1891399762807992,-0.247738919556115,0.01638189230830453,-0.0014713842850387587,0.07119395415997226,0.18344270178602592,-0.4706260759421511,True
fx_futures/EUR,fx_futures,8,21,ls,1999-07-15,2014-02-17,2024-03-28,3680,2454,0.23343123433971577,0.12752047649809028,0.09060233542234905,0.027935424097083605,-0.18338822872581548,-0.2348687241108879,0.016615401811526802,0.00656115741517858,0.0711026381761758,0.1813476436608863,-0.4664677842602386,True
fx_futures/EUR,fx_futures,9,21,ls,1999-07-15,2014-02-17,2024-03-28,3680,2454,0.2297098924734541,-0.019727240179572815,0.07394482857951397,-0.013668175196491869,-0.22021673844100298,-0.2873446322387959,0.01628388897435963,-0.003927476775211388,0.07115988011801495,0.1813476436608863,-0.4664677842602386,True
fx_futures/EUR,fx_futures,10,20,ls,1999-07-14,2014-02-17,2024-03-28,3681,2454,0.2763589296949869,0.003771009475211521,0.09040626505971348,-0.007821611749501918,-0.22560291440243188,-0.2891260283865302,0.02039591687771011,-0.0022614315407149094,0.07117407228361408,0.18132301253542676,-0.4664677842602386,True
fx_futures/EUR,fx_futures,10,30,ls,1999-07-28,2014-02-21,2024-03-28,3675,2450,0.13083364298620345,-0.0767126778678677,0.029279746757579113,-0.02510353273241165,-0.2601177397139894,-0.3175930517788774,0.007616181545979488,-0.007972707570917557,0.0712526859957026,0.18347306988093337,-0.47062292409095025,True
fx_futures/EUR,fx_futures,10,100,ls,1999-11-05,2014-04-11,2024-03-28,3633,2422,0.2653975911771177,0.0737582378885545,0.10465196578509822,0.009450781184525968,-0.1861492504111266,-0.287757624518602,0.019480884984946902,0.002719534343504292,0.0712982121414635,0.20887535825833692,-0.48854008299065277,True
fx_futures/EUR,fx_futures,12,26,ls,1999-07-22,2014-02-19,2024-03-28,3677,2452,0.14515020844872006,-0.05352159816558836,0.03480379805006639,-0.020333704949644572,-0.25476487005986276,-0.31125505921559277,0.008866785087814869,-0.006328968538174013,0.07122794440591673,0.1834275237763711,-0.4704069067720177,True
fx_futures/EUR,fx_futures,13,48,ls,1999-08-23,2014-03-04,2024-03-28,3664,2443,-0.04741411511974977,-0.162557035160522,-0.023729197882763346,-0.04096165582168326,-0.33166347919231004,-0.34215422684176494,-0.007870108328240089,-0.014015203677826516,0.07122008840645011,0.18318581190110694,-0.47094995225315,True
fx_futures/EUR,fx_futures,20,50,ls,1999-08-25,2014-03-05,2024-03-28,3663,2442,0.0900870281950003,0.02061807514528688,0.016004222240919325,-0.003834811769991953,-0.25361939726674104,-0.2787419319340465,0.004058981198464931,-0.0010689228413709774,0.07123424095468375,0.18300123901642443,-0.4706625937801939,True
fx_futures/EUR,fx_futures,20,60,ls,1999-09-09,2014-03-12,2024-03-28,3657,2438,0.21282220383825004,-0.1520332366214456,0.06318462878448707,-0.04261241041416035,-0.2349048955427317,-0.3115188076557544,0.014842378624526212,-0.013274567283556884,0.07121005908723743,0.19598373164467325,-0.48837245255005757,True
fx_futures/EUR,fx_futures,20,100,ls,1999-11-05,2014-04-11,2024-03-28,3633,2422,0.310005050062466,0.2957286559893093,0.10642212310353152,0.07640779101009813,-0.22021826768174632,-0.24490563685742792,0.023436095592873265,0.018712698718197338,0.07128952318900696,0.20887535825833692,-0.48854008299065277,True
fx_futures/EUR,fx_futures,21,55,ls,1999-09-01,2014-03-10,2024-03-28,3660,2440,0.2558081882651711,-0.04639386199229921,0.08483362851586013,-0.01964376318691479,-0.21972166027551615,-0.2962228159102077,0.018639785704701158,-0.005818930846301175,0.07117234709775201,0.19039632189183464,-0.4847642506781904,True
fx_futures/EUR,fx_futures,30,90,ls,1999-10-22,2014-04-02,2024-03-28,3639,2426,0.3937175518986515,0.4274782070521971,0.15766546134124623,0.17463464564608877,-0.1959371924604999,-0.16221096486532002,0.03089252784319327,0.028327654369165317,0.07129531463929996,0.18602050489809133,-0.47577546216079863,True
fx_futures/EUR,fx_futures,30,200,ls,2000-03-31,2014-06-19,2024-03-28,3573,2382,0.08115600334522963,0.4646106572660014,0.010013953691924303,0.19855483385504288,-0.32782405966213607,-0.1572257548306648,0.0032828149525552606,0.03121793362813636,0.07170121251475252,0.25905734822608667,-0.46700016437463227,True
fx_futures/EUR,fx_futures,40,100,ls,1999-11-05,2014-04-11,2024-03-28,3633,2422,0.21853712916739504,0.3962703676641846,0.055491054552983844,0.15254582665586075,-0.27637038057460217,-0.17066678906847596,0.015336083865294156,0.026034506421152084,0.07127232480490522,0.20887535825833692,-0.48854008299065277,True
fx_futures/EUR,fx_futures,50,150,ls,2000-01-20,2014-05-15,2024-03-28,3603,2402,0.2537770752199663,0.44976172826670907,0.07247302778127267,0.18869032256362378,-0.2542950070574342,-0.15912098538477534,0.018429529111112355,0.030024590058894924,0.07145444753894202,0.2224990035656175,-0.4742538432296592,True
fx_futures/EUR,fx_futures,50,200,ls,2000-03-31,2014-06-19,2024-03-28,3573,2382,0.1114667521545054,0.288268408342583,0.020617790833379796,0.09552344081144647,-0.28706239117665067,-0.19123561949297324,0.005918592337410033,0.01826748437967733,0.07172341007835321,0.25905734822608667,-0.46700016437463227,True
fx_futures/EUR,fx_futures,60,120,ls,1999-12-07,2014-04-25,2024-03-28,3621,2414,0.2393902002930076,0.5148713278768621,0.06661461104777655,0.2357525063213576,-0.2576066561033652,-0.1474839079630389,0.017160367199644005,0.03476970094435485,0.07132902024469709,0.21929927741112493,-0.4848729767773628,True
fx_futures/EUR,fx_futures,60,132,ls,1999-12-23,2014-05-05,2024-03-28,3613,2410,0.21339688800038742,0.43142990412742044,0.05583425815285269,0.16760034108039676,-0.26625268973384353,-0.17096215727103642,0.01486602141249081,0.02865331587046614,0.07139212378960641,0.2304437600999388,-0.48922568998147,True
fx_futures/EUR,fx_futures,60,180,ls,2000-03-03,2014-06-06,2024-03-28,3585,2390,0.11561417984183099,0.26581441812024414,0.021424771334005534,0.08372471647742885,-0.29314856980109993,-0.1983930359513481,0.006280641074879326,0.01661040068612297,0.07162909767088639,0.2578452539386618,-0.4691913244615427,True
fx_futures/EUR,fx_futures,60,400,ls,2001-01-18,2014-10-28,2024-03-28,3453,2302,0.03934769236806963,0.32025299577450994,-0.0009123550848834412,0.1669402152969612,-0.3117902920008601,-0.12416961545872401,-0.00028446345832427766,0.02072890233802027,0.07220832466531911,0.2389882923433347,-0.3929490206705263,True
fx_futures/EUR,fx_futures,62,758,ls,2002-06-25,2015-05-25,2024-03-28,3238,2159,0.00032036177263936185,0.01399866774276756,-0.009754863013532872,-0.008975086276612462,-0.3736157347481534,-0.17074642578615112,-0.0036445703121686696,-0.0015324639028539131,0.07111522915321339,0.11152253451022888,-0.23434990015754759,True
fx_futures/EUR,fx_futures,74,758,ls,2002-06-25,2015-05-25,2024-03-28,3238,2159,-0.001817782384382922,0.019501079627773938,-0.010209034456198878,-0.006795824585887766,-0.37489710467559845,-0.16795986689708708,-0.0038273374591623823,-0.0011414257929016612,0.07111089968424458,0.11152253451022888,-0.23434990015754759,True
fx_futures/EUR,fx_futures,80,144,ls,2000-01-11,2014-05-12,2024-03-28,3606,2405,0.18680387857334352,0.2867499929715994,0.04531981175340413,0.10351583979549289,-0.2763839859440748,-0.17479168751420038,0.012525670214640964,0.018093708322303823,0.07143624259280472,0.21433234466552978,-0.47858495884519264,True
fx_futures/EUR,fx_futures,80,300,ls,2000-08-23,2014-08-29,2024-03-28,3513,2342,-0.04321077695505698,0.1598939977433708,-0.02006146751366944,0.04318255834954475,-0.3690787097763467,-0.20794686512295524,-0.0074042605461652105,0.008979677636776926,0.07222231830189613,0.2830719091210902,-0.42611928404393307,True
fx_futures/EUR,fx_futures,100,200,ls,2000-03-31,2014-06-19,2024-03-28,3573,2382,0.14649002685243523,0.24402764993549722,0.02971477238394708,0.08612641686814304,-0.30195286485038386,-0.17460873578594013,0.008972460649709892,0.015038424767119325,0.07170217733788542,0.25905734822608667,-0.46700016437463227,True
fx_futures/EUR,fx_futures,100,250,ls,2000-06-13,2014-07-21,2024-03-28,3543,2362,0.0633353794637209,0.2259390377644089,0.004887174884742376,0.07835272894298713,-0.3568820589727779,-0.17566757772051517,0.0017441450354269078,0.013764034101206649,0.07196744658850766,0.25721504657534217,-0.46101964291372755,True
fx_futures/EUR,fx_futures,100,300,ls,2000-08-23,2014-08-29,2024-03-28,3513,2342,-0.05955759145373814,0.12133188769159187,-0.023944246498095928,0.031568258796117396,-0.36744780283992334,-0.19554644836944046,-0.008798260766382878,0.006173060888788105,0.07221251408698144,0.2830719091210902,-0.42611928404393307,True
fx_futures/EUR,fx_futures,100,400,ls,2001-01-18,2014-10-28,2024-03-28,3453,2302,-0.030216220114079057,0.18717621143574847,-0.01655574855624479,0.06944024202506198,-0.37462928761817216,-0.15796279384155576,-0.006202268287611568,0.010968974635312602,0.07221645701119153,0.2389882923433347,-0.3929490206705263,True
fx_futures/EUR,fx_futures,116,378,ls,2000-12-14,2014-10-15,2024-03-28,3466,2311,-0.035241423545670475,0.19579034059132203,-0.018505898981797626,0.07390295441397536,-0.36125747122038376,-0.1567770586128595,-0.006685394268824085,0.0115862878158233,0.07212220537715724,0.2799816231500489,-0.3988843290978475,True
fx_futures/EUR,fx_futures,120,398,ls,2001-01-16,2014-10-27,2024-03-28,3454,2303,-0.048076393065160226,0.14009640047860747,-0.020149862900238354,0.04145879158242721,-0.3831894279666246,-0.1817823580710034,-0.007721214438348246,0.007536476896627885,0.0721987435214833,0.23900133021403053,-0.38929202043316974,True
fx_futures/EUR,fx_futures,134,750,ls,2002-06-13,2015-05-20,2024-03-28,3243,2162,-0.07465198386066989,-0.030899936097051835,-0.02129355198489434,-0.024720517363867732,-0.4709975404183538,-0.19075855288908466,-0.01002921061165559,-0.004715650119000899,0.07111709484120403,0.14870743047104437,-0.24820855209847983,True
fx_futures/EUR,fx_futures,150,400,ls,2001-01-18,2014-10-28,2024-03-28,3453,2302,-0.23251005404389874,0.2031208749891069,-0.05166859952651287,0.07853497827916729,-0.44928759224835657,-0.1544945982912326,-0.023214060676111543,0.012133229921050629,0.07221314221956719,0.2389882923433347,-0.3929490206705263,True
fx_futures/EUR,fx_futures,150,500,ls,2001-06-12,2014-12-23,2024-03-28,3393,2262,-0.28079127499879913,0.09191254400552937,-0.06273369046120802,0.02203804840673267,-0.4312649870200844,-0.18325787247862574,-0.027054844202474875,0.004038645864598797,0.07225926533991729,0.2873045452845556,-0.34241426633102945,True
fx_futures/EUR,fx_futures,150,710,ls,2002-04-17,2015-04-28,2024-03-28,3267,2178,-0.1380414877662662,-0.09990199078469073,-0.03188117257586907,-0.04516596916222538,-0.48117673142880457,-0.2135755572802304,-0.01534047841417432,-0.009646347033923986,0.0714615708637882,0.18477719954161687,-0.230432572216406,True
fx_futures/EUR,fx_futures,162,678,ls,2002-03-01,2015-04-09,2024-03-28,3286,2191,-0.14651882397717292,-0.15799140611694987,-0.033551278920653654,-0.0610362512225057,-0.47762650446948723,-0.22503654786066987,-0.016024980071352595,-0.013735387269469275,0.07140086402112904,0.1855964150582293,-0.19426784530606173,True
fx_futures/EUR,fx_futures,174,698,ls,2002-04-01,2015-04-21,2024-03-28,3274,2183,-0.19267613267163103,-0.19530879196910877,-0.038643184763275114,-0.06631858219370487,-0.5151723601456678,-0.246837633436246,-0.01990790069804155,-0.016369921881541277,0.0714384072106052,0.17773871299948335,-0.20416971042812956,True
fx_futures/EUR,fx_futures,200,400,ls,2001-01-18,2014-10-28,2024-03-28,3453,2302,-0.24351133180139184,0.16681479097585467,-0.05435228164950864,0.05561438195241847,-0.4439889507541654,-0.17051598072605617,-0.024131812500660217,0.009483140881090113,0.07221359206325705,0.2389882923433347,-0.3929490206705263,True
fx_futures/EUR,fx_futures,200,600,ls,2001-11-05,2015-02-20,2024-03-28,3333,2222,-0.2804030009091997,-0.10888377431256478,-0.05254319639435678,-0.04295746108305119,-0.5141549940456857,-0.24183294857270446,-0.027015346829281802,-0.010388529476911473,0.07205854230109746,0.20477462081527184,-0.2665637834974919,True
fx_futures/GBP,fx_futures,5,20,ls,1976-01-16,2005-04-29,2024-03-28,7383,4922,0.4865106924053295,-0.22265755063447532,0.12602585284790102,-0.051357695735872955,-0.6288574839759027,-0.5189387423439651,0.07925230073784839,-0.026651498034857928,0.09919353313892207,0.29075290231729123,-0.21012274520358667,False
fx_futures/GBP,fx_futures,5,35,ls,1976-02-06,2005-05-09,2024-03-28,7374,4916,0.4813451696879639,-0.16562762965027897,0.13689079548804942,-0.04833347237906528,-0.5713401049279737,-0.43704357013740364,0.07821120145781595,-0.02112383332568428,0.09917761380504035,0.2881740725099057,-0.20225606215474884,True
fx_futures/GBP,fx_futures,8,21,ls,1976-01-19,2005-04-29,2024-03-28,7382,4922,0.32842607812834834,-0.2121351627151871,0.07046966002599976,-0.05245296421226651,-0.6562329572851405,-0.4886585173735131,0.04624451339774028,-0.025631587723812094,0.09918580759692272,0.29077259768868075,-0.21012274520358667,False
fx_futures/GBP,fx_futures,9,21,ls,1976-01-19,2005-04-29,2024-03-28,7382,4922,0.3177384198519105,-0.18248179165446965,0.06761197005201035,-0.051743645826077496,-0.6514713869833006,-0.4399199076632541,0.044047263906456566,-0.022763059893968138,0.09919252797064237,0.29077259768868075,-0.21012274520358667,True
fx_futures/GBP,fx_futures,10,20,ls,1976-01-16,2005-04-29,2024-03-28,7383,4922,0.35604773439309656,-0.16306729696152097,0.08140733478683503,-0.05027949275279356,-0.6380333944901903,-0.4151765436800543,0.051940598150443704,-0.02087486601909117,0.0991752767644092,0.29075290231729123,-0.21012274520358667,True
fx_futures/GBP,fx_futures,10,30,ls,1976-01-30,2005-05-05,2024-03-28,7377,4918,0.4387088818191152,-0.10293281723585834,0.12092448739678854,-0.03994833583666842,-0.5721697521884875,-0.3759520587265173,0.06918933398734038,-0.015018659100493801,0.09918327223067681,0.2907364358666462,-0.2099213555639414,True
fx_futures/GBP,fx_futures,10,100,ls,1976-05-11,2005-06-14,2024-03-28,7335,4890,0.4809462027000467,0.1937702426298149,0.13945611504198033,0.0632776358959586,-0.5605416670953385,-0.22764085317976587,0.07817096321227096,0.014404575022554593,0.09927099146831513,0.2952939000213068,-0.17631915850794727,True
fx_futures/GBP,fx_futures,12,26,ls,1976-01-26,2005-05-03,2024-03-28,7379,4920,0.45369336057175735,-0.17071321703621184,0.13521462244435414,-0.05178780269406658,-0.5349776929244994,-0.4174551249626176,0.07233680676493781,-0.02161908364519095,0.099184045824111,0.2888112015358481,-0.20421450627079285,True
fx_futures/GBP,fx_futures,13,48,ls,1976-02-26,2005-05-16,2024-03-28,7366,4911,0.43431359028078487,0.088194188909148,0.1316969735290575,0.015893578546490143,-0.5184929180101119,-0.24100671475272487,0.06828394809818147,0.0038304591511539774,0.09916252029937678,0.2831180056973938,-0.18701905473952804,True
fx_futures/GBP,fx_futures,20,50,ls,1976-03-01,2005-05-17,2024-03-28,7365,4910,0.41463284904006165,0.20852386068383238,0.11636910875080932,0.07230863501553947,-0.5512476992041175,-0.21959846454536985,0.06414820345731738,0.015878865222784033,0.0991530053577138,0.28297323463454355,-0.18655035268151698,True
fx_futures/GBP,fx_futures,20,60,ls,1976-03-15,2005-05-23,2024-03-28,7359,4906,0.3928058652690551,0.2340819279867731,0.10175875874303608,0.07348620286796534,-0.5868042509917594,-0.25124855567387344,0.05971247220605844,0.018463302332533547,0.09920752793237426,0.2821007255564222,-0.18434729137072944,True
fx_futures/GBP,fx_futures,20,100,ls,1976-05-11,2005-06-14,2024-03-28,7335,4890,0.4039348553180673,0.14516999924111978,0.10410305327102151,0.04073689659730897,-0.5952116923258567,-0.2337589920868163,0.061963354513733526,0.0095226158893318,0.09928909094041899,0.2952939000213068,-0.17631915850794727,True
fx_futures/GBP,fx_futures,21,55,ls,1976-03-08,2005-05-19,2024-03-28,7362,4908,0.336649431400313,0.24059148499650088,0.07809070207060814,0.09334270234608061,-0.6151611844439465,-0.2048227818697257,0.048038368779814655,0.019118711961762,0.09918760679106775,0.2829002761475333,-0.1862120295908351,True
fx_futures/GBP,fx_futures,30,90,ls,1976-04-27,2005-06-08,2024-03-28,7341,4894,0.3781171580348387,0.17920996508773737,0.08379322193399807,0.04461298300766634,-0.6752414424897968,-0.2900713703012753,0.05658065604958054,0.012940949114261285,0.09928996726305027,0.30146511271685744,-0.1838017542865679,True
fx_futures/GBP,fx_futures,30,200,ls,1976-10-01,2005-08-09,2024-03-28,7275,4850,0.5513611708280358,-0.08805343292477986,0.19589493643443726,-0.04042123464503616,-0.4745266414986601,-0.33573366505739444,0.09295736627282701,-0.013570769253522916,0.09931075634916936,0.32481973037284884,-0.17204024335935023,True
fx_futures/GBP,fx_futures,40,100,ls,1976-05-11,2005-06-14,2024-03-28,7335,4890,0.48272678994994467,0.31113091100148094,0.15791506691074975,0.09600396757019437,-0.49731389552741023,-0.2740303195974641,0.0785333570878566,0.026307997915884944,0.09925351046113909,0.2952939000213068,-0.17631915850794727,True
fx_futures/GBP,fx_futures,50,150,ls,1976-07-22,2005-07-12,2024-03-28,7305,4870,0.6149328110885355,0.013649910279566996,0.24356077703103296,-0.01271877366734512,-0.4382504663284434,-0.2790648520457916,0.10674062411316822,-0.003549362691681576,0.09922712658024144,0.29958561231463654,-0.1676341366482255,True
fx_futures/GBP,fx_futures,50,200,ls,1976-10-01,2005-08-09,2024-03-28,7275,4850,0.5256882185432983,-0.01935663367704877,0.19961199536277952,-0.020978095489897822,-0.4382504663284434,-0.32497773076752595,0.0874800500524892,-0.006817413868131465,0.09931081282704268,0.32481973037284884,-0.17204024335935023,True
fx_futures/GBP,fx_futures,60,120,ls,1976-06-09,2005-06-24,2024-03-28,7323,4882,0.6023017597016441,0.10983629993376473,0.2232457087018982,0.025891584251845363,-0.46562910998208573,-0.23203914730668954,0.10394970065018483,0.006007861132217509,0.0993004041390416,0.31110096137601584,-0.1824490021667383,True
fx_futures/GBP,fx_futures,60,132,ls,1976-06-25,2005-06-30,2024-03-28,7315,4878,0.6512814487141957,0.023379871380351722,0.2615428150824398,-0.009803472454881224,-0.4382504663284434,-0.26443322582753426,0.11462126067473308,-0.0025923638455556185,0.0993010076671296,0.30657805326647714,-0.17178013836733072,True
fx_futures/GBP,fx_futures,60,180,ls,1976-09-02,2005-07-28,2024-03-28,7287,4858,0.566686839630495,-0.04630778489723583,0.21991749263349977,-0.026355242603733307,-0.4382504663284434,-0.35904371591768447,0.09637894370041329,-0.009462684238356476,0.09924472309782031,0.29694158015278765,-0.1613161237934476,True
fx_futures/GBP,fx_futures,60,400,ls,1977-07-21,2005-11-30,2024-03-28,7155,4770,0.41662616639688715,-0.17528857950101334,0.09401294061540731,-0.05503262804987768,-0.6848660053757505,-0.40161556225813067,0.06438626709290166,-0.022101959856794196,0.09939463899909153,0.2812324651843643,-0.15603869222720862,False
fx_futures/GBP,fx_futures,62,758,ls,1978-12-21,2006-06-22,2024-03-28,6940,4627,0.15477261784509735,-0.0448281502744171,0.014274549228192745,-0.02750446750427184,-0.7751610194639658,-0.34046266677673354,0.011065074132114454,-0.0093642443547784,0.09958517422079075,0.2276426993737916,-0.1959430154335614,True
fx_futures/GBP,fx_futures,74,758,ls,1978-12-21,2006-06-22,2024-03-28,6940,4627,0.2364922245426679,0.061392056891467185,0.03779460269325651,0.004447512468798518,-0.7227714749322763,-0.26335916797290737,0.02731686073308439,0.0011712931833319088,0.0995745533139901,0.2276426993737916,-0.1959430154335614,True
fx_futures/GBP,fx_futures,80,144,ls,1976-07-14,2005-07-07,2024-03-28,7308,4873,0.5392281645293178,-0.09640096617620351,0.206254099459039,-0.03624525273791503,-0.4382504663284434,-0.396864391791464,0.09039095527007698,-0.014384450183160544,0.09927197579754035,0.29722090219422914,-0.15578358918417362,True
fx_futures/GBP,fx_futures,80,300,ls,1977-02-25,2005-10-05,2024-03-28,7215,4810,0.44305605392781366,-0.27943911561524776,0.1067579388227354,-0.06536930321973221,-0.6528424160957406,-0.49195124991806793,0.06969611071843584,-0.03215851042522044,0.0993509187738789,0.298122013723328,-0.1657993269015228,False
fx_futures/GBP,fx_futures,100,200,ls,1976-10-01,2005-08-09,2024-03-28,7275,4850,0.5158171952186607,-0.33389366191741976,0.17328567962039151,-0.07094281983418084,-0.4925390905576264,-0.5266708229480526,0.08534997104688785,-0.03736351330432345,0.0992984688764886,0.32481973037284884,-0.17204024335935023,False
fx_futures/GBP,fx_futures,100,250,ls,1976-12-14,2005-09-07,2024-03-28,7245,4830,0.4047948709006953,-0.2344541363638294,0.09353277566942457,-0.05853642600415239,-0.6599683564429225,-0.4749757475102336,0.0617286722320947,-0.027803382697899757,0.09929086631867952,0.3243771055730989,-0.1911458985129566,False
fx_futures/GBP,fx_futures,100,300,ls,1977-02-25,2005-10-05,2024-03-28,7215,4810,0.40387195699158024,-0.2860438735239992,0.08965937778166061,-0.06564878023188721,-0.686311427231391,-0.49953055689180037,0.06153425553000997,-0.03279357174850203,0.09935144788569227,0.298122013723328,-0.1657993269015228,False
fx_futures/GBP,fx_futures,100,400,ls,1977-07-21,2005-11-30,2024-03-28,7155,4770,0.4056401760424986,-0.21525924651229408,0.09294523133666309,-0.06286083384038485,-0.6683339240942856,-0.4131534022583728,0.062118451185083204,-0.025971167369953255,0.09936834280586043,0.2812324651843643,-0.15603869222720862,False
fx_futures/GBP,fx_futures,116,378,ls,1977-06-17,2005-11-17,2024-03-28,7168,4779,0.3802509272605746,-0.2661611545186916,0.08244197648272636,-0.07416059520223132,-0.6890338634558505,-0.4164979240547189,0.056805313566829316,-0.030887733948391696,0.09937295276795051,0.2821269913099787,-0.15250349304802985,False
fx_futures/GBP,fx_futures,120,398,ls,1977-07-19,2005-11-29,2024-03-28,7156,4771,0.4123064793600617,-0.24904638438112284,0.10315549959739403,-0.07243752563881395,-0.6157166753829375,-0.40373442569181756,0.0635145612595734,-0.029245522812322858,0.09939512760993703,0.28047737890381164,-0.15265887281611287,False
fx_futures/GBP,fx_futures,134,750,ls,1978-12-11,2006-06-19,2024-03-28,6945,4630,0.2419707434905217,0.03519280861830573,0.04095904718370735,-0.005792248180420734,-0.6941733646362762,-0.24797269395096527,0.028432679595810126,-0.001436319385331506,0.0995610146337707,0.2348852559107005,-0.20037609185143473,True
fx_futures/GBP,fx_futures,150,400,ls,1977-07-21,2005-11-30,2024-03-28,7155,4770,0.2827705499674026,-0.1514586303080988,0.05763271138144219,-0.056263091709899134,-0.6375095573433799,-0.3516310587340397,0.036741404321281985,-0.019783850505602205,0.09939898759383232,0.2812324651843643,-0.15603869222720862,True
fx_futures/GBP,fx_futures,150,500,ls,1977-12-12,2006-01-27,2024-03-28,7095,4730,0.29918457631844936,-0.01812775617654754,0.06048639911249645,-0.018859400783225837,-0.662818520178087,-0.35574349810448186,0.04009150555064605,-0.006709109206779164,0.09943447698927457,0.25794300351735255,-0.17158043449904878,True
fx_futures/GBP,fx_futures,150,710,ls,1978-10-11,2006-05-26,2024-03-28,6969,4646,0.2137814414722785,0.008110626052719346,0.03124089295582106,-0.015122731488470587,-0.7297029864134552,-0.27314279408279335,0.022796572888085703,-0.004130665132924697,0.09962133926869077,0.2344773403531946,-0.20564491300177024,True
fx_futures/GBP,fx_futures,162,678,ls,1978-08-25,2006-05-09,2024-03-28,6988,4659,0.2648026273303241,-0.044236740949699385,0.04790356784148332,-0.030925621259381274,-0.6900736904016966,-0.3011384935568128,0.033056991843780435,-0.009312894998358622,0.09963637285931586,0.2510428651164776,-0.20928943408082887,True
fx_futures/GBP,fx_futures,174,698,ls,1978-09-25,2006-05-19,2024-03-28,6976,4651,0.24618941088711643,-0.12543033783736726,0.04221709351309851,-0.04869665506276547,-0.6941733646362761,-0.35515884885044907,0.0293059818491519,-0.01729504795495918,0.09962933936908282,0.24182328574951528,-0.2138573515993643,True
fx_futures/GBP,fx_futures,200,400,ls,1977-07-21,2005-11-30,2024-03-28,7155,4770,0.29456710137380854,-0.14131384132524696,0.059850555690409035,-0.04736391585047856,-0.6541571098173032,-0.39683226474352734,0.039151666531397525,-0.01879552999406726,0.09940576989938754,0.2812324651843643,-0.15603869222720862,True
fx_futures/GBP,fx_futures,200,600,ls,1978-05-05,2006-03-24,2024-03-28,7035,4690,0.28769345114430217,-0.09130317283177261,0.05559796827042695,-0.03734008376368167,-0.6778679252086307,-0.3734570461037749,0.037688079397289596,-0.013944917383652082,0.09961348521376262,0.25990835246849225,-0.161519593160699,True
fx_futures/INR,fx_futures,5,20,ls,2015-12-07,2020-11-26,2024-03-28,1293,862,0.3480335876346397,-0.8092992447834939,0.21319486257762496,-0.244604220518555,-0.10527967038043246,-0.16009723579598698,0.02244508485897395,-0.039160459569052695,0.04793690761150558,0.5372052225957168,-0.07301569615449344,False
fx_futures/INR,fx_futures,5,35,ls,2015-12-28,2020-12-04,2024-03-28,1284,856,0.19199781719027795,-0.890838998450916,0.08261293679764643,-0.2541018034065696,-0.1356648631676577,-0.16887346899812905,0.011207672766531056,-0.04291105301994802,0.04793890936073896,0.5461612589062462,-0.08984550721123317,False
fx_futures/INR,fx_futures,8,21,ls,2015-12-08,2020-11-26,2024-03-28,1292,862,0.15318132867667802,-0.9169288807392648,0.057365050176674426,-0.2529672422891275,-0.14637862524958098,-0.1743185233552106,0.008397017182234835,-0.044096876133080484,0.04792678341254653,0.5374131491934643,-0.07301569615449344,False
fx_futures/INR,fx_futures,9,21,ls,2015-12-08,2020-11-26,2024-03-28,1292,862,0.10945847895758776,-1.006099223237726,0.03368970370552918,-0.26100140554084633,-0.1563118565248787,-0.18458990941980455,0.005266100131984351,-0.0481782258072265,0.04793089307153745,0.5374131491934643,-0.07301569615449344,False
fx_futures/INR,fx_futures,10,20,ls,2015-12-07,2020-11-26,2024-03-28,1293,862,0.2793546158478876,-1.1115041744827765,0.17036868957820128,-0.26740160817270664,-0.10243496777091551,-0.1982077593434024,0.01745171122611616,-0.053001073600734624,0.04795391074600681,0.5372052225957168,-0.07301569615449344,False
fx_futures/INR,fx_futures,10,30,ls,2015-12-21,2020-12-02,2024-03-28,1287,858,-0.05564749846075644,-0.7341444634005899,-0.0437125309947897,-0.21715968006264744,-0.14831311114143508,-0.16419079339665724,-0.0064831414677036705,-0.03565562016325033,0.04788826634039059,0.5408704451136654,-0.07909823127203951,False
fx_futures/INR,fx_futures,10,100,ls,2016-03-29,2021-01-12,2024-03-28,1245,830,0.47556012099117256,-1.0083494410798362,0.3594538272891774,-0.2897206790052419,-0.08815531941833604,-0.16678357217691914,0.03168776696082083,-0.04832064977801678,0.04797047184750314,0.4850043839775032,-0.16340835047314642,False
fx_futures/INR,fx_futures,12,26,ls,2015-12-15,2020-11-30,2024-03-28,1289,860,-0.11055256281545651,-1.0765860126035913,-0.07100621673695048,-0.24440024341654606,-0.14573620193421552,-0.2099720941255716,-0.010348176340960889,-0.051317230914971625,0.047863571266379724,0.533469010428233,-0.06308913945729927,False
fx_futures/INR,fx_futures,13,48,ls,2016-01-15,2020-12-11,2024-03-28,1276,851,0.043722997606623105,-1.3167942334867668,0.004244906944561093,-0.28822502077353296,-0.13384520394395763,-0.2163332189979711,0.0005681604357179016,-0.06235264653969547,0.04801051556511029,0.5484848511350219,-0.09242671176699342,False
fx_futures/INR,fx_futures,20,50,ls,2016-01-19,2020-12-14,2024-03-28,1275,850,0.2958243480174559,-1.0162096941759298,0.20472838578537841,-0.2760147474915184,-0.09177368331553815,-0.17624618808302783,0.01878867804276864,-0.04864654710007959,0.04793790246595205,0.5576754610736634,-0.11281356275631142,False
fx_futures/INR,fx_futures,20,60,ls,2016-02-02,2020-12-18,2024-03-28,1269,846,0.26259333895050974,-1.234013330938751,0.1689445738212372,-0.2880223042498871,-0.0971021760274225,-0.20363065622657667,0.01640488574606765,-0.05865017082229523,0.04803735697622935,0.5695306520251999,-0.1178993404736448,False
fx_futures/INR,fx_futures,20,100,ls,2016-03-29,2021-01-12,2024-03-28,1245,830,0.17784113982095062,-1.0972500960237646,0.07885307468513052,-0.29097944269821946,-0.1287922880929928,-0.1803443554880843,0.010155667911865607,-0.05247650005369235,0.04806726824240662,0.4850043839775032,-0.16340835047314642,False
fx_futures/INR,fx_futures,21,55,ls,2016-01-26,2020-12-16,2024-03-28,1272,848,0.3565047532172687,-1.2556703868375236,0.2421160956394568,-0.28714705271324725,-0.09599205456683747,-0.20750428184158598,0.023241221464132378,-0.05958424295619041,0.04800067042717162,0.5571330748609045,-0.11027794239663186,False
fx_futures/INR,fx_futures,30,90,ls,2016-03-15,2021-01-06,2024-03-28,1251,834,0.13070794740972622,-0.9588825095371025,0.04274470947008429,-0.27799038416209404,-0.15895747251129894,-0.1659210646724151,0.006794590980594383,-0.04612446050886833,0.048038446588526504,0.5460372389804524,-0.17777770324333658,False
fx_futures/INR,fx_futures,30,200,ls,2016-08-16,2021-03-09,2024-03-28,1185,790,0.3076872337443458,-0.24536843744002465,0.12552856238330917,-0.15234283183768543,-0.15667415620545072,-0.08082798214524696,0.019667081591088247,-0.012313563691732797,0.04615680630809845,0.4623545249774286,-0.2620082317738167,True
fx_futures/INR,fx_futures,40,100,ls,2016-03-29,2021-01-12,2024-03-28,1245,830,0.5452174606710392,-0.11265961236828866,0.29361277476340003,-0.08160156014628327,-0.12538293292789657,-0.08032396270084322,0.03681403084493299,-0.006554560673520672,0.04809832658100672,0.4850043839775032,-0.16340835047314642,True
fx_futures/INR,fx_futures,50,150,ls,2016-06-07,2021-02-09,2024-03-28,1215,810,0.43196869064369625,-0.19741026967303302,0.2167694571033643,-0.12375099033176615,-0.1314460374422804,-0.08649481573886102,0.028493486174751618,-0.010703819106247684,0.04854143953611677,0.48737348137773345,-0.224630646123439,True
fx_futures/INR,fx_futures,50,200,ls,2016-08-16,2021-03-09,2024-03-28,1185,790,0.43706982954442186,-0.0531358245428339,0.2940695656660433,-0.0598685253485943,-0.09910946958190107,-0.058682065542532004,0.02914507867334158,-0.0035132087284409494,0.04618169859503305,0.4623545249774286,-0.2620082317738167,True
fx_futures/INR,fx_futures,60,120,ls,2016-04-26,2021-01-22,2024-03-28,1233,822,0.3596708985916772,-0.11352024389148038,0.15591298673454373,-0.10577057040931154,-0.14914480729537866,-0.06266192550156838,0.023253612361370454,-0.006627787603246672,0.04829785693828602,0.4805577430726013,-0.20289933669315102,True
fx_futures/INR,fx_futures,60,132,ls,2016-05-12,2021-01-28,2024-03-28,1225,818,0.4041815813771003,-0.07934933219899086,0.19452783981259134,-0.07760927404826219,-0.13648899546439794,-0.06441871992321997,0.026550909445879907,-0.004999490088359426,0.04839661431492403,0.4765467974124299,-0.19738636913421703,True
fx_futures/INR,fx_futures,60,180,ls,2016-07-19,2021-02-25,2024-03-28,1197,798,0.4325034789356981,-0.08264957905746106,0.2398004056119485,-0.09089597897533498,-0.11826026789908874,-0.057236043807424565,0.02835886020997917,-0.005202526234551016,0.04873505851425375,0.5227786321948651,-0.28861713166581954,True
fx_futures/INR,fx_futures,60,400,ls,2017-05-24,2021-06-29,2024-03-28,1065,710,-0.4698045213444515,0.12316155936314112,-0.16165572839504075,0.09964538550146451,-0.21932741294909505,-0.044585122963040805,-0.03545553269728585,0.0044427017652823985,0.04375056153035479,0.19939445979283968,-0.30433057776339956,True
fx_futures/INR,fx_futures,62,758,ls,2018-10-09,2022-01-17,2024-03-28,850,567,-0.4904836675551009,-0.554629489609278,-0.19846259294759908,-0.3654726497823367,-0.1783204727215432,-0.06823339548278534,-0.03538994339195907,-0.024937439850739682,0.04380369190450589,0.7960074327104476,-0.6387428167086788,True
fx_futures/INR,fx_futures,74,758,ls,2018-10-09,2022-01-17,2024-03-28,850,567,-0.30966647976886225,-0.4578328020396763,-0.16172931315681138,-0.35052748084018687,-0.14425981428306242,-0.0592056296573645,-0.023331040680128853,-0.020753200215353033,0.04372082366278108,0.7960074327104476,-0.6387428167086788,True
fx_futures/INR,fx_futures,80,144,ls,2016-05-30,2021-02-04,2024-03-28,1218,813,0.44492623272699705,0.13632031073119175,0.2678981386162255,0.09485681908066589,-0.1100172338384802,-0.05738969835622602,0.029473412161034863,0.00544380423407052,0.04843436807184281,0.5067119650985596,-0.2131337851823392,True
fx_futures/INR,fx_futures,80,300,ls,2017-01-04,2021-05-04,2024-03-28,1125,750,-0.34128130846916843,0.11709835123404591,-0.10367422212362971,0.09827547411052692,-0.2581852321693634,-0.042682988553459256,-0.02676715310896749,0.004194690936545402,0.044003928741965743,0.4585238264281467,-0.24056698034876872,True
fx_futures/INR,fx_futures,100,200,ls,2016-08-16,2021-03-09,2024-03-28,1185,790,-0.0582568578148452,0.04325296828589685,-0.028686030859004997,0.019359225033261658,-0.23419231341874558,-0.048172437288039605,-0.006718047929671906,0.0009325810538598436,0.04615927611891511,0.4623545249774286,-0.2620082317738167,True
fx_futures/INR,fx_futures,100,250,ls,2016-10-25,2021-04-06,2024-03-28,1155,770,-0.30785117727113775,0.04644072413403128,-0.09567606037042135,0.025190371140824258,-0.25554400086611034,-0.04286219941855263,-0.02444944325416498,0.0010797147112653624,0.045564914936199415,0.4199617423160009,-0.2619842876542445,True
fx_futures/INR,fx_futures,100,300,ls,2017-01-04,2021-05-04,2024-03-28,1125,750,-0.3396890792061425,0.16177192842943372,-0.1034241203555053,0.1383996639886055,-0.2578619394454432,-0.044585122963040826,-0.02666914426030954,0.00617056603697551,0.04400320190743514,0.4585238264281467,-0.24056698034876872,True
fx_futures/INR,fx_futures,100,400,ls,2017-05-24,2021-06-29,2024-03-28,1065,710,-0.6604545572594969,-0.08383675442233575,-0.1863947700880228,-0.07278897213298847,-0.26010040260617795,-0.06335864244637673,-0.04848135474358071,-0.0046118104594132965,0.04374242094971067,0.19939445979283968,-0.30433057776339956,True
fx_futures/INR,fx_futures,116,378,ls,2017-04-24,2021-06-16,2024-03-28,1078,719,-0.6306677637518303,-0.22257295291985882,-0.176378886827184,-0.15834908024284272,-0.2639730859838501,-0.06783076898057801,-0.04655927905816801,-0.010740939880239274,0.0441459458937382,0.23467203359710198,-0.3991208368504008,True
fx_futures/INR,fx_futures,120,398,ls,2017-05-22,2021-06-28,2024-03-28,1066,711,-0.8110343250991839,-0.2100972218314697,-0.2024516705237212,-0.13173670511093316,-0.2899969892092276,-0.0765640183283737,-0.05871037491225768,-0.010086291504633048,0.04371067067006737,0.18798571887209728,-0.31162340926780285,True
fx_futures/INR,fx_futures,134,750,ls,2018-09-27,2022-01-12,2024-03-28,855,570,-0.14062697697455218,-0.9111075934223427,-0.08738700508944243,-0.4231383563862249,-0.13689629359169111,-0.09455305346961927,-0.011962957104822916,-0.040009023636433536,0.043761757854003026,0.7044421026946871,-0.7060669794021123,False
fx_futures/INR,fx_futures,150,400,ls,2017-05-24,2021-06-29,2024-03-28,1065,710,-0.8953065545881465,-0.20937499198766088,-0.20478420465513544,-0.13018606824346438,-0.31390324209900017,-0.07730106022702632,-0.06428242577191218,-0.010063521102007799,0.04374453604379627,0.19939445979283968,-0.30433057776339956,True
fx_futures/INR,fx_futures,150,500,ls,2017-10-11,2021-08-24,2024-03-28,1005,670,-0.9997568402865211,-0.2424759614310767,-0.22450439004605796,-0.1764946119841566,-0.31996035419075547,-0.06582518503378161,-0.07183250415651622,-0.011617790491322598,0.04417506439608895,0.20715105024954236,-0.393907978675172,True
fx_futures/INR,fx_futures,150,710,ls,2018-08-02,2021-12-20,2024-03-28,879,586,-0.3927079402167961,-0.5576530877084639,-0.18542432854849586,-0.2657074474863512,-0.1618874462151697,-0.09425690289924023,-0.03001787101487858,-0.025044761077325978,0.043765185963139844,0.2851955064062646,-0.36117742182780777,False
fx_futures/INR,fx_futures,162,678,ls,2018-06-19,2021-12-01,2024-03-28,898,599,-0.2830031770825299,-0.6396814643540335,-0.13883455341783696,-0.302569552256584,-0.16124080884786737,-0.09425690289924028,-0.022385795689124483,-0.02851926890731545,0.043735512403981214,0.33241333011353,-0.4471861008009139,False
fx_futures/INR,fx_futures,174,698,ls,2018-07-17,2021-12-13,2024-03-28,886,591,-0.15540463414634254,-0.7173992524549683,-0.09204992324059227,-0.2912492196953239,-0.14629009490287778,-0.10982151032265322,-0.01346599200666886,-0.03198542918723471,0.04396495257308359,0.27443233937888023,-0.3504199423403059,False
fx_futures/INR,fx_futures,200,400,ls,2017-05-24,2021-06-29,2024-03-28,1065,710,-0.8578181048587121,-0.18673436191453938,-0.20162668949042914,-0.1320283020580272,-0.30627525258414673,-0.0688065405777781,-0.06175326525138651,-0.009084410722970794,0.04375251711527644,0.19939445979283968,-0.30433057776339956,True
fx_futures/INR,fx_futures,200,600,ls,2018-03-01,2021-10-19,2024-03-28,945,630,-0.4174708781465142,-0.8386783340694495,-0.18615506052090788,-0.3001935141688654,-0.17464453279296646,-0.12231070671899712,-0.032510963571720355,-0.0367168808704532,0.04347421158325441,0.11952081516521125,-0.3564533244645807,False
fx_futures/JPY,fx_futures,5,20,ls,1977-07-13,2005-08-04,2024-03-28,7074,4716,0.3650234249133521,0.09937100791520846,0.10223221737483383,0.015738973286549232,-0.22087001626974379,-0.3127804132021467,0.02258003151487153,0.004922842567944418,0.09228080601464185,-0.024972257633974582,-0.37493127470523246,True
fx_futures/JPY,fx_futures,5,35,ls,1977-08-04,2005-08-12,2024-03-28,7065,4710,0.5379919416021605,-0.1309952536311565,0.22546550781046334,-0.036492214785024756,-0.15341497494743497,-0.4450159791259377,0.03458978523225294,-0.016239618693031813,0.09239093340944635,-0.01735035851916388,-0.38371055994957837,True
fx_futures/JPY,fx_futures,8,21,ls,1977-07-15,2005-08-04,2024-03-28,7073,4716,0.5061574121541215,-0.09097526170995139,0.17859991555875074,-0.030742463906263874,-0.18109484181832478,-0.409029993712068,0.032343523456878125,-0.01257458981827259,0.09227274769074759,-0.024974022648400124,-0.37493127470523246,True
fx_futures/JPY,fx_futures,9,21,ls,1977-07-15,2005-08-04,2024-03-28,7073,4716,0.5237082788765203,-0.1530464882557023,0.19517375355916633,-0.04272322867205243,-0.17193651189190137,-0.4263407021501773,0.03355749439981263,-0.01821465131016542,0.09227440873696546,-0.024974022648400124,-0.37493127470523246,True
fx_futures/JPY,fx_futures,10,20,ls,1977-07-13,2005-08-04,2024-03-28,7074,4716,0.5686409855560994,-0.12123752282882239,0.24893460949988638,-0.037845646378237174,-0.1473349198134304,-0.40506638450599863,0.03667676072945337,-0.015329999147725074,0.09228181422520847,-0.024972257633974582,-0.37493127470523246,True
fx_futures/JPY,fx_futures,10,30,ls,1977-07-28,2005-08-10,2024-03-28,7068,4712,0.6209158338321069,0.09580737531572915,0.24303358293967614,0.01583161884804968,-0.16606854529800538,-0.29016063953556726,0.04036023357735415,0.004593712649833436,0.09236463370529337,-0.022189920860387423,-0.37828207321143154,True
fx_futures/JPY,fx_futures,10,100,ls,1977-11-04,2005-09-20,2024-03-28,7026,4684,0.7505484384698979,0.2762085382223197,0.25718532588500564,0.07875157227434357,-0.19284981866179288,-0.2728928064762033,0.04959814345939744,0.021490737572359177,0.09246116776848545,-0.04310840961020023,-0.37162879239976176,True
fx_futures/JPY,fx_futures,12,26,ls,1977-07-22,2005-08-08,2024-03-28,7070,4714,0.6147722111864639,0.13838677958866138,0.2316213980066906,0.03512308052363528,-0.17234223846535757,-0.2434482471711802,0.039918150208948566,0.008550652388731227,0.0923278873445697,-0.02827328340217679,-0.37143334470556594,True
fx_futures/JPY,fx_futures,13,48,ls,1977-08-23,2005-08-19,2024-03-28,7057,4705,0.6345994233977819,0.30881927118077446,0.21422672610474894,0.10424758868382542,-0.1929354188678226,-0.23538420242549743,0.04133192313370204,0.024538235517123558,0.09229077881579908,-0.021943134250901726,-0.37893395803704094,True
fx_futures/JPY,fx_futures,20,50,ls,1977-08-25,2005-08-22,2024-03-28,7056,4704,0.6505817257238818,0.1260576745277588,0.23163468465244455,0.02466124565208516,-0.18329147789101854,-0.3002454792666667,0.042456663680766595,0.00740442752012331,0.09235798427037344,-0.018954181128859,-0.3822820707145114,True
fx_futures/JPY,fx_futures,20,60,ls,1977-09-09,2005-08-26,2024-03-28,7050,4700,0.6945066917323758,0.2448098249463372,0.21250669587182466,0.0697812808047831,-0.2144753459631252,-0.26532777742182795,0.045577447116590224,0.018514912141581567,0.09236552113626592,-0.02138383368892066,-0.37980202024888954,True
fx_futures/JPY,fx_futures,20,100,ls,1977-11-04,2005-09-20,2024-03-28,7026,4684,0.6150840457714739,0.22903802249324864,0.2119044048816736,0.05498990335007073,-0.1890671945658827,-0.31003377832885815,0.040064171347130965,0.017048727505561162,0.09248708359396003,-0.04310840961020023,-0.37162879239976176,True
fx_futures/JPY,fx_futures,21,55,ls,1977-09-01,2005-08-24,2024-03-28,7053,4702,0.6522781439202896,0.11028353648370659,0.20829030173780022,0.018151644814773243,-0.20452925181086365,-0.3271263876323625,0.04260145957389131,0.005937881997842475,0.09237282586043606,-0.020915918365787326,-0.3802238970038591,True
fx_futures/JPY,fx_futures,30,90,ls,1977-10-21,2005-09-14,2024-03-28,7032,4688,0.6053342951318513,0.2815710776534013,0.24839410355343655,0.07501346135382336,-0.15840235429294397,-0.2930611045962585,0.03934621079534967,0.021983527843940222,0.09239155165651115,-0.03237312068616606,-0.3787842312584787,True
fx_futures/JPY,fx_futures,30,200,ls,1978-03-31,2005-11-15,2024-03-28,6966,4644,0.33959195970550027,0.3562642296706015,0.06925019728456214,0.09289660429030595,-0.3028981671276966,-0.3136855468167561,0.020975757830725264,0.029140322114224432,0.09269887239688254,-0.09545181402168787,-0.34050826468484935,True
fx_futures/JPY,fx_futures,40,100,ls,1977-11-04,2005-09-20,2024-03-28,7026,4684,0.46112683293568724,0.1616837703477717,0.1586087714970021,0.0310007669215543,-0.18475364680197875,-0.3460740488325686,0.029303548948852877,0.01072856092545706,0.09249640066702985,-0.04310840961020023,-0.37162879239976176,True
fx_futures/JPY,fx_futures,50,150,ls,1978-01-18,2005-10-18,2024-03-28,6996,4664,0.35160538876347275,0.20884146270852866,0.07460388195037246,0.04998111494849583,-0.2917566147975654,-0.30327165081413965,0.021766176048597857,0.015157855239961602,0.09259334008153991,-0.06248251251405396,-0.3546799192414877,True
fx_futures/JPY,fx_futures,50,200,ls,1978-03-31,2005-11-15,2024-03-28,6966,4644,0.3931352442884116,0.32187682158262904,0.11058485230877332,0.08595188701191403,-0.22334643073402372,-0.30096280354163063,0.024698732056413684,0.025868320884799116,0.09272172910898642,-0.09545181402168787,-0.34050826468484935,True
fx_futures/JPY,fx_futures,60,120,ls,1977-12-05,2005-09-30,2024-03-28,7014,4676,0.3481270536301735,0.15874382927051112,0.09214030329537092,0.034480430303815486,-0.23330110076237992,-0.30323273096860914,0.021496434183389576,0.010455595045998758,0.09253269391462056,-0.054832231263883105,-0.3637999317861753,True
fx_futures/JPY,fx_futures,60,132,ls,1977-12-21,2005-10-06,2024-03-28,7006,4672,0.3337321955973213,0.1880237473957468,0.07879882034134435,0.046422008983482387,-0.2603675790628704,-0.2842981389532003,0.020516658085285893,0.013197690760472787,0.09253773151361327,-0.05346054094545884,-0.3655962676434871,True
fx_futures/JPY,fx_futures,60,180,ls,1978-03-02,2005-11-03,2024-03-28,6978,4652,0.37824799536359055,0.3540620326328768,0.10872047478718905,0.09839462197589478,-0.21753161866064702,-0.2938614961283785,0.023650140862011296,0.028914390824822667,0.09264919665144344,-0.07175308955104802,-0.3477245427856273,True
fx_futures/JPY,fx_futures,60,400,ls,1979-01-17,2006-03-09,2024-03-28,6846,4564,0.3480648344923535,0.2833710185247332,0.09969508034344936,0.07018885887861763,-0.21761149211034594,-0.3174756383901152,0.021694795189598836,0.02228325278036284,0.093057941526141,-0.11412140360794909,-0.34085758212736034,True
fx_futures/JPY,fx_futures,62,758,ls,1980-06-18,2006-09-27,2024-03-28,6631,4421,0.2610924997304968,0.1616296105454018,0.07107071412103982,0.03478507356155433,-0.2230171931845068,-0.31067098169940355,0.015849991180892795,0.010806712951854052,0.0936972535563113,-0.09072426435890796,-0.33748982289668844,True
fx_futures/JPY,fx_futures,74,758,ls,1980-06-18,2006-09-27,2024-03-28,6631,4421,0.222106053867297,0.1800268542218503,0.05722564716368348,0.04729118741686635,-0.2289574858068038,-0.2654048867907996,0.013102240298264223,0.0125513122425759,0.09369704209066747,-0.09072426435890796,-0.33748982289668844,True
fx_futures/JPY,fx_futures,80,144,ls,1978-01-10,2005-10-13,2024-03-28,6999,4667,0.42403630857224045,0.36215990520341934,0.1273740499577562,0.09894181542340845,-0.2102763284870834,-0.29983683425358965,0.026783747569647316,0.02966640071185778,0.09257560777624523,-0.058878597771695386,-0.35976371806570573,True
fx_futures/JPY,fx_futures,80,300,ls,1978-08-22,2006-01-12,2024-03-28,6906,4604,0.27207553814076196,0.3816209499162979,0.06955022022450548,0.10298921666757664,-0.23550090393734108,-0.3068635083442985,0.01637913973191218,0.03160363234824367,0.09282877828606732,-0.10713181108837636,-0.3602675400723844,True
fx_futures/JPY,fx_futures,100,200,ls,1978-03-31,2005-11-15,2024-03-28,6966,4644,0.47391414511812807,0.37884658834242546,0.17314931049103033,0.11702297925123033,-0.1752020413916275,-0.2674715510881446,0.030336112663581258,0.031300317773282335,0.09270032789390209,-0.09545181402168787,-0.34050826468484935,True
fx_futures/JPY,fx_futures,100,250,ls,1978-06-12,2005-12-13,2024-03-28,6936,4624,0.35589628009293933,0.35850049028888054,0.1060230642370879,0.09619828756565559,-0.20892665842255137,-0.30557850871152925,0.022151044526774286,0.02939612925491588,0.09284367372960838,-0.10019110179569417,-0.3358082200828441,True
fx_futures/JPY,fx_futures,100,300,ls,1978-08-22,2006-01-12,2024-03-28,6906,4604,0.30824701053761416,0.41081046191816223,0.0721306857693621,0.10950374878576276,-0.2619320804267384,-0.31413597070756283,0.01889334058617635,0.03439906642093269,0.09281846382200988,-0.10713181108837636,-0.3602675400723844,True
fx_futures/JPY,fx_futures,100,400,ls,1979-01-17,2006-03-09,2024-03-28,6846,4564,0.2583560262794547,0.33998584323074693,0.05483558859949568,0.0801623805504495,-0.28174000728248905,-0.34526632226206333,0.015449379131361487,0.027677370316425653,0.0930398821740012,-0.11412140360794909,-0.34085758212736034,True
fx_futures/JPY,fx_futures,116,378,ls,1978-12-14,2006-02-24,2024-03-28,6859,4573,0.26665417200227215,0.3154214937732915,0.05714529198909095,0.06737409209451843,-0.28023306934782954,-0.37587056447165507,0.016014000572880892,0.025323938026331917,0.09300739696830823,-0.11100131320735966,-0.3472279388040884,True
fx_futures/JPY,fx_futures,120,398,ls,1979-01-15,2006-03-08,2024-03-28,6847,4565,0.34606793492401144,0.3483236073246355,0.12802898367229165,0.08306915324192263,-0.16835808109029216,-0.3428075895710185,0.02155471401500737,0.028476736190569053,0.09304781813069761,-0.1110119019497084,-0.3426744407912222,True
fx_futures/JPY,fx_futures,134,750,ls,1980-06-06,2006-09-22,2024-03-28,6636,4424,0.16651816145373954,0.090612426797249,0.039534384657863984,0.013220992545930295,-0.2325862052096301,-0.3103395040927512,0.009195152502870405,0.004102996270317968,0.09368126909490991,-0.08241771240249723,-0.34219698339371535,True
fx_futures/JPY,fx_futures,150,400,ls,1979-01-17,2006-03-09,2024-03-28,6846,4564,0.25615882072559887,0.3922734144563342,0.06898311571869302,0.11429878592286102,-0.22173898272149542,-0.28600107097733063,0.015296245904422192,0.032689575185346896,0.09304462525202375,-0.11412140360794909,-0.34085758212736034,True
fx_futures/JPY,fx_futures,150,500,ls,1979-06-11,2006-05-05,2024-03-28,6786,4524,0.2352071888462558,0.28259489079991085,0.06936360055167833,0.07181683647918626,-0.2004485334037919,-0.30958120910765397,0.01390383200219037,0.022233143071513153,0.0931957346875101,-0.06358061578550031,-0.3666082298685386,True
fx_futures/JPY,fx_futures,150,710,ls,1980-04-10,2006-08-31,2024-03-28,6660,4440,0.1549240850004716,0.12859064402690198,0.03659226564424892,0.026511422811437483,-0.22903621104322688,-0.2896086731093007,0.008380953876646016,0.007677937982660056,0.0935632410241177,-0.05994426824384043,-0.3388476173039196,True
fx_futures/JPY,fx_futures,162,678,ls,1980-02-25,2006-08-14,2024-03-28,6679,4453,0.1482443355445891,0.17612996444137977,0.03322663937705907,0.040803138983850684,-0.23801689008843102,-0.2981038704229268,0.007908501372617402,0.012163573656490498,0.0934607284745906,-0.05553314711092649,-0.3425843588555247,True
fx_futures/JPY,fx_futures,174,698,ls,1980-03-24,2006-08-24,2024-03-28,6667,4445,0.1554753521011167,0.1210452076734532,0.03640745863506436,0.023240655670094933,-0.23126910421354066,-0.29971722996331424,0.00841992034522287,0.006965624939972046,0.09352190755732079,-0.054032862748140904,-0.3432691869817785,True
fx_futures/JPY,fx_futures,200,400,ls,1979-01-17,2006-03-09,2024-03-28,6846,4564,0.21364278663561345,0.30796182278619283,0.05852211242999542,0.08362580901052512,-0.21099231805766488,-0.29441615263862936,0.012347716159236018,0.02462078895017163,0.09305179212165224,-0.11412140360794909,-0.34085758212736034,True
fx_futures/JPY,fx_futures,200,600,ls,1979-10-31,2006-06-30,2024-03-28,6726,4484,0.14461644794770184,0.19263828169113478,0.030928742794836976,0.04079905610179172,-0.24698323371767636,-0.3360954749989651,0.007638880910291119,0.013712378140041113,0.09332348873787451,-0.05737711168114462,-0.35498922391750865,True
fx_futures/NOK,fx_futures,5,20,ls,2002-07-16,2015-11-09,2024-03-28,3336,2224,-0.16746645549793987,-0.2420739110508799,-0.054649706959955524,-0.10798676382710182,-0.5448007635681346,-0.31906274880724506,-0.029773202080558565,-0.034454553701473885,0.11677948152401535,0.06403363631987682,-0.2659520081464334,True
fx_futures/NOK,fx_futures,5,35,ls,2002-08-06,2015-11-17,2024-03-28,3327,2218,-0.2408500435676607,-0.12015117831492378,-0.06484316199804291,-0.06476034940794002,-0.6023140989684203,-0.3188776593080714,-0.03905595069311452,-0.020650628635176763,0.11696075665779389,0.06360726319654575,-0.26561092826448396,True
fx_futures/NOK,fx_futures,8,21,ls,2002-07-17,2015-11-09,2024-03-28,3335,2224,-0.2675924792226616,0.1340939321534051,-0.07081487173847102,0.03996357802269349,-0.5976197250059672,-0.22296045566195494,-0.04232036417467789,0.00891029756582183,0.1167674914071581,0.06404323311689711,-0.2659520081464334,True
fx_futures/NOK,fx_futures,9,21,ls,2002-07-17,2015-11-09,2024-03-28,3335,2224,-0.32611900734350746,0.07143640896923852,-0.07917397104894669,0.007248694938715679,-0.6262318194015286,-0.2145497499819981,-0.04958125993922584,0.001555205686797224,0.11678388037127718,0.06404323311689711,-0.2659520081464334,True
fx_futures/NOK,fx_futures,10,20,ls,2002-07-16,2015-11-09,2024-03-28,3336,2224,-0.42976931489953063,0.05924361523492536,-0.09398979553096719,0.0005263801766064576,-0.6628700121477868,-0.24584719157524043,-0.06230301690538022,0.00012940908811957667,0.11679247879090106,0.06403363631987682,-0.2659520081464334,True
fx_futures/NOK,fx_futures,10,30,ls,2002-07-30,2015-11-13,2024-03-28,3330,2220,-0.25492958549060935,0.23386254060826558,-0.06788170243788057,0.1066051396520555,-0.6012947720716827,-0.19452903453983392,-0.04081691279522318,0.020737794893498522,0.11681470389634818,0.06086985116006565,-0.26094763052734365,True
fx_futures/NOK,fx_futures,10,100,ls,2002-11-07,2015-12-24,2024-03-28,3288,2192,-0.031637514056424315,-0.36132363490395064,-0.028922183761347198,-0.12330546721801133,-0.43574139755383035,-0.38870500624799964,-0.012602592772478126,-0.04792945240538961,0.11701371851126705,0.03087203356683841,-0.2643572602730777,False
fx_futures/NOK,fx_futures,12,26,ls,2002-07-24,2015-11-11,2024-03-28,3332,2222,-0.27187436816329175,0.23566453322637987,-0.07433017247568229,0.12791440753524363,-0.5772282539515087,-0.16380688645789265,-0.042905475674052576,0.02095326083145426,0.11681502324412517,0.06808008317755455,-0.2728025930695998,True
fx_futures/NOK,fx_futures,13,48,ls,2002-08-23,2015-11-24,2024-03-28,3319,2213,-0.1335890902331278,-0.059315502687649374,-0.04988234636279921,-0.06980800166581967,-0.5129722387270375,-0.19554909005809007,-0.025588258886682605,-0.013650891204524673,0.11692257910312726,0.066205265551839,-0.27030569922716446,True
fx_futures/NOK,fx_futures,20,50,ls,2002-08-27,2015-11-25,2024-03-28,3318,2212,-0.16940360717186512,-0.30370013646256044,-0.06323453701564243,-0.11473038587858288,-0.47672231176163066,-0.3613357371498383,-0.030145314669273462,-0.04145618855492314,0.11694152894612327,0.06476002247534829,-0.2679393559940137,False
fx_futures/NOK,fx_futures,20,60,ls,2002-09-11,2015-12-02,2024-03-28,3312,2208,-0.08948381709733888,-0.3322755118274189,-0.04915642842821568,-0.11915189734637516,-0.40713393725494246,-0.3750306532804338,-0.02001325024737023,-0.04468561390141426,0.11701128299061003,0.06384411630212616,-0.2678022316606803,False
fx_futures/NOK,fx_futures,20,100,ls,2002-11-07,2015-12-24,2024-03-28,3288,2192,0.1304136532497485,-0.48156640928379907,0.022625049116429236,-0.13634923547408148,-0.37754292782304205,-0.4491066544627822,0.008541927285556824,-0.061235348982322836,0.11701493391584084,0.03087203356683841,-0.2643572602730777,False
fx_futures/NOK,fx_futures,21,55,ls,2002-09-04,2015-11-30,2024-03-28,3315,2210,-0.03893394819962981,-0.2985481060939368,-0.03441886858413352,-0.11608949857347357,-0.3922085120434521,-0.35222941372279953,-0.013499373233602126,-0.04089013602190837,0.11696992123535369,0.06287480914856133,-0.2648754546542366,False
fx_futures/NOK,fx_futures,30,90,ls,2002-10-24,2015-12-18,2024-03-28,3294,2196,0.16599097242087157,-0.4003729278748538,0.03413088792931653,-0.1300030571670531,-0.3880038423332914,-0.4017958611716107,0.01324291565882177,-0.05223469030937823,0.11693980573149806,0.05440245281437134,-0.2606373769468267,False
fx_futures/NOK,fx_futures,30,200,ls,2003-04-04,2016-02-23,2024-03-28,3228,2152,-0.05386632050516941,-0.02889942182026532,-0.035604592943630546,-0.032912810872016696,-0.4343959162627554,-0.3103820702247698,-0.015466489774910826,-0.010215546375372853,0.11740186071389164,0.020958037207323147,-0.2789513326120733,True
fx_futures/NOK,fx_futures,40,100,ls,2002-11-07,2015-12-24,2024-03-28,3288,2192,0.31630529949215963,-0.3721645520845214,0.13233652987216862,-0.1270388166894975,-0.25201451106893175,-0.3868598017266912,0.03335072587229366,-0.04914621143609248,0.11703340833992915,0.03087203356683841,-0.2643572602730777,False
fx_futures/NOK,fx_futures,50,150,ls,2003-01-23,2016-01-26,2024-03-28,3258,2172,0.016433216598677934,-0.03462385226669547,-0.018397276749983166,-0.035291903920158796,-0.3476360952624233,-0.3077870750797966,-0.006395557452826313,-0.010862391881582882,0.11728946886903147,-0.008710971273779627,-0.26660576029055016,True
fx_futures/NOK,fx_futures,50,200,ls,2003-04-04,2016-02-23,2024-03-28,3228,2152,-0.036950694224163715,-0.19134350965109206,-0.031759150331044976,-0.07522123102346309,-0.41831552721484516,-0.38439116482792207,-0.013285345714626603,-0.02891437661289921,0.11740575974137185,0.020958037207323147,-0.2789513326120733,True
fx_futures/NOK,fx_futures,60,120,ls,2002-12-09,2016-01-07,2024-03-28,3276,2184,0.22235525718317364,-0.07217382092429174,0.07350113021705673,-0.056100494578260454,-0.2823229578661931,-0.270652104249968,0.02075105648938768,-0.015183716907070113,0.11714908409329688,0.012282464885050233,-0.24493213294364702,True
fx_futures/NOK,fx_futures,60,132,ls,2002-12-26,2016-01-13,2024-03-28,3268,2180,0.08974397945835677,-0.06930526904306931,0.010322014060266114,-0.04862800763795847,-0.30887088099317017,-0.30563069097036477,0.003188169576418284,-0.014862211574901424,0.11720291962653462,-0.0056188234920668025,-0.25305379922176946,True
fx_futures/NOK,fx_futures,60,180,ls,2003-03-07,2016-02-11,2024-03-28,3240,2160,0.057947625507992415,-0.030270425539832335,-0.0030525483258364836,-0.03457070396835546,-0.31931981176728874,-0.299495081137463,-0.0009747391568166584,-0.010353755789981833,0.1172673187021628,0.023279358137538494,-0.28274512852181494,True
fx_futures/NOK,fx_futures,60,400,ls,2004-01-23,2016-06-15,2024-03-28,3108,2072,-0.30631996670977013,0.04275271956477284,-0.07714314669209768,-0.005375121893275206,-0.6112313323750419,-0.3511991187657253,-0.04715230833621417,-0.0018877380721766092,0.11800976455545935,-0.02011990156635606,-0.31592782338632014,True
fx_futures/NOK,fx_futures,62,758,ls,2005-06-28,2017-01-05,2024-03-28,2893,1929,-0.265934432950341,-0.049351495717729836,-0.06910949431217488,-0.031005305455583367,-0.6123806767739001,-0.40793018225096933,-0.04232131889839165,-0.012647999905243096,0.11781739481294125,-0.061119650120161746,-0.3188698251996358,True
fx_futures/NOK,fx_futures,74,758,ls,2005-06-28,2017-01-05,2024-03-28,2893,1929,-0.13461287230553381,0.056332986001460666,-0.04636278018608754,-0.0007663474408893792,-0.5555663104647333,-0.3594067932661805,-0.025757598730872095,-0.0002754304762577956,0.11779515190268447,-0.061119650120161746,-0.3188698251996358,True
fx_futures/NOK,fx_futures,80,144,ls,2003-01-14,2016-01-21,2024-03-28,3261,2175,0.053012023271782935,-0.08817938896362562,-0.004900816922197686,-0.05347282607475188,-0.33229035460340933,-0.31878907965682396,-0.0016284941929234583,-0.01704655301101957,0.11724069114379465,-0.014659444149525714,-0.2561805530775025,True
fx_futures/NOK,fx_futures,80,300,ls,2003-08-27,2016-04-20,2024-03-28,3168,2112,-0.22330230065357135,0.07865767169747154,-0.061161290558585726,0.006356445227882348,-0.6045486146377169,-0.3714612540556759,-0.036974973476647875,0.002361173115685394,0.11770389663998812,0.07714394666028175,-0.33747652672209855,True
fx_futures/NOK,fx_futures,100,200,ls,2003-04-04,2016-02-23,2024-03-28,3228,2152,-0.2315287729463652,0.004676442336335984,-0.06163273312877457,-0.019280688473182924,-0.6176685331478753,-0.3265854219468512,-0.038068599865544644,-0.006296791780440235,0.11740132151033504,0.020958037207323147,-0.2789513326120733,True
fx_futures/NOK,fx_futures,100,250,ls,2003-06-17,2016-03-22,2024-03-28,3198,2132,-0.14658337826009046,0.09834529467551012,-0.05188162339587267,0.013406718847785088,-0.5264795127601246,-0.3498386722081449,-0.027314611806663325,0.004690188720377046,0.11745402233514762,-0.005483766725946897,-0.29884999868143125,True
fx_futures/NOK,fx_futures,100,300,ls,2003-08-27,2016-04-20,2024-03-28,3168,2112,-0.37085713029739265,0.2548944329412634,-0.08050388761581004,0.08960683930082974,-0.6874321231498886,-0.2607393643701375,-0.05534095838555632,0.023364030322515404,0.11764401829896196,0.07714394666028175,-0.33747652672209855,True
fx_futures/NOK,fx_futures,100,400,ls,2004-01-23,2016-06-15,2024-03-28,3108,2072,-0.4686343008286834,0.17631488448198165,-0.09473674195845645,0.048985894390767046,-0.7076883971330836,-0.2851865315855525,-0.0670440930661906,0.013970117317919027,0.11800369326706434,-0.02011990156635606,-0.31592782338632014,True
fx_futures/NOK,fx_futures,116,378,ls,2003-12-19,2016-06-02,2024-03-28,3121,2081,-0.5098685102458499,0.1963836117714929,-0.09981493617526174,0.059299961799835176,-0.7223810796882156,-0.27614534814565045,-0.07210442136329591,0.016375408596239257,0.11802328751269385,-0.030163465491879263,-0.314603801159658,True
fx_futures/NOK,fx_futures,120,398,ls,2004-01-21,2016-06-14,2024-03-28,3109,2073,-0.5004933848927343,0.10326274643927709,-0.09852452831352346,0.017676227009121116,-0.7197068171468062,-0.2979634440013589,-0.07090877468341636,0.005266869476587567,0.11798245132627151,-0.02881118735780335,-0.31265303783596593,True
fx_futures/NOK,fx_futures,134,750,ls,2005-06-16,2016-12-30,2024-03-28,2898,1932,-0.15066603604206488,0.21491704407178783,-0.04775678353037505,0.05926348012318188,-0.5823166100869797,-0.3134786343867407,-0.0278095682940657,0.018577834818020805,0.11781570886660808,-0.07979203146914665,-0.30041379376046484,True
fx_futures/NOK,fx_futures,150,400,ls,2004-01-23,2016-06-15,2024-03-28,3108,2072,-0.4024054900752904,0.07311034594475795,-0.08660922234693029,0.005566541420936038,-0.6810082509146543,-0.3046893757180004,-0.058981595023561394,0.0016960660304533924,0.1180086419502271,-0.02011990156635606,-0.31592782338632014,True
fx_futures/NOK,fx_futures,150,500,ls,2004-06-17,2016-08-11,2024-03-28,3048,2032,-0.41041514905949256,0.09185863511497024,-0.08873038717820371,0.011952804499510807,-0.6762159969314501,-0.32962184367319797,-0.06000090722382258,0.003939905456194048,0.11691678129529459,-0.006834927518307121,-0.3369756834254361,True
fx_futures/NOK,fx_futures,150,710,ls,2005-04-20,2016-12-07,2024-03-28,2922,1948,-0.23547507184533745,0.2441630010546375,-0.06380702727821227,0.06975496857782201,-0.6020596647164947,-0.3165424456352386,-0.038415637449676715,0.022080408348833,0.11771721628345709,-0.09074576771824837,-0.33224928210878907,True
fx_futures/NOK,fx_futures,162,678,ls,2005-03-04,2016-11-18,2024-03-28,2941,1961,-0.2248448359874762,0.21453109968205883,-0.06123039391608728,0.05844306800555792,-0.6053671040238426,-0.3165424456352387,-0.03706686624322087,0.018499711676905877,0.11749466198740344,-0.10932456899503104,-0.30236705572674044,True
fx_futures/NOK,fx_futures,174,698,ls,2005-04-04,2016-11-30,2024-03-28,2929,1953,-0.20025392941312642,0.19618129707410578,-0.05689309054628044,0.04909009076897417,-0.5972891140674063,-0.3324451313958306,-0.03398162364894457,0.01631976167592487,0.11766391468065501,-0.08738400427019176,-0.3128556715894442,True
fx_futures/NOK,fx_futures,200,400,ls,2004-01-23,2016-06-15,2024-03-28,3108,2072,-0.41059579899287457,-0.04240579474916206,-0.0880850731924544,-0.03632126978351991,-0.6809562269495391,-0.3266633867657454,-0.05998207909170774,-0.011864828999116948,0.11800349002878303,-0.02011990156635606,-0.31592782338632014,True
fx_futures/NOK,fx_futures,200,600,ls,2004-11-09,2016-10-06,2024-03-28,2988,1992,-0.18835991808801628,0.1781466457475104,-0.05706749109149075,0.04345042102166682,-0.5693006885557518,-0.32582125874304696,-0.03248856197253491,0.01415707087019483,0.11752365930822256,-0.05010875578174956,-0.3669960534840706,True
fx_futures/NZD,fx_futures,5,20,ls,2003-04-08,2015-12-17,2024-03-28,3125,2084,0.10403033572347456,-0.13435996273559173,-0.0023496328711909435,-0.0868969950325691,-0.4465379720398589,-0.256924118247028,-0.0010492002973397948,-0.022325933827059188,0.11708133811982298,0.49916851695242065,-0.07568371392064042,False
fx_futures/NZD,fx_futures,5,35,ls,2003-04-30,2015-12-28,2024-03-28,3116,2078,0.08917981225654986,-0.14710803057021635,-0.008058100509624926,-0.1033586024630754,-0.5383678306811167,-0.2303270614014554,-0.004338222090777172,-0.023806283175881387,0.11716628228240937,0.5106338654775782,-0.10607334888460722,False
fx_futures/NZD,fx_futures,8,21,ls,2003-04-09,2015-12-17,2024-03-28,3124,2084,0.1023151556594109,-0.3026517702908212,-0.003464970157885644,-0.14813236549638711,-0.4127584305352299,-0.27948490594554454,-0.0014301956442202863,-0.04140076023824878,0.11707590281378934,0.4992484413447897,-0.07568371392064042,False
fx_futures/NZD,fx_futures,9,21,ls,2003-04-09,2015-12-17,2024-03-28,3124,2084,0.0568401551670913,-0.3353141019039967,-0.025903461845248815,-0.15138632955937495,-0.4357522598603968,-0.297684872088075,-0.011287492037274735,-0.04506542015076569,0.11708872535358175,0.4992484413447897,-0.07568371392064042,False
fx_futures/NZD,fx_futures,10,20,ls,2003-04-08,2015-12-17,2024-03-28,3125,2084,0.06446143936283825,-0.29948475503852096,-0.023572263528130345,-0.14613654904770854,-0.40857057836097294,-0.2808305794004747,-0.009630933342965484,-0.041039611740653875,0.11706210778262817,0.49916851695242065,-0.07568371392064042,False
fx_futures/NZD,fx_futures,10,30,ls,2003-04-23,2015-12-23,2024-03-28,3119,2080,0.16178123172872974,-0.3814508458441071,0.02398796550515937,-0.16054194504622168,-0.483039205781755,-0.3129747141413193,0.011587127805932318,-0.05024556935853262,0.11716094748502077,0.5069415114259436,-0.09629651024436262,False
fx_futures/NZD,fx_futures,10,100,ls,2003-08-01,2016-02-03,2024-03-28,3077,2052,0.19849561575999586,-0.158615321070563,0.04165633596772969,-0.09491468451044582,-0.471960451506318,-0.2629316072587188,0.019660143131428578,-0.02495607055078574,0.11655096462837661,0.49642210547455223,-0.07665693268597866,False
fx_futures/NZD,fx_futures,12,26,ls,2003-04-16,2015-12-21,2024-03-28,3121,2082,0.14019775292118922,-0.36828844960995805,0.014721762978831512,-0.15432464880976404,-0.4645811847991445,-0.3159385766740869,0.006839454087037727,-0.04875710989068518,0.11711214811691247,0.504574380972231,-0.09004123137299998,False
fx_futures/NZD,fx_futures,13,48,ls,2003-05-19,2016-01-05,2024-03-28,3108,2073,0.15622232972665456,-0.2551292773049148,0.02333138234936595,-0.13274819789917788,-0.4413384687960105,-0.2716516822735239,0.010297036560963434,-0.03606127127809034,0.11709703438741409,0.5015330428184617,-0.07950910120345756,False
fx_futures/NZD,fx_futures,20,50,ls,2003-05-21,2016-01-06,2024-03-28,3107,2072,0.4217664643088986,-0.5866774519273296,0.18843755714441274,-0.1807085193702213,-0.37506257989074226,-0.40251290709256904,0.07067587633089262,-0.0727375114681016,0.11704019939782241,0.49739071619125824,-0.06787151819804822,False
fx_futures/NZD,fx_futures,20,60,ls,2003-06-05,2016-01-12,2024-03-28,3101,2068,0.46888124707189954,-0.434870521614204,0.21527646259171088,-0.1613450768868186,-0.3800001779232437,-0.3479386176290078,0.08180509408753665,-0.05613818301324564,0.11709306976866975,0.49718098566343744,-0.048015784086903164,False
fx_futures/NZD,fx_futures,20,100,ls,2003-08-01,2016-02-03,2024-03-28,3077,2052,0.28391247834886507,-0.513905255059652,0.09078726500937839,-0.1461152280934988,-0.4270458663574456,-0.44152737906863465,0.038770326240153,-0.06451387370213826,0.1165514384573925,0.49642210547455223,-0.07665693268597866,False
fx_futures/NZD,fx_futures,21,55,ls,2003-05-29,2016-01-08,2024-03-28,3104,2070,0.4792112242282998,-0.4525948009453319,0.21324059585396155,-0.15953832145595495,-0.3950114290873544,-0.3639023422746362,0.08423247250771233,-0.05805636886038586,0.11702041240238083,0.49142351859073097,-0.05073336816177022,False
fx_futures/NZD,fx_futures,30,90,ls,2003-07-18,2016-01-28,2024-03-28,3083,2056,0.31775007091039237,-0.624078029026665,0.10670405402678085,-0.16328572537500044,-0.43531103480320577,-0.47030788323854267,0.04644945217609515,-0.07679456386418645,0.11705045464590275,0.5025269799958945,-0.03843438705133808,False
fx_futures/NZD,fx_futures,30,200,ls,2003-12-26,2016-03-31,2024-03-28,3017,2012,0.2826699570136547,-0.2751249663048832,0.10652417855155238,-0.11824180534669033,-0.360170974046715,-0.3183681045564302,0.03836691714843881,-0.03764441944755618,0.11532099674905494,0.4076386098550616,-0.1350919200784944,False
fx_futures/NZD,fx_futures,40,100,ls,2003-08-01,2016-02-03,2024-03-28,3077,2052,0.2309960523607303,-0.39827963330781774,0.056720272610468456,-0.1358366609727413,-0.47397329210037176,-0.3815372674442656,0.02688389433801428,-0.051826748446292835,0.11656895875332562,0.49642210547455223,-0.07665693268597866,False
fx_futures/NZD,fx_futures,50,150,ls,2003-10-14,2016-03-02,2024-03-28,3047,2032,0.289227914190904,-0.39692954381593165,0.09784246902772835,-0.1451775743069286,-0.40731112042418827,-0.35496686052842413,0.03985232568475297,-0.05153322777086246,0.11627252420555073,0.4786624989127773,-0.07950739599749988,False
fx_futures/NZD,fx_futures,50,200,ls,2003-12-26,2016-03-31,2024-03-28,3017,2012,0.29038822815613285,-0.41886426159649487,0.10081789993436555,-0.14044153347309798,-0.3979644059628273,-0.38063017928329407,0.04012193565779955,-0.053456286064686026,0.1153001737160654,0.4076386098550616,-0.1350919200784944,False
fx_futures/NZD,fx_futures,60,120,ls,2003-08-29,2016-02-15,2024-03-28,3065,2044,0.308445925592928,-0.4512794425600387,0.10776300614657311,-0.14940278736090074,-0.41100500436443604,-0.3854625529132843,0.04429113481159703,-0.05758917982849336,0.11642402968981255,0.5046154247430533,-0.07625890767099036,False
fx_futures/NZD,fx_futures,60,132,ls,2003-09-17,2016-02-22,2024-03-28,3058,2039,0.29229824966135926,-0.49697111237520347,0.09122186174451055,-0.15625747862738823,-0.4448664998169085,-0.40022433135744284,0.04058155034106236,-0.06253804490324637,0.11633252401850294,0.5026337744548091,-0.08709167511373522,False
fx_futures/NZD,fx_futures,60,180,ls,2003-11-26,2016-03-18,2024-03-28,3029,2020,0.3500540415318181,-0.4412576895554662,0.13532480872773311,-0.15041346361312938,-0.3959749305414265,-0.3722542870553808,0.053585231736495945,-0.05599205666083593,0.11547950632907798,0.409526483929289,-0.10825915014657227,False
fx_futures/NZD,fx_futures,60,400,ls,2004-10-14,2016-07-21,2024-03-28,2897,1932,0.18870066519253892,-0.12381673715700867,0.05095603841861856,-0.07197545125507232,-0.35055502490002344,-0.2813450536577742,0.01786289531664538,-0.02024993719540083,0.11338883078850973,0.37751901011082883,-0.1690931660320702,True
fx_futures/NZD,fx_futures,62,758,ls,2006-03-23,2017-02-17,2024-03-28,2682,1789,0.1377800662967549,-0.33731461068307317,0.015867537157482018,-0.1503009872421391,-0.47608252366031584,-0.2893474223446543,0.007554257134207874,-0.04348920323436973,0.11293613821784106,0.44745235564323266,-0.24303078192557936,False
fx_futures/NZD,fx_futures,74,758,ls,2006-03-23,2017-02-17,2024-03-28,2682,1789,0.1023795907660622,-0.2655441698829035,0.0008780948069557547,-0.13971550469698793,-0.5133892563553041,-0.2555166342408218,0.00045080443995246917,-0.03569963551143209,0.11292541870677529,0.44745235564323266,-0.24303078192557936,False
fx_futures/NZD,fx_futures,80,144,ls,2003-10-03,2016-02-29,2024-03-28,3051,2034,0.41352919873689414,-0.5117708345246762,0.1466807295821809,-0.1655610888555467,-0.46471681180206387,-0.38720040861371674,0.06816500100423178,-0.06410532125539956,0.11625447405872044,0.4815440561828586,-0.06334469771549461,False
fx_futures/NZD,fx_futures,80,300,ls,2004-05-20,2016-05-26,2024-03-28,2957,1972,0.2952085680007161,-0.06695137357928273,0.11973930146846211,-0.06782241349915166,-0.3373757270160546,-0.20887290479202542,0.04039713388531694,-0.014166264517573685,0.1148080691706398,0.46814791262522715,-0.10837301679569776,True
fx_futures/NZD,fx_futures,100,200,ls,2003-12-26,2016-03-31,2024-03-28,3017,2012,0.3887971851978922,-0.015321366726062026,0.20096469720973198,-0.03479443078751087,-0.3105916379810415,-0.24050760258918277,0.0624179544827347,-0.00836832513215949,0.11530060036877841,0.4076386098550616,-0.1350919200784944,True
fx_futures/NZD,fx_futures,100,250,ls,2004-03-10,2016-04-28,2024-03-28,2987,1992,0.20343253571642295,0.0025442891015836416,0.061778268640089215,-0.02799702506559102,-0.33737572701605456,-0.22396526361580266,0.020842488296243224,-0.006270361099273328,0.11482077979187101,0.37732034466137626,-0.14865462181071162,True
fx_futures/NZD,fx_futures,100,300,ls,2004-05-20,2016-05-26,2024-03-28,2957,1972,0.3078640792017188,-0.00033610043050121116,0.12261237320143163,-0.032618432923445684,-0.35162479091872906,-0.20224668246075092,0.043113550091002574,-0.006596969845835423,0.11481408321120913,0.46814791262522715,-0.10837301679569776,True
fx_futures/NZD,fx_futures,100,400,ls,2004-10-14,2016-07-21,2024-03-28,2897,1932,0.08339028609039827,-0.07155833642779084,-0.008061960713234421,-0.059103637036019036,-0.4445702513244101,-0.24409307457402607,-0.003584107900450147,-0.014426788482629163,0.1133872617057982,0.37751901011082883,-0.1690931660320702,True
fx_futures/NZD,fx_futures,116,378,ls,2004-09-13,2016-07-08,2024-03-28,2910,1941,0.027325290559341367,0.1619674154289386,-0.028963364953158086,0.06557744747305894,-0.5130495698991097,-0.18338543954990444,-0.014859641932048702,0.012025949029407682,0.113521144042313,0.4401385869111279,-0.23207685452973825,True
fx_futures/NZD,fx_futures,120,398,ls,2004-10-12,2016-07-20,2024-03-28,2898,1933,0.08772396024496326,-0.02923163534979216,-0.006017956956650044,-0.04320789145526361,-0.45249057172361745,-0.2240764971808022,-0.0027230687839226997,-0.009681872967863783,0.11336373942425089,0.38264832291613027,-0.1755898915439582,True
fx_futures/NZD,fx_futures,134,750,ls,2006-03-13,2017-02-14,2024-03-28,2687,1792,-0.02194291375670228,-0.22096538046267017,-0.042059589618715296,-0.09504958265865826,-0.5731686724858013,-0.32440941738393075,-0.024107239147056633,-0.030834979732881095,0.11293215678142877,0.42225879242112624,-0.2377673019292571,True
fx_futures/NZD,fx_futures,150,400,ls,2004-10-14,2016-07-21,2024-03-28,2897,1932,-0.11943731065751038,-0.1308291741660864,-0.07128674601394228,-0.0862976536296481,-0.6116506647980714,-0.24362173900262038,-0.04360258559071906,-0.021023984449100665,0.11336888485260624,0.37751901011082883,-0.1690931660320702,True
fx_futures/NZD,fx_futures,150,500,ls,2005-03-10,2016-09-19,2024-03-28,2837,1892,-0.2615472749087573,-0.16363464863684918,-0.12615372977095596,-0.0802694602180396,-0.5546346382897958,-0.3062175187295483,-0.06996922828042279,-0.02457991493772827,0.11308064933127626,0.3178875691101631,-0.24469191064084858,True
fx_futures/NZD,fx_futures,150,710,ls,2006-01-11,2017-01-23,2024-03-28,2711,1808,-0.08857119745894872,-0.254712822214539,-0.06417814126836069,-0.10288032582077004,-0.576401688557434,-0.33481348318020837,-0.03699238899556064,-0.03444572023876675,0.11271623901168662,0.3587173522806076,-0.24766671118958716,False
fx_futures/NZD,fx_futures,162,678,ls,2005-11-23,2017-01-04,2024-03-28,2730,1821,-0.12952625633764467,-0.13240335304761422,-0.07341211683302662,-0.06812307850964483,-0.6116534962129657,-0.3100439338108422,-0.04490277792531544,-0.021121147244435128,0.1130510516691925,0.34387147104303956,-0.18969961905889685,True
fx_futures/NZD,fx_futures,174,698,ls,2005-12-22,2017-01-16,2024-03-28,2718,1813,-0.0845599173385832,-0.16426712575749494,-0.05842082403017033,-0.07660175648047733,-0.618947484116362,-0.32137520833847033,-0.03615942205347863,-0.024617905448006173,0.1129653712720686,0.3791435049270267,-0.21925024492478318,True
fx_futures/NZD,fx_futures,200,400,ls,2004-10-14,2016-07-21,2024-03-28,2897,1932,-0.19019460808275038,-0.23270417416495176,-0.09250299609729705,-0.1112313879648323,-0.6179974173093088,-0.29007454243341085,-0.05716661268150265,-0.03226539396813193,0.11336549304108433,0.37751901011082883,-0.1690931660320702,False
fx_futures/NZD,fx_futures,200,600,ls,2005-08-02,2016-11-17,2024-03-28,2777,1852,-0.16418544897952628,-0.08330490326176997,-0.07831272344304269,-0.048653627748401894,-0.6548383002523799,-0.3213752083384702,-0.05128217070757678,-0.015636069754065035,0.1128623110771099,0.357444387785624,-0.1956405620148098,True
fx_futures/PLN,fx_futures,5,20,ls,2004-10-06,2015-09-22,2024-03-28,2743,1829,0.06904457237169835,0.08309892952104746,-0.007469631865186152,0.01107104356744496,-0.4196712042237989,-0.25602945605696104,-0.0031347893999711333,0.0028345132625558506,0.11840682128573801,0.10556768670447143,0.002474081653143734,True
fx_futures/PLN,fx_futures,5,35,ls,2004-10-28,2015-09-30,2024-03-28,2734,1823,0.049496670943306176,-0.2474627259344359,-0.01267074761429055,-0.10705896526049138,-0.5191354548493127,-0.3335095256935601,-0.006577834326025568,-0.03570518472526981,0.11852261954207521,0.10221164597635295,0.01022960563576823,False
fx_futures/PLN,fx_futures,8,21,ls,2004-10-07,2015-09-22,2024-03-28,2742,1829,-0.002175682185729411,-0.0839048581897431,-0.031213927805909623,-0.0563074163779985,-0.4949000512939718,-0.29850735423634944,-0.015447774472231005,-0.016808177886880823,0.11845417376126441,0.10558692891174921,0.002474081653143734,False
fx_futures/PLN,fx_futures,9,21,ls,2004-10-07,2015-09-22,2024-03-28,2742,1829,0.03908898762527243,0.09957776879842976,-0.01666304575715359,0.02024419449757492,-0.5005214594090659,-0.23727399406263414,-0.008340211980570559,0.004803420885020402,0.118410010603975,0.10558692891174921,0.002474081653143734,True
fx_futures/PLN,fx_futures,10,20,ls,2004-10-06,2015-09-22,2024-03-28,2743,1829,0.0602393144079203,0.08500810525912746,-0.009685624735994675,0.013655062423816497,-0.48211006152063857,-0.22488568937258432,-0.0046695371373362115,0.003070828126605645,0.11842522729752405,0.10556768670447143,0.002474081653143734,True
fx_futures/PLN,fx_futures,10,30,ls,2004-10-21,2015-09-28,2024-03-28,2737,1825,0.209752884162088,-0.19737010373670671,0.04801028634500196,-0.09908759835907645,-0.4501321517139792,-0.3023418700354332,0.021610973496880004,-0.0299583297852031,0.1185370047306651,0.10599763661435499,0.0017753934385236144,False
fx_futures/PLN,fx_futures,10,100,ls,2005-02-02,2015-11-05,2024-03-28,2695,1797,0.05641260858920623,-0.04496752148101572,-0.013405031210646009,-0.044281215812248496,-0.4015135360147162,-0.2779319494363487,-0.005382301481774111,-0.012307164634109894,0.11870384891508524,0.08278172021975345,0.039727540360877715,False
fx_futures/PLN,fx_futures,12,26,ls,2004-10-15,2015-09-24,2024-03-28,2739,1827,0.21388382270450526,-0.17321977994513996,0.05228328843186993,-0.08638620970011783,-0.4273590510662886,-0.314330277330158,0.022343736530868998,-0.027153801252539224,0.11846816086670876,0.10739234003938598,-0.0013835480439649776,False
fx_futures/PLN,fx_futures,13,48,ls,2004-11-17,2015-10-07,2024-03-28,2726,1818,0.20120462253758953,-0.17656385916753364,0.0660844060780461,-0.08914150996103537,-0.3041587372391946,-0.3095231755959003,0.02010014950390066,-0.027591363240553248,0.11863827572964245,0.10773456189138557,-0.001677493627518402,False
fx_futures/PLN,fx_futures,20,50,ls,2004-11-19,2015-10-08,2024-03-28,2725,1817,0.15466975749529865,0.2341401611185355,0.029446892589925833,0.09430413884528958,-0.40168895312405567,-0.2222363604833827,0.01182849145720382,0.020957808595496747,0.11862506346319326,0.1103514691835715,-0.007429928428838729,True
fx_futures/PLN,fx_futures,20,60,ls,2004-12-06,2015-10-14,2024-03-28,2719,1813,0.18852792077731262,0.00782589233768088,0.05051806244582337,-0.02005106909920584,-0.35312178436831737,-0.3037052415010263,0.01783902835369923,-0.006089614783128075,0.11862934754731448,0.12416392343550431,-0.027126530278555945,True
fx_futures/PLN,fx_futures,20,100,ls,2005-02-02,2015-11-05,2024-03-28,2695,1797,0.19295427373343504,-0.0729843573517421,0.05010437881796848,-0.06123699898427289,-0.3715804385126572,-0.25457988283279614,0.018617807052585023,-0.015589708026448249,0.11872076429104414,0.08278172021975345,0.039727540360877715,False
fx_futures/PLN,fx_futures,21,55,ls,2004-11-29,2015-10-12,2024-03-28,2722,1815,0.20058395071493332,0.0009198666600820126,0.05761174219095485,-0.023717504399939828,-0.34699543048350334,-0.2910489945435767,0.01999101128245499,-0.006902955808685343,0.11862514583876034,0.11560459808571116,-0.018951832373694688,True
fx_futures/PLN,fx_futures,30,90,ls,2005-01-19,2015-10-30,2024-03-28,2701,1801,0.2573813389774371,-0.0892397787483194,0.06986991584765782,-0.06762277788982317,-0.4313706753356107,-0.25812261725583674,0.030139832784846443,-0.017454968415031285,0.11856467301041779,0.10365560745686814,0.02652555551130129,False
fx_futures/PLN,fx_futures,30,200,ls,2005-06-27,2016-01-27,2024-03-28,2635,1757,0.18248656343588696,-0.019753533778674583,0.035527212690586854,-0.044598742645957375,-0.47118164571038296,-0.20930118774244993,0.016739770543053516,-0.009334569807618733,0.11869019718677448,0.10477731472129101,0.10019236153746808,False
fx_futures/PLN,fx_futures,40,100,ls,2005-02-02,2015-11-05,2024-03-28,2695,1797,0.1735526819092471,0.11796900919502068,0.034181930122112576,0.03248624463615294,-0.4439493222532523,-0.2150086427946014,0.015175044711019907,0.006984823368712643,0.1186845758775979,0.08278172021975345,0.039727540360877715,True
fx_futures/PLN,fx_futures,50,150,ls,2005-04-15,2015-12-04,2024-03-28,2665,1777,-0.003990937432126282,0.022523485120061505,-0.028549821735218583,-0.018464298863834855,-0.549329655252546,-0.2354596818070131,-0.015683263731329267,-0.0043475979352681484,0.11865954332194374,0.0981766225539979,0.05730540333167936,False
fx_futures/PLN,fx_futures,50,200,ls,2005-06-27,2016-01-27,2024-03-28,2635,1757,0.021372922268021892,-0.07025795647709919,-0.01990856337389045,-0.05188067627725165,-0.5685393374887291,-0.2939981369677653,-0.011318801430944055,-0.015252822170139723,0.1186624697421422,0.10477731472129101,0.10019236153746808,False
fx_futures/PLN,fx_futures,60,120,ls,2005-03-03,2015-11-17,2024-03-28,2683,1789,-0.01099019030299152,-0.06826852100695198,-0.0286673662582972,-0.06086487162195818,-0.5935449216317585,-0.24683878814005497,-0.01701536965916993,-0.01502381115146418,0.11869365170308938,0.05185224584336386,0.06406628583407907,False
fx_futures/PLN,fx_futures,60,132,ls,2005-03-21,2015-11-24,2024-03-28,2676,1784,-0.03432339494377666,-0.04241223161733374,-0.03607451905880133,-0.04618031220912498,-0.5789882624987903,-0.26012579843811084,-0.02088672311033488,-0.012012690585519875,0.11879495850763354,0.06780614391751343,0.06699473008066627,False
fx_futures/PLN,fx_futures,60,180,ls,2005-05-27,2015-12-31,2024-03-28,2647,1765,-0.06829861427798944,-0.04241954014305388,-0.04633855983655345,-0.041463567583110095,-0.573830159915849,-0.28997059679073395,-0.026590463201279602,-0.012023215437147364,0.11884397429714703,0.12009884375948172,0.04497715644948961,False
fx_futures/PLN,fx_futures,60,400,ls,2006-04-17,2016-08-30,2024-03-28,2515,1677,-0.13358400323470068,-0.1419430826274355,-0.05496943076465702,-0.0722681655615726,-0.6915739754499197,-0.31434413710477205,-0.03801542776213297,-0.022717074143597346,0.1151922168910527,0.10538222711716794,0.03763183555107569,False
fx_futures/PLN,fx_futures,62,758,ls,2007-09-17,2017-07-06,2024-03-28,2300,1534,-0.41863149085859774,-0.3342874043933992,-0.11672509220261587,-0.13765455921172212,-0.7459895909098433,-0.31249859776571304,-0.08707570378114315,-0.04301685672972048,0.11258132126028864,0.029927185826847027,-0.03768664948983949,False
fx_futures/PLN,fx_futures,74,758,ls,2007-09-17,2017-07-06,2024-03-28,2300,1534,-0.2816497542149089,-0.31321042911922525,-0.09589046116922965,-0.13195281791754868,-0.6713989895488901,-0.3088881300061837,-0.06438075873639787,-0.04075865917559806,0.11262093369386687,0.029927185826847027,-0.03768664948983949,False
fx_futures/PLN,fx_futures,80,144,ls,2005-04-07,2015-12-01,2024-03-28,2668,1780,-0.0665273672819573,-0.14214085057734996,-0.04775400371542089,-0.072359396487717,-0.5507437305873732,-0.32731994196390224,-0.026300218156714187,-0.02368467345890252,0.1189235233122772,0.08653700070402917,0.07433155245668926,False
fx_futures/PLN,fx_futures,80,300,ls,2005-11-18,2016-05-11,2024-03-28,2575,1717,0.023421182411478485,0.19624016128479804,-0.017808921047178822,0.0748590983295481,-0.6240769375109861,-0.21647917986974402,-0.011114136907498302,0.016205436212169095,0.11638062506963624,0.1435504796119874,0.02940789816531548,True
fx_futures/PLN,fx_futures,100,200,ls,2005-06-27,2016-01-27,2024-03-28,2635,1757,-0.09931627222825666,-0.04745469123582126,-0.044312934694299554,-0.05378693441566543,-0.7181818426214852,-0.2340618425834182,-0.031824745090717595,-0.01258946897624412,0.11869154111610786,0.10477731472129101,0.10019236153746808,False
fx_futures/PLN,fx_futures,100,250,ls,2005-09-07,2016-02-25,2024-03-28,2605,1737,-0.13207222016224826,0.14280047781162727,-0.05314913713361375,0.050439931699753034,-0.70064074382162,-0.19759252870450406,-0.03723845097477242,0.009966553652236676,0.11879266142678152,0.09035805137481127,0.05387957331331994,True
fx_futures/PLN,fx_futures,100,300,ls,2005-11-18,2016-05-11,2024-03-28,2575,1717,-0.12712172148458423,0.08477416177241483,-0.051937442527197036,0.014247314956128215,-0.7083186414126843,-0.2182120106895441,-0.03678825872931358,0.0031089352435039515,0.11637965507089389,0.1435504796119874,0.02940789816531548,True
fx_futures/PLN,fx_futures,100,400,ls,2006-04-17,2016-08-30,2024-03-28,2515,1677,-0.2011354256342233,-0.19331965396695908,-0.0679488022835101,-0.09166247409477427,-0.7260134707430673,-0.3105891665896259,-0.049331745778685626,-0.02846937143663911,0.11514031046197527,0.10538222711716794,0.03763183555107569,False
fx_futures/PLN,fx_futures,116,378,ls,2006-03-15,2016-08-05,2024-03-28,2528,1686,-0.14189742757453852,-0.06551519625507371,-0.057483568122217554,-0.05605835726971082,-0.685462211242417,-0.2514641619839412,-0.03940281371515936,-0.01409666783302421,0.11532970866367226,0.11165425628469053,0.02144217392953556,False
fx_futures/PLN,fx_futures,120,398,ls,2006-04-12,2016-08-25,2024-03-28,2516,1678,-0.09789232218634257,-0.12913764355430277,-0.04786444582177447,-0.07373880394445381,-0.6677450270825391,-0.28931614831174224,-0.03196124567155152,-0.021333826738324083,0.11545123449565517,0.12711424710830446,0.008862040318655413,False
fx_futures/PLN,fx_futures,134,750,ls,2007-09-05,2017-07-03,2024-03-28,2305,1537,-0.42882015494381553,-0.23108394349711278,-0.11750449637472316,-0.11769668175408668,-0.7545904145888819,-0.27036680040921274,-0.08866776663546011,-0.03182127526463378,0.11255764187122626,0.047939001898445494,-0.031612758704790384,False
fx_futures/PLN,fx_futures,150,400,ls,2006-04-17,2016-08-30,2024-03-28,2515,1677,-0.2598980074289003,-0.31744796124932795,-0.07982999691115,-0.11374522477849759,-0.7397472601140336,-0.3715289305045124,-0.05905402148993498,-0.042259641711950575,0.11514983253818502,0.10538222711716794,0.03763183555107569,False
fx_futures/PLN,fx_futures,150,500,ls,2006-09-07,2016-11-09,2024-03-28,2455,1637,-0.17761179949998798,-0.23424396146058224,-0.0658534010818783,-0.09860245790734479,-0.6851353553496498,-0.33652747740876393,-0.0451184933512157,-0.03318243642586257,0.11558092664406473,0.10127884518307229,0.020281711198152377,False
fx_futures/PLN,fx_futures,150,710,ls,2007-07-10,2017-06-07,2024-03-28,2329,1553,-0.623218679617618,-0.08569131919019107,-0.14767949643418554,-0.05838961442492992,-0.8084794492435728,-0.2718985260460015,-0.11939583794167852,-0.015876050098532792,0.11271812228144569,0.03102568663915545,-0.0336648512450007,False
fx_futures/PLN,fx_futures,162,678,ls,2007-05-23,2017-05-15,2024-03-28,2348,1566,-0.5307126274560181,-0.1557348269432495,-0.13251587810756252,-0.08401622711157929,-0.7878230637852074,-0.28161431874070486,-0.10439906509088699,-0.02366017256119174,0.11288544565967154,0.03390968886130218,0.0053189445201854025,False
fx_futures/PLN,fx_futures,174,698,ls,2007-06-21,2017-05-26,2024-03-28,2336,1558,-0.547384937455041,-0.2679724797632786,-0.13625772739779438,-0.11499907679268026,-0.7876147635118378,-0.3118258071714393,-0.10731859774107429,-0.03585967994484786,0.11262921440939522,0.056617485627986755,-0.037013656448684436,False
fx_futures/PLN,fx_futures,200,400,ls,2006-04-17,2016-08-30,2024-03-28,2515,1677,-0.07401071269697658,-0.19168658906723526,-0.04315582523669214,-0.0920300782650313,-0.6463458433109892,-0.30743276019364524,-0.02789358825639145,-0.028293060981855772,0.11517140536121012,0.10538222711716794,0.03763183555107569,False
fx_futures/PLN,fx_futures,200,600,ls,2007-02-01,2017-01-31,2024-03-28,2395,1597,-0.35209489826629364,-0.388962672104507,-0.09980270134570983,-0.13844551134503733,-0.7477216866101807,-0.35753032287226794,-0.0746246441784663,-0.04949846837140743,0.11385490530853694,0.05206148721155286,0.06886246213357033,False
fx_futures/SEK,fx_futures,5,20,ls,2002-07-16,2016-01-28,2024-03-28,3279,2187,-0.06876722905872996,0.2737456271242434,-0.030669606460232812,0.11827947988911083,-0.4732219175174538,-0.1814740034859847,-0.01451352997861706,0.021464650745716955,0.09355659568707445,0.09660587691694209,-0.41298484733622554,True
fx_futures/SEK,fx_futures,5,35,ls,2002-08-06,2016-02-05,2024-03-28,3270,2181,-0.15523143401210462,-0.10839257621323473,-0.05095605708202669,-0.051773027603525264,-0.4786770184452277,-0.27815400739993495,-0.024391493475749364,-0.014400875103148003,0.09351045747258001,0.09802414075375163,-0.4174558162277613,True
fx_futures/SEK,fx_futures,8,21,ls,2002-07-17,2016-01-29,2024-03-28,3279,2186,0.09412633206088755,0.06493243299259814,0.011208236798433016,0.009240960152761516,-0.3752097802037555,-0.18444318090968934,0.004205440065611696,0.0017044320852350227,0.09351795002183852,0.09052130488170822,-0.4020600207605147,True
fx_futures/SEK,fx_futures,9,21,ls,2002-07-17,2016-01-29,2024-03-28,3279,2186,0.04245151352104084,0.11945384855957593,-0.00438636712542273,0.03712609313008874,-0.403667452211459,-0.1838416782972207,-0.0017706336419834945,0.006825323269654429,0.0935230267502217,0.09052130488170822,-0.4020600207605147,True
fx_futures/SEK,fx_futures,10,20,ls,2002-07-16,2016-01-28,2024-03-28,3279,2187,-0.025762472290918378,0.10094236436808783,-0.022306158044248476,0.02783411716097373,-0.4304510684146391,-0.1826546420239503,-0.009601709562372553,0.005084030706090348,0.09354489887225934,0.09660587691694209,-0.41298484733622554,True
fx_futures/SEK,fx_futures,10,30,ls,2002-07-30,2016-02-03,2024-03-28,3273,2183,-0.07992968529522798,0.08871269119713251,-0.03345550400740077,0.0197039792889726,-0.47282484552257514,-0.1996641748711206,-0.015818593514179163,0.003934178766410363,0.0934289892714535,0.1026083942785139,-0.4255557651925052,True
fx_futures/SEK,fx_futures,10,100,ls,2002-11-07,2016-03-14,2024-03-28,3231,2155,-0.10057800583719735,-0.01725294416821597,-0.0390202923959819,-0.01961200443312012,-0.4684466165212296,-0.305559791605349,-0.018278923948566783,-0.005992639987547364,0.09374099696007233,0.08139119951528907,-0.4379089727997517,True
fx_futures/SEK,fx_futures,12,26,ls,2002-07-24,2016-02-02,2024-03-28,3276,2184,-0.062449160784200264,0.03341833639721152,-0.03049030886139631,-0.005961659474275169,-0.45251657347205065,-0.20909945435811514,-0.01379737009006356,-0.0012465797431398253,0.09355369731093263,0.09196083594485262,-0.4049902407361684,True
fx_futures/SEK,fx_futures,13,48,ls,2002-08-23,2016-02-12,2024-03-28,3262,2176,0.0697525562891209,-0.18758272858562683,0.004238413185265642,-0.08829008967612917,-0.3215517789858648,-0.245467707037546,0.001362869299799313,-0.02167236586693874,0.09350476465582962,0.10241572434744327,-0.4261695572468844,True
fx_futures/SEK,fx_futures,20,50,ls,2002-08-27,2016-02-15,2024-03-28,3261,2175,0.10083714301164866,-0.03188142662042429,0.016900038153008688,-0.03271937996913315,-0.2946386617224663,-0.22386776778750841,0.004979404624461101,-0.007324814557081154,0.09351119397707848,0.09786016557390603,-0.4179070706212405,True
fx_futures/SEK,fx_futures,20,60,ls,2002-09-11,2016-02-19,2024-03-28,3255,2171,-0.010472286413884173,0.022174355009840212,-0.02695458880230507,-0.01110414701496214,-0.29425919723127036,-0.2069436673562257,-0.00793163566266528,-0.0022979329061389516,0.09356577978156695,0.09818153004297175,-0.4214196410923383,True
fx_futures/SEK,fx_futures,20,100,ls,2002-11-07,2016-03-14,2024-03-28,3231,2155,-0.23715620495609013,0.3452407645036149,-0.06917255139922342,0.12623894038159683,-0.4877102134323051,-0.2244873400054293,-0.033736159806572345,0.02833904393136865,0.09364681663736701,0.08139119951528907,-0.4379089727997517,True
fx_futures/SEK,fx_futures,21,55,ls,2002-09-04,2016-02-17,2024-03-28,3258,2173,0.08125609016037383,-0.07344955189245597,0.009579622639973575,-0.048579391727963175,-0.2815268391752705,-0.23034304590991025,0.002696920882323621,-0.011189925059069737,0.09359343874784581,0.09622621167236055,-0.4149854375667398,True
fx_futures/SEK,fx_futures,30,90,ls,2002-10-24,2016-03-08,2024-03-28,3237,2159,-0.05659451540804312,0.24288607396775733,-0.03706544036242587,0.09451069425664335,-0.35739097151134275,-0.1960860840303374,-0.01324685374062312,0.018532231935773694,0.09366849468344032,0.09076678617125265,-0.4168981907068325,True
fx_futures/SEK,fx_futures,30,200,ls,2003-04-04,2016-05-10,2024-03-28,3171,2115,0.2626058418279475,0.41255125190033654,0.07041281575771843,0.2542126005711676,-0.3422286869391273,-0.13748923686337858,0.02409728548045067,0.03495149645358471,0.0939843495981723,0.056747459330040266,-0.4720762603273031,True
fx_futures/SEK,fx_futures,40,100,ls,2002-11-07,2016-03-14,2024-03-28,3231,2155,0.232946045133516,0.17643012712692316,0.08842807655420824,0.056827731449370214,-0.23206175485276292,-0.21486305790039154,0.020520774623424026,0.012210180152753934,0.09364523364774854,0.08139119951528907,-0.4379089727997517,True
fx_futures/SEK,fx_futures,50,150,ls,2003-01-23,2016-04-12,2024-03-28,3201,2135,0.24002745233829245,0.2902938599419455,0.05615788317381554,0.15100149409009858,-0.380982815436218,-0.15293889069720398,0.021395188440498456,0.02309400099976008,0.09381247509619062,0.0653811689754284,-0.47436209865257517,True
fx_futures/SEK,fx_futures,50,200,ls,2003-04-04,2016-05-10,2024-03-28,3171,2115,0.13844674172549293,0.358822930687856,0.02442049699102831,0.21964839298290684,-0.38400550993917154,-0.1354159773957391,0.009377605400007831,0.02974390181918373,0.09400314248173013,0.056747459330040266,-0.4720762603273031,True
fx_futures/SEK,fx_futures,60,120,ls,2002-12-09,2016-03-24,2024-03-28,3219,2147,0.3288637972388175,0.22193100805511512,0.09790422215100193,0.09283575352999329,-0.3266442593989952,-0.1781486036980223,0.03197985213654873,0.01653855986462205,0.09369310249532511,0.08033665055788754,-0.4472818022572818,True
fx_futures/SEK,fx_futures,60,132,ls,2002-12-26,2016-04-01,2024-03-28,3212,2142,0.19857164052192833,0.28123899349268044,0.0383161442989637,0.14960350337012,-0.4297144787184853,-0.14842200127309435,0.016465001973931446,0.022204451367659323,0.09370347719458709,0.08083987256955094,-0.4727664267229148,True
fx_futures/SEK,fx_futures,60,180,ls,2003-03-07,2016-04-28,2024-03-28,3183,2123,0.1536379685329352,0.3711180278844288,0.02995966119975819,0.2284679877870447,-0.37264603198398855,-0.13541597739573907,0.011164348865674552,0.030938215869820436,0.09401598897188668,0.047794244641568895,-0.4802980419680255,True
fx_futures/SEK,fx_futures,60,400,ls,2004-01-23,2016-08-29,2024-03-28,3051,2035,-0.04378408662961232,0.21447576967431176,-0.03419086729022127,0.08778531247242184,-0.3460192275011626,-0.1807374874537681,-0.011830697487357133,0.015866096811609456,0.09398725002380473,-0.09546624254672792,-0.43565534388791005,True
fx_futures/SEK,fx_futures,62,758,ls,2005-06-28,2017-03-20,2024-03-28,2836,1892,-0.15158076685357702,0.3259195551214845,-0.054661560886445346,0.1439805407886139,-0.4424774213874412,-0.1866027126732321,-0.024186506510046953,0.026867159483314293,0.09527046503896623,-0.09065880178888944,-0.3964058227006938,True
fx_futures/SEK,fx_futures,74,758,ls,2005-06-28,2017-03-20,2024-03-28,2836,1892,-0.1659246064799503,0.3453515072381743,-0.05944685582555329,0.17401948042859508,-0.43420565574184705,-0.1653063708431241,-0.025812161015525407,0.028766528765657114,0.09525764121916326,-0.09065880178888944,-0.3964058227006938,True
fx_futures/SEK,fx_futures,80,144,ls,2003-01-14,2016-04-08,2024-03-28,3205,2137,0.1306924338521555,0.4247087052769912,0.02102913124044979,0.26806295972520383,-0.40246004840840055,-0.13451455064241735,0.00846338517701803,0.03605836857131221,0.09376310528859443,0.0672965266859568,-0.46902339436572604,True
fx_futures/SEK,fx_futures,80,300,ls,2003-08-27,2016-07-04,2024-03-28,3111,2075,-0.02095925359442756,0.35589119965612986,-0.021687086238193057,0.18388078280014086,-0.4268611998292836,-0.159543589429429,-0.009257375652436233,0.029337000115027684,0.09354087693684891,0.0187828887662736,-0.43623382762026475,True
fx_futures/SEK,fx_futures,100,200,ls,2003-04-04,2016-05-10,2024-03-28,3171,2115,0.04831414058158433,0.3039598921912511,-0.002777431034992546,0.1782322233588363,-0.4232702929969078,-0.13716046224431333,-0.00117560404796,0.024446414142729685,0.09399799081101747,0.056747459330040266,-0.4720762603273031,True
fx_futures/SEK,fx_futures,100,250,ls,2003-06-17,2016-06-07,2024-03-28,3141,2095,-0.122375816730989,0.37050797082565695,-0.0464087168095549,0.17701687645771527,-0.4503803204150722,-0.1743888449442412,-0.02090157274673968,0.030869768621098408,0.09397521382850477,-0.019328972085281188,-0.4802707382870239,True
fx_futures/SEK,fx_futures,100,300,ls,2003-08-27,2016-07-04,2024-03-28,3111,2075,0.01549478746996269,0.1896264803888168,-0.012741590812461014,0.07001352277883935,-0.3942876711372038,-0.19215047031351312,-0.005023852168028446,0.013453131330259844,0.09354263123220502,0.0187828887662736,-0.43623382762026475,True
fx_futures/SEK,fx_futures,100,400,ls,2004-01-23,2016-08-29,2024-03-28,3051,2035,-0.08645775258899953,0.09569185289554506,-0.045776466349935256,0.020641115074847127,-0.3655705194424498,-0.22231052292785033,-0.016734526581785654,0.004588737086103199,0.09398920734576885,-0.09546624254672792,-0.43565534388791005,True
fx_futures/SEK,fx_futures,116,378,ls,2003-12-19,2016-08-16,2024-03-28,3064,2044,-0.1541363454327317,0.10707607586705523,-0.05791208807334826,0.027147744028318332,-0.42315035386248856,-0.2085863542814797,-0.02450552056115292,0.005662648953833733,0.09388928677860191,-0.08240553003181311,-0.4433261237480434,True
fx_futures/SEK,fx_futures,120,398,ls,2004-01-21,2016-08-26,2024-03-28,3052,2036,-0.17815845550576995,0.024992027311929274,-0.06161765641183052,-0.008327166584634187,-0.4414128183416867,-0.24784902875989806,-0.027198823376355815,-0.002063880150323461,0.09397238538219188,-0.10068887019322613,-0.43305427462450874,True
fx_futures/SEK,fx_futures,134,750,ls,2005-06-16,2017-03-15,2024-03-28,2841,1895,-0.14013059319264412,0.18398627808115023,-0.05657271167511698,0.05266477723830289,-0.40511567734235876,-0.2482120063459313,-0.022918492409358983,0.013072030022080695,0.09522734963823763,-0.10447739542590323,-0.38962646920392857,True
fx_futures/SEK,fx_futures,150,400,ls,2004-01-23,2016-08-29,2024-03-28,3051,2035,-0.1811027102338706,0.0690819410073484,-0.06273553850088313,0.009241119559600296,-0.4386618196172559,-0.2250059221909965,-0.02751968547346581,0.00207930662858512,0.09398141379533263,-0.09546624254672792,-0.43565534388791005,True
fx_futures/SEK,fx_futures,150,500,ls,2004-06-17,2016-10-24,2024-03-28,2991,1995,-0.13238596446107348,0.08458429391977489,-0.04924551551206386,0.018308405507579395,-0.44286009299233303,-0.19320155402026826,-0.02180887357912798,0.0035372123956975777,0.09433137103072185,-0.10867080670782228,-0.37501794526414733,True
fx_futures/SEK,fx_futures,150,710,ls,2005-04-20,2017-02-21,2024-03-28,2865,1911,-0.25297518892320964,0.16225069885535792,-0.07830659045908024,0.04349409687930131,-0.4552023033143804,-0.25207060365412065,-0.03564534034166921,0.010963583255756287,0.09502372948911664,-0.17250916933826144,-0.37413622590041895,True
fx_futures/SEK,fx_futures,162,678,ls,2005-03-04,2017-02-02,2024-03-28,2884,1924,-0.29740251461681483,0.1862331645825278,-0.084218126051253,0.05192760995374029,-0.48170623083808406,-0.2551700926890359,-0.04056839606839574,0.013250373045016013,0.09481328126809771,-0.1725357721217634,-0.4032130121921867,True
fx_futures/SEK,fx_futures,174,698,ls,2005-04-04,2017-02-14,2024-03-28,2872,1916,-0.21279427336353673,0.12692188704520146,-0.07133122282559047,0.02779500717503428,-0.4357712620157561,-0.272479484632389,-0.031084096991834665,0.007573569230406895,0.09496636860501274,-0.15770550134344893,-0.37886410045360164,True
fx_futures/SEK,fx_futures,200,400,ls,2004-01-23,2016-08-29,2024-03-28,3051,2035,-0.18330740073285334,0.05058175468983102,-0.0634548080587385,0.0014371341930959178,-0.43771858279702736,-0.23524887061717575,-0.027775348655128405,0.00033808419585114086,0.09398913842274366,-0.09546624254672792,-0.43565534388791005,True
fx_futures/SEK,fx_futures,200,600,ls,2004-11-09,2016-12-19,2024-03-28,2931,1955,-0.1254666720078069,0.11206277483869836,-0.04949212031574026,0.024408302108502627,-0.42802919256293476,-0.25173328773636705,-0.021184072296973923,0.006144382137835866,0.0944906658601647,-0.19256193601521587,-0.31965185715381667,True
fx_futures/SGD,fx_futures,5,20,ls,2020-11-11,2023-01-04,2024-03-29,530,354,0.17248705117486865,0.125040870462963,0.11219399237389989,0.10760623832445212,-0.06656137937831752,-0.04347438734294465,0.007467786890367213,0.004678115285434447,0.045624617433175425,0.10979059415594303,0.3631224377907417,False
fx_futures/SGD,fx_futures,5,35,ls,2020-11-30,2023-01-13,2024-03-29,521,348,0.20692378713040785,-0.17147188401503183,0.15246076068157752,-0.13354191612050273,-0.061562365450278135,-0.0642734533709821,0.009385845065906671,-0.008583200118842735,0.04451179168643174,-0.06629130799652547,0.6799823478809098,False
fx_futures/SGD,fx_futures,8,21,ls,2020-11-12,2023-01-04,2024-03-29,529,354,0.12177787038024702,0.27319447992921786,0.08876901531680258,0.18661862692445189,-0.05501030178298911,-0.06121454551964864,0.004883210321556092,0.011423774432681187,0.04532727760768347,0.10989412531796473,0.3631224377907417,False
fx_futures/SGD,fx_futures,9,21,ls,2020-11-12,2023-01-04,2024-03-29,529,354,0.1895489412661098,0.08846317815623889,0.17111904735633,0.042209096309591056,-0.04862042066596079,-0.07097212579501723,0.00831988006642323,0.002995669292978294,0.045451384867184565,0.10989412531796473,0.3631224377907417,False
fx_futures/SGD,fx_futures,10,20,ls,2020-11-11,2023-01-04,2024-03-29,530,354,0.01373947565580737,-0.03852321679639612,-0.009083764622832745,-0.03799524567926751,-0.06323089745337594,-0.07325095241753672,-0.0005743745893569415,-0.002783187933344642,0.04552941751710213,0.10979059415594303,0.3631224377907417,False
fx_futures/SGD,fx_futures,10,30,ls,2020-11-24,2023-01-11,2024-03-29,524,350,-0.07771200990122233,-0.26888321443350177,-0.06312343965755851,-0.20301132665379015,-0.08348194491787436,-0.06374157452141832,-0.005269667512519066,-0.012940261606594563,0.04472975977823434,0.013530481229737882,0.5356232826765213,False
fx_futures/SGD,fx_futures,10,100,ls,2021-02-26,2023-02-15,2024-03-29,482,322,-0.4821137198955328,-0.8270496794340496,-0.3379505632614604,-0.6476518921614759,-0.07978905634273985,-0.055707205357301864,-0.02696475653312933,-0.03607887695668446,0.04329720725333803,-0.0022539874124714847,0.5605321396678099,False
fx_futures/SGD,fx_futures,12,26,ls,2020-11-18,2023-01-09,2024-03-29,526,352,-0.04894554472212959,-0.4622822990189914,-0.04764682051451643,-0.3362703354122132,-0.07965988665607043,-0.06374157452141833,-0.00379554032170851,-0.021434400644019927,0.04471263812960458,0.026437309467999253,0.5117478987874668,False
fx_futures/SGD,fx_futures,13,48,ls,2020-12-15,2023-01-20,2024-03-29,513,343,-0.07158299635432462,-1.3765590244070134,-0.061713684735736005,-0.6395259236636565,-0.08251432672969161,-0.0939122472153819,-0.005092263145977703,-0.06005931664374676,0.044279998235609505,-0.05453773065844699,0.6730843155372351,False
fx_futures/SGD,fx_futures,20,50,ls,2020-12-17,2023-01-21,2024-03-29,512,342,-0.6706103475182392,-1.4336756828378823,-0.31338789768887776,-0.6484090154443396,-0.11418240680019344,-0.09629398709602127,-0.03578338442016884,-0.0624378893661411,0.04428254596289806,-0.05829297636842074,0.6806288543910136,False
fx_futures/SGD,fx_futures,20,60,ls,2020-12-31,2023-01-26,2024-03-29,506,338,-0.6216067519834112,-1.7017635466141672,-0.29305652625125356,-0.7199197503112496,-0.11470907860848148,-0.10203609166901435,-0.03361624410648356,-0.07345779763709258,0.04425306870482813,-0.11529933514989774,0.8248340898989276,False
fx_futures/SGD,fx_futures,20,100,ls,2021-02-26,2023-02-15,2024-03-29,482,322,-0.6779869276806761,-1.0036102560595752,-0.38801355978807184,-0.6082224362969092,-0.0957742172633085,-0.07137493453665189,-0.03716169497625253,-0.04341183657441482,0.04328833618906753,-0.0022539874124714847,0.5605321396678099,False
fx_futures/SGD,fx_futures,21,55,ls,2020-12-23,2023-01-24,2024-03-29,509,340,-0.7870990204428866,-1.5119929201674813,-0.3343275014351878,-0.6633059082117894,-0.12504716360198578,-0.09923891854318413,-0.041806705768609065,-0.06582576099424253,0.04437954714722011,-0.06695124475252542,0.6989076765403565,False
fx_futures/SGD,fx_futures,30,90,ls,2021-02-15,2023-02-10,2024-03-29,488,326,-0.5211286081124539,-1.0246450472047075,-0.2819033517931315,-0.6528045142436185,-0.10268182852696317,-0.06826952957694986,-0.028946351629998503,-0.0445666570931211,0.04356658137737982,-0.012437190006623274,0.6533420349059448,False
fx_futures/SGD,fx_futures,30,200,ls,2021-08-16,2023-04-10,2024-03-29,422,282,0.057278281852413175,-1.366695118653516,0.028493097413118167,-0.7322542451432512,-0.05765449732239784,-0.07766686958674143,0.0016427552085114421,-0.05687189496187869,0.04218951403749931,-0.21055223821709435,0.6901570923249936,False
fx_futures/SGD,fx_futures,40,100,ls,2021-02-26,2023-02-15,2024-03-29,482,322,-0.20959115968288888,-1.2884934877960421,-0.19063092370014073,-0.6486070927718977,-0.06619046582349018,-0.08511246388344954,-0.01261794964007453,-0.05520454775809734,0.04334094543514605,-0.0022539874124714847,0.5605321396678099,False
fx_futures/SGD,fx_futures,50,150,ls,2021-05-24,2023-03-16,2024-03-29,452,302,-0.6507842283912565,-0.8940324485698248,-0.48109108396609396,-0.5212455824722696,-0.07614431742774469,-0.0726402915358708,-0.036632352209172034,-0.03786343107257045,0.04217869421974072,0.15048178014308272,0.38006239343006565,False
fx_futures/SGD,fx_futures,50,200,ls,2021-08-16,2023-04-10,2024-03-29,422,282,-0.007596679996850389,-1.103337783077435,-0.028526441997822432,-0.6945457282653211,-0.06955028378634504,-0.06709241616023301,-0.0019840221363632616,-0.04659875104308903,0.04243275102538102,-0.21055223821709435,0.6901570923249936,False
fx_futures/SGD,fx_futures,60,120,ls,2021-03-25,2023-02-27,2024-03-29,470,314,-0.46265140308672914,-1.6681111931298627,-0.34133266863968575,-0.6326811128942131,-0.07614431742774465,-0.1108956578994899,-0.025990543069359412,-0.07016158825498521,0.043048711037278864,-0.029399498580789094,0.3477153113508863,False
fx_futures/SGD,fx_futures,60,132,ls,2021-04-22,2023-03-07,2024-03-29,463,309,-0.5437938448567115,-0.8927878943397143,-0.41395251650322146,-0.5320597180677789,-0.07348726916240016,-0.0721595448768279,-0.03042024000072513,-0.03839318710306429,0.04282361264962981,0.09182709382500678,0.4093399408533633,False
fx_futures/SGD,fx_futures,60,180,ls,2021-07-16,2023-03-31,2024-03-29,434,290,-0.10270145677072709,-1.1532697865289534,-0.10410081577100268,-0.6902387357002183,-0.06955028378634502,-0.06970333147993461,-0.007240241279263257,-0.048111939394803294,0.04198877378814276,-0.19916691568791123,0.6852838276375497,False
fx_futures/SGD,fx_futures,80,144,ls,2021-05-07,2023-03-14,2024-03-29,456,304,-0.44111726179041616,-1.0179748576604157,-0.3463455170461641,-0.5589353284502994,-0.07347000779613991,-0.07670134619579899,-0.025446007837539787,-0.04287109212852903,0.04216901748786007,0.05368347745765093,0.41594095184549995,False
fx_futures/SGD,fx_futures,100,200,ls,2021-08-16,2023-04-10,2024-03-29,422,282,-0.07692386520847395,-1.8976306259206666,-0.07116623290434516,-0.7845759488004967,-0.08217932781433596,-0.09930787142013406,-0.005848393183157563,-0.07791456744280942,0.0422707723774772,-0.21055223821709435,0.6901570923249936,False
fx_futures/ZAR,fx_futures,5,20,ls,1997-07-17,2015-05-15,2024-03-28,3786,2524,-0.3262773257524337,0.11804244454573348,-0.6004052793249566,0.005848638911423746,-0.9999955701201664,-0.36880437384809917,-0.6004026196017177,0.002157003611591263,0.21563082723893395,0.36377220935110394,0.06201440416774068,True
fx_futures/ZAR,fx_futures,5,35,ls,1997-08-18,2015-05-25,2024-03-28,3777,2518,-0.0820695838977096,-0.18416078371117783,-0.4844180199563361,-0.09608602629819868,-0.9998870625962302,-0.6358802743683496,-0.48436331104282293,-0.06109920876546303,0.21566721411316583,0.36326528185387474,0.06880871698318194,False
fx_futures/ZAR,fx_futures,8,21,ls,1997-07-18,2015-05-15,2024-03-28,3785,2524,-0.21151926588487235,0.05530401477579412,-0.5496751036079972,-0.025868297064069987,-0.9999810257242618,-0.4369109544543694,-0.5496646739210149,-0.01130214236037198,0.21553574089964436,0.363820269424648,0.06201440416774068,False
fx_futures/ZAR,fx_futures,9,21,ls,1997-07-18,2015-05-15,2024-03-28,3785,2524,-0.05384068467518461,-0.0004122120050438066,-0.4651651440539641,-0.04869663161121204,-0.9998262033777532,-0.4745890653282271,-0.46508429992314054,-0.02311088888099812,0.21556077880460028,0.363820269424648,0.06201440416774068,False
fx_futures/ZAR,fx_futures,10,20,ls,1997-07-17,2015-05-15,2024-03-28,3786,2524,-0.06755315664248156,-0.050022649296824415,-0.4725980324200912,-0.06610648196356055,-0.9998624191261343,-0.5068465582979661,-0.47253301196980363,-0.03350584286441723,0.21557127291067427,0.36377220935110394,0.06201440416774068,False
fx_futures/ZAR,fx_futures,10,30,ls,1997-08-11,2015-05-21,2024-03-28,3780,2520,-0.15045710792160633,-0.11567188228343547,-0.5178158631679658,-0.08523386836527631,-0.999948429638233,-0.5527091855384255,-0.5177891592165735,-0.047109541964461245,0.2156103077788712,0.3639546239595752,0.0628178483255677,False
fx_futures/ZAR,fx_futures,10,100,ls,1997-11-19,2015-06-30,2024-03-28,3738,2492,0.17506392725678496,-0.11228437581461792,-0.3265483955095632,-0.08390383134982746,-0.9968650546375701,-0.5551619061494779,-0.3255246841314516,-0.046580210945414535,0.2160791572401089,0.3728670584720711,0.08650232166812037,False
fx_futures/ZAR,fx_futures,12,26,ls,1997-07-31,2015-05-19,2024-03-28,3782,2522,-0.13914140144429224,-0.15344050072316617,-0.5111848620678036,-0.09349537661864385,-0.9999392894197303,-0.586700768121682,-0.5111538277382024,-0.0548538092779843,0.21563058514010477,0.3633439746094898,0.0664777574760484,False
fx_futures/ZAR,fx_futures,13,48,ls,1997-09-05,2015-06-01,2024-03-28,3769,2513,-0.21174116634180934,-0.30442067501688475,-0.547351678888105,-0.1345235137027486,-0.9999685374548711,-0.6333024939509607,-0.5473344578112066,-0.08519407672299692,0.21574186262179207,0.3614643269227923,0.08453661741794262,False
fx_futures/ZAR,fx_futures,20,50,ls,1997-09-09,2015-06-02,2024-03-28,3768,2512,-0.09707897801825702,-0.26362610365983874,-0.4907935789035806,-0.11687394555842402,-0.9998695365731896,-0.6600028412980568,-0.4907295482914203,-0.07713713614227426,0.21584802693934516,0.36106060197973033,0.08779001039047847,False
fx_futures/ZAR,fx_futures,20,60,ls,1997-09-23,2015-06-08,2024-03-28,3762,2508,0.09216034792746743,-0.16084860355275557,-0.37959916573582103,-0.10068870203618027,-0.9989352180414378,-0.5602206526473457,-0.3791949753926603,-0.05640789036892303,0.21578224185348488,0.3565451874885986,0.11199736867420293,False
fx_futures/ZAR,fx_futures,20,100,ls,1997-11-19,2015-06-30,2024-03-28,3738,2492,0.3350707185459667,-0.0162686042557377,-0.20270930957824343,-0.05223881643141191,-0.9766127941539806,-0.5090003373254198,-0.1979685052282326,-0.026589575185069346,0.21610072941827804,0.3728670584720711,0.08650232166812037,False
fx_futures/ZAR,fx_futures,21,55,ls,1997-09-16,2015-06-04,2024-03-28,3765,2510,-0.0074655582023498476,-0.15360956940982975,-0.44143874421540275,-0.09458224603855338,-0.9995946187644061,-0.5811423158853897,-0.44125979323183373,-0.05496574550448663,0.21587517099965792,0.35994617986253324,0.09685016370381146,False
fx_futures/ZAR,fx_futures,30,90,ls,1997-11-04,2015-06-24,2024-03-28,3744,2496,0.36794380580406716,0.04074749691902535,-0.17365010461506053,-0.032038402523558274,-0.9767442511327927,-0.4525344257131716,-0.16961174139136842,-0.014498480086765872,0.2159506040032025,0.3712057291507737,0.0838439873871086,False
fx_futures/ZAR,fx_futures,30,200,ls,1998-04-16,2015-08-21,2024-03-28,3678,2452,0.26070584557942206,-0.06705395450818212,-0.2648144203498177,-0.0721385144283216,-0.9973373091309271,-0.5190478321440345,-0.26410930141075345,-0.037443339528111484,0.21707765079041727,0.3685600360463195,0.12464303009448228,False
fx_futures/ZAR,fx_futures,40,100,ls,1997-11-19,2015-06-30,2024-03-28,3738,2492,0.36272931770456424,-0.12842619051084286,-0.17687130083241867,-0.08998195106079454,-0.9905904253742858,-0.5544362000376121,-0.17520701712808887,-0.0498892510181173,0.21604126151056133,0.3728670584720711,0.08650232166812037,False
fx_futures/ZAR,fx_futures,50,150,ls,1998-02-03,2015-07-27,2024-03-28,3708,2472,0.21387478955896097,-0.08849088613670492,-0.2975221729971146,-0.07655354028723702,-0.9983096621256393,-0.5452858385897809,-0.29701925999963547,-0.04174356141254261,0.21647765030803956,0.3666287046015191,0.1082815021568916,False
fx_futures/ZAR,fx_futures,50,200,ls,1998-04-16,2015-08-21,2024-03-28,3678,2452,0.15911191785883105,-0.19116659773280095,-0.33671414304006203,-0.10431638958981232,-0.9987207899635726,-0.604296294757861,-0.33628341492887814,-0.06303800771164109,0.21706309027680026,0.3685600360463195,0.12464303009448228,False
fx_futures/ZAR,fx_futures,60,120,ls,1997-12-18,2015-07-09,2024-03-28,3726,2484,0.24643874823975942,-0.2606309889060463,-0.27241088654639256,-0.11972851637597437,-0.9979989901605254,-0.640661347626772,-0.27186578968203323,-0.07670543265078578,0.21616206933988297,0.3646939760234086,0.10089371733953593,False
fx_futures/ZAR,fx_futures,60,132,ls,1998-01-07,2015-07-15,2024-03-28,3718,2480,0.16054108574169168,-0.09904802902497319,-0.334935235075667,-0.07269654449582008,-0.9989737922101282,-0.6038119209954091,-0.3345915219283298,-0.04389504018174936,0.21635790539776156,0.37170535753582246,0.09170181526909112,False
fx_futures/ZAR,fx_futures,60,180,ls,1998-03-18,2015-08-12,2024-03-28,3690,2460,0.14666825996132005,-0.1751391541819588,-0.34432255333821654,-0.09368082060226005,-0.9988999309547869,-0.6369761651740412,-0.3439437747557204,-0.059672449857584915,0.21679174946255042,0.3644677241091071,0.11991532467073333,False
fx_futures/ZAR,fx_futures,60,400,ls,1999-05-05,2015-12-10,2024-03-28,3558,2372,0.16522431060885115,-0.49949262396965993,-0.30973645359982344,-0.16997659922750588,-0.9957360841388436,-0.7178947109394763,-0.30841576342254085,-0.12202530156890555,0.2143602726637341,0.4102423678010053,0.24070602720870649,False
fx_futures/ZAR,fx_futures,62,758,ls,2003-05-01,2016-06-23,2024-03-28,3343,2229,0.23882460293371682,-0.5239431656935818,-0.22507243738410954,-0.17880222994724287,-0.9868913276943244,-0.6825199432046639,-0.22212203655740156,-0.12203608782845947,0.20734681805785002,0.3648138850181075,0.1898918377358131,False
fx_futures/ZAR,fx_futures,74,758,ls,2003-05-01,2016-06-23,2024-03-28,3343,2229,0.2114751716478954,-0.4597922166190109,-0.24499911067226113,-0.16991679309862745,-0.990806687294939,-0.649122614882757,-0.2427467572353892,-0.11029683304867345,0.20738463187512907,0.3648138850181075,0.1898918377358131,False
fx_futures/ZAR,fx_futures,80,144,ls,1998-01-26,2015-07-22,2024-03-28,3711,2475,0.23138989273986257,-0.23184463355857599,-0.2804399925260474,-0.10613534972653249,-0.9962960554153869,-0.6691559048356975,-0.2794012583344216,-0.07102109598131105,0.21644391239652816,0.3677838749936076,0.08974566957307761,False
fx_futures/ZAR,fx_futures,80,300,ls,1998-12-09,2015-10-15,2024-03-28,3618,2412,0.1102769244799208,-0.29151634966192047,-0.3520027696194146,-0.12228133900272145,-0.9980182351953231,-0.6715709129647869,-0.3513051829194341,-0.08212059047261425,0.21466643259874132,0.436930024871915,0.13332745468072518,False
fx_futures/ZAR,fx_futures,100,200,ls,1998-04-16,2015-08-21,2024-03-28,3678,2452,0.13200513900190347,-0.03995648819502938,-0.3461952806956321,-0.06000984532688245,-0.9990083960591603,-0.5291913357141896,-0.3458519920909942,-0.031756690204534845,0.21705085334292307,0.3685600360463195,0.12464303009448228,False
fx_futures/ZAR,fx_futures,100,250,ls,1998-09-22,2015-09-17,2024-03-28,3648,2432,0.08426514264769923,-0.19635875715311815,-0.3765778291722021,-0.10469954719857413,-0.9988137138237762,-0.6059789664572724,-0.37613110009918277,-0.06344572339993637,0.21537616406581064,0.440012608227704,0.14569664844295754,False
fx_futures/ZAR,fx_futures,100,300,ls,1998-12-09,2015-10-15,2024-03-28,3618,2412,0.11142791278201832,-0.16532013181254143,-0.35061778239189356,-0.0953740864708745,-0.9978570356002339,-0.596847124364944,-0.34986642096630277,-0.05692374924907496,0.214708794687689,0.436930024871915,0.13332745468072518,False
fx_futures/ZAR,fx_futures,100,400,ls,1999-05-05,2015-12-10,2024-03-28,3558,2372,0.02305373282593642,-0.5088864705778575,-0.40264134946969066,-0.17137969135425385,-0.9992125095698011,-0.7222029702310794,-0.4023242732601809,-0.12377092213332777,0.2143767127239965,0.4102423678010053,0.24070602720870649,False
fx_futures/ZAR,fx_futures,116,378,ls,1999-04-05,2015-11-27,2024-03-28,3571,2381,0.053589105286229344,-0.3924693034377332,-0.38435626215302415,-0.1485221696403003,-0.9988683931447377,-0.6848336246989664,-0.3839213219719088,-0.10171297578292163,0.21455518158161793,0.4288369005469102,0.19864653833385706,False
fx_futures/ZAR,fx_futures,120,398,ls,1999-05-03,2015-12-09,2024-03-28,3559,2373,0.06778500097937808,-0.5178190537866838,-0.37473724622314475,-0.17160480778758797,-0.9987312145968248,-0.7311789735873627,-0.37426178507511076,-0.12547382722078523,0.2144238507167837,0.40126104339531626,0.2307045421553351,False
fx_futures/ZAR,fx_futures,134,750,ls,2003-04-21,2016-06-20,2024-03-28,3348,2232,0.0770196952871049,-0.42001582219832306,-0.34645840802795125,-0.1721217943928166,-0.9950406118686757,-0.5983262743077932,-0.3447401863111799,-0.10298499196622597,0.2074896918825777,0.4228170923778277,0.2185532346180822,False
fx_futures/ZAR,fx_futures,150,400,ls,1999-05-05,2015-12-10,2024-03-28,3558,2372,0.14015010830976588,-0.4943273480587393,-0.326662968184423,-0.16920090656835413,-0.9971013417715769,-0.7150520848483881,-0.3257160838837741,-0.12098746099993894,0.21436521362797903,0.4102423678010053,0.24070602720870649,False
fx_futures/ZAR,fx_futures,150,500,ls,1999-09-28,2016-02-03,2024-03-28,3498,2332,0.21540401733521733,-0.5860867496769874,-0.26453038359186204,-0.19095374684779978,-0.996766039400312,-0.7209954149707664,-0.2636749027539056,-0.13767677594875208,0.21371556807752837,0.33222246283685447,0.28221531701466096,False
fx_futures/ZAR,fx_futures,150,710,ls,2000-08-29,2016-05-31,2024-03-28,3372,2248,-0.06282695719484982,-0.5047118002681872,-0.4400662519467323,-0.1878656633268281,-0.9994574639174393,-0.6355592940889342,-0.439827500126334,-0.11939976836754825,0.20872922525197526,0.47168384888175907,0.2724092894526286,False
fx_futures/ZAR,fx_futures,162,678,ls,2000-07-14,2016-05-13,2024-03-28,3391,2261,-0.06424231490409854,-0.4788742906715093,-0.44060211754822465,-0.17622324407797865,-0.9995183247538693,-0.6525485863138683,-0.44038989041480886,-0.11499422879872873,0.2093218135506137,0.4688603854110502,0.23224844235236874,False
fx_futures/ZAR,fx_futures,174,698,ls,2000-08-11,2016-05-24,2024-03-28,3379,2253,-0.12787460518678084,-0.5224295004608093,-0.4789112008761661,-0.18901005924915923,-0.9998074808560388,-0.6489946149282245,-0.47881900130174,-0.122666510619969,0.20875016675088967,0.4645272212736366,0.2742646915429041,False
fx_futures/ZAR,fx_futures,200,400,ls,1999-05-05,2015-12-10,2024-03-28,3558,2372,0.05539822581472169,-0.46391206253818895,-0.3830087080223018,-0.1641850973658558,-0.9990400487260853,-0.7019688344839564,-0.38264103832511537,-0.1152528214375447,0.21439094775830395,0.4102423678010053,0.24070602720870649,False
fx_futures/ZAR,fx_futures,200,600,ls,2000-02-22,2016-03-31,2024-03-28,3438,2292,-0.0028073392161130925,-0.5133988193294997,-0.40873562563838567,-0.17997989024176525,-0.9995241706751081,-0.6798584872959418,-0.4085411372415789,-0.12236085592345616,0.2108885891007415,0.3910830733290963,0.2218085176250904,False
index/^DJI,index,5,20,ls,2009-01-30,2015-02-12,2019-02-22,1519,1013,-0.012601320614043092,-0.3048781583940676,-0.03702458933726262,-0.1617650805906927,-0.41028261858483633,-0.31183795480433274,-0.015190545465320317,-0.05044449189015967,0.13834048312211794,0.9067135065498687,0.7363483990999699,False
index/^DJI,index,5,35,ls,2009-02-23,2015-02-23,2019-02-22,1510,1007,-0.3310712405086494,-0.480896894079623,-0.16360619546102007,-0.21860039032227402,-0.3895722790840234,-0.3364673837572336,-0.0637364384380158,-0.07355190142004563,0.13878965695261364,1.0569121955607548,0.7244052414578859,False
index/^DJI,index,8,21,ls,2009-02-02,2015-02-12,2019-02-22,1518,1013,-0.01284259942204838,-0.37452302951676103,-0.04502195266352899,-0.18920415667481863,-0.338447612310817,-0.31524272112791557,-0.015237572380542014,-0.05964523319888229,0.13853307350843108,0.9153971265867334,0.7363483990999699,False
index/^DJI,index,9,21,ls,2009-02-02,2015-02-12,2019-02-22,1518,1013,-0.13857853928335945,-0.20490298948527114,-0.09888603922057798,-0.12471398623235766,-0.3565427209435203,-0.2987537060922427,-0.03525709748703254,-0.037258765588453785,0.13846430650063235,0.9153971265867334,0.7363483990999699,False
index/^DJI,index,10,20,ls,2009-01-30,2015-02-12,2019-02-22,1519,1013,-0.12326636959420163,-0.14612830160025655,-0.09464387349940405,-0.10669379192598068,-0.3469041610635326,-0.275677970962206,-0.03283235353611387,-0.029413128072418148,0.13854748730437105,0.9067135065498687,0.7363483990999699,False
index/^DJI,index,10,30,ls,2009-02-13,2015-02-19,2019-02-22,1513,1009,-0.2466146196129395,-0.1929320735221896,-0.129959842443083,-0.11258215058117414,-0.3962626538616824,-0.3176651763403651,-0.051498232061942185,-0.035763428717146224,0.1387613905213336,0.9379678449887601,0.7365251579528701,False
index/^DJI,index,10,100,ls,2009-05-27,2015-03-31,2019-02-22,1471,981,-0.0503029547531783,-0.041929244001178326,-0.05015114470354485,-0.04630393987933271,-0.3606082582692503,-0.3298292749240847,-0.018084916941754445,-0.01527239491652872,0.13833109164684185,0.9608786267791553,0.7783182550139627,False
index/^DJI,index,12,26,ls,2009-02-09,2015-02-17,2019-02-22,1515,1011,-0.13908499222500822,-0.04835154525078581,-0.08889444103630813,-0.05491440211896954,-0.3956478783138919,-0.29497165201470027,-0.03517089698991468,-0.016198191912432002,0.1386404762468185,0.8816104459332534,0.7295717579291564,False
index/^DJI,index,13,48,ls,2009-03-12,2015-03-02,2019-02-22,1502,1002,-0.17652514017944454,0.11572844355924661,-0.13086887031916264,0.02734561994257164,-0.29518482990052736,-0.23514604154795718,-0.038630505224436194,0.006430214283170597,0.13905965711492357,1.0935080457461914,0.7095342669934901,False
index/^DJI,index,20,50,ls,2009-03-16,2015-03-03,2019-02-22,1501,1001,-0.21969805022006458,0.3874746231856912,-0.12255074698990435,0.2742095870357267,-0.3674463708681215,-0.16465284856816303,-0.04503082722861772,0.045149389610132026,0.13891600164953344,1.0817841827772,0.7184634316522508,False
index/^DJI,index,20,60,ls,2009-03-30,2015-03-09,2019-02-22,1495,997,-0.2225161208833103,0.20321421661666292,-0.11099373332323093,0.08951204572781664,-0.3961401863708966,-0.20912556333613402,-0.04396907820466629,0.018719256988199443,0.13868944858519852,1.051209066883944,0.7421266979751039,False
index/^DJI,index,20,100,ls,2009-05-27,2015-03-31,2019-02-22,1471,981,0.10231449835851941,-0.29980920229024727,0.01144278515956355,-0.13987957873270865,-0.3698421538000082,-0.35615741287159414,0.004232024308883754,-0.04981914887500997,0.13840980615676016,0.9608786267791553,0.7783182550139627,False
index/^DJI,index,21,55,ls,2009-03-23,2015-03-05,2019-02-22,1498,999,-0.12903865949428123,0.36904378862373494,-0.07924346328844935,0.2630975710522969,-0.3867469251238836,-0.16128670069224113,-0.03064716576297514,0.042434139195167454,0.13874178960425734,1.015268011596955,0.7261063867766037,False
index/^DJI,index,30,90,ls,2009-05-12,2015-03-25,2019-02-22,1477,985,0.2004982509090216,-0.0636320198918379,0.06698316154281227,-0.0642033227802082,-0.28244154103374347,-0.2841061249852009,0.018918827369464077,-0.018240557246259025,0.13841402914753898,0.9245935818697931,0.7812328958296406,False
index/^DJI,index,30,200,ls,2009-10-16,2015-05-28,2019-02-22,1411,941,0.2497053344151375,0.13351925140967993,0.07852105146332897,0.03195868274190714,-0.3313464342603112,-0.2786598992014303,0.026017670416744444,0.008905603311470335,0.13977383820509268,0.8068052055600136,0.7639541827148918,False
index/^DJI,index,40,100,ls,2009-05-27,2015-03-31,2019-02-22,1471,981,-0.10589438665153676,0.08770106079293659,-0.05196878332012171,0.008953704183096293,-0.5037858292507719,-0.2836446809669983,-0.026181136600081197,0.002539670566487226,0.13842233783945887,0.9608786267791553,0.7783182550139627,False
index/^DJI,index,50,150,ls,2009-08-06,2015-04-29,2019-02-22,1441,961,0.3818023222331199,0.017785318139365635,0.15128194865905253,-0.024636293357399308,-0.3034043125060362,-0.29282809037702057,0.045899595627473304,-0.007214198737815316,0.13920096044976038,0.8771674238487607,0.7617649645876792,False
index/^DJI,index,50,200,ls,2009-10-16,2015-05-28,2019-02-22,1411,941,0.5286393220604241,-0.3897976453043877,0.25620764372715726,-0.19084323729908342,-0.2666695999748305,-0.3262201424387467,0.06832278986321491,-0.062256908055178535,0.13973991839829353,0.8068052055600136,0.7639541827148918,False
index/^DJI,index,60,120,ls,2009-06-24,2015-04-13,2019-02-22,1459,973,0.425998621574114,0.0778329016800242,0.1533247156700001,0.0038711983152975183,-0.346025576203126,-0.29437809842300644,0.05305427308589226,0.0011395959986756296,0.13888404862388237,0.9854485605356087,0.7610746353967811,False
index/^DJI,index,60,132,ls,2009-07-13,2015-04-20,2019-02-22,1452,968,0.43513279204126504,0.04177323838983619,0.1584138403414828,-0.013567508677176996,-0.34234307601997327,-0.28374576127301016,0.054231881386640146,-0.0038497230781837574,0.13874944275728462,0.9937319279776302,0.7586950038283882,False
index/^DJI,index,60,180,ls,2009-09-18,2015-05-15,2019-02-22,1423,949,0.6220074626607722,-0.3236855989399931,0.3672090348204223,-0.17737928888711182,-0.22587975633344468,-0.30062198319319533,0.08294508730867639,-0.05332411360264227,0.13922188652346998,0.8312413934426895,0.744615198663937,False
index/^DJI,index,60,400,ls,2010-08-04,2015-09-21,2019-02-22,1291,861,0.667227511818288,0.2344434491000541,0.5274625113872397,0.0735799543004282,-0.16823960796645981,-0.3095774506827553,0.08874008613279354,0.022778694673680197,0.13504756023781816,0.667227511818288,1.056964884824421,False
index/^DJI,index,62,758,ls,2012-01-04,2016-04-15,2019-02-22,1076,718,0.7428684525495549,1.079717938867997,0.6170293702869909,0.7486403609151677,-0.14483149640654766,-0.18771872962469185,0.0893652870254547,0.1405338174967661,0.12961144220715645,0.7428684525495549,1.079717938867997,False
index/^DJI,index,74,758,ls,2012-01-04,2016-04-15,2019-02-22,1076,718,0.7428684525495549,1.079717938867997,0.6170293702869909,0.7486403609151677,-0.14483149640654766,-0.18771872962469185,0.0893652870254547,0.1405338174967661,0.12961144220715645,0.7428684525495549,1.079717938867997,False
index/^DJI,index,80,144,ls,2009-07-29,2015-04-24,2019-02-22,1444,964,0.7131297908208223,-0.37775782723448714,0.4951569837505876,-0.18295316717621318,-0.19660209621587035,-0.329372234485947,0.09734890096129317,-0.06025969347911035,0.13887970420708562,0.9029352705922415,0.7557544925459065,False
index/^DJI,index,80,300,ls,2010-03-12,2015-07-24,2019-02-22,1351,901,0.7236109134564439,0.22404883632769287,0.5845924777427148,0.07383191500847745,-0.16823960796645981,-0.2959833572234351,0.09835160927557572,0.02185301807444448,0.14080439286298496,0.7236109134564439,0.8522976442811364,False
index/^DJI,index,100,200,ls,2009-10-16,2015-05-28,2019-02-22,1411,941,0.39948466300275604,-0.32174453270423187,0.1428582192323245,-0.14582716523604386,-0.3396178642914669,-0.3659281807953294,0.048517203312164206,-0.053362269285365437,0.13994227135541715,0.8068052055600136,0.7639541827148918,False
index/^DJI,index,100,250,ls,2009-12-29,2015-06-25,2019-02-22,1381,921,0.650726916237944,0.07218984087132346,0.47368853104346276,0.0007108106498061851,-0.18366768045438317,-0.3493289515544641,0.08700127375459688,0.00024830673905054196,0.14064685469847027,0.7413386432139841,0.8012010853333694,False
index/^DJI,index,100,300,ls,2010-03-12,2015-07-24,2019-02-22,1351,901,0.7236109134564439,0.0042215368953680945,0.5845924777427148,-0.02516040647110078,-0.16823960796645981,-0.3697661199999442,0.09835160927557572,-0.009303465878440423,0.14088278211008676,0.7236109134564439,0.8522976442811364,False
index/^DJI,index,100,400,ls,2010-08-04,2015-09-21,2019-02-22,1291,861,0.667227511818288,0.617597434377203,0.5274625113872397,0.3532850998495244,-0.16823960796645981,-0.21813699913832543,0.08874008613279354,0.07706455152145891,0.13500739601330022,0.667227511818288,1.056964884824421,False
index/^DJI,index,116,378,ls,2010-07-02,2015-09-08,2019-02-22,1304,870,0.7889760586748725,0.7531174997012007,0.6438456394791022,0.5170302737008469,-0.16823960796645995,-0.18771872962469183,0.10832033797687887,0.09705626615662968,0.13516694118514783,0.7889760586748725,1.0469524017328051,False
index/^DJI,index,120,398,ls,2010-08-02,2015-09-18,2019-02-22,1292,862,0.6573579589385499,0.7242576786453636,0.518118929248714,0.49319762376704357,-0.16823960796645981,-0.18771872962469172,0.08716812553680559,0.09258243138746608,0.1348507295464572,0.6573579589385499,1.0725621682384896,False
index/^DJI,index,134,750,ls,2011-12-21,2016-04-12,2019-02-22,1081,721,0.7673992312566449,1.1031553134104752,0.6411656205296384,0.7663531822768869,-0.1448314964065477,-0.18771872962469185,0.09286097626574025,0.14385884582085712,0.12948285686156744,0.7673992312566449,1.1031553134104752,False
index/^DJI,index,150,400,ls,2010-08-04,2015-09-21,2019-02-22,1291,861,0.667227511818288,0.7793812545316985,0.5274625113872397,0.5366078137149325,-0.16823960796645981,-0.18771872962469183,0.08874008613279354,0.1007313370972504,0.1348488400877699,0.667227511818288,1.056964884824421,False
index/^DJI,index,150,500,ls,2010-12-27,2015-11-16,2019-02-22,1231,821,0.662105426744346,0.9756466584335216,0.5258559542885888,0.6923636927586312,-0.16823960796645987,-0.18771872962469185,0.08846979959634083,0.12996963284291072,0.13456419055462773,0.662105426744346,0.9756466584335216,False
index/^DJI,index,150,710,ls,2011-10-25,2016-03-18,2019-02-22,1105,737,0.7649532099222016,1.1048622587844257,0.6730658306214917,0.7626061957542483,-0.1448314964065477,-0.18771872962469185,0.09748113142902662,0.14315546627090656,0.12862552967402818,0.7649532099222016,1.1048622587844257,False
index/^DJI,index,162,678,ls,2011-09-09,2016-03-01,2019-02-22,1124,750,0.7619389927811642,1.2041154052291327,0.6954858913808637,0.836471296054714,-0.14483149640654763,-0.18771872962469185,0.10072826237833214,0.15702132906291044,0.12797175179771708,0.7619389927811642,1.2041154052291327,False
index/^DJI,index,174,698,ls,2011-10-07,2016-03-11,2019-02-22,1112,742,0.8032937386421637,1.1590370107840289,0.7212975804060295,0.8034699658615777,-0.14483149640654763,-0.18771872962469188,0.10446660792462736,0.15082636128312993,0.12835704380206256,0.8032937386421637,1.1590370107840289,False
index/^DJI,index,200,400,ls,2010-08-04,2015-09-21,2019-02-22,1291,861,0.667227511818288,1.056964884824421,0.5274625113872397,0.7594300332297083,-0.16823960796645981,-0.18771872962469185,0.08874008613279354,0.14255924107671836,0.13471804499490678,0.667227511818288,1.056964884824421,False
index/^DJI,index,200,600,ls,2011-05-19,2016-01-14,2019-02-22,1171,781,0.4560730074434147,1.1986459062763852,0.35653498752357266,0.8589861911237416,-0.16260952968608472,-0.18771872962469185,0.05797598663784223,0.16124779656290153,0.1320386796562811,0.4560730074434147,1.1986459062763852,False
index/^GSPC,index,5,20,ls,2009-01-30,2015-02-12,2019-02-22,1519,1013,-0.31160801955033096,-0.6826676966811249,-0.15226427206082893,-0.23532877407389755,-0.45604310508062673,-0.4151263781531129,-0.06943907142346174,-0.09769118165650925,0.1368353079283488,0.950077459504646,0.597681723455084,False
index/^GSPC,index,5,35,ls,2009-02-23,2015-02-23,2019-02-22,1510,1007,-0.13196077929392688,-0.5233194758833646,-0.12828631387277895,-0.22764930594657323,-0.29689056214523885,-0.3423730132437484,-0.0380869958412299,-0.07794097883977626,0.13707081966651943,1.0780297751533832,0.5811743714549118,False
index/^GSPC,index,8,21,ls,2009-02-02,2015-02-12,2019-02-22,1518,1013,-0.01895155855948182,-0.48460855509325124,-0.057172274784270755,-0.21304502387198573,-0.3367431875682867,-0.34188171239129544,-0.019252374051385315,-0.0728361975777989,0.1367327191485831,0.9508879749423861,0.597681723455084,False
index/^GSPC,index,9,21,ls,2009-02-02,2015-02-12,2019-02-22,1518,1013,-0.18884090816432844,-0.39184068098177627,-0.1172363189838624,-0.18284879675130114,-0.4156489850232323,-0.3338140885679008,-0.048729156993502304,-0.06103750443327293,0.13681714436862638,0.9508879749423861,0.597681723455084,False
index/^GSPC,index,10,20,ls,2009-01-30,2015-02-12,2019-02-22,1519,1013,-0.10376741160222687,-0.2740553547183148,-0.09394575606673763,-0.15821675261033438,-0.3627312641771427,-0.28910238463117355,-0.03407706286216521,-0.045740840468248126,0.13671786958117096,0.950077459504646,0.597681723455084,False
index/^GSPC,index,10,30,ls,2009-02-13,2015-02-19,2019-02-22,1513,1009,-0.06694934372449382,-0.1703265090883225,-0.07134718044551636,-0.1438485115627335,-0.383212071070413,-0.22325834765337124,-0.027341100783560793,-0.03211538100389275,0.13672942495692852,0.9627346013418722,0.5910950625329336,False
index/^GSPC,index,10,100,ls,2009-05-27,2015-03-31,2019-02-22,1471,981,0.1739372646178109,-0.00833035653528164,0.039507198720465354,-0.0538241168449909,-0.383661180277302,-0.19526955501922855,0.015157378490543653,-0.010510211345624337,0.13717628265849138,0.9752256439343607,0.6316797622875535,False
index/^GSPC,index,12,26,ls,2009-02-09,2015-02-17,2019-02-22,1515,1011,-0.0004140908533338143,-0.15226933552899166,-0.04546772412481224,-0.13355026111974988,-0.350868185297571,-0.22225782154199616,-0.01595317785328346,-0.029682590102840356,0.13658805262712143,0.9106807418946278,0.5879919097834071,False
index/^GSPC,index,13,48,ls,2009-03-12,2015-03-02,2019-02-22,1502,1002,0.06875120042792363,-0.29285797667178043,-0.010637613489714395,-0.16963156365007878,-0.2647295980781304,-0.2858421003941236,-0.0028160911436425897,-0.04848784244687799,0.13741009992187106,1.1080329360548558,0.5760799721647467,False
index/^GSPC,index,20,50,ls,2009-03-16,2015-03-03,2019-02-22,1501,1001,0.05452904248391972,0.10614121974062742,-0.015072328994464477,0.030581433977831383,-0.3484997763959332,-0.1679970620448561,-0.005252703284336811,0.005137591061394409,0.1375455958786529,1.0998825222675361,0.5847813224776682,False
index/^GSPC,index,20,60,ls,2009-03-30,2015-03-09,2019-02-22,1495,997,0.18428465213613213,0.33333202663317735,0.04764960874892277,0.23580675154150105,-0.3559654601780231,-0.1569736952682391,0.01696161490561305,0.037015457158668955,0.13740107861416787,1.0705303941503446,0.6116237236663233,False
index/^GSPC,index,20,100,ls,2009-05-27,2015-03-31,2019-02-22,1471,981,0.07643462517477503,-0.12165102144941461,-0.0015145848976553975,-0.11764391328896175,-0.43873634294669017,-0.2189009872074255,-0.0006645034390796161,-0.02575236875789849,0.1370853849201888,0.9752256439343607,0.6316797622875535,False
index/^GSPC,index,21,55,ls,2009-03-23,2015-03-05,2019-02-22,1498,999,0.175400756204496,0.1719023817227123,0.0448038077898205,0.09091845704710379,-0.3453603611477141,-0.156973695268239,0.015473459239085175,0.014271806170770547,0.13759281908048812,1.0286887842293155,0.5913168911078976,False
index/^GSPC,index,30,90,ls,2009-05-12,2015-03-25,2019-02-22,1477,985,0.21526065257614038,-0.26637395712862466,0.060554669633310625,-0.17393766587583948,-0.3634996877422565,-0.2583186181521196,0.022011603503043913,-0.04493133749365194,0.13716670093332486,0.9438222608022233,0.6357866451485381,False
index/^GSPC,index,30,200,ls,2009-10-16,2015-05-28,2019-02-22,1411,941,0.1856353197668703,-0.35804384414792917,0.03936357985012136,-0.16329014427931485,-0.4306406309629488,-0.35293704528825276,0.016951556863616678,-0.057631141046633874,0.1387698340759854,0.8354928881367994,0.6010908804159583,False
index/^GSPC,index,40,100,ls,2009-05-27,2015-03-31,2019-02-22,1471,981,0.5858909020858887,-0.09157494907679156,0.3550918000122543,-0.07882039177586399,-0.23865408573733463,-0.27597431756392016,0.08474410888474902,-0.021752403830464888,0.13715434822658595,0.9752256439343607,0.6316797622875535,False
index/^GSPC,index,50,150,ls,2009-08-06,2015-04-29,2019-02-22,1441,961,0.34835980740227857,-0.2688995588226367,0.11910307289942729,-0.1369464413131394,-0.3659527546702152,-0.33360593718939063,0.04358609761723287,-0.04568614589902176,0.1382238607107037,0.9052095579217211,0.6043428070900291,False
index/^GSPC,index,50,200,ls,2009-10-16,2015-05-28,2019-02-22,1411,941,0.4779667994749415,-0.3558466302389028,0.2774038038305407,-0.163014859072288,-0.23417759487138584,-0.35191371804387533,0.06496175558920975,-0.05736716515252723,0.1388258878646234,0.8354928881367994,0.6010908804159583,False
index/^GSPC,index,60,120,ls,2009-06-24,2015-04-13,2019-02-22,1459,973,0.4413196669211832,-0.20629363099216833,0.16151177161581062,-0.1103816332790612,-0.3683930438969534,-0.3370315636747616,0.059499813170738027,-0.0372020944650161,0.1376577978638051,0.9911125967767311,0.6125367925754768,False
index/^GSPC,index,60,132,ls,2009-07-13,2015-04-20,2019-02-22,1452,968,0.4426733533849835,-0.30247775198375154,0.1595827698921226,-0.14354670589178956,-0.3726615147906066,-0.34773447458422546,0.05947035676247922,-0.049916138351577787,0.13777065105805,1.004073365778928,0.6077120966655435,False
index/^GSPC,index,60,180,ls,2009-09-18,2015-05-15,2019-02-22,1423,949,0.40729349112388274,-0.2767841313524803,0.18262214219629008,-0.14368862174205116,-0.29168546332348133,-0.3255046580844214,0.053268224159651566,-0.046771315690768124,0.13834531010849324,0.8483543109099941,0.5961125982798948,False
index/^GSPC,index,60,400,ls,2010-08-04,2015-09-21,2019-02-22,1291,861,0.4978754704576297,0.3211593336587111,0.207511764856527,0.15974632896907792,-0.32184398477222514,-0.21624720579298595,0.06678641328854164,0.034544697275250225,0.1335738475312826,0.7851827772391526,0.83629272458052,False
index/^GSPC,index,62,758,ls,2012-01-04,2016-04-15,2019-02-22,1076,718,0.9348281186538493,0.8832713737999416,0.8549641730083074,0.550135716627346,-0.14160750432729632,-0.1977821042395291,0.12106934282895722,0.10880699965187779,0.1259509643439243,0.9348281186538493,0.8832713737999416,False
index/^GSPC,index,74,758,ls,2012-01-04,2016-04-15,2019-02-22,1076,718,0.9348281186538493,0.8832713737999416,0.8549641730083074,0.550135716627346,-0.14160750432729632,-0.1977821042395291,0.12106934282895722,0.10880699965187779,0.1259509643439243,0.9348281186538493,0.8832713737999416,False
index/^GSPC,index,80,144,ls,2009-07-29,2015-04-24,2019-02-22,1444,964,0.48876401065519043,-0.19877254431768418,0.2246284518991318,-0.1208477252088752,-0.2986379923748406,-0.3003890827619781,0.06708258990542518,-0.0363013373293656,0.13796822055805857,0.9334973895135275,0.5935359792987204,False
index/^GSPC,index,80,300,ls,2010-03-12,2015-07-24,2019-02-22,1351,901,0.446464512715058,-0.35267702214557456,0.1774481342791446,-0.21292648566595038,-0.33427724839163436,-0.2696506823845068,0.059316874059061706,-0.05741577215755842,0.13984679695881982,0.784608943786528,0.6603447532366009,False
index/^GSPC,index,100,200,ls,2009-10-16,2015-05-28,2019-02-22,1411,941,0.5721485861736972,-0.6850682384695048,0.31490303345332993,-0.3017452103722001,-0.2569159163207792,-0.3296109891684086,0.08090360139185525,-0.09945853726761042,0.13877235790779616,0.8354928881367994,0.6010908804159583,False
index/^GSPC,index,100,250,ls,2009-12-29,2015-06-25,2019-02-22,1381,921,0.5861867893785422,-0.5015369540913595,0.37086914115355313,-0.2481241985590692,-0.2234421893528835,-0.30915686259154274,0.0828678128627735,-0.07670929875956282,0.13962326233123185,0.80502563997111,0.6269109572172514,False
index/^GSPC,index,100,300,ls,2010-03-12,2015-07-24,2019-02-22,1351,901,0.6046603452151106,0.20574458292893386,0.3189954895386189,0.07840799200694971,-0.2692066232291787,-0.24431232155828506,0.08587569856403039,0.019156038555941342,0.13980998186908594,0.784608943786528,0.6603447532366009,False
index/^GSPC,index,100,400,ls,2010-08-04,2015-09-21,2019-02-22,1291,861,0.7851827772391526,0.35254187360416334,0.5920870648143384,0.1625722095195987,-0.19388242085950966,-0.23916959459568396,0.11479527348580533,0.038882329443327014,0.13354029087384323,0.7851827772391526,0.83629272458052,False
index/^GSPC,index,116,378,ls,2010-07-02,2015-09-08,2019-02-22,1304,870,0.8970932836039099,0.4312868559965086,0.6964470041658287,0.23893013613897512,-0.1938824208595096,-0.20887556248793476,0.13502883116802383,0.04990666658134726,0.1336785314352889,0.8970932836039099,0.8247669602501891,False
index/^GSPC,index,120,398,ls,2010-08-02,2015-09-18,2019-02-22,1292,862,0.780532451892787,0.7462286999334636,0.5878699748199363,0.47909924909947915,-0.19388242085950966,-0.19778210423952913,0.11397765386870824,0.09475725762647332,0.13325431797481582,0.780532451892787,0.845706406157213,False
index/^GSPC,index,134,750,ls,2011-12-21,2016-04-12,2019-02-22,1081,721,0.9605613240842253,0.9061532307403403,0.8830584200323858,0.5657323223733801,-0.14160750432729585,-0.19778210423952908,0.1250476990359911,0.11189172915532274,0.12581931630849466,0.9605613240842253,0.9061532307403403,False
index/^GSPC,index,150,400,ls,2010-08-04,2015-09-21,2019-02-22,1291,861,0.7851827772391526,0.83629272458052,0.5920870648143384,0.5462229626961794,-0.19388242085950966,-0.1977821042395291,0.11479527348580533,0.10803312694600017,0.13333260120822898,0.7851827772391526,0.83629272458052,False
index/^GSPC,index,150,500,ls,2010-12-27,2015-11-16,2019-02-22,1231,821,0.7281578054482306,0.779333844672259,0.5444836506778953,0.5006396066119315,-0.19388242085950969,-0.19778210423952908,0.10556580831185394,0.09901755486135788,0.13243891542801867,0.7281578054482306,0.779333844672259,False
index/^GSPC,index,150,710,ls,2011-10-25,2016-03-18,2019-02-22,1105,737,0.90437913202175,0.9068451367671592,0.8735305350956634,0.5641399532604612,-0.14160750432729596,-0.19778210423952913,0.12369847902858432,0.11157678704144362,0.12534497801692412,0.90437913202175,0.9068451367671592,False
index/^GSPC,index,162,678,ls,2011-09-09,2016-03-01,2019-02-22,1124,750,0.9007795474851182,0.9896696209107874,0.9067677705114572,0.620915818934032,-0.1416075043272959,-0.1977821042395291,0.12840512098655363,0.1228060372243833,0.12496788557075658,0.9007795474851182,0.9896696209107874,False
index/^GSPC,index,174,698,ls,2011-10-07,2016-03-11,2019-02-22,1112,742,0.9642790584960954,0.9396005458046797,0.9549575984936445,0.5858558083936523,-0.1416075043272959,-0.19778210423952913,0.13522916226107287,0.11587179456504694,0.12504096171314344,0.9642790584960954,0.9396005458046797,False
index/^GSPC,index,200,400,ls,2010-08-04,2015-09-21,2019-02-22,1291,861,0.7851827772391526,0.83629272458052,0.5920870648143384,0.5462229626961794,-0.19388242085950966,-0.1977821042395291,0.11479527348580533,0.10803312694600017,0.13333260120822898,0.7851827772391526,0.83629272458052,False
index/^GSPC,index,200,600,ls,2011-05-19,2016-01-14,2019-02-22,1171,781,0.5667881166679855,0.9969813831954087,0.4266066888175002,0.647963742636252,-0.187693055410871,-0.19778210423952908,0.08007111288287126,0.12815563248951858,0.12938107814285857,0.5667881166679855,0.9969813831954087,False
index/^IXIC,index,5,20,ls,2009-01-30,2015-02-12,2019-02-22,1519,1013,-0.3178439067506924,-0.3095107131869943,-0.16653508593888017,-0.1914962356192908,-0.46734581683738546,-0.32670242788934534,-0.07782947577019014,-0.06256228510849243,0.16481894501095837,1.1138191878575736,0.7446607728065031,False
index/^IXIC,index,5,35,ls,2009-02-23,2015-02-23,2019-02-22,1510,1007,0.007077601257542593,0.08370353973163434,-0.046308398196977914,0.0007925287793760953,-0.36773824734548977,-0.22378688529273058,-0.017029369190333696,0.00017735754704142602,0.16524781847281333,1.2037148527653856,0.7151804505160595,False
index/^IXIC,index,8,21,ls,2009-02-02,2015-02-12,2019-02-22,1518,1013,0.08098519181166897,-0.08124812971124101,-0.011539552364636626,-0.12311947173769673,-0.2785685800288241,-0.2164065229236051,-0.003214556716385085,-0.026643856782946018,0.1649584474838025,1.1040848760318571,0.7446607728065031,False
index/^IXIC,index,9,21,ls,2009-02-02,2015-02-12,2019-02-22,1518,1013,0.03325934140784058,-0.006370332575536534,-0.04223272910628957,-0.061603189966539754,-0.2943909668879621,-0.23557373342723595,-0.012432933955917968,-0.014512093451445012,0.16480931875309768,1.1040848760318571,0.7446607728065031,False
index/^IXIC,index,10,20,ls,2009-01-30,2015-02-12,2019-02-22,1519,1013,0.0417545829877587,0.021058822100035967,-0.03669807094953679,-0.04468594601912267,-0.2943909668879621,-0.22478629038975012,-0.01080358058975717,-0.010044788038195208,0.1648004505459778,1.1138191878575736,0.7446607728065031,False
index/^IXIC,index,10,30,ls,2009-02-13,2015-02-19,2019-02-22,1513,1009,0.006292247898049248,0.015272438198773056,-0.04364949476195716,-0.0414287344143317,-0.39973462172661883,-0.2670784958420976,-0.017448214277228976,-0.011064724072021455,0.16514926929326257,1.1015987864380061,0.7255057203855203,False
index/^IXIC,index,10,100,ls,2009-05-27,2015-03-31,2019-02-22,1471,981,0.11355721499542878,0.11830569855715095,0.009497696578636009,0.017647583028309773,-0.45712284479649334,-0.3316005565650405,0.004341614079040014,0.005851948354215283,0.16587136557576715,1.0917326106031533,0.7482230430893091,False
index/^IXIC,index,12,26,ls,2009-02-09,2015-02-17,2019-02-22,1515,1011,0.042988059512882475,0.09861280955670004,-0.02749349126182262,0.0106064411776164,-0.383120376967811,-0.2505556258708902,-0.0105333167363907,0.0026575035075204587,0.16491246463299938,1.0612151067258258,0.732597313176256,False
index/^IXIC,index,13,48,ls,2009-03-12,2015-03-02,2019-02-22,1502,1002,0.326809403163265,0.29363109145782923,0.11800037069802903,0.1599722328894899,-0.37798882065258604,-0.22175331641072216,0.044602820956715965,0.035474373176872784,0.16535299335260886,1.222391467815457,0.702865956976145,False
index/^IXIC,index,20,50,ls,2009-03-16,2015-03-03,2019-02-22,1501,1001,0.045754415177248264,-0.1835588508178041,-0.017414330582749667,-0.1195321249140347,-0.513226739708414,-0.36075549629028314,-0.008937500109189138,-0.04312187104599471,0.16542159758439037,1.2326850749417941,0.711909276803986,False
index/^IXIC,index,20,60,ls,2009-03-30,2015-03-09,2019-02-22,1495,997,-0.09558569797427516,0.014311052641429747,-0.06206961744085115,-0.042743769731259075,-0.5415442040046544,-0.26498298820419985,-0.03361344156987915,-0.011326371830501258,0.16574300395511274,1.1932278695064564,0.7252644561127338,False
index/^IXIC,index,20,100,ls,2009-05-27,2015-03-31,2019-02-22,1471,981,0.013195690613090068,0.04561994752149951,-0.026277529837616748,-0.014854664496081424,-0.5124647482039842,-0.4185651016673952,-0.013466307711656949,-0.006217644155037367,0.1659436345580773,1.0917326106031533,0.7482230430893091,False
index/^IXIC,index,21,55,ls,2009-03-23,2015-03-05,2019-02-22,1498,999,-0.016452732077971016,0.0020972764733556333,-0.03808932085751787,-0.04907429171303845,-0.5201898976572822,-0.2712250230385055,-0.019813679918707607,-0.013310175900467191,0.16564509771121874,1.1581851852364424,0.7117717691258446,False
index/^IXIC,index,30,90,ls,2009-05-12,2015-03-25,2019-02-22,1477,985,0.09547765200170774,0.11956624296686809,0.0019989268849824357,0.015258963974722647,-0.5038382375673293,-0.39713048616925506,0.001007135798755502,0.0060597997817207535,0.16579769142067918,1.0844856006636234,0.7537068176886005,False
index/^IXIC,index,30,200,ls,2009-10-16,2015-05-28,2019-02-22,1411,941,0.513684768113491,-0.1410479245397353,0.24342490274623604,-0.08982382182640096,-0.3189434566071224,-0.41256630881806294,0.07763877990613713,-0.0370582826148496,0.16771227349041354,0.9635280090321128,0.7071904886087008,False
index/^IXIC,index,40,100,ls,2009-05-27,2015-03-31,2019-02-22,1471,981,0.14936526606415326,0.042874042624585544,0.019865150870894212,-0.018042033595673933,-0.540601744644967,-0.36991186047247554,0.010739135218440898,-0.006673962214082652,0.1659841570737976,1.0917326106031533,0.7482230430893091,False
index/^IXIC,index,50,150,ls,2009-08-06,2015-04-29,2019-02-22,1441,961,0.5828190892340734,-0.13340833970222865,0.29602160545049894,-0.08496010321258902,-0.3074949475311051,-0.4196466708039732,0.09102514803607467,-0.03565322446432494,0.16712536200379652,1.0176723613852194,0.7192186411934267,False
index/^IXIC,index,50,200,ls,2009-10-16,2015-05-28,2019-02-22,1411,941,0.597377042634613,-0.2727562418933974,0.2932754903417831,-0.12854330471566444,-0.31917102985540385,-0.45179587886382305,0.09360504028373545,-0.058075335326073826,0.16763096244225034,0.9635280090321128,0.7071904886087008,False
index/^IXIC,index,60,120,ls,2009-06-24,2015-04-13,2019-02-22,1459,973,0.6335337063159852,-0.15273535803778338,0.3073207041699032,-0.08741023284720831,-0.3296294128541562,-0.44158978131467497,0.10130194327345102,-0.03859946560766354,0.16658233637673112,1.0885951869143928,0.7241917381330512,False
index/^IXIC,index,60,132,ls,2009-07-13,2015-04-20,2019-02-22,1452,968,0.6462072861894546,-0.002847383636888311,0.31948376608339424,-0.03833843907367818,-0.32408724538342576,-0.3729918749233498,0.10354061369468998,-0.014299926271725836,0.16665801475383699,1.0966003941853892,0.7252325240423577,False
index/^IXIC,index,60,180,ls,2009-09-18,2015-05-15,2019-02-22,1423,949,0.46500501381809883,-0.2258675111967787,0.19913514204542462,-0.1143887661613266,-0.344337138690679,-0.44176154210116864,0.06856962502468344,-0.05053255773847761,0.1673407265588241,0.9563889110823764,0.7187887339249748,False
index/^IXIC,index,60,400,ls,2010-08-04,2015-09-21,2019-02-22,1291,861,0.9279475496928217,0.3912551967136963,0.8306637499488468,0.16260842727550767,-0.1871245758549183,-0.32016855678149403,0.15543760188723388,0.05206210548130782,0.1642822000079681,0.9279475496928217,0.8743895898786785,False
index/^IXIC,index,62,758,ls,2012-01-04,2016-04-15,2019-02-22,1076,718,1.0368014320114272,1.0194054199293145,0.8612367890188827,0.6746801365149131,-0.18241915743887022,-0.2363555244337304,0.1571060894081826,0.1594643774910031,0.15734028923646812,1.0368014320114272,1.0194054199293145,False
index/^IXIC,index,74,758,ls,2012-01-04,2016-04-15,2019-02-22,1076,718,1.0368014320114272,1.0194054199293145,0.8612367890188827,0.6746801365149131,-0.18241915743887022,-0.2363555244337304,0.1571060894081826,0.1594643774910031,0.15734028923646812,1.0368014320114272,1.0194054199293145,False
index/^IXIC,index,80,144,ls,2009-07-29,2015-04-24,2019-02-22,1444,964,0.4712650537866021,-0.26243185220211696,0.18252406344287714,-0.12442600336201977,-0.38234688068545347,-0.451246289624717,0.06978750630741788,-0.05614677234994399,0.16690060270100016,1.031838237084839,0.6966257177738512,False
index/^IXIC,index,80,300,ls,2010-03-12,2015-07-24,2019-02-22,1351,901,0.9032228937732351,-0.14776765109221984,0.8197751610820093,-0.10177644395354116,-0.1871245758549183,-0.3788496226197307,0.15340007931386831,-0.03855796738337724,0.16911781925156627,0.9032228937732351,0.7330568174690488,False
index/^IXIC,index,100,200,ls,2009-10-16,2015-05-28,2019-02-22,1411,941,0.6779714686425623,-0.49236211896852977,0.38020512616231866,-0.24370116546167434,-0.287122513139978,-0.37835805754737456,0.10916545133242733,-0.09220629958611043,0.16773327049985193,0.9635280090321128,0.7071904886087008,False
index/^IXIC,index,100,250,ls,2009-12-29,2015-06-25,2019-02-22,1381,921,0.9262402313830165,-0.09098309379523287,0.8442065956339554,-0.08911839955619782,-0.1871245758549183,-0.3277179159295457,0.1579718011419284,-0.0292056961735337,0.16882631628374334,0.9262402313830165,0.7122933492076285,False
index/^IXIC,index,100,300,ls,2010-03-12,2015-07-24,2019-02-22,1351,901,0.9032228937732351,0.2221296737739906,0.8197751610820093,0.06805429203424863,-0.1871245758549183,-0.3454750848755426,0.15340007931386831,0.02351106231667701,0.16912057358226004,0.9032228937732351,0.7330568174690488,False
index/^IXIC,index,100,400,ls,2010-08-04,2015-09-21,2019-02-22,1291,861,0.9279475496928217,0.8743895898786785,0.8306637499488468,0.5870502515799072,-0.1871245758549183,-0.23635552443373034,0.15543760188723388,0.1387525700811223,0.16404542871650035,0.9279475496928217,0.8743895898786785,False
index/^IXIC,index,116,378,ls,2010-07-02,2015-09-08,2019-02-22,1304,870,1.0179303446725079,0.8738356196332681,0.9334822885643521,0.5855018966285254,-0.18712457585491823,-0.23635552443373026,0.17467747731568278,0.13838660783457885,0.16372057028851741,1.0179303446725079,0.8738356196332681,False
index/^IXIC,index,120,398,ls,2010-08-02,2015-09-18,2019-02-22,1292,862,0.9309930336828551,0.8745180579496239,0.8338449749019672,0.5868258605250108,-0.1871245758549183,-0.23635552443373034,0.1560328872572856,0.13869953401566404,0.1639501769544825,0.9309930336828551,0.8745180579496239,False
index/^IXIC,index,134,750,ls,2011-12-21,2016-04-12,2019-02-22,1081,721,1.053153539272081,1.0458917764260498,0.8768725921468832,0.6948172366198463,-0.18241915743887022,-0.2363555244337305,0.15995835944067252,0.1642238923468792,0.15726303376319195,1.053153539272081,1.0458917764260498,False
index/^IXIC,index,150,400,ls,2010-08-04,2015-09-21,2019-02-22,1291,861,0.9279475496928217,0.8743895898786785,0.8306637499488468,0.5870502515799072,-0.1871245758549183,-0.23635552443373034,0.15543760188723388,0.1387525700811223,0.16404542871650035,0.9279475496928217,0.8743895898786785,False
index/^IXIC,index,150,500,ls,2010-12-27,2015-11-16,2019-02-22,1231,821,0.8275463577238885,0.8561935221374248,0.729783444755462,0.5706575418500589,-0.18712457585491835,-0.2363555244337304,0.13656041756580706,0.13487806257603413,0.1634334822293308,0.8275463577238885,0.8561935221374248,False
index/^IXIC,index,150,710,ls,2011-10-25,2016-03-18,2019-02-22,1105,737,0.9376269448638191,1.0617922805113569,0.8003007702931416,0.7052021889198845,-0.18241915743887022,-0.23635552443373026,0.1459901922145537,0.16667843319397382,0.15682791851178648,0.9376269448638191,1.0617922805113569,False
index/^IXIC,index,162,678,ls,2011-09-09,2016-03-01,2019-02-22,1124,750,0.9566732877025053,1.096783802699272,0.8485701000679821,0.729158276998971,-0.18241915743887022,-0.23635552443373034,0.15479544268221906,0.172340586955287,0.1561435863900249,0.9566732877025053,1.096783802699272,False
index/^IXIC,index,174,698,ls,2011-10-07,2016-03-11,2019-02-22,1112,742,0.9949776928713708,1.0791326674836232,0.8697460591915038,0.7166620211196297,-0.18241915743887022,-0.23635552443373026,0.15865834330349188,0.16938702784346715,0.15639539549128975,0.9949776928713708,1.0791326674836232,False
index/^IXIC,index,200,400,ls,2010-08-04,2015-09-21,2019-02-22,1291,861,0.9279475496928217,0.8743895898786785,0.8306637499488468,0.5870502515799072,-0.1871245758549183,-0.23635552443373034,0.15543760188723388,0.1387525700811223,0.16404542871650035,0.9279475496928217,0.8743895898786785,False
index/^IXIC,index,200,600,ls,2011-05-19,2016-01-14,2019-02-22,1171,781,0.6877900341109063,1.0615274194462023,0.5968891865339054,0.7235209850840022,-0.18687552667041923,-0.23635552443373034,0.11154398109740168,0.17100818186833852,0.16097980017939167,0.6877900341109063,1.0615274194462023,False
index/^RUT,index,5,20,ls,2009-01-30,2015-02-12,2019-02-22,1519,1013,-0.3754773135075239,-0.22426609702904737,-0.18313942704794642,-0.13402430695070083,-0.6313824584164253,-0.3656326578442441,-0.11563102168250798,-0.049003663566117545,0.16402611351528915,0.8033593202668511,0.48852101233651296,False
index/^RUT,index,5,35,ls,2009-02-23,2015-02-23,2019-02-22,1510,1007,-0.3179466035968924,-0.07028755786591223,-0.18436810866412767,-0.06913112052115605,-0.5533929161474015,-0.3595272207929787,-0.1020280052982226,-0.024854519631275693,0.1648179932288474,0.9009909969712878,0.4706944429821069,False
index/^RUT,index,8,21,ls,2009-02-02,2015-02-12,2019-02-22,1518,1013,-0.044245644800969604,-0.14926542041909635,-0.09277820967895381,-0.0850186750433359,-0.43537156248348163,-0.4389063146401173,-0.040392994112346196,-0.03731523333885628,0.1643226498999465,0.7945589487053237,0.48852101233651296,False
index/^RUT,index,9,21,ls,2009-02-02,2015-02-12,2019-02-22,1518,1013,-0.1189141119478626,-0.10587314503962357,-0.12387485372254874,-0.07381315931687407,-0.46776158504153326,-0.4121149412848226,-0.05794389792404747,-0.030419505817920814,0.16429396825968584,0.7945589487053237,0.48852101233651296,False
index/^RUT,index,10,20,ls,2009-01-30,2015-02-12,2019-02-22,1519,1013,-0.18528994430221074,-0.0862273764441116,-0.1432769545682668,-0.06831946490386961,-0.5111931106688518,-0.3993750804399299,-0.07324219209291206,-0.027285091791595894,0.16429612898024645,0.8033593202668511,0.48852101233651296,False
index/^RUT,index,10,30,ls,2009-02-13,2015-02-19,2019-02-22,1513,1009,-0.3081543841527859,0.11199993248742997,-0.16733163867603615,0.014588784040457787,-0.6005013496025275,-0.3365509830375437,-0.1004828748561622,0.004909869610138497,0.1643982953026791,0.8071745708210893,0.4750612339366769,False
index/^RUT,index,10,100,ls,2009-05-27,2015-03-31,2019-02-22,1471,981,0.01582315139978165,0.1867802191644388,-0.03982189401364997,0.08182348116069857,-0.5315159219744817,-0.21207760973076148,-0.021165970711435257,0.017352928304410944,0.16527490251701532,0.8338125787718685,0.45337977682737707,False
index/^RUT,index,12,26,ls,2009-02-09,2015-02-17,2019-02-22,1515,1011,-0.21484499800056395,0.09490732646095261,-0.1427331623012812,0.005850964754369799,-0.5597359031816972,-0.35925006606751886,-0.0798928755146874,0.002101959474566075,0.16424732745035633,0.774269701935996,0.4781756146271008,False
index/^RUT,index,13,48,ls,2009-03-12,2015-03-02,2019-02-22,1502,1002,-0.2589212263927826,-0.12183616879470584,-0.17518151888347455,-0.10023320832291771,-0.49083187323357724,-0.33079657293745823,-0.0859846730694791,-0.033156801807747494,0.16498385109112146,0.9377844144664571,0.4586820508333224,False
index/^RUT,index,20,50,ls,2009-03-16,2015-03-03,2019-02-22,1501,1001,-0.2504964216566978,0.004699917454676504,-0.17212858742811857,-0.04368488213775463,-0.4890120720823492,-0.29217252874443433,-0.08417295720283206,-0.012763522482090341,0.16499645799588658,0.9407919031544496,0.4686607357480063,False
index/^RUT,index,20,60,ls,2009-03-30,2015-03-09,2019-02-22,1495,997,-0.025897927990761203,-0.18664655781188277,-0.07213704422826872,-0.12535555573200347,-0.44935093775150137,-0.3472488863728194,-0.03241484847059408,-0.0435295771285841,0.16523839977665933,0.901505099428315,0.4838507196015679,False
index/^RUT,index,20,100,ls,2009-05-27,2015-03-31,2019-02-22,1471,981,0.11063706157128954,0.19917728827495987,-0.000505683011918417,0.09662687806420044,-0.4288079310992067,-0.20117690599903718,-0.00021684088613275188,0.01943909636530208,0.16533060473458586,0.8338125787718685,0.45337977682737707,False
index/^RUT,index,21,55,ls,2009-03-23,2015-03-05,2019-02-22,1498,999,-0.055596014109639054,-0.14264644396036696,-0.08601141941038921,-0.11399552351488669,-0.4605433801478923,-0.3205095915571615,-0.03961198982657868,-0.03653665868110113,0.1651973802189218,0.870328007317356,0.46971400547963815,False
index/^RUT,index,30,90,ls,2009-05-12,2015-03-25,2019-02-22,1477,985,0.0781571476240672,0.5205143388373117,-0.017253201988503802,0.36660017927933547,-0.44965855890326767,-0.20441961185401852,-0.007758049942617612,0.07494026635389536,0.1650168388250611,0.804997220305126,0.47570445452914817,True
index/^RUT,index,30,200,ls,2009-10-16,2015-05-28,2019-02-22,1411,941,-0.030465885764969954,0.006856451733015644,-0.05988270244236919,-0.051783567573838334,-0.507112296629327,-0.24605150296365214,-0.03036725476392045,-0.012741424630362763,0.16701746270430692,0.6883977254636022,0.46564816011671023,False
index/^RUT,index,40,100,ls,2009-05-27,2015-03-31,2019-02-22,1471,981,0.1595145926541534,0.56044198953281,0.027486797077098443,0.39144629838662615,-0.3898360408202914,-0.20980184144128347,0.010715344147366815,0.08212615422688828,0.1652041186555737,0.8338125787718685,0.45337977682737707,True
index/^RUT,index,50,150,ls,2009-08-06,2015-04-29,2019-02-22,1441,961,0.034541730445265074,0.048794059328760346,-0.032528322305078065,-0.02323006692214859,-0.5118787842807707,-0.2460515029636522,-0.01665055807621644,-0.005715792880140883,0.16629010082836304,0.749541813876294,0.4666468309991662,False
index/^RUT,index,50,200,ls,2009-10-16,2015-05-28,2019-02-22,1411,941,0.14431093531064415,0.22867548549753008,0.020634327324812865,0.09374063564877169,-0.36606323261927715,-0.26161780950572655,0.007553468563445279,0.02452421976010607,0.16698575683911185,0.6883977254636022,0.46564816011671023,False
index/^RUT,index,60,120,ls,2009-06-24,2015-04-13,2019-02-22,1459,973,0.09719976679247833,0.09787669696854476,-0.005806515925734512,0.010817651519021667,-0.5395837964374927,-0.2276717455331078,-0.0031331019072825903,0.002462873603904538,0.16584437790474665,0.8428264792113668,0.4395185081004486,False
index/^RUT,index,60,132,ls,2009-07-13,2015-04-20,2019-02-22,1452,968,0.09472320154181267,0.02633311969880078,-0.006618461264340604,-0.03808739212547971,-0.5438346962219908,-0.2460515029636522,-0.0035993488711496854,-0.009371460076440253,0.16592089015440267,0.8509677851434102,0.442064125720921,False
index/^RUT,index,60,180,ls,2009-09-18,2015-05-15,2019-02-22,1423,949,0.12461526941662324,0.23971744797494965,0.008641845785753471,0.09673576381578466,-0.3667202407892932,-0.27278394501035014,0.0031691397674154516,0.026387963277259223,0.1666245328647439,0.6743138253357893,0.47478711546911645,False
index/^RUT,index,60,400,ls,2010-08-04,2015-09-21,2019-02-22,1291,861,0.35946859870504594,-0.36004207931219945,0.15031966623061738,-0.22121997422505185,-0.3630609354641041,-0.3214708866831861,0.05457519864033984,-0.07111578126615899,0.16636977258223198,0.6292790634317204,0.6365949935061694,False
index/^RUT,index,62,758,ls,2012-01-04,2016-04-15,2019-02-22,1076,718,0.3949220452701455,0.7475211200884362,0.19128882664137356,0.40575530070528715,-0.2796106052476147,-0.27219873962372537,0.05348638459430051,0.11044608144762486,0.15658264832174723,0.6634702569925077,0.8426244789329601,False
index/^RUT,index,74,758,ls,2012-01-04,2016-04-15,2019-02-22,1076,718,0.2671486904865372,0.7475211200884362,0.09104816633256395,0.40575530070528715,-0.342508574380524,-0.27219873962372537,0.0311847776505273,0.11044608144762486,0.15658264832174723,0.6634702569925077,0.8426244789329601,False
index/^RUT,index,80,144,ls,2009-07-29,2015-04-24,2019-02-22,1444,964,0.21338217378199506,0.28925402287245905,0.05837434381946868,0.13235073149651957,-0.3926976416520575,-0.2632485609275911,0.022923467150891712,0.03484113960417278,0.1662171598873443,0.7744044374513798,0.4397682139787395,False
index/^RUT,index,80,300,ls,2010-03-12,2015-07-24,2019-02-22,1351,901,0.2372229364907536,-0.25728463214150643,0.062238976621238985,-0.19377548970046596,-0.4540314877283534,-0.288307477797741,0.028258455150031343,-0.05586692269456348,0.16828815063947666,0.618833110452164,0.516451711221089,False
index/^RUT,index,100,200,ls,2009-10-16,2015-05-28,2019-02-22,1411,941,0.4224901905175971,-0.00015827048430809597,0.18411201724969528,-0.0557545404693571,-0.38515477260209713,-0.24915735274923623,0.07091162213711977,-0.013891653707095174,0.1669884161357905,0.6883977254636022,0.46564816011671023,False
index/^RUT,index,100,250,ls,2009-12-29,2015-06-25,2019-02-22,1381,921,0.3653164769288999,-0.3371003038348559,0.133312878536353,-0.23699535634573118,-0.4295822945736445,-0.288307477797741,0.057268852257864086,-0.06832753343781461,0.16799045100923027,0.7024715311425468,0.4332157413850908,False
index/^RUT,index,100,300,ls,2010-03-12,2015-07-24,2019-02-22,1351,901,0.24263808608225948,-0.45699565823636146,0.06537802354278432,-0.21669784798604746,-0.45060369770949577,-0.40191359453830544,0.029459579157317083,-0.08709381101278763,0.1683081520238468,0.618833110452164,0.516451711221089,False
index/^RUT,index,100,400,ls,2010-08-04,2015-09-21,2019-02-22,1291,861,0.6292790634317204,-0.19607154445747213,0.39102395045182214,-0.14471400983884516,-0.2956234262544526,-0.3138232770904895,0.11559583998011896,-0.045414624808531735,0.16643378647789367,0.6292790634317204,0.6365949935061694,False
index/^RUT,index,116,378,ls,2010-07-02,2015-09-08,2019-02-22,1304,870,0.7121958195375021,-0.07770178282674865,0.46201248208012796,-0.09676019865442159,-0.29562342625445265,-0.2721987396237253,0.13658171292485133,-0.026338004119474838,0.16609307662333112,0.7121958195375021,0.630795027064656,False
index/^RUT,index,120,398,ls,2010-08-02,2015-09-18,2019-02-22,1292,862,0.6322175066216131,-0.20855280884255026,0.3933587839868101,-0.15313797437751245,-0.2956234262544526,-0.3093497312536973,0.11628607146946592,-0.047373191218419056,0.16635980422758984,0.6322175066216131,0.6327906668618307,False
index/^RUT,index,134,750,ls,2011-12-21,2016-04-12,2019-02-22,1081,721,0.6421959711064201,0.8889191808924525,0.37116689071623626,0.4973809988949169,-0.26399140690262435,-0.27219873962372537,0.09798486967585184,0.13538648101198592,0.15669235660720385,0.6421959711064201,0.8889191808924525,False
index/^RUT,index,150,400,ls,2010-08-04,2015-09-21,2019-02-22,1291,861,0.6292790634317204,-0.025367555345624522,0.39102395045182214,-0.05259798147160439,-0.2956234262544526,-0.34044894354797756,0.11559583998011896,-0.01790692722476381,0.1664085847614225,0.6292790634317204,0.6365949935061694,False
index/^RUT,index,150,500,ls,2010-12-27,2015-11-16,2019-02-22,1231,821,0.4764316756150513,-0.036526490081390556,0.271989734277636,-0.05619146926441686,-0.2956234262544526,-0.3445837800715175,0.08040653715319289,-0.019362668886905254,0.1645696622229253,0.4764316756150513,0.6774567939812248,False
index/^RUT,index,150,710,ls,2011-10-25,2016-03-18,2019-02-22,1105,737,0.6395993058022932,0.8779617143613672,0.3942822437134717,0.49110828503293447,-0.2639914069026243,-0.27219873962372537,0.10408712423464278,0.13367905620473403,0.15698379081366137,0.6395993058022932,0.8779617143613672,False
index/^RUT,index,162,678,ls,2011-09-09,2016-03-01,2019-02-22,1124,750,0.6191927350106328,0.9531701765046849,0.399899021241585,0.5436309380649039,-0.26399140690262396,-0.27219873962372537,0.10556990523654833,0.14797565616173036,0.15790430916171663,0.6191927350106328,0.9531701765046849,False
index/^RUT,index,174,698,ls,2011-10-07,2016-03-11,2019-02-22,1112,742,0.7144045183694987,0.8996665996412516,0.45949126896629966,0.5058465700185653,-0.2639914069026239,-0.27219873962372537,0.12130174655388541,0.137690798802038,0.15715482316880955,0.7144045183694987,0.8996665996412516,False
index/^RUT,index,200,400,ls,2010-08-04,2015-09-21,2019-02-22,1291,861,0.6292790634317204,0.04163480352163374,0.39102395045182214,-0.021883723596178153,-0.2956234262544526,-0.3148244277577899,0.11559583998011896,-0.006889530758376432,0.1664167731857229,0.6292790634317204,0.6365949935061694,False
index/^RUT,index,200,600,ls,2011-05-19,2016-01-14,2019-02-22,1171,781,0.31573048533971987,0.954573374619919,0.15604630383116658,0.5582644138162126,-0.289729754164322,-0.27219873962372554,0.04521125724725499,0.15195886981755102,0.16198345957255159,0.31573048533971987,0.954573374619919,False
index_pkg/NDX,index_pkg,5,20,ls,1999-02-02,2011-01-12,2018-12-31,3006,2004,0.2653288615361964,-0.49488320393082846,0.07570585199207133,-0.15923142368662047,-0.464054558132689,-0.5862876873513032,0.03513164569423941,-0.09335542314688423,0.16909915289716412,0.17747994653101193,0.7441889765405948,False
index_pkg/NDX,index_pkg,5,35,ls,1999-02-24,2011-01-21,2018-12-31,2997,1998,0.3777502658649858,-0.16661725909252004,0.18212402859768642,-0.09529388889370985,-0.3843545672314643,-0.436621992888365,0.07000020219411458,-0.04160740767885403,0.1691571488813338,0.18699507280925248,0.7589588281621193,False
index_pkg/NDX,index_pkg,8,21,ls,1999-02-03,2011-01-12,2018-12-31,3005,2004,0.32023995529510474,-0.09352234088788952,0.12199794011684022,-0.0837757360405351,-0.42666479178044325,-0.3540324504185381,0.052052225717594616,-0.02965932911604728,0.16909161434359785,0.17407164102321132,0.7441889765405948,False
index_pkg/NDX,index_pkg,9,21,ls,1999-02-03,2011-01-12,2018-12-31,3005,2004,0.33357680894671515,-0.08845896730314778,0.13172280964466282,-0.07455565489383922,-0.42666479178044325,-0.38631166871300426,0.05620148514977503,-0.028801719454029893,0.16900290613495425,0.17407164102321132,0.7441889765405948,False
index_pkg/NDX,index_pkg,10,20,ls,1999-02-02,2011-01-12,2018-12-31,3006,2004,0.3944415216524994,-0.10486066875866425,0.1766764781598873,-0.07880201589133376,-0.4266647917804431,-0.39974310223834414,0.07538163276659031,-0.03150056229503705,0.16904265644999086,0.17747994653101193,0.7441889765405948,False
index_pkg/NDX,index_pkg,10,30,ls,1999-02-17,2011-01-19,2018-12-31,3000,2000,0.4054108077147253,-0.17908684366909425,0.19097271745697184,-0.09685705858075604,-0.4124684113016397,-0.4505688966364614,0.07877021337143408,-0.04364077801618435,0.1691899904959732,0.20194794167072042,0.7485698376427713,False
index_pkg/NDX,index_pkg,10,100,ls,1999-05-27,2011-03-01,2018-12-31,2958,1972,0.3409952181930612,0.007039747407036034,0.11151744897448673,-0.028480569049050566,-0.523810698040174,-0.4583534519941387,0.05841403279098538,-0.013054167138389751,0.16913065962405988,0.18266715785862317,0.754367229404639,False
index_pkg/NDX,index_pkg,12,26,ls,1999-02-10,2011-01-14,2018-12-31,3002,2002,0.34206423718994716,-0.16203871061465286,0.13261931715769046,-0.09442880906954992,-0.443364985894171,-0.4329214696492765,0.05879876168091402,-0.040880258799620484,0.1691976302079083,0.19759057779030514,0.7397429860865339,False
index_pkg/NDX,index_pkg,13,48,ls,1999-03-15,2011-01-28,2018-12-31,2989,1993,0.5718356722015302,0.15380464189713755,0.31805768043637117,0.031143741177253742,-0.41847357946922265,-0.37798882065258627,0.1330987360098864,0.01177198599829953,0.1689030881699578,0.1758663205876521,0.7617134871520841,False
index_pkg/NDX,index_pkg,20,50,ls,1999-03-17,2011-01-31,2018-12-31,2988,1992,0.45092247983682415,-0.23746523264178623,0.2116151212158189,-0.09813045042031505,-0.44123793006731665,-0.5401746276799338,0.09337261805621223,-0.05300757951985789,0.1690520766743209,0.17758375869280238,0.7582601149353558,False
index_pkg/NDX,index_pkg,20,60,ls,1999-03-31,2011-02-04,2018-12-31,2982,1988,0.2836368842523939,-0.20585965595623762,0.0795939788717607,-0.09302353410231275,-0.5110574216229362,-0.5153718544997505,0.04067709361891249,-0.04794171128242971,0.16906299227592925,0.18102077521902316,0.7405014363656167,False
index_pkg/NDX,index_pkg,20,100,ls,1999-05-27,2011-03-01,2018-12-31,2958,1972,0.313352080081484,-0.13940944863942592,0.09056657110450561,-0.0624860675023353,-0.5501933400724267,-0.5953212141970802,0.04982912425489487,-0.03719928157589096,0.16909570374346475,0.18266715785862317,0.754367229404639,False
index_pkg/NDX,index_pkg,21,55,ls,1999-03-24,2011-02-02,2018-12-31,2985,1990,0.3299744786991684,-0.17842676341762484,0.1198828831880761,-0.08735889020639126,-0.4589005195667307,-0.4978396054104673,0.05501431738216581,-0.04349071542944616,0.1689913469826443,0.19037073131040283,0.7454625917225989,False
index_pkg/NDX,index_pkg,30,90,ls,1999-05-13,2011-02-23,2018-12-31,2964,1976,0.3805404032744254,-0.10073078632004968,0.13404672548123375,-0.05263903793264009,-0.528299639720279,-0.586830308625903,0.07081683677741894,-0.0308901828757818,0.1691269286929331,0.16228860221638614,0.7568930499673344,False
index_pkg/NDX,index_pkg,30,200,ls,1999-10-19,2011-04-27,2018-12-31,2898,1932,0.3164102772960242,0.2948364893044854,0.0927399366402173,0.08779688306120872,-0.5471034034291615,-0.412566308818063,0.05073833496966769,0.036222035970294005,0.16964939481000046,0.16602023499292703,0.7301186870436978,False
index_pkg/NDX,index_pkg,40,100,ls,1999-05-27,2011-03-01,2018-12-31,2958,1972,0.3100763872607868,-0.015474436478076475,0.08374713106108035,-0.03200411883205104,-0.58287760080348,-0.526760583006863,0.04881432682705711,-0.01685850829459213,0.16926498956917138,0.18266715785862317,0.754367229404639,False
index_pkg/NDX,index_pkg,50,150,ls,1999-08-09,2011-03-29,2018-12-31,2928,1952,0.3697551428330415,0.38301822975763483,0.13330081507659028,0.12328712639283994,-0.5055907709574763,-0.41964667080397333,0.06739566186383326,0.051737032143743956,0.16917572644318363,0.17319455734664724,0.7558814875945996,False
index_pkg/NDX,index_pkg,50,200,ls,1999-10-19,2011-04-27,2018-12-31,2898,1932,0.37796360031579895,0.20590330175517704,0.16970710214331894,0.04580782917879338,-0.41230790275988566,-0.45179587886382316,0.06997157936816953,0.020695788442676836,0.16964663877306382,0.16602023499292703,0.7301186870436978,False
index_pkg/NDX,index_pkg,60,120,ls,1999-06-25,2011-03-11,2018-12-31,2946,1964,0.3336985370310152,0.3755848185583942,0.10316822555418721,0.11414455558256471,-0.5437930718976812,-0.44158978131467486,0.05610216629634432,0.0504050693379655,0.16913383090507064,0.16474860206749836,0.7633415108154724,False
index_pkg/NDX,index_pkg,60,132,ls,1999-07-14,2011-03-17,2018-12-31,2938,1960,0.26217827020874,0.48271823309944,0.06538212832021816,0.18654928667005355,-0.522095011234404,-0.3729918749233499,0.03413568301987355,0.06958136820067676,0.16905271308578393,0.12743584467664934,0.7876121396396841,False
index_pkg/NDX,index_pkg,60,180,ls,1999-09-21,2011-04-14,2018-12-31,2910,1940,0.33937448784983715,0.25156986146462873,0.1312109911897425,0.06481682863941482,-0.4412986308121631,-0.4417615421011685,0.05790323075954015,0.028633582173855074,0.16965305407325168,0.1402524319468796,0.7576221297738714,False
index_pkg/NDX,index_pkg,60,400,ls,2000-08-03,2011-08-19,2018-12-31,2778,1852,0.1538773163301579,0.7264327856556211,0.008124426114148434,0.3368667997794428,-0.44024768097738276,-0.3283165670064533,0.0035767597560259377,0.1105989512420369,0.16266372640056567,-0.012998009378671002,0.9535098300344408,False
index_pkg/NDX,index_pkg,62,758,ls,2002-01-10,2012-03-15,2018-12-31,2563,1709,-0.007419179457764408,0.8198002348014152,-0.044523677458910976,0.5123281537085316,-0.7127636039904826,-0.2363555244337304,-0.0317348568085232,0.12109158945194481,0.15393354114072705,0.2830578636569459,0.8198002348014152,False
index_pkg/NDX,index_pkg,74,758,ls,2002-01-10,2012-03-15,2018-12-31,2563,1709,0.09730298494372985,0.8198002348014152,-0.01039072538586459,0.5123281537085316,-0.6180284214995866,-0.2363555244337304,-0.006421763608461575,0.12109158945194481,0.15393354114072705,0.2830578636569459,0.8198002348014152,False
index_pkg/NDX,index_pkg,80,144,ls,1999-07-30,2011-03-24,2018-12-31,2931,1955,0.3384338049381988,0.2007685085136989,0.1232611195208003,0.04385854401722352,-0.4675603924975025,-0.451246289624717,0.05763201742282695,0.019791005256114446,0.16913982581999482,0.1574293745860509,0.7608446446201542,False
index_pkg/NDX,index_pkg,80,300,ls,2000-03-13,2011-06-23,2018-12-31,2838,1892,0.19857784070561296,0.511270961538186,0.03618328119099498,0.19425696760211736,-0.4217770805558905,-0.3862943203850633,0.01526127870567073,0.07504036327992318,0.16981388320517316,-0.03768456382908895,0.7948278663393565,False
index_pkg/NDX,index_pkg,100,200,ls,1999-10-19,2011-04-27,2018-12-31,2898,1932,0.36772719278070937,0.11690009237098622,0.15119486304137741,0.01634460959240625,-0.44184300527424336,-0.32994157519143946,0.06680439266822982,0.005392766234807629,0.16975946140919917,0.16602023499292703,0.7301186870436978,False
index_pkg/NDX,index_pkg,100,250,ls,1999-12-30,2011-05-25,2018-12-31,2868,1912,0.24211920973144643,0.556087877969955,0.06223039143289609,0.25416042984120385,-0.4518508817756889,-0.32771791592954563,0.028118857242200375,0.08329292637931683,0.16991444970048897,0.033213124807016624,0.765581126613782,False
index_pkg/NDX,index_pkg,100,300,ls,2000-03-13,2011-06-23,2018-12-31,2838,1892,0.04690029291921952,0.5523270758942974,-0.05672059924124088,0.23367061539766695,-0.506385313187998,-0.353319787785541,-0.02872247841098668,0.08256045224402046,0.16981539254087677,-0.03768456382908895,0.7948278663393565,False
index_pkg/NDX,index_pkg,100,400,ls,2000-08-03,2011-08-19,2018-12-31,2778,1852,0.08305204405217356,0.9535098300344408,-0.03420158383596625,0.6441299659170399,-0.4716346517984919,-0.23635552443372995,-0.01613065208343287,0.15224367589780255,0.16252326195910435,-0.012998009378671002,0.9535098300344408,False
index_pkg/NDX,index_pkg,116,378,ls,2000-07-03,2011-08-08,2018-12-31,2791,1861,0.1102698421908891,0.9257357254023525,-0.01749061965646076,0.6363423567635963,-0.48816391182769137,-0.23635552443372995,-0.008538289311788195,0.15040303145225548,0.16634983998674988,-0.029493858484390525,0.9257357254023525,False
index_pkg/NDX,index_pkg,120,398,ls,2000-08-01,2011-08-18,2018-12-31,2779,1853,0.029430245987708666,0.938999240655817,-0.06005349766772995,0.6329341006117005,-0.5133665011776721,-0.23635552443372995,-0.030829453981164018,0.14959747128206968,0.16259782221409347,-0.001176574053826542,0.938999240655817,False
index_pkg/NDX,index_pkg,134,750,ls,2001-12-28,2012-03-12,2018-12-31,2568,1712,0.018605859336243556,0.841369682479605,-0.03816301434334054,0.5282150936884817,-0.6686414278243122,-0.2363555244337304,-0.025517372400610926,0.12484655548255313,0.15396972046348043,0.2849882585152315,0.841369682479605,False
index_pkg/NDX,index_pkg,150,400,ls,2000-08-03,2011-08-19,2018-12-31,2778,1852,0.01155707968862986,0.9535098300344408,-0.06934896261562601,0.6441299659170399,-0.5142435847583835,-0.23635552443372995,-0.03566225913473464,0.15224367589780255,0.16252326195910435,-0.012998009378671002,0.9535098300344408,False
index_pkg/NDX,index_pkg,150,500,ls,2000-12-26,2011-10-17,2018-12-31,2718,1812,0.18674454978731242,0.9005403240048385,0.02588484859337642,0.5849629350605304,-0.5412088742079243,-0.2363555244337304,0.014009109766263825,0.13825922129052584,0.15765519177069318,0.15111994122813166,0.9005403240048385,False
index_pkg/NDX,index_pkg,150,710,ls,2001-10-31,2012-02-16,2018-12-31,2592,1728,-0.05038299697113638,0.8434150440827625,-0.06329520599714962,0.528591592837304,-0.668111419540047,-0.2363555244337303,-0.042288249928835335,0.12493554313632182,0.1536276636421158,0.3437738222071563,0.8434150440827625,False
index_pkg/NDX,index_pkg,162,678,ls,2001-09-17,2012-01-30,2018-12-31,2611,1741,-0.09252521257366376,0.8869095592584532,-0.08033325940130623,0.5598261516921259,-0.6621348030982547,-0.23635552443373048,-0.053191446895924914,0.13231800367490956,0.15343956865472344,0.3473787619185644,0.8869095592584532,False
index_pkg/NDX,index_pkg,174,698,ls,2001-10-15,2012-02-09,2018-12-31,2599,1733,0.003986184766825133,0.851841807814669,-0.047990728703756834,0.5346486328899805,-0.6148687044904909,-0.2363555244337303,-0.029507997185633583,0.1263671580144883,0.15359569126153802,0.3371795106095755,0.851841807814669,False
index_pkg/NDX,index_pkg,200,400,ls,2000-08-03,2011-08-19,2018-12-31,2778,1852,0.026910960932058695,0.9535098300344408,-0.056240337131891575,0.6441299659170399,-0.5575254846419265,-0.23635552443372995,-0.03135542121588319,0.15224367589780255,0.16252326195910435,-0.012998009378671002,0.9535098300344408,False
index_pkg/NDX,index_pkg,200,600,ls,2001-05-21,2011-12-13,2018-12-31,2658,1772,0.06901195679400386,0.9528985046197669,-0.023546652222768964,0.6084996265766346,-0.6268085819978624,-0.2363555244337303,-0.014759243690550629,0.14382224835724952,0.1534234024598593,0.16889583309060063,0.9528985046197669,False
index_pkg/SPX,index_pkg,5,20,ls,1999-02-02,2011-01-12,2018-12-31,3006,2004,-0.26074515391059555,-0.7433858598135532,-0.11291265057154433,-0.169805755518465,-0.6774768989944222,-0.6625001781194388,-0.07649571236645063,-0.11249634327668895,0.1461366704156443,0.11514703964194814,0.6481521768732295,False
index_pkg/SPX,index_pkg,5,35,ls,1999-02-24,2011-01-21,2018-12-31,2997,1998,-0.1575587118495269,-0.44693659567898114,-0.08960010324865869,-0.1404216545874593,-0.620768772888697,-0.5216555768616382,-0.055620946144370416,-0.0732517392276868,0.146254353824941,0.11690540840183103,0.65113296919578,False
index_pkg/SPX,index_pkg,8,21,ls,1999-02-03,2011-01-12,2018-12-31,3005,2004,-0.17204386106844005,-0.4818747743605728,-0.09586413482464866,-0.1420035905541588,-0.612089367291114,-0.5484312922698511,-0.05867741763072924,-0.07787921267457612,0.1460891009665052,0.11206797523416864,0.6481521768732295,False
index_pkg/SPX,index_pkg,9,21,ls,1999-02-03,2011-01-12,2018-12-31,3005,2004,-0.18392124433199847,-0.5413073101691503,-0.10270086760995777,-0.1480456764027316,-0.5949189221160921,-0.580248562820415,-0.06109868945890355,-0.08590329096446125,0.14616985554198017,0.11206797523416864,0.6481521768732295,False
index_pkg/SPX,index_pkg,10,20,ls,1999-02-02,2011-01-12,2018-12-31,3006,2004,-0.14413447095520418,-0.421571940482155,-0.09288756788883917,-0.13468901771603206,-0.5703351234655826,-0.5177228988669138,-0.05297704250029878,-0.06973158869748122,0.14611847221657512,0.11514703964194814,0.6481521768732295,False
index_pkg/SPX,index_pkg,10,30,ls,1999-02-17,2011-01-19,2018-12-31,3000,2000,-0.11890785305925626,-0.398627364879659,-0.07734000010270292,-0.13222762762704274,-0.6176946822307485,-0.5037395346107426,-0.04777250678716514,-0.06660828360352908,0.14612056707001708,0.12574565977157082,0.6517589372115091,False
index_pkg/SPX,index_pkg,10,100,ls,1999-05-27,2011-03-01,2018-12-31,2958,1972,0.09253626324823548,0.047546304851843406,-0.007547117935026443,-0.011080772465700505,-0.44089472511922195,-0.33870966826895305,-0.003327484487405834,-0.003753164766021167,0.14640594442947,0.11531767011911255,0.6425363504562341,False
index_pkg/SPX,index_pkg,12,26,ls,1999-02-10,2011-01-14,2018-12-31,3002,2002,-0.10927085748188399,-0.35216494281644833,-0.07985701284258412,-0.12609101129658687,-0.574118083250287,-0.4777160165532743,-0.045847355147277946,-0.06023569563977938,0.14609386414875603,0.12937303100646788,0.6436883759055302,False
index_pkg/SPX,index_pkg,13,48,ls,1999-03-15,2011-01-28,2018-12-31,2989,1993,0.14930556617643972,-0.27822801947180076,0.020099444120184867,-0.11061492561196995,-0.44460087729689357,-0.45332976058927643,0.00893623048901408,-0.050145037745274956,0.1463781418616517,0.0983989675769491,0.6572564866701804,False
index_pkg/SPX,index_pkg,20,50,ls,1999-03-17,2011-01-31,2018-12-31,2988,1992,0.10239892358070675,-0.013486286423484579,-0.0028389362596302017,-0.03750863919796974,-0.430216562318499,-0.3368628852266106,-0.001221357398259443,-0.012635268421152028,0.14653037230318777,0.10423798148228455,0.6508936607164947,False
index_pkg/SPX,index_pkg,20,60,ls,1999-03-31,2011-02-04,2018-12-31,2982,1988,0.058997957666271354,0.24736225591725228,-0.020438380624107678,0.07933010019459451,-0.514193283122231,-0.32537420093836716,-0.01050927803481172,0.025811967961176793,0.1463006853880829,0.11511295300316092,0.6354464652094572,False
index_pkg/SPX,index_pkg,20,100,ls,1999-05-27,2011-03-01,2018-12-31,2958,1972,0.07065062279068522,-0.12907362812523465,-0.017367794715963995,-0.07186331631559491,-0.46163492930441585,-0.40607787527893874,-0.008017580685877646,-0.02918210279993507,0.14638222492929262,0.11531767011911255,0.6425363504562341,False
index_pkg/SPX,index_pkg,21,55,ls,1999-03-24,2011-02-02,2018-12-31,2985,1990,0.12926361559453392,0.12628728035236964,0.010955845104817945,0.02468738297592544,-0.41847289286678707,-0.31592544507935283,0.004584724194813593,0.007799372454513682,0.14633681646844557,0.11854085676948366,0.6396470960472586,False
index_pkg/SPX,index_pkg,30,90,ls,1999-05-13,2011-02-23,2018-12-31,2964,1976,0.009291223222324948,-0.06643771104483515,-0.0428100782327647,-0.05989061432672463,-0.49225079860568177,-0.3382831671592652,-0.021073295198450137,-0.02025998669755847,0.14647795368636968,0.08998532070354362,0.6405941427794921,False
index_pkg/SPX,index_pkg,30,200,ls,1999-10-19,2011-04-27,2018-12-31,2898,1932,0.32835683528570464,0.14918563227904352,0.11621557363272435,0.0315062450604206,-0.41865961809781416,-0.353708375146229,0.048654767674094775,0.011144022747280274,0.14684810886686644,0.13693427966867378,0.6202632079264884,False
index_pkg/SPX,index_pkg,40,100,ls,1999-05-27,2011-03-01,2018-12-31,2958,1972,0.27978301376991593,0.28590111076643776,0.12774544053235384,0.11457234772885502,-0.2951715536688238,-0.2759743175639202,0.03770682015604322,0.03161902547616693,0.1464424660639808,0.11531767011911255,0.6425363504562341,False
index_pkg/SPX,index_pkg,50,150,ls,1999-08-09,2011-03-29,2018-12-31,2928,1952,0.3525331059809061,0.1605423282018362,0.14629818466659433,0.0384441390927356,-0.37032713455753613,-0.3336059371893904,0.05417818751854915,0.012825193051471341,0.14639506558401447,0.11458704542107764,0.6400734927624552,False
index_pkg/SPX,index_pkg,50,200,ls,1999-10-19,2011-04-27,2018-12-31,2898,1932,0.46162388091500217,0.22044050871180945,0.19602626454787825,0.06176743249638215,-0.4041774264345238,-0.35268626775666245,0.07922939111853457,0.021784525236060608,0.14678323702930993,0.13693427966867378,0.6202632079264884,False
index_pkg/SPX,index_pkg,60,120,ls,1999-06-25,2011-03-11,2018-12-31,2946,1964,0.37653514058858206,0.19210684465511693,0.17976211781297152,0.05197788071528464,-0.3315154871644907,-0.3370315636747613,0.05959392606048783,0.0175181864139726,0.14643488602106977,0.10447101390020616,0.6465817707973587,False
index_pkg/SPX,index_pkg,60,132,ls,1999-07-14,2011-03-17,2018-12-31,2938,1960,0.3199593752156323,0.17682690208797244,0.13566640999945734,0.043822558690810705,-0.34481379829434294,-0.34773447458422513,0.04677965013287051,0.01523861442128543,0.14626413473980338,0.07091987562102185,0.6692310731306368,False
index_pkg/SPX,index_pkg,60,180,ls,1999-09-21,2011-04-14,2018-12-31,2910,1940,0.4119364418022828,0.20508869919400124,0.1534587945361956,0.05981834562009829,-0.4415239374353581,-0.3255046580844214,0.0677557311977047,0.01947115013824584,0.14667268583848464,0.11004551477875092,0.645614131610832,False
index_pkg/SPX,index_pkg,60,400,ls,2000-08-03,2011-08-19,2018-12-31,2778,1852,0.24049753993744175,0.5170344451531733,0.06564541658327817,0.2876671483085158,-0.4416953901995291,-0.2239824173383121,0.02899527789256169,0.0644323832669601,0.13966737227030346,0.001266656412366022,0.8525379855531586,False
index_pkg/SPX,index_pkg,62,758,ls,2002-01-10,2012-03-15,2018-12-31,2563,1709,0.07703910849319097,0.7260446521212537,-0.01252241380271903,0.4520111492557667,-0.5671160733810021,-0.19778210423952908,-0.007101662145050079,0.08939971623953338,0.12952280435660146,0.19610258427211932,0.7260446521212537,False
index_pkg/SPX,index_pkg,74,758,ls,2002-01-10,2012-03-15,2018-12-31,2563,1709,0.04485678780898376,0.7260446521212537,-0.024190825168831045,0.4520111492557667,-0.581594862879768,-0.19778210423952908,-0.014069259647014732,0.08939971623953338,0.12952280435660146,0.19610258427211932,0.7260446521212537,False
index_pkg/SPX,index_pkg,80,144,ls,1999-07-30,2011-03-24,2018-12-31,2931,1955,0.46365152990974395,0.21940691793721395,0.2007080233104548,0.07184168062341852,-0.39734193493196984,-0.3003890827619781,0.07974971433854701,0.021580456546547663,0.14620357985445762,0.10221869619562148,0.6460548304218027,False
index_pkg/SPX,index_pkg,80,300,ls,2000-03-13,2011-06-23,2018-12-31,2838,1892,0.3334323662041979,0.2421549463465511,0.11305287518425944,0.09245502898481776,-0.4402765468036421,-0.271273347711168,0.04977452949234891,0.025080585225444586,0.14714366101224138,0.0767552829096877,0.6803854613957299,False
index_pkg/SPX,index_pkg,100,200,ls,1999-10-19,2011-04-27,2018-12-31,2898,1932,0.4041443169411732,0.016575448366111058,0.15873618914061632,-0.026548877102099286,-0.4154225314494413,-0.3146639570382853,0.06594258952543215,-0.008353974723869687,0.14686692147383723,0.13693427966867378,0.6202632079264884,False
index_pkg/SPX,index_pkg,100,250,ls,1999-12-30,2011-05-25,2018-12-31,2868,1912,0.3218488677291168,0.17938358719461986,0.11115591384353293,0.05051593030482966,-0.4248296472534006,-0.30998038051229676,0.04722232766827748,0.01565894729782376,0.14719923528738907,0.06592679497047503,0.6482791757975559,False
index_pkg/SPX,index_pkg,100,300,ls,2000-03-13,2011-06-23,2018-12-31,2838,1892,0.36933007751043845,0.13686725040195724,0.13711057363010104,0.024107990508559773,-0.4224324284916762,-0.38649409958729036,0.057919952590450366,0.009317596084464752,0.14718471038304098,0.0767552829096877,0.6803854613957299,False
index_pkg/SPX,index_pkg,100,400,ls,2000-08-03,2011-08-19,2018-12-31,2778,1852,0.20965944205477963,0.6373803053241002,0.047171063452671656,0.3343137347936528,-0.46916680975967795,-0.2466785746968304,0.0221310973530613,0.08246803560047243,0.13965873867973938,0.001266656412366022,0.8525379855531586,False
index_pkg/SPX,index_pkg,116,378,ls,2000-07-03,2011-08-08,2018-12-31,2791,1861,0.13073302679000132,0.6610499092069856,0.010235381997810367,0.40761774794003125,-0.48204062014877674,-0.21668352812207872,0.004933869885684135,0.08832405174882216,0.14368220842452045,-0.006607791462054247,0.8322530862282231,False
index_pkg/SPX,index_pkg,120,398,ls,2000-08-01,2011-08-18,2018-12-31,2779,1853,0.1462611277459507,0.7927979965582721,0.01642014352697515,0.5368689588468073,-0.49768179034777604,-0.19778210423952908,0.008172006428272437,0.1061830723816067,0.1396172590260589,0.011736543546828737,0.8369763666431858,False
index_pkg/SPX,index_pkg,134,750,ls,2001-12-28,2012-03-12,2018-12-31,2568,1712,0.10663309085776372,0.7503089332605438,-0.001227286734266035,0.4696347946048655,-0.5101118508187922,-0.19778210423952908,-0.0006260535075017983,0.09288535790104933,0.12960756155522396,0.1839743773208849,0.7503089332605438,False
index_pkg/SPX,index_pkg,150,400,ls,2000-08-03,2011-08-19,2018-12-31,2778,1852,0.1888951716710235,0.8525379855531586,0.037084315321233546,0.5834105174816786,-0.4731848841599895,-0.19778210423952908,0.01754773744943042,0.11538815978299896,0.13954546407914492,0.001266656412366022,0.8525379855531586,False
index_pkg/SPX,index_pkg,150,500,ls,2000-12-26,2011-10-17,2018-12-31,2718,1812,0.10085867010647652,0.8296939417898213,-0.003594719946713057,0.5449323989780217,-0.5352110879406585,-0.19778210423952908,-0.0019239339735222813,0.10777787653816773,0.1342615679193405,0.07095449021838207,0.8296939417898213,False
index_pkg/SPX,index_pkg,150,710,ls,2001-10-31,2012-02-16,2018-12-31,2592,1728,0.035275784527041575,0.7562010273818289,-0.031510121286570714,0.47279783038607304,-0.5091875639436649,-0.19778210423952908,-0.01604456189747836,0.09351094977364148,0.12930261350575165,0.21962541502520067,0.7562010273818289,False
index_pkg/SPX,index_pkg,162,678,ls,2001-09-17,2012-01-30,2018-12-31,2611,1741,0.025312500612528377,0.7897623640378204,-0.03591945742822052,0.4961418831719765,-0.5096194055594979,-0.19778210423952908,-0.018305252542589436,0.09812798565511612,0.1291135926430556,0.21277612069052904,0.7897623640378204,False
index_pkg/SPX,index_pkg,174,698,ls,2001-10-15,2012-02-09,2018-12-31,2599,1733,0.06074622987533337,0.7595069214358171,-0.019586541168669258,0.4749857539864665,-0.5393092408970599,-0.19778210423952908,-0.01056320264947403,0.09394368190724263,0.12925226380791385,0.20485083353225544,0.7595069214358171,False
index_pkg/SPX,index_pkg,200,400,ls,2000-08-03,2011-08-19,2018-12-31,2778,1852,0.042287085484236125,0.8525379855531586,-0.02669448140741387,0.5834105174816786,-0.536778364983832,-0.19778210423952908,-0.01432902008396292,0.11538815978299896,0.13954546407914492,0.001266656412366022,0.8525379855531586,False
index_pkg/SPX,index_pkg,200,600,ls,2001-05-21,2011-12-13,2018-12-31,2658,1772,0.09263202695596265,0.8523534665202186,-0.007295222748702815,0.5415468807631058,-0.5085140317056976,-0.19778210423952908,-0.00370972313213399,0.10710828162168042,0.12920362944591188,0.07969151655872056,0.8523534665202186,False
stock/AAPL,stock,5,20,ls,2009-01-30,2015-02-12,2019-02-22,1519,1013,-0.04810899937388849,0.3522691661020138,-0.08252286153153371,0.12995718854966012,-0.6256316358508494,-0.4498758235437433,-0.051628912855066565,0.05846459722420787,0.24864542044634524,1.6992289764876063,0.5082874778012683,False
stock/AAPL,stock,5,35,ls,2009-02-23,2015-02-23,2019-02-22,1510,1007,0.2126788774012279,0.3807318844992006,0.03630821714613014,0.22483028702983834,-0.5686102443981297,-0.29362256236048057,0.02064522422512142,0.06601524497394345,0.2488193269484035,1.7745749120260426,0.4595112510578133,False
stock/AAPL,stock,8,21,ls,2009-02-02,2015-02-12,2019-02-22,1518,1013,0.3127478263487538,0.13958896590910383,0.07972153223735942,0.010020446105542709,-0.6211118896502392,-0.39470811805511585,0.049515991533758776,0.003955151424391477,0.2485427424815232,1.6910013395596155,0.5082874778012683,False
stock/AAPL,stock,9,21,ls,2009-02-02,2015-02-12,2019-02-22,1518,1013,0.4134673515831722,0.200219687413796,0.14128301567750598,0.055846641372548814,-0.5632113538589755,-0.3438129941945018,0.079572198537007,0.019200800986002547,0.2484636074004583,1.6910013395596155,0.5082874778012683,False
stock/AAPL,stock,10,20,ls,2009-01-30,2015-02-12,2019-02-22,1519,1013,0.37530954312346243,0.27662593969872445,0.12088669949220882,0.13096674372087166,-0.5632113538589755,-0.29577524900534946,0.06808476168455005,0.038736721235460604,0.24849302807054346,1.6992289764876063,0.5082874778012683,False
stock/AAPL,stock,10,30,ls,2009-02-13,2015-02-19,2019-02-22,1513,1009,0.2624852503012352,0.26541470596211403,0.06911747321092214,0.0985946965942758,-0.5054201368113415,-0.3633797720744657,0.0349333627663185,0.03582731837617904,0.24892134363861748,1.6635837106712306,0.4936696978722849,False
stock/AAPL,stock,10,100,ls,2009-05-27,2015-03-31,2019-02-22,1471,981,1.4051731277935782,0.06189384411704111,1.4563605508177921,-0.040968627853497086,-0.27883118725631995,-0.3799895660289245,0.40607874145779305,-0.015567651118850865,0.24954167996272716,1.550584885784417,0.5364820304208007,False
stock/AAPL,stock,12,26,ls,2009-02-09,2015-02-17,2019-02-22,1515,1011,0.2806867893328396,0.22735435948851657,0.08291084008682495,0.07022585870730451,-0.4848476086681845,-0.3712639783786923,0.04019912254876733,0.026072331688733803,0.24853811567248174,1.6353621192784331,0.49800940208043565,False
stock/AAPL,stock,13,48,ls,2009-03-12,2015-03-02,2019-02-22,1502,1002,1.0217615301843201,0.15009020518106334,0.8645154739532764,0.018623833798975246,-0.3175200899497728,-0.3500019155623863,0.2745010310526148,0.006518377504756851,0.24858285704866231,1.7190709746320416,0.49131195370015146,False
stock/AAPL,stock,20,50,ls,2009-03-16,2015-03-03,2019-02-22,1501,1001,1.1859482626624727,-0.3497754652408159,0.973046867080545,-0.2161088587249051,-0.3421077621560665,-0.5161702708992136,0.3328868861698967,-0.11154896815175415,0.24935753458991294,1.7270518114866509,0.48944420385694076,False
stock/AAPL,stock,20,60,ls,2009-03-30,2015-03-09,2019-02-22,1495,997,1.2560316809228382,-0.16179798733967035,1.023117442739514,-0.15098102128099827,-0.3480117149702945,-0.456832058870708,0.3560568558638003,-0.06897297080220062,0.24944985395551184,1.6758173362047875,0.5081591236718129,False
stock/AAPL,stock,20,100,ls,2009-05-27,2015-03-31,2019-02-22,1471,981,1.5028345649385382,-0.1724556939611274,1.798390793088085,-0.14833011649708092,-0.24636612019644494,-0.48193065725568185,0.4430625622901191,-0.07148483053425006,0.24952069399336324,1.550584885784417,0.5364820304208007,False
stock/AAPL,stock,21,55,ls,2009-03-23,2015-03-05,2019-02-22,1498,999,1.2053622811825633,-0.2134355660824496,0.9739980487899659,-0.17618859292631608,-0.3472666554999265,-0.4586034757169121,0.3382370448667457,-0.08080070109768071,0.2492360683189824,1.64807048647077,0.5134784097592785,False
stock/AAPL,stock,30,90,ls,2009-05-12,2015-03-25,2019-02-22,1477,985,1.4937394671645001,0.25132740493527006,1.5535427792889611,0.07921156293785704,-0.28525791358269686,-0.4053437152836173,0.4431603718814332,0.032107909214653056,0.24928981682370746,1.572625841280416,0.5435078334350671,False
stock/AAPL,stock,30,200,ls,2009-10-16,2015-05-28,2019-02-22,1411,941,1.347016162224073,0.17803484998130023,1.2168428037144432,0.02954805226021223,-0.31675655367194266,-0.4494335355314636,0.38544293286509124,0.013279885595375636,0.2510404416402522,1.4170883332524473,0.4862470910944275,False
stock/AAPL,stock,40,100,ls,2009-05-27,2015-03-31,2019-02-22,1471,981,1.3931012528106925,0.14755555566921338,1.2689831256184652,0.013296236316828558,-0.3164899208857309,-0.42959518510382433,0.40162036903231557,0.005711999101712156,0.24951424146935242,1.550584885784417,0.5364820304208007,False
stock/AAPL,stock,50,150,ls,2009-08-06,2015-04-29,2019-02-22,1441,961,1.32909210907044,0.16300963878536118,0.9835850254910432,0.02564386797821305,-0.38378121508712093,-0.36886041259476887,0.3774814562244494,0.009459007722969447,0.2509085657962098,1.4660698096117741,0.5086227276455229,False
stock/AAPL,stock,50,200,ls,2009-10-16,2015-05-28,2019-02-22,1411,941,1.2279120203566727,0.1574327897367125,0.7992998135231306,0.023568653353649206,-0.4280498776000071,-0.34200932560106595,0.3421401873442846,0.008060699238806866,0.2511132223072655,1.4170883332524473,0.4862470910944275,False
stock/AAPL,stock,60,120,ls,2009-06-24,2015-04-13,2019-02-22,1459,973,1.387349739058445,0.30061062168427877,0.9553105871442454,0.13289379546575641,-0.4179925741287392,-0.33771436785245634,0.3993127314128604,0.044880144127231555,0.25010429183689564,1.559904540817399,0.5190405296569726,False
stock/AAPL,stock,60,132,ls,2009-07-13,2015-04-20,2019-02-22,1452,968,1.4067898682082483,0.1740935444341328,1.0584850893662257,0.03350428079454705,-0.38378121508712093,-0.36701094387255245,0.40622669374856984,0.012296437718177745,0.2505665383306528,1.5429113861887884,0.5146427930710279,False
stock/AAPL,stock,60,180,ls,2009-09-18,2015-05-15,2019-02-22,1423,949,1.2020435402017118,0.1817731070715884,0.7542848543734995,0.04023812334773145,-0.44026522040887833,-0.35417218241456333,0.33208538766182744,0.014251223962332442,0.25085461750393234,1.4044906205619803,0.5081338046886836,False
stock/AAPL,stock,60,400,ls,2010-08-04,2015-09-21,2019-02-22,1291,861,0.8468888377903245,0.12063397512253625,0.3910847549944015,-0.0015330044083531299,-0.5355556695980885,-0.4242926009389062,0.20944765783063107,-0.0006504424276709585,0.24598228117252868,1.2073211301915163,0.6800688135794037,False
stock/AAPL,stock,62,758,ls,2012-01-04,2016-04-15,2019-02-22,1076,718,0.972773083998294,0.8568954095880353,0.6386865954165206,0.5042759151683858,-0.40119676143814165,-0.38515912432223265,0.2562389936550607,0.19422646990304793,0.24119766042661364,0.972773083998294,0.8568954095880353,False
stock/AAPL,stock,74,758,ls,2012-01-04,2016-04-15,2019-02-22,1076,718,0.972773083998294,0.8568954095880353,0.6386865954165206,0.5042759151683858,-0.40119676143814165,-0.38515912432223265,0.2562389936550607,0.19422646990304793,0.24119766042661364,0.972773083998294,0.8568954095880353,False
stock/AAPL,stock,80,144,ls,2009-07-29,2015-04-24,2019-02-22,1444,964,1.3265112279602118,0.35554848827590085,0.9239611127710172,0.17628135136944403,-0.4070637540582262,-0.3371116453965194,0.3761110791683864,0.05942649641287526,0.2507505990955964,1.4887054365911276,0.49418700019376616,False
stock/AAPL,stock,80,300,ls,2010-03-12,2015-07-24,2019-02-22,1351,901,0.9753667096538946,-0.18020375494147547,0.4705429355005759,-0.16748026537547245,-0.5334567075183498,-0.44739510822128437,0.2510142851181565,-0.07492985145258892,0.2533773539941717,1.31780974275393,0.5629376843849225,False
stock/AAPL,stock,100,200,ls,2009-10-16,2015-05-28,2019-02-22,1411,941,1.1118928579588,-0.08699666969703941,0.5785049797183075,-0.11313782421882329,-0.5199593396615602,-0.4606502183471967,0.3007990672452554,-0.05211696342972771,0.25123664867741907,1.4170883332524473,0.4862470910944275,False
stock/AAPL,stock,100,250,ls,2009-12-29,2015-06-25,2019-02-22,1381,921,1.0800309701171233,-0.2166589654801119,0.5803252788962577,-0.18665942943439073,-0.4950463275397433,-0.44739510822128437,0.2872878980960697,-0.08351051563232244,0.2535415574550345,1.359678533082513,0.5276372448037291,False
stock/AAPL,stock,100,300,ls,2010-03-12,2015-07-24,2019-02-22,1351,901,0.9387392549431651,-0.13263149739912342,0.42898108518534755,-0.15014798770982946,-0.5570493202384214,-0.42459433918679756,0.23896362189763817,-0.06375198562188245,0.2535007591053039,1.31780974275393,0.5629376843849225,False
stock/AAPL,stock,100,400,ls,2010-08-04,2015-09-21,2019-02-22,1291,861,0.7489552064165628,0.17120178035282416,0.30042503982950924,0.02806776836214441,-0.5936054746478103,-0.4225838356195804,0.17833394836408314,0.011860985211756894,0.24607966970890421,1.2073211301915163,0.6800688135794037,False
stock/AAPL,stock,116,378,ls,2010-07-02,2015-09-08,2019-02-22,1304,870,0.8117200596873054,0.26226614749512694,0.3473916722715271,0.08882497062239383,-0.5699287424182939,-0.391601842387104,0.19798849890429956,0.03478402214570981,0.24589652950851543,1.2250792713079928,0.704626531212605,False
stock/AAPL,stock,120,398,ls,2010-08-02,2015-09-18,2019-02-22,1292,862,0.9010480932541063,-0.05642139880233122,0.458686695967054,-0.0816614750459744,-0.4944338088124972,-0.5306513270386182,0.22679021013861042,-0.04333377010107732,0.24619038461387,1.1989691438672787,0.6977577571886713,False
stock/AAPL,stock,134,750,ls,2011-12-21,2016-04-12,2019-02-22,1081,721,1.0111618308225871,0.8461909813821933,0.6700793122371173,0.4961915377244641,-0.4011967614381416,-0.38515912432223265,0.2688336499762287,0.19111269816605667,0.2411473604711885,1.0111618308225871,0.8461909813821933,False
stock/AAPL,stock,150,400,ls,2010-08-04,2015-09-21,2019-02-22,1291,861,1.2073211301915163,0.07400744230214379,0.8247800770296877,-0.025895619893239196,-0.40119676143814187,-0.4680150052561286,0.3308990958030119,-0.01211953868044505,0.2462251892245373,1.2073211301915163,0.6800688135794037,False
stock/AAPL,stock,150,500,ls,2010-12-27,2015-11-16,2019-02-22,1231,821,1.0822215216303632,0.479899395756006,0.7261698172455227,0.2376673190295866,-0.401196761438142,-0.38515912432223254,0.2913369789330311,0.09153973647744824,0.24558335292256978,1.0822215216303632,0.7138387475107029,False
stock/AAPL,stock,150,710,ls,2011-10-25,2016-03-18,2019-02-22,1105,737,0.9539553332930992,0.8928779264703537,0.6215628788540534,0.5288083592580365,-0.40119676143814165,-0.3851591243222327,0.2493690140264142,0.20367536458610197,0.23998333914974407,0.9539553332930992,0.8928779264703537,False
stock/AAPL,stock,162,678,ls,2011-09-09,2016-03-01,2019-02-22,1124,750,0.9332093938986429,0.9565957274380372,0.6099546496597763,0.5739309170392531,-0.40119676143814176,-0.38515912432223265,0.2447118300676386,0.22105472942829468,0.2386661526288215,0.9332093938986429,0.9565957274380372,False
stock/AAPL,stock,174,698,ls,2011-10-07,2016-03-11,2019-02-22,1112,742,0.9728954668287433,0.9387322532991489,0.6439166272580513,0.5624072132271831,-0.4011967614381416,-0.3851591243222327,0.2583372654921012,0.21661626975908904,0.23955076464863415,0.9728954668287433,0.9387322532991489,False
stock/AAPL,stock,200,400,ls,2010-08-04,2015-09-21,2019-02-22,1291,861,1.2073211301915163,0.27223885950156596,0.8247800770296877,0.09567191472484297,-0.40119676143814187,-0.3899235205386589,0.3308990958030119,0.037304729806185134,0.24612574382740068,1.2073211301915163,0.6800688135794037,False
stock/AAPL,stock,200,600,ls,2011-05-19,2016-01-14,2019-02-22,1171,781,0.9708813799150247,0.9287218575531397,0.6412767568125743,0.5646777493881288,-0.4011967614381419,-0.38515912432223265,0.25727815801875975,0.21749078747858083,0.24410022159258501,0.9708813799150247,0.9287218575531397,False
stock/AXP,stock,5,20,ls,2009-01-30,2015-02-12,2019-02-22,1519,1013,0.057483412256577354,-0.032673492073884765,-0.08147070745017332,-0.06261170141723349,-0.5690654435731205,-0.45028092445164575,-0.04636216427334881,-0.028192854795642312,0.20906452483036667,0.9308471860990706,0.5255072683175771,False
stock/AXP,stock,5,35,ls,2009-02-23,2015-02-23,2019-02-22,1510,1007,-0.14235637555005742,-0.10604059962965079,-0.14570898604254107,-0.11201449874252098,-0.7598342854977641,-0.3826105190489142,-0.11071468330023788,-0.0428579255048799,0.20863317896463698,1.0951172131849474,0.5313865462733813,False
stock/AXP,stock,8,21,ls,2009-02-02,2015-02-12,2019-02-22,1518,1013,0.04173557414881915,-0.2748544570570068,-0.07524622007468997,-0.1813768730204376,-0.6897580120338322,-0.41994359472919124,-0.05190168317177839,-0.07616805605694263,0.20903652465345568,0.9245637814410775,0.5255072683175771,False
stock/AXP,stock,9,21,ls,2009-02-02,2015-02-12,2019-02-22,1518,1013,0.07113955581351615,-0.2705981868951844,-0.06014672652584706,-0.18248967513389738,-0.6890635946631232,-0.41289180785927243,-0.041444919587119995,-0.0753484918816862,0.2090440302043803,0.9245637814410775,0.5255072683175771,False
stock/AXP,stock,10,20,ls,2009-01-30,2015-02-12,2019-02-22,1519,1013,0.1018926872371269,-0.2639574360574757,-0.04353327214299326,-0.18165042669839232,-0.6984138819267742,-0.4076801252480644,-0.030404241590362625,-0.07405526870776492,0.20902482639537823,0.9308471860990706,0.5255072683175771,False
stock/AXP,stock,10,30,ls,2009-02-13,2015-02-19,2019-02-22,1513,1009,-0.024284714049531052,-0.5595983270609649,-0.09940667689725603,-0.2703891050144373,-0.7410939888358632,-0.47943119222745945,-0.07366969069870533,-0.1296329709823874,0.20901167326405468,0.9545868538030038,0.5592001630515063,False
stock/AXP,stock,10,100,ls,2009-05-27,2015-03-31,2019-02-22,1471,981,0.06370567594343683,-0.25958253361427164,-0.02637037643198973,-0.17920167981347593,-0.7247012697681685,-0.4093630500043789,-0.019110645284527543,-0.07335854621435264,0.20922555303764898,0.9560461189806828,0.571764985335241,False
stock/AXP,stock,12,26,ls,2009-02-09,2015-02-17,2019-02-22,1515,1011,0.04579882284757325,-0.4697222108616445,-0.06723247711424904,-0.25484092846723566,-0.7452717284777733,-0.4439020072441939,-0.050106464428778724,-0.11312439967457995,0.20901856397238572,0.8997466610245024,0.5479466406322748,False
stock/AXP,stock,13,48,ls,2009-03-12,2015-03-02,2019-02-22,1502,1002,-0.06961850524757865,-0.6983315753690656,-0.10445236802029824,-0.2914269772683914,-0.7645643529873977,-0.53016734257198,-0.07986055717344087,-0.15450506609216788,0.20897645957710112,1.109661048556713,0.5078497607910635,False
stock/AXP,stock,20,50,ls,2009-03-16,2015-03-03,2019-02-22,1501,1001,-0.5460997882395598,-0.715559588934995,-0.2616848767598749,-0.2722503792541837,-0.8410357751810257,-0.5786752380286428,-0.22008634317889256,-0.15754455301830306,0.20895250101522134,1.1285049341722095,0.5098715323952185,False
stock/AXP,stock,20,60,ls,2009-03-30,2015-03-09,2019-02-22,1495,997,-0.5343998000477787,-0.4298345085514549,-0.25146623112016514,-0.23431890151980994,-0.8130911112393873,-0.45078954480098016,-0.20446495730067568,-0.10562851095438082,0.20890550476677705,1.1622370215279774,0.5321112938790409,False
stock/AXP,stock,20,100,ls,2009-05-27,2015-03-31,2019-02-22,1471,981,-0.04158963745970256,-0.06257254141166231,-0.0594370887026581,-0.07809159174236459,-0.7847825753585262,-0.4395417853778436,-0.04664519154388519,-0.0343245176574366,0.20906322933011684,0.9560461189806828,0.571764985335241,False
stock/AXP,stock,21,55,ls,2009-03-23,2015-03-05,2019-02-22,1498,999,-0.4816915437466446,-0.7915231634809848,-0.23697439332111786,-0.2853600633212172,-0.8188948974514536,-0.5987156335381723,-0.19405712151731724,-0.1708495310978555,0.2089756164393637,1.0858002521293395,0.5218997769421964,False
stock/AXP,stock,30,90,ls,2009-05-12,2015-03-25,2019-02-22,1477,985,-0.1131619710790854,-0.29421461495407975,-0.08612714666867652,-0.1562977676531964,-0.7752878412300006,-0.5119877242775716,-0.06677332961205786,-0.08002253837042465,0.20910182600742333,0.9034273751979495,0.5433656323918645,False
stock/AXP,stock,30,200,ls,2009-10-16,2015-05-28,2019-02-22,1411,941,0.4296148551620728,0.5707580742719504,0.2139540053963001,0.3295562806117346,-0.3696977165571462,-0.3131940554551405,0.0790983072432675,0.10321506802550144,0.21089785364423702,0.7732585006068229,0.5567286937547289,True
stock/AXP,stock,40,100,ls,2009-05-27,2015-03-31,2019-02-22,1471,981,0.2234044015304528,-0.37177625737837255,0.037806622695682246,-0.17868920959383947,-0.6390095032987864,-0.5317288654115757,0.024158791190172536,-0.0950142106786235,0.20944584994015697,0.9560461189806828,0.571764985335241,False
stock/AXP,stock,50,150,ls,2009-08-06,2015-04-29,2019-02-22,1441,961,0.4663780164909056,0.3753408642472528,0.23510106451093876,0.15359170169334083,-0.3834297270686427,-0.3805232968213402,0.09014473699897661,0.058445220692749864,0.20949284300895926,0.8040970349294296,0.5965207883819206,False
stock/AXP,stock,50,200,ls,2009-10-16,2015-05-28,2019-02-22,1411,941,0.7183942285115194,0.8320419117734373,0.6067873170829877,0.5958913757059464,-0.26344702817625637,-0.27785185322979405,0.15985631542055687,0.1655695230635487,0.21072237206274996,0.7732585006068229,0.5567286937547289,True
stock/AXP,stock,60,120,ls,2009-06-24,2015-04-13,2019-02-22,1459,973,0.552597335948415,0.26160238322358276,0.24430237191532958,0.08403396272776537,-0.4824209610267606,-0.3991088945724323,0.11785658504051037,0.033538701970819415,0.20988246437415548,1.0005422921715248,0.5566504745832436,False
stock/AXP,stock,60,132,ls,2009-07-13,2015-04-20,2019-02-22,1452,968,0.6128948690641135,0.36620956794355297,0.34408411091664187,0.1439397170684949,-0.3906445751552998,-0.3913191923393542,0.13441459132672062,0.05632637382879858,0.20891780822933367,0.9479192718832625,0.5928766789616513,False
stock/AXP,stock,60,180,ls,2009-09-18,2015-05-15,2019-02-22,1423,949,0.6512693902359543,0.8894281471954596,0.4358479389431623,0.6450586793634734,-0.32403782204000275,-0.277851853229794,0.14123121687576642,0.17923074950310455,0.21008546882002724,0.7734680582511265,0.5518511309871319,True
stock/AXP,stock,60,400,ls,2010-08-04,2015-09-21,2019-02-22,1291,861,0.6468763195301296,0.6651780711805199,0.5565560686444566,0.3738325961322692,-0.23041638684256285,-0.334638482912073,0.12823963841235708,0.12509877283278426,0.21023857522007108,0.6499591615261376,0.6543093013952875,True
stock/AXP,stock,62,758,ls,2012-01-04,2016-04-15,2019-02-22,1076,718,0.7279541816859313,0.42534378387600486,0.5427646562974446,0.2634791307124978,-0.25062666274638945,-0.2549008597069987,0.13603129446451964,0.06716105693346838,0.19983305034349916,0.45900853301511213,1.1416661429683133,False
stock/AXP,stock,74,758,ls,2012-01-04,2016-04-15,2019-02-22,1076,718,0.7628173454313574,0.3782352359319192,0.5920316540925163,0.21213844972172982,-0.24341307370021822,-0.2695091860321238,0.14410824465048377,0.05717326091062003,0.19987718268516877,0.45900853301511213,1.1416661429683133,False
stock/AXP,stock,80,144,ls,2009-07-29,2015-04-24,2019-02-22,1444,964,0.7592504109344668,0.6657313465904465,0.4705462656320984,0.34703495046191457,-0.372639737579877,-0.35926879653572313,0.17534423694433623,0.12467882900828633,0.20922196160226103,0.8896445216105016,0.5821291534549999,True
stock/AXP,stock,80,300,ls,2010-03-12,2015-07-24,2019-02-22,1351,901,0.7056515937212847,0.6056709395973761,0.7027087638547036,0.3355267922322986,-0.21519258080847362,-0.33463848291207293,0.1512177124506259,0.1122801767289707,0.21295792671181824,0.6619499051544686,0.6390006182378063,False
stock/AXP,stock,100,200,ls,2009-10-16,2015-05-28,2019-02-22,1411,941,0.7304284902429963,0.6565209330051903,0.7253012201320064,0.37064481619860695,-0.22516519004346922,-0.332838036902759,0.16331258706978333,0.12336469301172825,0.2109222936929358,0.7732585006068229,0.5567286937547289,True
stock/AXP,stock,100,250,ls,2009-12-29,2015-06-25,2019-02-22,1381,921,0.6928742613089894,0.673466551104042,0.6934096986009299,0.38283750325395094,-0.21519258080847362,-0.334638482912073,0.14921662259955995,0.12811216129074796,0.21231342032911202,0.6817625698989596,0.5675009314605618,True
stock/AXP,stock,100,300,ls,2010-03-12,2015-07-24,2019-02-22,1351,901,0.7662907118320226,0.5016291833254035,0.7811412249139549,0.24012970937932157,-0.21519258080847362,-0.36620400369252015,0.1680957961651263,0.08793646098022886,0.21302937700167934,0.6619499051544686,0.6390006182378063,False
stock/AXP,stock,100,400,ls,2010-08-04,2015-09-21,2019-02-22,1291,861,0.6447041450827101,0.5387045937171423,0.5493410213994334,0.25808008877431404,-0.23240544233766483,-0.3705212208514457,0.12766984307255994,0.09562414957010833,0.21034024369295265,0.6499591615261376,0.6543093013952875,False
stock/AXP,stock,116,378,ls,2010-07-02,2015-09-08,2019-02-22,1304,870,0.7413960387578961,0.5235223868383427,0.6633102603816572,0.2520123456208737,-0.23318415318810456,-0.36487634126133345,0.15467344136807787,0.09195334262283103,0.20982324180626982,0.7190117568972714,0.6724257022711351,False
stock/AXP,stock,120,398,ls,2010-08-02,2015-09-18,2019-02-22,1292,862,0.6887440868629737,0.522067646512802,0.6899971897276034,0.2563857832047163,-0.20134356061440106,-0.35789447265188495,0.1389264909936861,0.09175905467549243,0.2102277331629557,0.6236340267994128,0.6681867363083642,False
stock/AXP,stock,134,750,ls,2011-12-21,2016-04-12,2019-02-22,1081,721,0.6540308805883096,0.24184637374572954,0.3875731999376682,0.10058075415424207,-0.3070893405296352,-0.2859014884902647,0.11901959837581898,0.028756187326171183,0.2001077154543879,0.4525658766446964,1.1783977782420185,False
stock/AXP,stock,150,400,ls,2010-08-04,2015-09-21,2019-02-22,1291,861,0.6740778119974622,0.47850594104834354,0.6565741679752881,0.2160758734649484,-0.2058770761078327,-0.3787233369961534,0.13517356995068533,0.08183297584300385,0.21030611242448194,0.6499591615261376,0.6543093013952875,False
stock/AXP,stock,150,500,ls,2010-12-27,2015-11-16,2019-02-22,1231,821,0.7231205126262177,0.39977641549751974,0.642649254498519,0.1665084202006979,-0.2261686829938223,-0.3844943211852339,0.14534713551689177,0.06402154199669302,0.21004912764289266,0.6433638814508336,0.7766202783479357,False
stock/AXP,stock,150,710,ls,2011-10-25,2016-03-18,2019-02-22,1105,737,0.6686441317017169,0.2357735836276415,0.47132658177337095,0.09496855637216846,-0.26767134907070916,-0.2891883976209098,0.12616062199616412,0.02746380464163844,0.19899539606888858,0.39782387771045213,1.1530580708434024,False
stock/AXP,stock,162,678,ls,2011-09-09,2016-03-01,2019-02-22,1124,750,0.7189504269622322,0.11916756207533219,0.49058721754952694,0.013011626616693174,-0.28890250682846186,-0.30396672130459435,0.1417318769680583,0.003955101481515816,0.19828762581179873,0.36035657140514266,1.2659341929915544,False
stock/AXP,stock,174,698,ls,2011-10-07,2016-03-11,2019-02-22,1112,742,0.798275702083298,0.14467359755798384,0.574916899277422,0.029522625397909435,-0.2778856794332272,-0.3054444569308232,0.15976117317335065,0.009017522281836577,0.1987799194765893,0.49861670843821443,1.1973364390329737,False
stock/AXP,stock,200,400,ls,2010-08-04,2015-09-21,2019-02-22,1291,861,0.5969226725253566,0.4361807381840011,0.4805327740282196,0.1818676854583081,-0.24052705004118222,-0.3973106474103102,0.11558113058511368,0.07225796785245504,0.2103517548884738,0.6499591615261376,0.6543093013952875,False
stock/AXP,stock,200,600,ls,2011-05-19,2016-01-14,2019-02-22,1171,781,0.5416191001590365,0.13002010545280895,0.3756596291250876,0.012522870191279982,-0.26768011733503316,-0.42709597816968264,0.10055661360223848,0.005348467493836684,0.21092901252464033,0.365869594942877,0.9928773870482852,False
stock/BA,stock,5,20,ls,2009-01-30,2015-02-12,2019-02-22,1519,1013,0.13579331880844248,0.2617233532082513,-0.0002717854796104052,0.07812659113132749,-0.6620881834948603,-0.44630464593136715,-0.00017994595449553257,0.034868260592691804,0.24532911159133267,0.9962174882532191,1.306956136055545,False
stock/BA,stock,5,35,ls,2009-02-23,2015-02-23,2019-02-22,1510,1007,0.11660022439905895,0.387924541862827,-0.007922107598726606,0.1513993298203117,-0.6285545053625476,-0.4450367806412409,-0.004979476423146482,0.06737827033447294,0.24512787706569122,1.157102418821374,1.2697581802143392,False
stock/BA,stock,8,21,ls,2009-02-02,2015-02-12,2019-02-22,1518,1013,0.22788263666848096,0.43946973849206666,0.03874046681025287,0.2087522395930775,-0.6537972747600483,-0.3879700020091225,0.025328411623475433,0.0809896068143351,0.24528538540756833,1.019817169069131,1.306956136055545,False
stock/BA,stock,9,21,ls,2009-02-02,2015-02-12,2019-02-22,1518,1013,0.11699702590476625,0.5465796772826044,-0.00803525979665967,0.2930908763085627,-0.6535074303824125,-0.3742744076055657,-0.0052511019821701675,0.10969641410498342,0.24509975118542715,1.019817169069131,1.306956136055545,False
stock/BA,stock,10,20,ls,2009-01-30,2015-02-12,2019-02-22,1519,1013,0.14882700026132945,0.5692016009190646,0.005201466261923366,0.31252535464927167,-0.6523974809498112,-0.37072389643979115,0.003393423486524235,0.11586061721180559,0.2450927923828199,0.9962174882532191,1.306956136055545,False
stock/BA,stock,10,30,ls,2009-02-13,2015-02-19,2019-02-22,1513,1009,0.2716837011975861,0.5367159338749827,0.06808100654540794,0.24394714726354091,-0.5530837389377194,-0.4391636532654042,0.03765449765077757,0.10713272039593018,0.24548718243517298,1.0474728434434124,1.2721121617651363,False
stock/BA,stock,10,100,ls,2009-05-27,2015-03-31,2019-02-22,1471,981,-0.25909813041711593,0.42808165501931855,-0.13135624239485413,0.1415985553842304,-0.714527791638813,-0.5518635835085663,-0.09385768579636775,0.0781430861939776,0.2463545987615689,1.054264871381706,1.3261489880350832,False
stock/BA,stock,12,26,ls,2009-02-09,2015-02-17,2019-02-22,1515,1011,0.25131900899341014,0.5854726622891627,0.05822754792567515,0.2778194676221015,-0.5481038923004138,-0.43339710015307437,0.03191474565717144,0.12040615163348974,0.24533658254172583,0.9939228304405409,1.295936035099686,False
stock/BA,stock,13,48,ls,2009-03-12,2015-03-02,2019-02-22,1502,1002,0.15472799497510994,0.3058809727911448,0.011810748812821268,0.09945910383530596,-0.4966980427521447,-0.4632636731603498,0.005866375818765541,0.04607578977198047,0.24536453674656392,1.1891589416493462,1.2804764600030818,False
stock/BA,stock,20,50,ls,2009-03-16,2015-03-03,2019-02-22,1501,1001,0.1015956168831118,0.12374358936104338,-0.013629664243775144,0.0007790533592812696,-0.6043121134170447,-0.4749195000955904,-0.008236571204320484,0.000369987631937651,0.24542890478288756,1.193153527556925,1.2695603431813411,False
stock/BA,stock,20,60,ls,2009-03-30,2015-03-09,2019-02-22,1495,997,0.05594897001488619,0.2871517071864513,-0.031237299851342777,0.081539852109672,-0.616521935180041,-0.5067652390656848,-0.019258480554149054,0.041321562647738515,0.2458703500934572,1.1787625596138032,1.2781482344741526,False
stock/BA,stock,20,100,ls,2009-05-27,2015-03-31,2019-02-22,1471,981,-0.053470044912008685,0.3176993957848826,-0.06000595500191936,0.08679186034647744,-0.7510997202576082,-0.5670861543774676,-0.04507045601573226,0.04921846231515011,0.24663896754732964,1.054264871381706,1.3261489880350832,False
stock/BA,stock,21,55,ls,2009-03-23,2015-03-05,2019-02-22,1498,999,0.02334707247849372,0.2785126412049022,-0.04530375310352068,0.07643100179442079,-0.6179487994476032,-0.5116417604598462,-0.027995399840791232,0.03910529231180712,0.24567289051181276,1.1696268625566981,1.2783268261216936,False
stock/BA,stock,30,90,ls,2009-05-12,2015-03-25,2019-02-22,1477,985,-0.03441222962146158,0.5138176553915847,-0.056996743730313916,0.2152943042064166,-0.712487304871407,-0.4698883240460056,-0.040609456326857626,0.101164279780204,0.2464809997251097,1.0326478961660812,1.3341869493616298,False
stock/BA,stock,30,200,ls,2009-10-16,2015-05-28,2019-02-22,1411,941,0.5047656673800013,0.7383818705323499,0.22997511619957425,0.37279477799031996,-0.42447435758958296,-0.4436786006907007,0.09761853971040398,0.16540106544354558,0.2492384841697429,0.9467026806445815,1.4141769053336466,False
stock/BA,stock,40,100,ls,2009-05-27,2015-03-31,2019-02-22,1471,981,0.22497078598833664,0.4311857667742163,0.045046317329903024,0.16246556587190542,-0.5607192157076945,-0.4859286240106546,0.02525833572374315,0.07894666887324736,0.24641561570752035,1.054264871381706,1.3261489880350832,False
stock/BA,stock,50,150,ls,2009-08-06,2015-04-29,2019-02-22,1441,961,0.3379789915852183,0.5903494269389469,0.10328284312696974,0.28331383562635787,-0.5280179049377502,-0.4333579638787272,0.05453519044391688,0.12277630694571086,0.24813829607303858,1.0416642666802711,1.372143876757869,False
stock/BA,stock,50,200,ls,2009-10-16,2015-05-28,2019-02-22,1411,941,0.529906494344706,0.5538056451464165,0.21554233027856196,0.227731969294812,-0.48397329505303244,-0.49726018950796463,0.10431673180832464,0.1132420422085602,0.2497471655583091,0.9467026806445815,1.4141769053336466,False
stock/BA,stock,60,120,ls,2009-06-24,2015-04-13,2019-02-22,1459,973,0.6492299691667773,0.27864959610795337,0.3700468604405182,0.07358006499770557,-0.3769915350820528,-0.5320235788559919,0.13950453396976512,0.03914632951253582,0.2474314352663575,1.1332395729124394,1.3106380150105772,False
stock/BA,stock,60,132,ls,2009-07-13,2015-04-20,2019-02-22,1452,968,0.4792952128515175,0.5301314532346502,0.18227370491210096,0.23153125420739218,-0.5059536928240412,-0.45755444829415653,0.09222205410499706,0.10593815528171743,0.2475195481956502,1.1535425198257692,1.3195910687709822,False
stock/BA,stock,60,180,ls,2009-09-18,2015-05-15,2019-02-22,1423,949,0.5522081290768026,0.5315953150393218,0.23949139923943752,0.21695587140727376,-0.4619387994875099,-0.4924669020065424,0.1106303694522497,0.1068435858640699,0.2489747481434451,0.9624273100278338,1.3727604299980134,False
stock/BA,stock,60,400,ls,2010-08-04,2015-09-21,2019-02-22,1291,861,0.6488930035575997,1.04823300026665,0.3986041529673074,0.5912522674859376,-0.32615710253484276,-0.44160738841760144,0.13000757559017223,0.26110136974045006,0.2515360645340641,0.7896849908733647,1.5686185990356156,False
stock/BA,stock,62,758,ls,2012-01-04,2016-04-15,2019-02-22,1076,718,0.8388771698081776,1.9351395875843243,0.5736692379376044,2.2485081325786473,-0.29547734454441404,-0.24670306744550347,0.16950626307262098,0.554713853483313,0.243470424502415,0.8388771698081776,1.9351395875843243,False
stock/BA,stock,74,758,ls,2012-01-04,2016-04-15,2019-02-22,1076,718,0.8388771698081776,1.9351395875843243,0.5736692379376044,2.2485081325786473,-0.29547734454441404,-0.24670306744550347,0.16950626307262098,0.554713853483313,0.243470424502415,0.8388771698081776,1.9351395875843243,False
stock/BA,stock,80,144,ls,2009-07-29,2015-04-24,2019-02-22,1444,964,0.5284475357466656,0.4495274785882739,0.1990614841392521,0.174191028255551,-0.5300131187718785,-0.4837144999445779,0.10550519803600383,0.08425872612746568,0.24802411801769844,1.0905944875923321,1.353455612285594,False
stock/BA,stock,80,300,ls,2010-03-12,2015-07-24,2019-02-22,1351,901,0.5895940178390852,1.0428554394591834,0.36360865976795653,0.6651093957150932,-0.3239346355659206,-0.39151699680101437,0.11778543869054582,0.26040163315451076,0.25252819221365674,0.7860412969384495,1.442262005705428,False
stock/BA,stock,100,200,ls,2009-10-16,2015-05-28,2019-02-22,1411,941,0.663272809488127,1.0113267949107054,0.3431798695102962,0.6177312065390349,-0.4098122304974773,-0.4002693640940158,0.14063930778584768,0.24725887722240864,0.24919948998284475,0.9467026806445815,1.4141769053336466,False
stock/BA,stock,100,250,ls,2009-12-29,2015-06-25,2019-02-22,1381,921,0.716987710188442,1.0339628768081557,0.44117410312019606,0.649481016373854,-0.35033772238010746,-0.3945287022832418,0.15455993046021616,0.25623890254757753,0.25116909447892516,0.9358555193815075,1.4323031292769939,False
stock/BA,stock,100,300,ls,2010-03-12,2015-07-24,2019-02-22,1351,901,0.47971740636865284,1.0657663086707667,0.2165332278980815,0.7060412900201863,-0.4117340558540751,-0.37900824364454894,0.08915410414965186,0.2675954692710824,0.2524102567206654,0.7860412969384495,1.442262005705428,False
stock/BA,stock,100,400,ls,2010-08-04,2015-09-21,2019-02-22,1291,861,0.7896849908733647,1.062018467089101,0.6108904158151129,0.6102290740389541,-0.2732376822378879,-0.4350008801682898,0.16691828131866104,0.2654501843112255,0.25156255589461946,0.7896849908733647,1.5686185990356156,False
stock/BA,stock,116,378,ls,2010-07-02,2015-09-08,2019-02-22,1304,870,0.8627200269233328,1.1730074241335924,0.6886293252006568,0.7788922667349301,-0.27323768223788797,-0.3850102021755398,0.18815948073886826,0.2998814690885799,0.2503965199424257,0.8627200269233328,1.5778767455886404,False
stock/BA,stock,120,398,ls,2010-08-02,2015-09-18,2019-02-22,1292,862,0.7895746683239542,1.01157872476967,0.6105789393008976,0.5444441758762083,-0.2732376822378879,-0.45823317150234366,0.1668331741978453,0.2494823814177347,0.25153615518028544,0.7895746683239542,1.5670940721638003,False
stock/BA,stock,134,750,ls,2011-12-21,2016-04-12,2019-02-22,1081,721,0.833120779285211,1.9487689048285137,0.5682829812386597,2.2650198112219995,-0.29547734454441404,-0.24670306744550355,0.16791474624618224,0.5587873352533026,0.24306225412063537,0.833120779285211,1.9487689048285137,False
stock/BA,stock,150,400,ls,2010-08-04,2015-09-21,2019-02-22,1291,861,0.7896849908733647,1.5686185990356156,0.6108904158151129,1.629814188331049,-0.2732376822378879,-0.2674462634837714,0.16691828131866104,0.43588771484197475,0.2508464861532678,0.7896849908733647,1.5686185990356156,False
stock/BA,stock,150,500,ls,2010-12-27,2015-11-16,2019-02-22,1231,821,0.9441795929698794,1.5501296049441176,0.7566981109331417,1.6155591280976243,-0.273237682237888,-0.2674462634837714,0.20675843798515992,0.43207525224680915,0.25236296827428234,0.9441795929698794,1.5501296049441176,False
stock/BA,stock,150,710,ls,2011-10-25,2016-03-18,2019-02-22,1105,737,0.9883012989986212,1.8712441230407075,0.7242291499178004,2.1318958914735773,-0.29547734454441404,-0.2467030674455033,0.21399330605937,0.5259452559009973,0.24153708986349978,0.9883012989986212,1.8712441230407075,False
stock/BA,stock,162,678,ls,2011-09-09,2016-03-01,2019-02-22,1124,750,0.8789174204537563,2.001113456515025,0.6383256425274966,2.3187597666024113,-0.29547734454441404,-0.24670306744550322,0.18861076580863156,0.572045147090034,0.24065604823249925,0.8789174204537563,2.001113456515025,False
stock/BA,stock,174,698,ls,2011-10-07,2016-03-11,2019-02-22,1112,742,0.9364867999268655,1.96063925363457,0.6805669307725912,2.2673968190754743,-0.29547734454441404,-0.24670306744550322,0.20109210948942732,0.5593737503820961,0.24160431823687667,0.9364867999268655,1.96063925363457,False
stock/BA,stock,200,400,ls,2010-08-04,2015-09-21,2019-02-22,1291,861,0.7896849908733647,1.5686185990356156,0.6108904158151129,1.629814188331049,-0.2732376822378879,-0.2674462634837714,0.16691828131866104,0.43588771484197475,0.2508464861532678,0.7896849908733647,1.5686185990356156,False
stock/BA,stock,200,600,ls,2011-05-19,2016-01-14,2019-02-22,1171,781,0.6855063923435489,1.769284485588839,0.540306292682769,2.075476876714265,-0.25926672237821613,-0.24670306744550355,0.14008344158418665,0.5120265118976224,0.2517604163081748,0.6855063923435489,1.769284485588839,False
stock/CAT,stock,5,20,ls,2009-01-30,2015-02-12,2019-02-22,1519,1013,0.546983913132803,-0.41395561729024694,0.41444269022834335,-0.24625840328475046,-0.321433773871804,-0.5620963052607638,0.13321587797367943,-0.13842093862577337,0.27096582787319856,0.7537181764419203,0.7309036913739478,False
stock/CAT,stock,5,35,ls,2009-02-23,2015-02-23,2019-02-22,1510,1007,0.17684703001323784,-0.21932327374349891,0.010141616455420542,-0.17041539816553747,-0.4907917900094649,-0.5388714914094176,0.004977422093745292,-0.0918319997685929,0.27111879957180723,0.8684063117061127,0.7343512901424402,False
stock/CAT,stock,8,21,ls,2009-02-02,2015-02-12,2019-02-22,1518,1013,0.09174234470960502,-0.23582671784280265,-0.04058952808498085,-0.18461904490755462,-0.5681762145806292,-0.5189529456238099,-0.02306200441893855,-0.0958085971730299,0.2709664616372985,0.7634394546889456,0.7309036913739478,False
stock/CAT,stock,9,21,ls,2009-02-02,2015-02-12,2019-02-22,1518,1013,0.07719636452680856,-0.051147702710446157,-0.050475697125553644,-0.09650215171517548,-0.548559192035306,-0.511455660004581,-0.027688907632612524,-0.049356571697347286,0.27083580052982464,0.7634394546889456,0.7309036913739478,False
stock/CAT,stock,10,20,ls,2009-01-30,2015-02-12,2019-02-22,1519,1013,0.08543532972767637,-0.07713667334743139,-0.04516964704539943,-0.10768868270136284,-0.5546183091341893,-0.5200808315970243,-0.02505191326850756,-0.056006819652912876,0.2707769459791582,0.7537181764419203,0.7309036913739478,False
stock/CAT,stock,10,30,ls,2009-02-13,2015-02-19,2019-02-22,1513,1009,0.25916996022974953,-0.04743961651323761,0.06239336822116497,-0.09644844171059848,-0.5115314996644963,-0.5022286464781381,0.031916173215291645,-0.04843917033523948,0.2709460090800578,0.75479264542182,0.7354809113794611,False
stock/CAT,stock,10,100,ls,2009-05-27,2015-03-31,2019-02-22,1471,981,0.05266988851968306,0.26317777033041173,-0.04768107219429205,0.06629056172929165,-0.5571139710686583,-0.5307530523913877,-0.026563791474973432,0.03518391798256126,0.2723511427492907,0.7212426566301511,0.7877817577944604,False
stock/CAT,stock,12,26,ls,2009-02-09,2015-02-17,2019-02-22,1515,1011,0.2638998028785902,0.09400000864099851,0.06648386578398938,-0.023758037064526498,-0.5035074209017454,-0.47306784992495693,0.033475119792474285,-0.011239163512552986,0.2708509739173595,0.7373432097332736,0.7116997501144556,False
stock/CAT,stock,13,48,ls,2009-03-12,2015-03-02,2019-02-22,1502,1002,-0.05942120068987495,0.09377050461118612,-0.13068502515112077,-0.02565155804065166,-0.4922645605501287,-0.44524578479282584,-0.06433160647649898,-0.01142124809096867,0.27161801081155507,0.8521517731931461,0.7421093742744931,False
stock/CAT,stock,20,50,ls,2009-03-16,2015-03-03,2019-02-22,1501,1001,-0.07882581915514893,0.39735492698213665,-0.13535400430840247,0.1814076050101686,-0.5161394139926632,-0.4059497784712283,-0.06986153646529926,0.07364237706687403,0.27149988595924884,0.8637260853621047,0.7442780091853567,False
stock/CAT,stock,20,60,ls,2009-03-30,2015-03-09,2019-02-22,1495,997,-0.08893136649720955,0.36656130203938786,-0.1343195629384599,0.1385211688692013,-0.5243574907498859,-0.4671361644313602,-0.07043146898103221,0.06470824751810743,0.2717162783545189,0.8418131015517663,0.7693949514293708,False
stock/CAT,stock,20,100,ls,2009-05-27,2015-03-31,2019-02-22,1471,981,0.018290105548946313,0.06562525898271467,-0.061201139442046526,-0.033117164314541425,-0.592746125756585,-0.571286752416194,-0.036276738296161605,-0.01891939725048784,0.2722889123192517,0.7212426566301511,0.7877817577944604,False
stock/CAT,stock,21,55,ls,2009-03-23,2015-03-05,2019-02-22,1498,999,-0.09471588174873705,0.3668154473980583,-0.12333862965013882,0.14188182080947043,-0.5936539246242308,-0.4564985772322677,-0.07322046154957944,0.0647688493346468,0.27157880756459885,0.7990828156287346,0.7602472126938997,False
stock/CAT,stock,30,90,ls,2009-05-12,2015-03-25,2019-02-22,1477,985,0.14570808558609363,-0.04336214397473602,-0.00028630839275921055,-0.08212664822891412,-0.5784566023233118,-0.579402666402203,-0.0001656169800921412,-0.0475843989665086,0.2721999351701149,0.6664873540299187,0.787528821843563,False
stock/CAT,stock,30,200,ls,2009-10-16,2015-05-28,2019-02-22,1411,941,-0.1522373299194118,0.23099149223279045,-0.10580118357201154,0.04676912667536239,-0.7243113453657053,-0.5562757409005442,-0.07663299761432764,0.02601653059260862,0.27603237128450525,0.5290146990106808,0.7303978071388538,False
stock/CAT,stock,40,100,ls,2009-05-27,2015-03-31,2019-02-22,1471,981,0.173194609467776,0.06820358982705775,0.014147095568414318,-0.03172206594568261,-0.5640840918003316,-0.5769264810089149,0.007980151555321486,-0.018301299876375403,0.2723484505823424,0.7212426566301511,0.7877817577944604,False
stock/CAT,stock,50,150,ls,2009-08-06,2015-04-29,2019-02-22,1441,961,0.12828335781982259,0.18994924479957398,-0.005096753636654707,0.025639181300532332,-0.6289009078292195,-0.5722878073131293,-0.0032053529890740213,0.014672990847785436,0.27384561781431643,0.619294475232328,0.7049397130307135,False
stock/CAT,stock,50,200,ls,2009-10-16,2015-05-28,2019-02-22,1411,941,-0.040110028444358604,0.3526637735278302,-0.07063690477241329,0.11989283004774355,-0.6752607413782786,-0.5092091811976402,-0.047698328685286666,0.06105052982007933,0.27594718374301824,0.5290146990106808,0.7303978071388538,False
stock/CAT,stock,60,120,ls,2009-06-24,2015-04-13,2019-02-22,1459,973,0.13312198168648626,0.1363630499351711,-0.005551920538965644,-1.6477989846822335e-05,-0.6028043367060459,-0.5728952314092022,-0.003346721777935858,-9.440161806453765e-06,0.27307409011905975,0.7735125821094797,0.7672157143231804,False
stock/CAT,stock,60,132,ls,2009-07-13,2015-04-20,2019-02-22,1452,968,-0.09160011454947362,0.20253565333706042,-0.09504473378955251,0.03307058305344572,-0.688550783235742,-0.5511898878320852,-0.06544312589322898,0.018228170963770406,0.2731269942037981,0.8321332765828852,0.7341400176836976,False
stock/CAT,stock,60,180,ls,2009-09-18,2015-05-15,2019-02-22,1423,949,0.022368224689604706,0.17167311316307005,-0.049064163740814806,0.01614239143187933,-0.6416868171911027,-0.5841728714442794,-0.03148382706898656,0.009429947154738482,0.2752939319565095,0.5560118582555053,0.6996204280272237,False
stock/CAT,stock,60,400,ls,2010-08-04,2015-09-21,2019-02-22,1291,861,0.05197369518606602,0.204477494910455,-0.03555016459299774,0.03871489171382641,-0.5542001701575688,-0.46881686919138427,-0.019701907266568928,0.01815019432435956,0.2798927276898302,0.23828770639258398,0.9536824182850008,False
stock/CAT,stock,62,758,ls,2012-01-04,2016-04-15,2019-02-22,1076,718,-0.012109185418761067,0.7768827639204513,-0.09577120984731552,0.5751355582357103,-0.31173102120256163,-0.3310206572530332,-0.029854857047508492,0.19038175049677497,0.27207158562930805,0.07858100536438875,0.9716448224199365,False
stock/CAT,stock,74,758,ls,2012-01-04,2016-04-15,2019-02-22,1076,718,-0.02229375769038385,0.8078031720915838,-0.10314547604120242,0.6053415184548392,-0.31173102120256163,-0.3310206572530334,-0.032153644578748385,0.20038054730147015,0.27199503745708536,0.07858100536438875,0.9716448224199365,False
stock/CAT,stock,80,144,ls,2009-07-29,2015-04-24,2019-02-22,1444,964,0.07316280443428916,0.021297106969372346,-0.028310951949959813,-0.049568458072329694,-0.6633300783343655,-0.6278635706316827,-0.0187795059746873,-0.031122229075999777,0.2737179197756811,0.6695750583754768,0.7358241119479951,False
stock/CAT,stock,80,300,ls,2010-03-12,2015-07-24,2019-02-22,1351,901,-0.14964838660979393,0.4316662743773279,-0.10330144798019052,0.2217906744354309,-0.706774272096375,-0.3832676300560984,-0.0730108057027007,0.08500518615941129,0.27921914548064325,0.39500112573084645,0.8647838440756047,False
stock/CAT,stock,100,200,ls,2009-10-16,2015-05-28,2019-02-22,1411,941,-0.2111221395819842,0.5305757205545378,-0.1228793142977409,0.3186894675253971,-0.7445469943175885,-0.3590353909572758,-0.09148942412418927,0.11442079756694702,0.27590771441673706,0.5290146990106808,0.7303978071388538,False
stock/CAT,stock,100,250,ls,2009-12-29,2015-06-25,2019-02-22,1381,921,-0.19697645694759802,0.36017717214463635,-0.12158109781603904,0.16075459387888422,-0.7113159676757694,-0.3949443485071516,-0.08648257624409819,0.06348911834902767,0.27848549095016006,0.49832560937153186,0.7312112835524116,False
stock/CAT,stock,100,300,ls,2010-03-12,2015-07-24,2019-02-22,1351,901,0.05174405022852355,0.27210275781548016,-0.03514061095182419,0.09745749282743829,-0.6166618829554271,-0.38723724568577406,-0.02166987531775601,0.03773917109393828,0.279313255852596,0.39500112573084645,0.8647838440756047,False
stock/CAT,stock,100,400,ls,2010-08-04,2015-09-21,2019-02-22,1291,861,-0.11694170460954503,0.46584061843448266,-0.09575386952851077,0.26124537541545045,-0.6436470837347421,-0.36519987825167927,-0.061631698878342946,0.09540677929553676,0.2796218083623752,0.23828770639258398,0.9536824182850008,False
stock/CAT,stock,116,378,ls,2010-07-02,2015-09-08,2019-02-22,1304,870,0.16273352898185037,0.5083445210646489,0.015362251963287783,0.3062192490787393,-0.561861139079056,-0.35418178259254196,0.008631452386912339,0.10845727950285751,0.2794577337149498,0.4013388646627298,0.915115419491352,False
stock/CAT,stock,120,398,ls,2010-08-02,2015-09-18,2019-02-22,1292,862,-0.07724223498618259,0.4435550711661117,-0.08289997423343813,0.23570576246758246,-0.6263739026517353,-0.37580241495756056,-0.05192638039032694,0.08857879475473063,0.2794745569684081,0.23579631857380118,0.957486034751287,False
stock/CAT,stock,134,750,ls,2011-12-21,2016-04-12,2019-02-22,1081,721,0.04156863731244836,0.7524055531520385,-0.05547554389081827,0.5520049001080101,-0.31593091749516566,-0.3310206572530333,-0.017526439479969548,0.18272502484064848,0.27250668534801104,0.07365512047118127,1.0179358617458982,False
stock/CAT,stock,150,400,ls,2010-08-04,2015-09-21,2019-02-22,1291,861,0.020968261350333913,0.44926563779745526,-0.04817340954827654,0.24079122158049673,-0.572220573701438,-0.3751773022977808,-0.027565816048869134,0.09033940092955794,0.27959817580209867,0.23828770639258398,0.9536824182850008,False
stock/CAT,stock,150,500,ls,2010-12-27,2015-11-16,2019-02-22,1231,821,-0.05800352836965801,0.5062687424904861,-0.09990078919547876,0.3004617686964339,-0.48320096180473765,-0.3571949922952109,-0.04827215742430768,0.10732343915452813,0.27758007661956974,0.010157773350009777,1.0138686131395789,False
stock/CAT,stock,150,710,ls,2011-10-25,2016-03-18,2019-02-22,1105,737,0.15061607384871437,0.7466886194260209,0.02240143642232993,0.5436721702071576,-0.31173102120256163,-0.3310206572530333,0.0069832226523371685,0.1799667191121563,0.2708517031605755,0.09167472218176817,1.0136915138852076,False
stock/CAT,stock,162,678,ls,2011-09-09,2016-03-01,2019-02-22,1124,750,0.30604987883923684,0.5437899505575224,0.14913648117906983,0.35424467634063056,-0.31173102120256163,-0.3310206572530335,0.04649046757650805,0.11726230559066364,0.2720225640476358,0.0843061855355619,1.1054779285657927,False
stock/CAT,stock,174,698,ls,2011-10-07,2016-03-11,2019-02-22,1112,742,0.30301941359940404,0.5255854246508171,0.14592870768915125,0.3365004531918663,-0.3117310212025617,-0.3310206572530335,0.04549050507070924,0.11138860118151521,0.27083211963958215,0.22516413839946772,1.0536492178561907,False
stock/CAT,stock,200,400,ls,2010-08-04,2015-09-21,2019-02-22,1291,861,0.13236632492659592,0.5273563879500455,0.0015960813403567233,0.3202395444692342,-0.504318889581088,-0.3571949922952109,0.0008049339692497973,0.11438796161930995,0.27954679457826687,0.23828770639258398,0.9536824182850008,False
stock/CAT,stock,200,600,ls,2011-05-19,2016-01-14,2019-02-22,1171,781,0.2529163722851729,0.23747355744252363,0.08804410933092818,0.06523024970319992,-0.36783129703259615,-0.424839608913914,0.032385378931275015,0.02771239377326441,0.2778082186378186,-0.19372695679361193,1.2017383826342554,False
stock/CSCO,stock,5,20,ls,2009-01-30,2015-02-12,2019-02-22,1519,1013,-0.5991926268965988,-0.4529168568813451,-0.26774812732135145,-0.22867550295024358,-0.7154063901969481,-0.49727795532458163,-0.19154872124896088,-0.11371528653991746,0.21509705294509085,0.5940467076190346,0.8732353677053919,False
stock/CSCO,stock,5,35,ls,2009-02-23,2015-02-23,2019-02-22,1510,1007,-0.4299716263205702,-0.8599528142655802,-0.224731638047647,-0.3043609745789252,-0.6679684547361409,-0.6193427580105733,-0.1501136449970085,-0.1885037654264975,0.2155760523483059,0.6274529713255194,0.8694876451960009,False
stock/CSCO,stock,8,21,ls,2009-02-02,2015-02-12,2019-02-22,1518,1013,-0.6468105391847219,-0.8983632143737059,-0.2696147409515706,-0.30498609422805434,-0.7507633997389072,-0.6376215807856076,-0.20241687953652593,-0.19446571551932026,0.21478028369835167,0.5813287104782062,0.8732353677053919,False
stock/CSCO,stock,9,21,ls,2009-02-02,2015-02-12,2019-02-22,1518,1013,-0.6796806370341373,-1.042309397231612,-0.2787297863781669,-0.3222045208919578,-0.7531222843223575,-0.6803257149019181,-0.20991761342580778,-0.21920402102045117,0.21494763644076015,0.5813287104782062,0.8732353677053919,False
stock/CSCO,stock,10,20,ls,2009-01-30,2015-02-12,2019-02-22,1519,1013,-0.6623922646198344,-1.2242521975468101,-0.2764763923372901,-0.3442068721066607,-0.7454283951141547,-0.7238649410736382,-0.20609335342693752,-0.24915928719462924,0.21492419971521728,0.5940467076190346,0.8732353677053919,False
stock/CSCO,stock,10,30,ls,2009-02-13,2015-02-19,2019-02-22,1513,1009,-0.3504810371495437,-0.9449644730446772,-0.2080095148443925,-0.31172349563115564,-0.6318484086117624,-0.6518318796974624,-0.13143048093053417,-0.2031913121031199,0.21550831233994763,0.5515506499983537,0.881072671807602,False
stock/CSCO,stock,10,100,ls,2009-05-27,2015-03-31,2019-02-22,1471,981,-0.3180094097559477,-0.06901449901531884,-0.16884451007061085,-0.12023391640864092,-0.6905383094734909,-0.31376690411351926,-0.11659360254803944,-0.03772542372098293,0.2162531057038563,0.46376393507370905,0.9671024620143096,False
stock/CSCO,stock,12,26,ls,2009-02-09,2015-02-17,2019-02-22,1515,1011,-0.30575959463305036,-0.9416170808285473,-0.20378407445536015,-0.3109215002853577,-0.5913689109942629,-0.6511971274620852,-0.12051156618864012,-0.20247118785202686,0.21535166552529425,0.5239565598705835,0.8800645865651903,False
stock/CSCO,stock,13,48,ls,2009-03-12,2015-03-02,2019-02-22,1502,1002,0.1289143456432205,-0.8699384396179054,-0.006950925936978027,-0.3188562759163386,-0.4804677923588947,-0.5970712871696436,-0.0033396960397900142,-0.19037992708348733,0.21572316817924717,0.6004482479304947,0.8514029887475641,False
stock/CSCO,stock,20,50,ls,2009-03-16,2015-03-03,2019-02-22,1501,1001,-0.10309761446773243,-0.7291902250971469,-0.11176124423539613,-0.30027702863366734,-0.5900514778114494,-0.550594798959941,-0.06594488732314181,-0.16533097021284252,0.21563375113134933,0.589708976820419,0.8781532137074117,False
stock/CSCO,stock,20,60,ls,2009-03-30,2015-03-09,2019-02-22,1495,997,-0.055796022691399855,-0.41343298457046174,-0.08807258868946342,-0.2543870943858934,-0.5969614389964678,-0.4186026704888862,-0.052575939280206124,-0.10648711704784333,0.21570087725861825,0.5580451980149282,0.887890806587282,False
stock/CSCO,stock,20,100,ls,2009-05-27,2015-03-31,2019-02-22,1471,981,-0.1476808897734914,0.0915745847142083,-0.12003468550770571,-0.01117294661750486,-0.6224150142927651,-0.3291576226770219,-0.07471139049590622,-0.003677660546915173,0.21604697588616167,0.46376393507370905,0.9671024620143096,False
stock/CSCO,stock,21,55,ls,2009-03-23,2015-03-05,2019-02-22,1498,999,-0.05645348274723862,-0.5023951246259998,-0.08815699605579887,-0.2753455858098882,-0.601470664824506,-0.4483963255809205,-0.0530238470266127,-0.12346394894207993,0.2156726695698725,0.5305651807619153,0.8887069310066787,False
stock/CSCO,stock,30,90,ls,2009-05-12,2015-03-25,2019-02-22,1477,985,-0.20267280269656204,-0.14274889669336951,-0.13575607285757918,-0.1287814931556753,-0.6557670637064212,-0.4110592105629897,-0.08902436127812968,-0.05293681891169496,0.21622905292224895,0.43836454763381394,0.9760785429823463,False
stock/CSCO,stock,30,200,ls,2009-10-16,2015-05-28,2019-02-22,1411,941,-0.2991534306848225,0.4307559422668233,-0.1668704379271219,0.1919559088825183,-0.6650222389885214,-0.37818139182279503,-0.11097255225128969,0.07259415278980039,0.21837200935743098,0.338704335669947,0.9163605220255648,False
stock/CSCO,stock,40,100,ls,2009-05-27,2015-03-31,2019-02-22,1471,981,0.03719407953490315,0.051714121323676115,-0.04764462681121623,-0.028402935916103537,-0.5600663300983794,-0.4312978710402009,-0.026684151287064722,-0.012250125791906714,0.21621806871660307,0.46376393507370905,0.9671024620143096,False
stock/CSCO,stock,50,150,ls,2009-08-06,2015-04-29,2019-02-22,1441,961,0.05666624456234171,0.2583407915025136,-0.03625545675475605,0.06973217139997508,-0.579037770851315,-0.4720708997747051,-0.020993278860470196,0.03291852889603019,0.21712370358422872,0.375361767757594,0.9166357727530965,False
stock/CSCO,stock,50,200,ls,2009-10-16,2015-05-28,2019-02-22,1411,941,-0.2281398017774388,0.32735320034484394,-0.1458168415577902,0.113630075629523,-0.6406699064895002,-0.42839580242645037,-0.09342046224542372,0.04867864742908775,0.2186066470888889,0.338704335669947,0.9163605220255648,False
stock/CSCO,stock,60,120,ls,2009-06-24,2015-04-13,2019-02-22,1459,973,0.19131755949570034,0.2362941423220711,0.02615552231395131,0.07063206055150269,-0.5855935033716275,-0.3961804618926111,0.015316503944341526,0.02798304237372121,0.21684668565252738,0.4637820634632538,0.9525256875212512,False
stock/CSCO,stock,60,132,ls,2009-07-13,2015-04-20,2019-02-22,1452,968,0.19004641559911725,0.3340269133280453,0.025498157811849685,0.12528709458602996,-0.5859623050768438,-0.3986914933726625,0.014940959326644573,0.049950898840826305,0.2164644659836489,0.4776717599170173,0.9364732461304253,False
stock/CSCO,stock,60,180,ls,2009-09-18,2015-05-15,2019-02-22,1423,949,-0.049131287738344034,0.4246953934911404,-0.08715039983953969,0.18427152195006552,-0.5574405826426567,-0.38543554004112135,-0.0485811696640935,0.07102479357702285,0.2176769235626909,0.35843086051878115,0.9033622723410467,False
stock/CSCO,stock,60,400,ls,2010-08-04,2015-09-21,2019-02-22,1291,861,-0.25144382090351663,0.664267610733405,-0.1620396906851148,0.3408768376884116,-0.6154485146437936,-0.3767342385973169,-0.09972708694549366,0.12841997590200493,0.2178849258750482,0.25903110305783655,1.1713209766673196,False
stock/CSCO,stock,62,758,ls,2012-01-04,2016-04-15,2019-02-22,1076,718,0.015547047318413084,1.2570366884271993,-0.054803312843028626,1.531387075765403,-0.43625454492343335,-0.17475931390487998,-0.023908194304632004,0.26762415468356227,0.2055838918063114,0.6229300340641819,1.2570366884271993,False
stock/CSCO,stock,74,758,ls,2012-01-04,2016-04-15,2019-02-22,1076,718,0.059900420812308494,1.2570366884271993,-0.033094309435916076,1.531387075765403,-0.41201662858586624,-0.17475931390487998,-0.013635405799163563,0.26762415468356227,0.2055838918063114,0.6229300340641819,1.2570366884271993,False
stock/CSCO,stock,80,144,ls,2009-07-29,2015-04-24,2019-02-22,1444,964,-0.005998676805065287,0.37273109715176717,-0.06308939304169077,0.13880970273187848,-0.5939979180464506,-0.4239278794325703,-0.03747496811757855,0.05884530292379071,0.21683614453728067,0.3870453791664851,0.9242225465710963,False
stock/CSCO,stock,80,300,ls,2010-03-12,2015-07-24,2019-02-22,1351,901,-0.43020252371479994,0.4386984451952793,-0.19110714332312786,0.18500965544958625,-0.7475197051126384,-0.405828263464586,-0.14285635542182326,0.07508214719528697,0.22110466359783684,0.2787263621386706,0.9759082767517575,False
stock/CSCO,stock,100,200,ls,2009-10-16,2015-05-28,2019-02-22,1411,941,0.13813552083238873,0.42805715682818746,0.001519998135950032,0.18449141895491566,-0.550043156756277,-0.3902022784294044,0.0008360645729616124,0.0719889720268819,0.2184896499755116,0.338704335669947,0.9163605220255648,False
stock/CSCO,stock,100,250,ls,2009-12-29,2015-06-25,2019-02-22,1381,921,-0.3375019459664338,0.49583425210070003,-0.16449410839268422,0.23295002583448207,-0.7337593403875698,-0.37961566505250643,-0.12069908847185738,0.08843147898115547,0.22004758889346526,0.31848537314989245,0.9698210693839571,False
stock/CSCO,stock,100,300,ls,2010-03-12,2015-07-24,2019-02-22,1351,901,-0.24464419669465517,0.5206346227082773,-0.1472717447386329,0.25858045197810486,-0.6692051609201514,-0.36617347813619383,-0.09855501163680827,0.09468530347885169,0.22095203429490304,0.2787263621386706,0.9759082767517575,False
stock/CSCO,stock,100,400,ls,2010-08-04,2015-09-21,2019-02-22,1291,861,-0.2751182063613303,1.1713209766673196,-0.17098494181153362,1.1425775591023948,-0.6167460075090856,-0.2273362963960268,-0.10545428020643667,0.25974935063155086,0.21737733081313068,0.25903110305783655,1.1713209766673196,False
stock/CSCO,stock,116,378,ls,2010-07-02,2015-09-08,2019-02-22,1304,870,-0.126499261361644,1.1231373399145073,-0.1131913580491251,1.0826019324093485,-0.613463031055361,-0.2273362963960268,-0.06943871359808892,0.246114713785123,0.2169159062219513,0.37337778381010117,1.1231373399145073,False
stock/CSCO,stock,120,398,ls,2010-08-02,2015-09-18,2019-02-22,1292,862,-0.1863865208482682,1.1706384473649571,-0.14077336671800345,1.1410933404484855,-0.5947097489557411,-0.2273362963960268,-0.08371929358051831,0.2594119338597292,0.21725174563292118,0.2691768204623051,1.1706384473649571,False
stock/CSCO,stock,134,750,ls,2011-12-21,2016-04-12,2019-02-22,1081,721,-0.09338931842798316,1.267766484727934,-0.10138090273303692,1.5479849830823678,-0.4814725703064519,-0.17475931390487998,-0.04881212381886368,0.2705247935785318,0.20566029183560142,0.6711892412014872,1.267766484727934,False
stock/CSCO,stock,150,400,ls,2010-08-04,2015-09-21,2019-02-22,1291,861,-0.21326197424273738,1.1713209766673196,-0.14452305224365702,1.1425775591023948,-0.6252131393032606,-0.2273362963960268,-0.09035771119494596,0.25974935063155086,0.21737733081313068,0.25903110305783655,1.1713209766673196,False
stock/CSCO,stock,150,500,ls,2010-12-27,2015-11-16,2019-02-22,1231,821,-0.2115866243486241,1.1509785502927126,-0.13368699120855718,1.3782978972146815,-0.6410675216963339,-0.1830965816076716,-0.08570238813710931,0.2523616334170501,0.2157975407700243,0.44923122211415306,1.1509785502927126,False
stock/CSCO,stock,150,710,ls,2011-10-25,2016-03-18,2019-02-22,1105,737,-0.011376330221756391,1.2211012785092503,-0.0680677995877475,1.4719317735165907,-0.4698089520406681,-0.17475931390487998,-0.03197886159203387,0.25723378685455256,0.2047460166841987,0.6771768143610185,1.2211012785092503,False
stock/CSCO,stock,162,678,ls,2011-09-09,2016-03-01,2019-02-22,1124,750,-0.15771600839853714,1.2955442004251536,-0.12350871406162456,1.5756248080765165,-0.5419006066923994,-0.17475931390487984,-0.06692944708179242,0.27535511043096,0.2039041156085726,0.7150494161891552,1.2955442004251536,False
stock/CSCO,stock,174,698,ls,2011-10-07,2016-03-11,2019-02-22,1112,742,-0.1723035906135511,1.243927434234173,-0.13695539949123758,1.5017708394586795,-0.50603292162856,-0.1747593139048799,-0.06930394093735755,0.2624484415461544,0.2042355854275488,0.7097342016963588,1.243927434234173,False
stock/CSCO,stock,200,400,ls,2010-08-04,2015-09-21,2019-02-22,1291,861,-0.26255632729835127,1.1713209766673196,-0.16974449874094072,1.1425775591023948,-0.6051495002754878,-0.2273362963960268,-0.10272079858759343,0.25974935063155086,0.21737733081313068,0.25903110305783655,1.1713209766673196,False
stock/CSCO,stock,200,600,ls,2011-05-19,2016-01-14,2019-02-22,1171,781,0.0413919591992218,1.317899377189641,-0.05103722026116204,1.7048949576032681,-0.4336628580280292,-0.17475931390487998,-0.022132946804261568,0.2979462730706366,0.21557913125948375,0.5628500639511377,1.317899377189641,False
stock/CVX,stock,5,20,ls,2009-01-30,2015-02-12,2019-02-22,1519,1013,-0.3152813880600564,-0.5814317400544946,-0.15799449818852418,-0.23310716586320768,-0.5528938683804808,-0.6227068492716608,-0.08735418928628601,-0.1451574287973245,0.22576734692741415,0.6214868669199946,0.3764611176040742,False
stock/CVX,stock,5,35,ls,2009-02-23,2015-02-23,2019-02-22,1510,1007,-0.3931678743313499,-0.5176707796884461,-0.1939666758278184,-0.21094403079544347,-0.5231341474424204,-0.6277286346846775,-0.1014705915914261,-0.1324156084461063,0.22523737581131906,0.6886314479487693,0.40844142565005703,False
stock/CVX,stock,8,21,ls,2009-02-02,2015-02-12,2019-02-22,1518,1013,-0.5104971680988334,-0.1390975415481584,-0.21082137879280224,-0.1075744888725741,-0.5930124160540571,-0.5137259142994551,-0.1250196951937672,-0.055263802651359696,0.22565222317240313,0.6242148329319946,0.3764611176040742,False
stock/CVX,stock,9,21,ls,2009-02-02,2015-02-12,2019-02-22,1518,1013,-0.5290935687481461,-0.06043681470539589,-0.21401320865436754,-0.07881884318970635,-0.6006340045294571,-0.48607629890546455,-0.12854361053627106,-0.03831197158166264,0.2255475960633046,0.6242148329319946,0.3764611176040742,False
stock/CVX,stock,10,20,ls,2009-01-30,2015-02-12,2019-02-22,1519,1013,-0.6093164691794728,-0.19137154429462225,-0.22365387499424208,-0.13221057887850216,-0.6415156694500668,-0.501692787572477,-0.14347746534203276,-0.0663290938641266,0.22558674577825336,0.6214868669199946,0.3764611176040742,False
stock/CVX,stock,10,30,ls,2009-02-13,2015-02-19,2019-02-22,1513,1009,-0.5389220876882949,-0.4984773333331853,-0.20197260522862137,-0.21314735061698717,-0.6449204734078782,-0.6034254249021125,-0.13025626817946498,-0.12861853061281503,0.225172057567248,0.6084663712503158,0.402982816740276,False
stock/CVX,stock,10,100,ls,2009-05-27,2015-03-31,2019-02-22,1471,981,-0.24056981750570566,-0.28823449326393386,-0.12197275137305615,-0.17413640927040094,-0.5522458392563789,-0.4979679741935063,-0.06735894444842304,-0.08671435495771287,0.2259303651610132,0.6771151640010841,0.446836084497878,False
stock/CVX,stock,12,26,ls,2009-02-09,2015-02-17,2019-02-22,1515,1011,-0.4859482143317603,-0.5127186336707775,-0.1950467247042394,-0.22122608929855997,-0.6179450722168441,-0.5945193850451038,-0.12052816238302014,-0.1315231985657131,0.2253485267743296,0.5922309900596151,0.3616818873434646,False
stock/CVX,stock,13,48,ls,2009-03-12,2015-03-02,2019-02-22,1502,1002,-0.3397057995754798,-0.37876659192778966,-0.19397518761554158,-0.19266936566283208,-0.45596585341566714,-0.5461606675394297,-0.08844606196258456,-0.10522842936481085,0.22594240339457428,0.6834331980701281,0.4300354058818821,False
stock/CVX,stock,20,50,ls,2009-03-16,2015-03-03,2019-02-22,1501,1001,-0.5970997028622145,-0.3878235155705034,-0.21110339053272498,-0.20196724937698776,-0.6454084031696782,-0.5299854997113453,-0.136247902187431,-0.10703971358638877,0.22593283255232824,0.6838887254553966,0.43809693372628045,False
stock/CVX,stock,20,60,ls,2009-03-30,2015-03-09,2019-02-22,1495,997,-0.5701543697003,-0.2983003172144171,-0.2027379175724747,-0.18275499464880585,-0.6368800672232355,-0.48673353075601916,-0.12911973857225648,-0.08895298380871065,0.22626953033420175,0.6355145609509057,0.4519990849317228,False
stock/CVX,stock,20,100,ls,2009-05-27,2015-03-31,2019-02-22,1471,981,-0.29096182847579194,-0.153539176092689,-0.16119037584996967,-0.13642509654752888,-0.47677439785125203,-0.42809385403720446,-0.0768514443852863,-0.058402745368429355,0.2257001925852794,0.6771151640010841,0.446836084497878,False
stock/CVX,stock,21,55,ls,2009-03-23,2015-03-05,2019-02-22,1498,999,-0.5047287896696102,-0.19693296107676378,-0.18941667499811085,-0.1531359493378166,-0.6202266364516226,-0.44214092738825433,-0.11748126722192845,-0.06770767065670297,0.22602928211879578,0.6115815317282208,0.44311936247516065,False
stock/CVX,stock,30,90,ls,2009-05-12,2015-03-25,2019-02-22,1477,985,-0.43896860866776977,-0.5283970215625757,-0.18617522430208536,-0.23582778893179493,-0.559545642177537,-0.5724574489812172,-0.10417353543965735,-0.13500137445077626,0.2259557499651422,0.6307611129748186,0.4379132235902436,False
stock/CVX,stock,30,200,ls,2009-10-16,2015-05-28,2019-02-22,1411,941,-0.014210850937528335,-0.033836926405955356,-0.07184594457163179,-0.08642319057240852,-0.3170584333267495,-0.3859404033607459,-0.022779362626762056,-0.03335420102923796,0.22847145951234285,0.5389161441959777,0.46618826301528055,False
stock/CVX,stock,40,100,ls,2009-05-27,2015-03-31,2019-02-22,1471,981,-0.27594030721725116,-0.3957894728000316,-0.1839469665311328,-0.19534163255849732,-0.40241762425251243,-0.5560128900447645,-0.07402350125991487,-0.10861246566491256,0.22580004412762245,0.6771151640010841,0.446836084497878,False
stock/CVX,stock,50,150,ls,2009-08-06,2015-04-29,2019-02-22,1441,961,-0.3076983177353549,0.11138790538556372,-0.16717452484208148,-0.0015266232462342792,-0.4719022122642348,-0.37348910850456585,-0.07889002810720053,-0.0005701771552583873,0.22699707595707042,0.6882483907328601,0.38052890703242737,False
stock/CVX,stock,50,200,ls,2009-10-16,2015-05-28,2019-02-22,1411,941,0.12583452590529035,0.13751406240119218,0.015332349272237809,0.01499236939631319,-0.33262385038358205,-0.34907667910992984,0.005099905050357652,0.005233486520854353,0.22855292495961357,0.5389161441959777,0.46618826301528055,False
stock/CVX,stock,60,120,ls,2009-06-24,2015-04-13,2019-02-22,1459,973,-0.22433851060298415,0.0033882153367766677,-0.14249443900475045,-0.06443976974934884,-0.4471583785324393,-0.38183370401059824,-0.06371758229525379,-0.024605275968983965,0.22623711768047453,0.6820639169221621,0.432656470018225,False
stock/CVX,stock,60,132,ls,2009-07-13,2015-04-20,2019-02-22,1452,968,-0.43070684416874,0.12120866402672273,-0.20282049840444405,0.004638694468768312,-0.5014679132423707,-0.37348910850456574,-0.10170797209765414,0.001732501861765337,0.22631624292903907,0.7605560998826774,0.3939880105738475,False
stock/CVX,stock,60,180,ls,2009-09-18,2015-05-15,2019-02-22,1423,949,0.18127794222242583,0.12884295304454765,0.04873920687386254,0.009453080175237272,-0.33533762202570866,-0.3490766791099298,0.016344089732500136,0.0032998498349317397,0.2279952563908424,0.6238339649375567,0.4109277938897286,False
stock/CVX,stock,60,400,ls,2010-08-04,2015-09-21,2019-02-22,1291,861,0.7491143373969589,-0.004054011428428096,0.5590013250826977,-0.0741905134846331,-0.25441697020740855,-0.33844333309588837,0.14221942346946662,-0.02510928466783468,0.22125742428871215,0.26404666405781874,0.8616012416787037,False
stock/CVX,stock,62,758,ls,2012-01-04,2016-04-15,2019-02-22,1076,718,0.05147258242605947,0.49441341062243094,-0.032354402474815656,0.36804378638719976,-0.35275542495477114,-0.21492313134315075,-0.011413190994161295,0.07910112304172665,0.1908210541018001,0.14143744994559002,0.690088417743244,False
stock/CVX,stock,74,758,ls,2012-01-04,2016-04-15,2019-02-22,1076,718,-0.043703591843701914,0.48357879887205596,-0.08812668859333132,0.3576264082921951,-0.35275542495477114,-0.21492313134315083,-0.03108716748459737,0.07686218752116274,0.19078912196770192,0.14143744994559002,0.690088417743244,False
stock/CVX,stock,80,144,ls,2009-07-29,2015-04-24,2019-02-22,1444,964,0.23743307641976527,0.10408398683786504,0.08455658553267431,-0.006293537184856237,-0.329894803463954,-0.3490766791099298,0.027894778165884607,-0.0021969270603444716,0.22677783678933772,0.6991729555491109,0.39922829172269236,False
stock/CVX,stock,80,300,ls,2010-03-12,2015-07-24,2019-02-22,1351,901,0.8200173651539802,-0.056077362619347954,0.8490921235280134,-0.09803709674643653,-0.18280503887171337,-0.39858124338426343,0.15521831864720415,-0.039075747918978,0.23157130777642537,0.4579016784728741,0.6364995791474015,False
stock/CVX,stock,100,200,ls,2009-10-16,2015-05-28,2019-02-22,1411,941,0.6553735345287737,-0.034842310725513144,0.6438936058544292,-0.08619334971442415,-0.18280503887171337,-0.3898161635941742,0.11770699564746663,-0.03359956091300783,0.22854401391942908,0.5389161441959777,0.46618826301528055,False
stock/CVX,stock,100,250,ls,2009-12-29,2015-06-25,2019-02-22,1381,921,0.6605897281881972,-0.01917749588452972,0.6296207860421883,-0.07663646796807008,-0.18896178018709583,-0.3985812433842634,0.11897426457333049,-0.030545858691291644,0.23041523848966908,0.49120511798136773,0.5296962271219162,False
stock/CVX,stock,100,300,ls,2010-03-12,2015-07-24,2019-02-22,1351,901,0.7034663819784233,-0.02387830173847059,0.5052884897478978,-0.08128884572192073,-0.2544169702074089,-0.39259026731076646,0.12855396664233754,-0.03191320967135251,0.23170309792818644,0.4579016784728741,0.6364995791474015,False
stock/CVX,stock,100,400,ls,2010-08-04,2015-09-21,2019-02-22,1291,861,0.8655959985854328,-0.023691054262654748,0.7118212190009612,-0.08427102122165504,-0.23870578377235208,-0.3482103351907428,0.16991584198741552,-0.0293440405464587,0.22129350120810812,0.26404666405781874,0.8616012416787037,False
stock/CVX,stock,116,378,ls,2010-07-02,2015-09-08,2019-02-22,1304,870,0.9368413672052236,-0.014078391340964677,0.7832900405532616,-0.08005643844476006,-0.23870578377235224,-0.34138955741217547,0.18697586305134387,-0.027330432088651702,0.22153149645279013,0.3978975736929338,0.8742956736044502,False
stock/CVX,stock,120,398,ls,2010-08-02,2015-09-18,2019-02-22,1292,862,0.7966206981394124,-0.06455079197536431,0.6426896453217593,-0.10418937620204465,-0.23870578377235216,-0.36521032542807647,0.15341373550890558,-0.03805103598889701,0.22117694823732226,0.27440330780673866,0.8670255137311957,False
stock/CVX,stock,134,750,ls,2011-12-21,2016-04-12,2019-02-22,1081,721,0.049558529886201595,0.42580733089635514,-0.034081730579408165,0.3023032780877693,-0.3496253553383228,-0.2149231313431507,-0.011915837164370561,0.06497196714192265,0.19043710795773705,0.19317052604735327,0.6831820193327132,False
stock/CVX,stock,150,400,ls,2010-08-04,2015-09-21,2019-02-22,1291,861,0.7558526054894227,-0.02988904155687547,0.5779206661404641,-0.08734737835690752,-0.2489227015494459,-0.35127755003260314,0.1438575734969397,-0.0306831730709853,0.22132634953068214,0.26404666405781874,0.8616012416787037,False
stock/CVX,stock,150,500,ls,2010-12-27,2015-11-16,2019-02-22,1231,821,0.4397771936839699,0.14119968720563908,0.24217265144340802,0.022010988106526557,-0.30338439668894435,-0.3301060001380963,0.07347140375272035,0.007265959242932692,0.21473163819932242,0.28980830131550894,0.6752071255360956,False
stock/CVX,stock,150,710,ls,2011-10-25,2016-03-18,2019-02-22,1105,737,0.08615218024820494,0.2909573669942475,-0.01446808408533505,0.176897257672179,-0.3490766791099298,-0.2149231313431508,-0.005050470745591985,0.03801931254492092,0.19086608010522205,0.2113783888823755,0.6662135380328853,False
stock/CVX,stock,162,678,ls,2011-09-09,2016-03-01,2019-02-22,1124,750,0.353947088555463,0.09593879935391803,0.18229665436092687,-0.0005273993915692708,-0.30338439668894424,-0.24863926728894725,0.05530596050170279,-0.00013113219828842008,0.19309880598667808,0.1767888381918387,0.8708781754649626,False
stock/CVX,stock,174,698,ls,2011-10-07,2016-03-11,2019-02-22,1112,742,0.23468531506573725,0.366791924308455,0.08485305549008591,0.2471172502494101,-0.3273584535494156,-0.21492313134315075,0.027777365024177273,0.053111213232512215,0.19064485400927267,0.2820684240546741,0.720713164306776,False
stock/CVX,stock,200,400,ls,2010-08-04,2015-09-21,2019-02-22,1291,861,0.7776098616602519,-0.13766770702179862,0.6239959662925435,-0.13313057087639438,-0.23870578377235208,-0.40203307173006675,0.14895144620464779,-0.05352289235061419,0.22128962959143275,0.26404666405781874,0.8616012416787037,False
stock/CVX,stock,200,600,ls,2011-05-19,2016-01-14,2019-02-22,1171,781,0.28094716784364293,0.12271145273492057,0.12627031732182104,0.013127830820380574,-0.30338439668894424,-0.3036084625823865,0.03830844404040222,0.003985720532417416,0.20688069282000157,0.07714322330887786,0.828976625572899,False
stock/DIS,stock,5,20,ls,2009-01-30,2015-02-12,2019-02-22,1519,1013,0.35589029836700037,0.08911896270003895,0.15017945100087063,-0.002480466010503868,-0.4013091680442499,-0.3813533271832766,0.06026839053850158,-0.0009459339660706782,0.18794998993168938,1.2269515387335943,0.31320019379912234,False
stock/DIS,stock,5,35,ls,2009-02-23,2015-02-23,2019-02-22,1510,1007,0.08842751320561539,0.0475987658875357,-0.023918097571893955,-0.023975842998951984,-0.39257161796114687,-0.3664867986945609,-0.009389566262350988,-0.008786829946689313,0.18842377634124607,1.3889354572849442,0.29617370917708186,False
stock/DIS,stock,8,21,ls,2009-02-02,2015-02-12,2019-02-22,1518,1013,0.2925197942315704,0.48379889751669936,0.11791081555242057,0.29566354047381443,-0.36607991272525003,-0.25655523930441243,0.043164781066793174,0.0758540303798493,0.18753673253158773,1.2434075387269208,0.31320019379912234,True
stock/DIS,stock,9,21,ls,2009-02-02,2015-02-12,2019-02-22,1518,1013,0.5604150479893693,0.46529205709790505,0.33967597964902474,0.2775676026468612,-0.34440098075160525,-0.25982584961197946,0.11698474052888642,0.07211923818248103,0.18750952791478806,1.2434075387269208,0.31320019379912234,True
stock/DIS,stock,10,20,ls,2009-01-30,2015-02-12,2019-02-22,1519,1013,0.5113405356678162,0.5794550902353642,0.2994582158492595,0.4348853398657768,-0.34440098075160513,-0.21900341050933472,0.10313370323261084,0.09524137261111627,0.1873453743536346,1.2269515387335943,0.31320019379912234,True
stock/DIS,stock,10,30,ls,2009-02-13,2015-02-19,2019-02-22,1513,1009,0.44067598391653834,0.14166127846479645,0.2850428513674357,0.034265338743016995,-0.290601490125814,-0.2615032654877331,0.08283387735708772,0.00896049797434228,0.1882854833928045,1.3185276303495863,0.30986370087349185,False
stock/DIS,stock,10,100,ls,2009-05-27,2015-03-31,2019-02-22,1471,981,0.5849846232230781,-0.5458122419994083,0.23888996861458184,-0.24069355539794257,-0.4755410501320367,-0.47065941136304373,0.11360198654098753,-0.1132846871024738,0.18779025193089488,1.2872514787857026,0.3030568118795865,False
stock/DIS,stock,12,26,ls,2009-02-09,2015-02-17,2019-02-22,1515,1011,0.38257886859369944,0.2824167672988316,0.22351473924955392,0.15472694165027634,-0.30023693020817294,-0.23279592215024542,0.0671073791685663,0.0360198010629633,0.1878903436866741,1.2841812911535595,0.30661659261044316,False
stock/DIS,stock,13,48,ls,2009-03-12,2015-03-02,2019-02-22,1502,1002,0.720947630254556,-0.24382903304253187,0.467552377144281,-0.16918390971108066,-0.33981151779354096,-0.36453562569626174,0.15887968292537621,-0.061673562384268646,0.1882038281653715,1.4088322660985426,0.285693878867962,False
stock/DIS,stock,20,50,ls,2009-03-16,2015-03-03,2019-02-22,1501,1001,0.8512656419352576,-0.169435110138403,0.5373051105282531,-0.14252301934724781,-0.3657121407572668,-0.33994791874231944,0.19649900221110733,-0.04845040379996822,0.18822816939940554,1.4215215649497253,0.2800444786828161,False
stock/DIS,stock,20,60,ls,2009-03-30,2015-03-09,2019-02-22,1495,997,0.6136369140077559,-0.38787751694379463,0.3135915790047688,-0.20229749566113775,-0.40504483376738126,-0.4295424829474251,0.1270186489888372,-0.08689536858033106,0.18841787983681543,1.4138819994288574,0.2945673534552659,False
stock/DIS,stock,20,100,ls,2009-05-27,2015-03-31,2019-02-22,1471,981,0.6930614372884611,-0.7261703561342868,0.3417172647677046,-0.266279512048572,-0.41367878023817256,-0.5356820085514223,0.14136118127542868,-0.1426411438502717,0.18750457517367738,1.2872514787857026,0.3030568118795865,False
stock/DIS,stock,21,55,ls,2009-03-23,2015-03-05,2019-02-22,1498,999,0.7115412771059104,-0.24918095742703478,0.3681268039660883,-0.1622022725089133,-0.41994089390176176,-0.38661456210918554,0.15459149912671774,-0.0627097605591483,0.18842117291079383,1.36367419676068,0.29707934968343397,False
stock/DIS,stock,30,90,ls,2009-05-12,2015-03-25,2019-02-22,1477,985,0.8018838364816209,-0.7884492687149115,0.4007442192775845,-0.2743664787763465,-0.4266045382973762,-0.556087001432999,0.17095930264025644,-0.1525716324764691,0.18746432248553044,1.2629934895906576,0.3009345768663779,False
stock/DIS,stock,30,200,ls,2009-10-16,2015-05-28,2019-02-22,1411,941,1.063645294937717,-0.5018929865465017,0.7421970253247078,-0.2212993623100199,-0.31510052603398986,-0.4857936434965018,0.2338666731006779,-0.10750582352003699,0.1902940719776332,1.248714404081503,0.23654399510437385,False
stock/DIS,stock,40,100,ls,2009-05-27,2015-03-31,2019-02-22,1471,981,1.2032484717736067,-0.6942675269108768,1.131521210617089,-0.2620661679878324,-0.24904651582322432,-0.5248415107747034,0.2818014150842628,-0.13754320352967117,0.1875893208881114,1.2872514787857026,0.3030568118795865,False
stock/DIS,stock,50,150,ls,2009-08-06,2015-04-29,2019-02-22,1441,961,1.1814208417806582,-0.5681801367642525,0.9602105680144957,-0.22536214305193783,-0.28108858538882436,-0.5221051494398926,0.2699042302385941,-0.11766273537622646,0.1887533454458377,1.3220211401910649,0.24296967915212336,False
stock/DIS,stock,50,200,ls,2009-10-16,2015-05-28,2019-02-22,1411,941,0.9586595501652462,-0.5576493865698468,0.5412818321650845,-0.22733637992610098,-0.3797899469813609,-0.5145003616212206,0.20557339833995134,-0.11696464968163815,0.19032454920562386,1.248714404081503,0.23654399510437385,False
stock/DIS,stock,60,120,ls,2009-06-24,2015-04-13,2019-02-22,1459,973,1.2928605519493834,-0.6668223091741013,1.0907621533645118,-0.23233365439541118,-0.2810885853888244,-0.5741842589597881,0.30660079068489854,-0.13340232718044867,0.1880125653666278,1.3452794250878561,0.2832965734012821,False
stock/DIS,stock,60,132,ls,2009-07-13,2015-04-20,2019-02-22,1452,968,1.213030755529235,-0.7841418141934503,0.9399678464180051,-0.25615887085151334,-0.3008098712208864,-0.5955539820136564,0.28275160683277406,-0.1525564355637407,0.18830002870210444,1.3724941703225877,0.2621992008940301,False
stock/DIS,stock,60,180,ls,2009-09-18,2015-05-15,2019-02-22,1423,949,0.9653307647825646,-0.6159132529357818,0.5354998073681713,-0.23905829009432686,-0.38765889443096374,-0.5278749530561492,0.20759126329233935,-0.12619288366122608,0.18959305645553873,1.2630151326673928,0.23843721182823785,False
stock/DIS,stock,60,400,ls,2010-08-04,2015-09-21,2019-02-22,1291,861,0.8382728316362704,-0.6577324494659323,0.4334346665028801,-0.23990658030190365,-0.3982353794655849,-0.5278294459087256,0.1726090188883137,-0.126629757350611,0.18085521103019728,1.14801912568836,0.3510491015727036,False
stock/DIS,stock,62,758,ls,2012-01-04,2016-04-15,2019-02-22,1076,718,1.280962850554211,0.5002988953993647,0.9768632297354906,0.4684071883845044,-0.26518565046359394,-0.1570175754986602,0.25905011099137326,0.07354816106627907,0.171159780669667,1.280962850554211,0.5002988953993647,False
stock/DIS,stock,74,758,ls,2012-01-04,2016-04-15,2019-02-22,1076,718,1.280962850554211,0.5002988953993647,0.9768632297354906,0.4684071883845044,-0.26518565046359394,-0.1570175754986602,0.25905011099137326,0.07354816106627907,0.171159780669667,1.280962850554211,0.5002988953993647,False
stock/DIS,stock,80,144,ls,2009-07-29,2015-04-24,2019-02-22,1444,964,1.0507304808597238,-0.6548727960065371,0.637061201784959,-0.2414572260639953,-0.3673932835554519,-0.5465890737444367,0.2340520067495584,-0.13197788154322024,0.18870881093448927,1.2981779381897691,0.2461195683560912,False
stock/DIS,stock,80,300,ls,2010-03-12,2015-07-24,2019-02-22,1351,901,0.9251061087425058,-0.7796941635763803,0.47810846645020416,-0.29056450021825775,-0.4070913976082268,-0.5349002337760017,0.19463384381553964,-0.15542301909375317,0.19261376269857988,1.252571927734788,0.1277197224236782,False
stock/DIS,stock,100,200,ls,2009-10-16,2015-05-28,2019-02-22,1411,941,0.8461117194647731,-0.7523179222881488,0.38675390619205985,-0.2616207244617056,-0.4554678831803856,-0.5695559616812893,0.17615398296504292,-0.14900764331654234,0.19019775415111573,1.248714404081503,0.23654399510437385,False
stock/DIS,stock,100,250,ls,2009-12-29,2015-06-25,2019-02-22,1381,921,0.8713858679045526,-0.651566693216776,0.4409827121554518,-0.2578864355117045,-0.40999855931779633,-0.517825701793456,0.18080227666778972,-0.1335402244518612,0.19156743200112816,1.2237245994597532,0.1895263923635539,False
stock/DIS,stock,100,300,ls,2010-03-12,2015-07-24,2019-02-22,1351,901,0.8387141718878702,-0.7739300303700091,0.3654062846743412,-0.28974206682017745,-0.47198306775841503,-0.5328762457370476,0.1724655792188003,-0.15439666479922895,0.19249863987010227,1.252571927734788,0.1277197224236782,False
stock/DIS,stock,100,400,ls,2010-08-04,2015-09-21,2019-02-22,1291,861,0.7053778886727853,-0.18074130964290375,0.28882837751577084,-0.12364315806553494,-0.48141784980993646,-0.3869033230591105,0.139047136467735,-0.04783794872907833,0.18070233766117805,1.14801912568836,0.3510491015727036,False
stock/DIS,stock,116,378,ls,2010-07-02,2015-09-08,2019-02-22,1304,870,0.7555455628610295,-0.16328573759761553,0.30804903032575837,-0.1186589560706118,-0.494701488959636,-0.3776411046728025,0.15239231397472472,-0.044810499249827385,0.18064524432428314,1.230421652548997,0.3391389541378913,False
stock/DIS,stock,120,398,ls,2010-08-02,2015-09-18,2019-02-22,1292,862,0.9525614813144213,-0.06280140236907147,0.5916935092242078,-0.07584603575874838,-0.3419560384856536,-0.36013199227021164,0.20233316841198465,-0.027314583963595766,0.18066985612570233,1.1509922444068814,0.3597730010043643,False
stock/DIS,stock,134,750,ls,2011-12-21,2016-04-12,2019-02-22,1081,721,1.341565171812729,0.5240117499452702,1.0341952311455977,0.4966927180037098,-0.2651856504635941,-0.15701757549866022,0.2742537350776924,0.07798948634878225,0.17135852648497943,1.341565171812729,0.5240117499452702,False
stock/DIS,stock,150,400,ls,2010-08-04,2015-09-21,2019-02-22,1291,861,1.14801912568836,-0.12633441854680477,0.7443302574772124,-0.10079457742152119,-0.34195603848565365,-0.38130082671786103,0.2545282261719141,-0.03843305569950348,0.18072219233271272,1.14801912568836,0.3510491015727036,False
stock/DIS,stock,150,500,ls,2010-12-27,2015-11-16,2019-02-22,1231,821,1.22597290719228,0.1697640292983831,0.8079478223030417,0.05651480142539166,-0.34195603848565365,-0.25527154904592264,0.276282636617859,0.014426620903882447,0.18084830173578087,1.22597290719228,0.1697640292983831,False
stock/DIS,stock,150,710,ls,2011-10-25,2016-03-18,2019-02-22,1105,737,1.3570216842948761,0.4784134338912693,1.1027727673739833,0.44153101749119444,-0.26518565046359427,-0.1570175754986602,0.2924395136296077,0.06932812987392388,0.17052799909694524,1.3570216842948761,0.4784134338912693,False
stock/DIS,stock,162,678,ls,2011-09-09,2016-03-01,2019-02-22,1124,750,1.385143650132899,0.5033406077257652,1.180843622478471,0.469712471672709,-0.26518565046359427,-0.1570175754986602,0.3131427841227403,0.07375311348353188,0.17016642726124415,1.385143650132899,0.5033406077257652,False
stock/DIS,stock,174,698,ls,2011-10-07,2016-03-11,2019-02-22,1112,742,1.4102944771218233,0.5018381312881169,1.1751216149264079,0.4680722889850103,-0.26518565046359427,-0.15701757549866016,0.31162538982808885,0.07349557597453453,0.17021493441892385,1.4102944771218233,0.5018381312881169,False
stock/DIS,stock,200,400,ls,2010-08-04,2015-09-21,2019-02-22,1291,861,1.14801912568836,0.11908644345694443,0.7443302574772124,0.018492309730978675,-0.34195603848565365,-0.2800577327359938,0.2545282261719141,0.005178914336309644,0.18073379296910377,1.14801912568836,0.3510491015727036,False
stock/DIS,stock,200,600,ls,2011-05-19,2016-01-14,2019-02-22,1171,781,1.0295432280887562,0.4474881649347503,0.7410912528392689,0.417848581199208,-0.30338706136086735,-0.1570175754986602,0.22483749739914935,0.06560957114545468,0.1771142686273823,1.0295432280887562,0.4474881649347503,False
stock/GE,stock,5,20,ls,2009-01-30,2015-02-12,2019-02-22,1519,1013,0.07351514597802135,0.4365549462748375,-0.04638691245650572,0.217079676913858,-0.4915910609118612,-0.39900286949031283,-0.022803391506919277,0.08661541399665935,0.2789571495774787,0.6677073587265439,-0.53269315673926,True
stock/GE,stock,5,35,ls,2009-02-23,2015-02-23,2019-02-22,1510,1007,-0.08619568190214848,0.3349304316034108,-0.12736812485121723,0.13774931970863843,-0.5023924910757704,-0.4083647753528311,-0.06398878952765277,0.05625196999782344,0.27949491654943437,0.8660621521779991,-0.5527246752480968,True
stock/GE,stock,8,21,ls,2009-02-02,2015-02-12,2019-02-22,1518,1013,0.07985620202526962,0.6180130963862346,-0.043415136434173315,0.3969615569398064,-0.4806082570868093,-0.35990105804851746,-0.02086567305281407,0.14286688434722314,0.2785892354029547,0.692556200610667,-0.53269315673926,True
stock/GE,stock,9,21,ls,2009-02-02,2015-02-12,2019-02-22,1518,1013,0.01932350309866277,0.5303712088082053,-0.07183226036606667,0.27027569572536225,-0.5340699954510207,-0.4268110897332816,-0.03836345496694177,0.11535666422096269,0.2787706163598002,0.692556200610667,-0.53269315673926,True
stock/GE,stock,10,20,ls,2009-01-30,2015-02-12,2019-02-22,1519,1013,0.060068849225272676,0.280230690739658,-0.04978532501961035,0.0899391807368085,-0.5366304356565177,-0.44527843097654535,-0.026716320654574834,0.04004797728180202,0.279240087407361,0.6677073587265439,-0.53269315673926,True
stock/GE,stock,10,30,ls,2009-02-13,2015-02-19,2019-02-22,1513,1009,-0.07867322208714078,0.328838551254719,-0.10547556562796481,0.12211378077298304,-0.5990305834062574,-0.44590966254150943,-0.06318308961322475,0.054451714776148734,0.27955687725198497,0.7227565776128939,-0.5463860851622974,True
stock/GE,stock,10,100,ls,2009-05-27,2015-03-31,2019-02-22,1471,981,-0.1568997271058942,0.5794094695587422,-0.15480812776922084,0.2934967230117491,-0.4155146699254312,-0.4487178454007052,-0.06432504811180177,0.13169721718199964,0.2824028674231656,0.7213477199070182,-0.5507141383923473,True
stock/GE,stock,12,26,ls,2009-02-09,2015-02-17,2019-02-22,1515,1011,-0.17524384521427586,0.3190505255806618,-0.12998735470273615,0.11540376913351703,-0.6919179661915201,-0.44677959808673834,-0.08994058609653292,0.05156004959116748,0.27932058663857906,0.6603130980926595,-0.5433542403524392,True
stock/GE,stock,13,48,ls,2009-03-12,2015-03-02,2019-02-22,1502,1002,-0.30649109056326623,0.641304636189565,-0.206169007185295,0.43652511945522815,-0.5212399836881114,-0.34603261892401316,-0.10746352994225729,0.15105193031121028,0.2804446031661464,0.9040324544389318,-0.5877472657290816,True
stock/GE,stock,20,50,ls,2009-03-16,2015-03-03,2019-02-22,1501,1001,-0.4637174633870041,0.6514056443726772,-0.2311071978811875,0.48929749385751375,-0.6202893924153045,-0.31510506091485946,-0.14335334335652533,0.15418011660745995,0.2801074103730611,0.8919986472416155,-0.5795201942012839,True
stock/GE,stock,20,60,ls,2009-03-30,2015-03-09,2019-02-22,1495,997,-0.22143178005555597,0.5198180967487215,-0.18870904312075606,0.2814717269995226,-0.44752964159844155,-0.39904175026285316,-0.08445289043421682,0.11231897059139749,0.28072767924406644,0.8880406030907722,-0.5735539694298745,True
stock/GE,stock,20,100,ls,2009-05-27,2015-03-31,2019-02-22,1471,981,0.0412426335236772,0.6920535067722892,-0.043761423069482344,0.41897731139998495,-0.4270847441042973,-0.40142172479866717,-0.01868983617326976,0.16818659499369024,0.28225202967814217,0.7213477199070182,-0.5507141383923473,True
stock/GE,stock,21,55,ls,2009-03-23,2015-03-05,2019-02-22,1498,999,-0.1739728672321498,0.44539738381741395,-0.15731111850645813,0.22586852623867187,-0.47175306131673594,-0.3954810804335891,-0.07421200173458145,0.08932672879281242,0.28070059157253785,0.8531884981502171,-0.5788430089438266,True
stock/GE,stock,30,90,ls,2009-05-12,2015-03-25,2019-02-22,1477,985,-0.11458762175260713,0.7184435213521541,-0.12818456211123438,0.44012544003455006,-0.43383610881604157,-0.4014217247986673,-0.05561109163662612,0.1766759132664415,0.2817749497222727,0.6801673187770363,-0.5528652974272416,True
stock/GE,stock,30,200,ls,2009-10-16,2015-05-28,2019-02-22,1411,941,0.09014865501469596,0.4309228397844629,-0.014886916037543805,0.21160150343192546,-0.35454186556595074,-0.4014217247986675,-0.005278034984474452,0.08494144047763467,0.28118645949755255,0.6800738595887902,-0.6864340240137238,True
stock/GE,stock,40,100,ls,2009-05-27,2015-03-31,2019-02-22,1471,981,0.003615563592843469,0.7821693184339895,-0.07272495018713852,0.49373134288544657,-0.3785761656228851,-0.40142172479866717,-0.02753193278696222,0.1981944872482381,0.2821374689386394,0.7213477199070182,-0.5507141383923473,True
stock/GE,stock,50,150,ls,2009-08-06,2015-04-29,2019-02-22,1441,961,0.14254259018769072,0.5202105832901304,0.013830488945414294,0.27863866425813616,-0.4304474488055084,-0.40142172479866733,0.005953298682286369,0.1118516132020978,0.2786834589536789,0.7296597906343978,-0.6589344155879587,True
stock/GE,stock,50,200,ls,2009-10-16,2015-05-28,2019-02-22,1411,941,-0.1311283544291958,0.5140263170182081,-0.10078020860591701,0.27544902062276905,-0.5388265590473639,-0.40142172479866733,-0.05430305302320179,0.11057122095249564,0.2811140545361267,0.6800738595887902,-0.6864340240137238,True
stock/GE,stock,60,120,ls,2009-06-24,2015-04-13,2019-02-22,1459,973,0.025796428821825337,0.49518699384124226,-0.05673024480097396,0.25859088559454996,-0.40256677209593233,-0.40142172479866733,-0.022837711529740134,0.1038039993125791,0.2773240712144654,0.8662221904921255,-0.672296693981896,True
stock/GE,stock,60,132,ls,2009-07-13,2015-04-20,2019-02-22,1452,968,-0.07958850602015552,0.519515652842612,-0.09836439672265253,0.2775937086325307,-0.47637070963783373,-0.40142172479866733,-0.046857917469867394,0.11143214531252918,0.2779196544973081,0.8741832537087687,-0.6534271492198757,True
stock/GE,stock,60,180,ls,2009-09-18,2015-05-15,2019-02-22,1423,949,-0.064796277192099,0.5779550641734192,-0.08424243780700734,0.3245838189505412,-0.4800248328976959,-0.40142172479866733,-0.04043846213120324,0.1302949964448646,0.2798980853610739,0.6411229304505177,-0.6707767370694706,True
stock/GE,stock,60,400,ls,2010-08-04,2015-09-21,2019-02-22,1291,861,0.2688863542727655,1.0291553999594247,0.08374645083549519,0.715209638405207,-0.42236736614660386,-0.4014217247986675,0.035371767863514154,0.2871006866412495,0.28485132943266034,0.650871715259809,-0.6665083964373495,True
stock/GE,stock,62,758,ls,2012-01-04,2016-04-15,2019-02-22,1076,718,0.9196884687400732,0.693570800108811,0.9439774057040203,0.4382868480986718,-0.17685237060858355,-0.40142172479866733,0.16694464199969664,0.17593786252034035,0.2978244073980137,0.9196884687400732,-1.049940901921318,True
stock/GE,stock,74,758,ls,2012-01-04,2016-04-15,2019-02-22,1076,718,0.9196884687400732,0.6463768464288981,0.9439774057040203,0.3974808442234252,-0.17685237060858355,-0.40142172479866733,0.16694464199969664,0.15955744606259775,0.2978745035548563,0.9196884687400732,-1.049940901921318,True
stock/GE,stock,80,144,ls,2009-07-29,2015-04-24,2019-02-22,1444,964,-0.18601750333460446,0.5811389801102272,-0.13903501607669497,0.3256683081180448,-0.502948377292868,-0.40142172479866733,-0.06992743572266155,0.1307303339570094,0.2782292534761392,0.8296524849357451,-0.6476326082576753,True
stock/GE,stock,80,300,ls,2010-03-12,2015-07-24,2019-02-22,1351,901,0.2913495794849282,0.93767501435215,0.10384747319898273,0.6337452873760743,-0.3944593858089208,-0.4014217247986673,0.04096361049587909,0.2543991263415308,0.28529234766244616,0.6044551522704411,-0.6462159103524004,True
stock/GE,stock,100,200,ls,2009-10-16,2015-05-28,2019-02-22,1411,941,0.17627451151436638,0.8941077766507228,0.030614799135193067,0.5865837947621739,-0.46900673125726217,-0.4014217247986672,0.014358546870494556,0.23546747863237927,0.2807224558523508,0.6800738595887902,-0.6864340240137238,True
stock/GE,stock,100,250,ls,2009-12-29,2015-06-25,2019-02-22,1381,921,0.3106056758731833,0.9040663104021789,0.1081271809763519,0.6001469581796524,-0.4219141943635917,-0.4014217247986672,0.04562039245044379,0.24091202708514964,0.28330620479231905,0.715641817310175,-0.6827664927589712,True
stock/GE,stock,100,300,ls,2010-03-12,2015-07-24,2019-02-22,1351,901,0.13999678960109713,0.9755072237515473,0.012920638505697253,0.6675373465160795,-0.49475077986240834,-0.4014217247986675,0.006392495977013978,0.2679639930060104,0.285254399987819,0.6044551522704411,-0.6462159103524004,True
stock/GE,stock,100,400,ls,2010-08-04,2015-09-21,2019-02-22,1291,861,0.2133380327220543,0.9243078489171256,0.050455909877818624,0.6212737749964928,-0.4567436159733271,-0.4014217247986672,0.02304541472481919,0.24939279033127126,0.2850119097026046,0.650871715259809,-0.6665083964373495,True
stock/GE,stock,116,378,ls,2010-07-02,2015-09-08,2019-02-22,1304,870,0.4038354886782209,0.9579350526130622,0.15600102586790343,0.6505102667540662,-0.4245674365871084,-0.4014217247986673,0.06623295565769495,0.2611289532796584,0.2846757031625565,0.7828202014375828,-0.6447219809562642,True
stock/GE,stock,120,398,ls,2010-08-02,2015-09-18,2019-02-22,1292,862,0.35850061599643857,1.0021427246434291,0.15534503341282635,0.6905540337188845,-0.3575139757179819,-0.40142172479866733,0.055538020503462286,0.2772033912821117,0.28480889468803167,0.6440343811472977,-0.6539469910616452,True
stock/GE,stock,134,750,ls,2011-12-21,2016-04-12,2019-02-22,1081,721,0.9751179658687507,0.7128602147743552,1.0174280034764374,0.45435474918410695,-0.17685237060858347,-0.40142172479866733,0.17993455433836605,0.1823878670879501,0.2971862131972691,0.9751179658687507,-1.0392493621095837,True
stock/GE,stock,150,400,ls,2010-08-04,2015-09-21,2019-02-22,1291,861,0.27027097137060374,0.8854764649065238,0.07971987811431296,0.5870705618892131,-0.4477615967675475,-0.4014217247986673,0.03569549991857903,0.23566287753209067,0.2850312322807391,0.650871715259809,-0.6665083964373495,True
stock/GE,stock,150,500,ls,2010-12-27,2015-11-16,2019-02-22,1231,821,0.7503010993250041,0.6472882360931492,0.49444113001169004,0.38757819429022833,-0.3003565334900191,-0.40142172479866733,0.14850862382519908,0.15558230724633645,0.2873991362702405,0.7503010993250041,-0.9026010006529417,True
stock/GE,stock,150,710,ls,2011-10-25,2016-03-18,2019-02-22,1105,737,1.0220145700529797,0.647788522135246,1.1318454907574156,0.3953629733279626,-0.17685237060858355,-0.40142172479866733,0.20016955820308457,0.15870728667484027,0.29460985059024103,1.0220145700529797,-1.0294141461403716,True
stock/GE,stock,162,678,ls,2011-09-09,2016-03-01,2019-02-22,1124,750,1.0337132397306563,0.6684074300084295,1.1834460904223099,0.41086436992520287,-0.1768523706085836,-0.40142172479866733,0.20929524657864568,0.16492988403369263,0.2926947341688921,1.0337132397306563,-0.9779803493019947,True
stock/GE,stock,174,698,ls,2011-10-07,2016-03-11,2019-02-22,1112,742,1.0392958470646128,0.5716561465974712,1.1648365602730895,0.33092509105145246,-0.1768523706085836,-0.40142172479866733,0.20600410705584415,0.13284052082903008,0.29405988930503707,1.0392958470646128,-1.0021096859968155,True
stock/GE,stock,200,400,ls,2010-08-04,2015-09-21,2019-02-22,1291,861,0.650871715259809,0.8224815109172491,0.4134484956866843,0.5324025760539384,-0.30035653349001906,-0.4014217247986673,0.1241819569411156,0.21371796036682558,0.28506898920716744,0.650871715259809,-0.6665083964373495,True
stock/GE,stock,200,600,ls,2011-05-19,2016-01-14,2019-02-22,1171,781,0.6504438522196491,0.7191892460275483,0.5166803801535825,0.4526499823468269,-0.23865320708455345,-0.4014217247986673,0.12330742976131874,0.18170353664374955,0.29137368218792503,0.6504438522196491,-0.8989041697415833,True
stock/GS,stock,5,20,ls,2009-01-30,2015-02-12,2019-02-22,1519,1013,0.32787474827921187,0.24577451116381432,0.10410672826034886,0.07779742123034844,-0.5252639053752849,-0.39599619486267945,0.05468350666187438,0.030807482777347014,0.24137030255851835,0.629484697979402,0.21042564754078413,True
stock/GS,stock,5,35,ls,2009-02-23,2015-02-23,2019-02-22,1510,1007,0.16941412952736737,-0.31466165632972903,0.004464248751788463,-0.22490277808966289,-0.3849191861055689,-0.44495014177166725,0.001718374996111217,-0.10007052299583732,0.24197959531988422,0.6419211177859129,0.20814566018406683,False
stock/GS,stock,8,21,ls,2009-02-02,2015-02-12,2019-02-22,1518,1013,0.4233573975749831,0.23540820911293187,0.25645914341466736,0.07771771451424586,-0.3478734486581046,-0.36322563935543944,0.08921532665956378,0.02822906654368047,0.2414121349339495,0.6126996795538334,0.21042564754078413,True
stock/GS,stock,9,21,ls,2009-02-02,2015-02-12,2019-02-22,1518,1013,0.3838756554475388,0.26371582535969135,0.21471656542203635,0.09593289489883379,-0.34934184737257035,-0.36765938996547143,0.07500948162602754,0.03527062961612692,0.24114546805014084,0.6126996795538334,0.21042564754078413,True
stock/GS,stock,10,20,ls,2009-01-30,2015-02-12,2019-02-22,1519,1013,0.3481804341351,0.3369349275946959,0.17487623763432567,0.1523784951521633,-0.35639026100610255,-0.35240885994281407,0.062324187974262535,0.05369953175637549,0.24101333430674485,0.629484697979402,0.21042564754078413,True
stock/GS,stock,10,30,ls,2009-02-13,2015-02-19,2019-02-22,1513,1009,0.15089640783879146,-0.08339712397272024,-0.01109742375119064,-0.1130300775197386,-0.41164274354742786,-0.426218508663908,-0.004568173959248504,-0.0481755110746289,0.24173929198340063,0.5429626434321655,0.21449013155655627,False
stock/GS,stock,10,100,ls,2009-05-27,2015-03-31,2019-02-22,1471,981,0.23594887611001247,0.30490354147468157,0.05543038843406571,0.14572903655250938,-0.4888577575608756,-0.3132344411999164,0.02709757539060566,0.04564735333112747,0.24288564858240397,0.36401770035105185,0.22035042744613226,True
stock/GS,stock,12,26,ls,2009-02-09,2015-02-17,2019-02-22,1515,1011,0.15726916170279742,-0.05201548144025548,-0.006538958951334028,-0.09949150757692893,-0.42971609921799825,-0.4109748921776085,-0.002809895933513871,-0.04088851159901609,0.2416051626934553,0.5362900533243932,0.2093259821619558,False
stock/GS,stock,13,48,ls,2009-03-12,2015-03-02,2019-02-22,1502,1002,0.41033321512669596,0.5400112275272062,0.18295857075744015,0.4124100246156601,-0.4481090425243542,-0.2590681721343014,0.08198538996374082,0.10684231124704131,0.24211250556164343,0.5654565012137275,0.1973360632289774,True
stock/GS,stock,20,50,ls,2009-03-16,2015-03-03,2019-02-22,1501,1001,0.47497791675024265,0.25258884427980716,0.22580126088565436,0.09438679498403163,-0.45866161659748955,-0.34387431438669697,0.10356637134756572,0.032457194412291605,0.24249001746447632,0.584029441435576,0.200254443795348,True
stock/GS,stock,20,60,ls,2009-03-30,2015-03-09,2019-02-22,1495,997,0.24678256555784706,0.29044191292843136,0.058647475987816694,0.12054810381234542,-0.5045492095690469,-0.34828021729977127,0.029590537652872572,0.041984519790839045,0.24269257413840478,0.5477472229141636,0.2189729658377787,True
stock/GS,stock,20,100,ls,2009-05-27,2015-03-31,2019-02-22,1471,981,0.05307952392932117,0.3294981946369918,-0.03890418219598775,0.18462683881180755,-0.6260527006324662,-0.28091821852774956,-0.02435606832969564,0.05186504265142295,0.2427174728820151,0.36401770035105185,0.22035042744613226,True
stock/GS,stock,21,55,ls,2009-03-23,2015-03-05,2019-02-22,1498,999,0.22461925514400682,0.2735573543728493,0.04645124946677463,0.10864398168615846,-0.4895120621954262,-0.3471919411028325,0.022738446918035043,0.037720314890757944,0.24258439162290152,0.4908392203379607,0.20693896818314436,True
stock/GS,stock,30,90,ls,2009-05-12,2015-03-25,2019-02-22,1477,985,0.07094682095843508,0.4714404091409044,-0.03837071872507799,0.3226787345528204,-0.5195736776276108,-0.2746765699522905,-0.0199364154412034,0.08863228800351436,0.24239640966962533,0.3820156702007301,0.22341408746469313,True
stock/GS,stock,30,200,ls,2009-10-16,2015-05-28,2019-02-22,1411,941,0.08835215739164994,0.4735135655265406,-0.027298340820939297,0.3475367309509354,-0.5117956164319474,-0.2592800339212687,-0.01397117116802202,0.09010933538984536,0.24625156603336248,0.2647827862518002,0.1088480431016907,True
stock/GS,stock,40,100,ls,2009-05-27,2015-03-31,2019-02-22,1471,981,0.0120018289162605,0.35004452405610686,-0.06114334964698981,0.1627290624393261,-0.5828957246714909,-0.3507680574000646,-0.03564019710132447,0.05708015711437624,0.2426883846109353,0.36401770035105185,0.22035042744613226,True
stock/GS,stock,50,150,ls,2009-08-06,2015-04-29,2019-02-22,1441,961,-0.02668271570825006,0.5680785062173167,-0.07908519180487754,0.4468296531634194,-0.5711390442932396,-0.25752784237899623,-0.0451686408651853,0.11507107649013062,0.24426739650091145,0.2941676075165505,0.16373965220242379,True
stock/GS,stock,50,200,ls,2009-10-16,2015-05-28,2019-02-22,1411,941,-0.06733112608302878,0.3752381334008535,-0.0973480356799776,0.2348908512647968,-0.5705365232903543,-0.27269489459601215,-0.05554060982599979,0.06405353592722134,0.24627861827990785,0.2647827862518002,0.1088480431016907,True
stock/GS,stock,60,120,ls,2009-06-24,2015-04-13,2019-02-22,1459,973,-0.13475205970276977,0.6748920848830541,-0.109464153559343,0.6001369548918751,-0.6766054755421651,-0.23991702698808848,-0.07406404567383985,0.14398307400334323,0.24315657898009282,0.379311172507446,0.17898313516762762,True
stock/GS,stock,60,132,ls,2009-07-13,2015-04-20,2019-02-22,1452,968,-0.02842186865709068,0.570983890214858,-0.07417845569629786,0.4488376720970205,-0.6161853487300455,-0.25752784237899623,-0.04570767759147952,0.1155881972735571,0.24351686130898645,0.35998112487674333,0.1656738025754098,True
stock/GS,stock,60,180,ls,2009-09-18,2015-05-15,2019-02-22,1423,949,-0.12140320334124545,0.4490430624195217,-0.11179236449023666,0.3176950592385668,-0.6239396497835356,-0.26244784630040413,-0.06975168874851162,0.08337838407744116,0.24542875294890257,0.24876262062297827,0.14087428078179867,True
stock/GS,stock,60,400,ls,2010-08-04,2015-09-21,2019-02-22,1291,861,0.24753879202438406,0.11588119778825973,0.07114277207115456,-0.006690444728664606,-0.4347166706226104,-0.30261365048703615,0.03092694901363554,-0.0020246199027229446,0.24829431037027427,0.30033718178392627,0.25593537668740296,False
stock/GS,stock,62,758,ls,2012-01-04,2016-04-15,2019-02-22,1076,718,-0.16770939061281595,-0.05049894117921137,-0.1688688706826699,-0.10119321462025617,-0.38281031984910047,-0.3938514951775475,-0.06464474639858925,-0.03985509888001035,0.2387514817726463,0.6921194758064467,0.4862229351867585,False
stock/GS,stock,74,758,ls,2012-01-04,2016-04-15,2019-02-22,1076,718,-0.26381465552365446,-0.1730723761204972,-0.21469388640688508,-0.15744601267591646,-0.39825489590965046,-0.42900633653869497,-0.08550289138341234,-0.06754533710071985,0.23873305465824443,0.6921194758064467,0.4862229351867585,False
stock/GS,stock,80,144,ls,2009-07-29,2015-04-24,2019-02-22,1444,964,-0.09162871286780505,0.44325597133864636,-0.09658881567555258,0.3077174078265067,-0.6444357953934903,-0.2649703790662964,-0.06224529025598995,0.0815359981970876,0.24400930593714112,0.32021906318778315,0.16658323661657523,True
stock/GS,stock,80,300,ls,2010-03-12,2015-07-24,2019-02-22,1351,901,-0.08929643274440868,0.34453020862260125,-0.09389077345727807,0.22443031380026723,-0.6394152781087423,-0.2511916957680302,-0.060035195022030384,0.056375031105240274,0.24944379133664674,0.2994065818710478,0.11608083560009769,True
stock/GS,stock,100,200,ls,2009-10-16,2015-05-28,2019-02-22,1411,941,0.0361354582657908,0.2684211482463958,-0.05082732667214457,0.13549788002863672,-0.5529822959195098,-0.26888891566814344,-0.02810661179861344,0.03643387803623232,0.2463006463625471,0.2647827862518002,0.1088480431016907,True
stock/GS,stock,100,250,ls,2009-12-29,2015-06-25,2019-02-22,1381,921,0.09914132836957835,0.33094344755145855,-0.018793686259863884,0.20963343503623166,-0.5708253607353175,-0.2511916957680302,-0.010727912738833183,0.05265817803642822,0.24793999310940168,0.3570034169849589,0.08675716496206691,True
stock/GS,stock,100,300,ls,2010-03-12,2015-07-24,2019-02-22,1351,901,0.38383458570089113,-0.10973309592887816,0.17940000619173274,-0.155273392455878,-0.3881418168984664,-0.36574037723936503,0.06963264435485526,-0.056789749132048796,0.24931350998903437,0.2994065818710478,0.11608083560009769,False
stock/GS,stock,100,400,ls,2010-08-04,2015-09-21,2019-02-22,1291,861,0.1912413178811498,-0.4421968303701602,0.036432310805812905,-0.2868008121132441,-0.43344221384349824,-0.4573007342390247,0.01579130145110595,-0.13115422195973508,0.2480009854982116,0.30033718178392627,0.25593537668740296,False
stock/GS,stock,116,378,ls,2010-07-02,2015-09-08,2019-02-22,1304,870,0.3444252143199336,-0.5787728243960355,0.13920205595121574,-0.31750157595487155,-0.41398620976759515,-0.5038905274499323,0.057627731535100514,-0.15998603657408497,0.24782455114795965,0.4381441281331788,0.23856736668514852,False
stock/GS,stock,120,398,ls,2010-08-02,2015-09-18,2019-02-22,1292,862,0.1959789762414254,-0.5397720650473252,0.0412815899232208,-0.30492532448181753,-0.41329956692047154,-0.4983208582243093,0.017061663237055658,-0.1519506493901053,0.2480170576975573,0.3079984706304411,0.2713767264132761,False
stock/GS,stock,134,750,ls,2011-12-21,2016-04-12,2019-02-22,1081,721,-0.3480580332721022,-0.5855917837959269,-0.22226272913681883,-0.29777232078082444,-0.4674009305563847,-0.522113871924186,-0.1038858064265508,-0.155471059354727,0.23933044097761605,0.6898824804714946,0.5233710703402072,False
stock/GS,stock,150,400,ls,2010-08-04,2015-09-21,2019-02-22,1291,861,0.07366295323360654,-0.6006595439264618,-0.03342316338173858,-0.31857452327000757,-0.4539918745792125,-0.5169193128127603,-0.015173844598042788,-0.16467732364838503,0.2480071355763891,0.30033718178392627,0.25593537668740296,False
stock/GS,stock,150,500,ls,2010-12-27,2015-11-16,2019-02-22,1231,821,-0.1433612778230687,-1.0538675997210065,-0.13425228207922726,-0.40318832431613777,-0.526263772509726,-0.6285327839793327,-0.07065211243505402,-0.25341707995038415,0.2478313859867927,0.27730489968040933,0.2043315685086328,False
stock/GS,stock,150,710,ls,2011-10-25,2016-03-18,2019-02-22,1105,737,-0.2564058795196443,-0.7968210130855734,-0.18572450999259646,-0.3714197604630845,-0.5037403945038518,-0.5287380875740286,-0.0935569379327051,-0.1963837738344551,0.2383792989210068,0.5871545697647962,0.4852653712756519,False
stock/GS,stock,162,678,ls,2011-09-09,2016-03-01,2019-02-22,1124,750,-0.26645934780984276,-0.705335991362905,-0.19333267190306716,-0.34677318222938036,-0.5196812909372776,-0.5147832641377365,-0.10047137251493907,-0.17851303066347052,0.23821040717140657,0.5365783822920668,0.5056873422114844,False
stock/GS,stock,174,698,ls,2011-10-07,2016-03-11,2019-02-22,1112,742,-0.3536681414661841,-0.5898239000085884,-0.23065706764868,-0.3189203264908791,-0.5067732449378459,-0.48872729714982344,-0.11689083064016981,-0.15586506917202658,0.23862951936500507,0.6316928382865717,0.5160650545213968,False
stock/GS,stock,200,400,ls,2010-08-04,2015-09-21,2019-02-22,1291,861,0.002844990345267387,-0.9337724375572742,-0.06745122043632593,-0.3631121218608757,-0.4944089766306521,-0.6354272115545114,-0.03334848886841243,-0.2307313230756982,0.24772159687331058,0.30033718178392627,0.25593537668740296,False
stock/GS,stock,200,600,ls,2011-05-19,2016-01-14,2019-02-22,1171,781,-0.4007467775410117,-0.7752384078186825,-0.23201541047839078,-0.3879354132104182,-0.5840952453276599,-0.5117720473976661,-0.13551909810317336,-0.19853450067675532,0.2460642598515769,0.30393566081793894,0.432256794721966,False
stock/HD,stock,5,20,ls,2009-01-30,2015-02-12,2019-02-22,1519,1013,0.14455362209383824,0.17774127101470827,0.01298931223110775,0.047034834412272554,-0.481833907484736,-0.3372697218856939,0.0062586910678539215,0.01586342552116683,0.18776783766402302,1.3990452252564658,0.924913030119741,False
stock/HD,stock,5,35,ls,2009-02-23,2015-02-23,2019-02-22,1510,1007,0.10558866739576021,0.17224451014229702,-0.0065119071866583675,0.0339162635513859,-0.3705709137143563,-0.4369771222911197,-0.0024131233961830747,0.0148206312455518,0.1884536479544368,1.5308196368794642,0.9268508539160575,False
stock/HD,stock,8,21,ls,2009-02-02,2015-02-12,2019-02-22,1518,1013,0.2526416522189908,0.5291761703434252,0.07859558656549816,0.3157708647921834,-0.40963591064596255,-0.2695911520449383,0.032195574675511415,0.08512903122155116,0.18768715984844822,1.3981923054748127,0.924913030119741,False
stock/HD,stock,9,21,ls,2009-02-02,2015-02-12,2019-02-22,1518,1013,0.263993538446329,0.673827715246264,0.09190233944972788,0.4362584269030347,-0.3803955830485763,-0.26336493588970056,0.03495924399850741,0.11489517263265935,0.18750496825037496,1.3981923054748127,0.924913030119741,False
stock/HD,stock,10,20,ls,2009-01-30,2015-02-12,2019-02-22,1519,1013,0.2908664166610526,0.7847481826558791,0.10723197508910244,0.5346162995919584,-0.3872835193997842,-0.2585380784740232,0.041529176704697586,0.13821867081739767,0.1873412162051491,1.3990452252564658,0.924913030119741,False
stock/HD,stock,10,30,ls,2009-02-13,2015-02-19,2019-02-22,1513,1009,0.2560194784783565,0.11136524063092337,0.08964742226833194,0.009795472748793175,-0.3680667219447468,-0.329871259332022,0.03299623284510144,0.003231244931396908,0.1884744606462873,1.4165748863539984,0.9416065110928681,False
stock/HD,stock,10,100,ls,2009-05-27,2015-03-31,2019-02-22,1471,981,0.7200803514952563,0.24026912487312976,0.36838740922533136,0.10768477660588435,-0.3783718905284127,-0.2580226773325224,0.13938744047545265,0.027785114367804852,0.18689231825533129,1.5112291261911615,0.9302076704787948,False
stock/HD,stock,12,26,ls,2009-02-09,2015-02-17,2019-02-22,1515,1011,0.3265107758971852,0.21306253163973307,0.1347714905346959,0.08644896035116736,-0.37257024589839116,-0.2618889839902054,0.050211847368604345,0.02264003039337677,0.18821598408116746,1.3571111066002814,0.9277516192500421,False
stock/HD,stock,13,48,ls,2009-03-12,2015-03-02,2019-02-22,1502,1002,0.5103891533913715,0.15023436242201704,0.2677198289509234,0.03560603725753069,-0.3474214568147421,-0.29847051268190017,0.09301161299232337,0.010627352194826025,0.187378612603457,1.541380857504622,0.8886929985153313,False
stock/HD,stock,20,50,ls,2009-03-16,2015-03-03,2019-02-22,1501,1001,0.723146087047303,0.0029746006835033767,0.399044254532533,-0.0650711790931613,-0.3653560073198603,-0.2594132648011888,0.14579321557993632,-0.016880327013019836,0.1873275001098929,1.5512380436017845,0.8897196041919135,False
stock/HD,stock,20,60,ls,2009-03-30,2015-03-09,2019-02-22,1495,997,0.8851479543389509,-0.013601424757713107,0.5057936812063955,-0.06685442743240053,-0.36500864135406413,-0.29819673724759665,0.18461906438261705,-0.019935772130898057,0.1873638898431096,1.45950299449058,0.9022169233464342,False
stock/HD,stock,20,100,ls,2009-05-27,2015-03-31,2019-02-22,1471,981,0.6353992581754394,0.10540040524140032,0.33349768905999894,0.006849847183637958,-0.35732566708313807,-0.31838723014387743,0.11916728421404907,0.0021809038717073292,0.18696644889437494,1.5112291261911615,0.9302076704787948,False
stock/HD,stock,21,55,ls,2009-03-23,2015-03-05,2019-02-22,1498,999,0.8127480520087951,-0.057494075464789705,0.44940304918169605,-0.09670286213927555,-0.3705726983704943,-0.2890093699039955,0.16653650059118905,-0.02794803325478497,0.187300173310241,1.4622128879359921,0.8930544282588747,False
stock/HD,stock,30,90,ls,2009-05-12,2015-03-25,2019-02-22,1477,985,0.7197964140288092,-0.17523933199766348,0.39595323868707644,-0.11792739214790299,-0.3579090867500149,-0.4159218568993937,0.1417152620542022,-0.04904857992145879,0.18691254018461198,1.4370577203082138,0.9262805970182937,False
stock/HD,stock,30,200,ls,2009-10-16,2015-05-28,2019-02-22,1411,941,0.7945036676200029,0.6350871677345725,0.29650467369211525,0.45789315232282507,-0.5238694019612358,-0.23316115169957924,0.15532972608579979,0.10676289475094076,0.18751847308519154,1.432912962981759,0.980879778077661,False
stock/HD,stock,40,100,ls,2009-05-27,2015-03-31,2019-02-22,1471,981,0.8753280144398977,-0.024676075575698977,0.364233495210773,-0.06539689721293167,-0.48743466603643093,-0.3351554885148267,0.1775400320973451,-0.02191812903275402,0.18697450698048226,1.5112291261911615,0.9302076704787948,False
stock/HD,stock,50,150,ls,2009-08-06,2015-04-29,2019-02-22,1441,961,0.7336849298825855,0.5703653010833942,0.2603078517851083,0.4319393989711552,-0.5423755947512188,-0.21646238876162766,0.1411846259303602,0.09349863410155798,0.18771825380333965,1.4035177196506987,1.0061309788405501,False
stock/HD,stock,50,200,ls,2009-10-16,2015-05-28,2019-02-22,1411,941,0.8558477950001391,0.37200937244216964,0.3548907592411599,0.16632220083143615,-0.4796343017626022,-0.32166993775345243,0.1702177815106335,0.05350085198846528,0.18756665811240217,1.432912962981759,0.980879778077661,False
stock/HD,stock,60,120,ls,2009-06-24,2015-04-13,2019-02-22,1459,973,0.9049950866493408,0.45586809027333497,0.34316623597367274,0.2992693874549258,-0.5360007154721194,-0.23436423289623012,0.18393734800776274,0.07013804042019836,0.18731312908414144,1.552754263661986,0.9253167333887187,False
stock/HD,stock,60,132,ls,2009-07-13,2015-04-20,2019-02-22,1452,968,0.8168049062260268,0.5543405994142206,0.28158121534914166,0.44924155148967687,-0.5729772703015058,-0.20073077398733166,0.16133963613893165,0.09017660433779255,0.1876118497501155,1.5406533857149443,0.9476734132779133,False
stock/HD,stock,60,180,ls,2009-09-18,2015-05-15,2019-02-22,1423,949,0.8981705157837461,0.2893525161936886,0.4115068968012166,0.11583155394502893,-0.4387630812123355,-0.32166993775345265,0.18055403398062836,0.03725952874738315,0.18724726823084534,1.4005283893595812,0.9601763718668379,False
stock/HD,stock,60,400,ls,2010-08-04,2015-09-21,2019-02-22,1291,861,1.571772057866906,0.9939374472571996,1.3964799919104538,0.7110425299853446,-0.24843053152632522,-0.2560862298333228,0.34692826665619236,0.18208820075509427,0.1857217588179601,1.571772057866906,0.9939374472571996,False
stock/HD,stock,62,758,ls,2012-01-04,2016-04-15,2019-02-22,1076,718,1.6480034004465234,0.8984944809645777,1.9973619102780096,0.612085386651495,-0.16858687126710523,-0.256086229833323,0.3367289952418582,0.15674663900365315,0.18017557661422806,1.6480034004465234,0.8984944809645777,False
stock/HD,stock,74,758,ls,2012-01-04,2016-04-15,2019-02-22,1076,718,1.6480034004465234,0.8984944809645777,1.9973619102780096,0.612085386651495,-0.16858687126710523,-0.256086229833323,0.3367289952418582,0.15674663900365315,0.18017557661422806,1.6480034004465234,0.8984944809645777,False
stock/HD,stock,80,144,ls,2009-07-29,2015-04-24,2019-02-22,1444,964,0.8973473134574025,0.26215560348502526,0.36892386565552976,0.09962137145607006,-0.4901481660476833,-0.32166993775345265,0.1808273561622798,0.03204520035518764,0.1879229447829496,1.477359999854487,0.9395296712591199,False
stock/HD,stock,80,300,ls,2010-03-12,2015-07-24,2019-02-22,1351,901,1.3501999845713566,0.9848272300134906,1.1602680797833334,0.7168668725141976,-0.2529407207507487,-0.2560862298333229,0.2934790443644835,0.1835797346745662,0.18942434444753284,1.3501999845713566,0.9848272300134906,False
stock/HD,stock,100,200,ls,2009-10-16,2015-05-28,2019-02-22,1411,941,1.432912962981759,0.5093960755427998,1.2626447431418533,0.23197491915042967,-0.2529407207507487,-0.3490651069584255,0.31937427138244434,0.08097434996491684,0.187506072818637,1.432912962981759,0.980879778077661,False
stock/HD,stock,100,250,ls,2009-12-29,2015-06-25,2019-02-22,1381,921,1.4090180491150839,0.8449897156515277,1.224084524318591,0.5937307383121962,-0.2529407207507487,-0.25608622983332296,0.3096208218409818,0.15204626631052562,0.1886177161217301,1.4090180491150839,0.9866859696111848,False
stock/HD,stock,100,300,ls,2010-03-12,2015-07-24,2019-02-22,1351,901,1.3501999845713566,0.9848272300134906,1.1602680797833334,0.7168668725141976,-0.2529407207507487,-0.2560862298333229,0.2934790443644835,0.1835797346745662,0.18942434444753284,1.3501999845713566,0.9848272300134906,False
stock/HD,stock,100,400,ls,2010-08-04,2015-09-21,2019-02-22,1291,861,1.571772057866906,0.9939374472571996,1.3964799919104538,0.7110425299853446,-0.24843053152632522,-0.2560862298333228,0.34692826665619236,0.18208820075509427,0.1857217588179601,1.571772057866906,0.9939374472571996,False
stock/HD,stock,116,378,ls,2010-07-02,2015-09-08,2019-02-22,1304,870,1.576167605366721,0.9852069527405788,1.414684830291885,0.7047801825802824,-0.24843053152632513,-0.2560862298333228,0.35145090433164206,0.1804844998182254,0.18605250661032233,1.576167605366721,0.9852069527405788,False
stock/HD,stock,120,398,ls,2010-08-02,2015-09-18,2019-02-22,1292,862,1.544000925322327,1.0127227044060114,1.3673549503335658,0.7271813383994886,-0.24843053152632522,-0.25608622983332296,0.33969271709651977,0.18622112735587484,0.18572629348373543,1.544000925322327,1.0127227044060114,False
stock/HD,stock,134,750,ls,2011-12-21,2016-04-12,2019-02-22,1081,721,1.657439797352429,0.9055274604167679,2.0103665685444527,0.6167353930028611,-0.16858687126710542,-0.256086229833323,0.33892140989089614,0.1579374415988755,0.17984818195720517,1.657439797352429,0.9055274604167679,False
stock/HD,stock,150,400,ls,2010-08-04,2015-09-21,2019-02-22,1291,861,1.571772057866906,0.9939374472571996,1.3964799919104538,0.7110425299853446,-0.24843053152632522,-0.2560862298333228,0.34692826665619236,0.18208820075509427,0.1857217588179601,1.571772057866906,0.9939374472571996,False
stock/HD,stock,150,500,ls,2010-12-27,2015-11-16,2019-02-22,1231,821,1.471505402044001,0.9722975752572678,1.2714260765182013,0.697832788521689,-0.24843053152632516,-0.256086229833323,0.3158610559858469,0.17870536786659394,0.18718325158279525,1.471505402044001,0.9722975752572678,False
stock/HD,stock,150,710,ls,2011-10-25,2016-03-18,2019-02-22,1105,737,1.7542978212792586,0.9369977504573791,2.2125703282901976,0.6376488001608636,-0.16858687126710542,-0.256086229833323,0.37301030910487676,0.16329307719093758,0.17847283322383622,1.7542978212792586,0.9369977504573791,False
stock/HD,stock,162,678,ls,2011-09-09,2016-03-01,2019-02-22,1124,750,1.7752444193019066,1.0191831153731277,2.303664269103091,0.7016640063283407,-0.16858687126710542,-0.256086229833323,0.38836755157791325,0.17968648999036968,0.17768199751174907,1.7752444193019066,1.0191831153731277,False
stock/HD,stock,174,698,ls,2011-10-07,2016-03-11,2019-02-22,1112,742,1.7752658862508315,0.9759906951721343,2.267331432935985,0.6674392752956659,-0.16858687126710542,-0.25608622983332296,0.38224231240424056,0.17092200765315244,0.17794878893195107,1.7752658862508315,0.9759906951721343,False
stock/HD,stock,200,400,ls,2010-08-04,2015-09-21,2019-02-22,1291,861,1.571772057866906,0.9939374472571996,1.3964799919104538,0.7110425299853446,-0.24843053152632522,-0.2560862298333228,0.34692826665619236,0.18208820075509427,0.1857217588179601,1.571772057866906,0.9939374472571996,False
stock/HD,stock,200,600,ls,2011-05-19,2016-01-14,2019-02-22,1171,781,1.4352127221661866,1.0445476742173443,1.362475926761928,0.745346295044759,-0.23049932043388974,-0.25608622983332296,0.3140497752261585,0.1908729226182479,0.18340225398665927,1.4352127221661866,1.0445476742173443,False
stock/IBM,stock,5,20,ls,2009-01-30,2015-02-12,2019-02-22,1519,1013,-0.34968796855417367,0.1860455084359644,-0.15318041248551525,0.058371504256561325,-0.5520531010884594,-0.29620634390982814,-0.08456372173863806,0.017290009864353,0.20810194002545163,0.6629312088594771,0.15690804624514684,True
stock/IBM,stock,5,35,ls,2009-02-23,2015-02-23,2019-02-22,1510,1007,-0.4572631070280097,0.014112812643002789,-0.16272788870029758,-0.05304504333822666,-0.625963373797117,-0.35069495857247135,-0.10186169822172002,-0.018602629275974347,0.2088160842835133,0.7646386102358521,0.12454754882263591,False
stock/IBM,stock,8,21,ls,2009-02-02,2015-02-12,2019-02-22,1518,1013,-0.35204361392214556,-0.0790774594731877,-0.16917438564841972,-0.10834025826890312,-0.5022212371884452,-0.3453933440975011,-0.0849629692609445,-0.037420004103883395,0.20845446601241444,0.6698628863049443,0.15690804624514684,False
stock/IBM,stock,9,21,ls,2009-02-02,2015-02-12,2019-02-22,1518,1013,-0.47454461843616574,0.009903393902596425,-0.18580338982901587,-0.05569010858347688,-0.5750991040906798,-0.3474473548990425,-0.10685536302767834,-0.019349380921369504,0.2082486486324158,0.6698628863049443,0.15690804624514684,False
stock/IBM,stock,10,20,ls,2009-01-30,2015-02-12,2019-02-22,1519,1013,-0.5030053251130969,0.027121961047733397,-0.18586848005306972,-0.04727103598307235,-0.6019945909093192,-0.33475655474454746,-0.11189181961248465,-0.01582428914489883,0.20823269405401348,0.6629312088594771,0.15690804624514684,False
stock/IBM,stock,10,30,ls,2009-02-13,2015-02-19,2019-02-22,1513,1009,-0.6563033639074287,0.016457633678902808,-0.20853480062486868,-0.05002476145282685,-0.6579545047381675,-0.36052781449793186,-0.13720641146580798,-0.01803531791736805,0.20833606355767934,0.6726637406334779,0.11724125111214806,False
stock/IBM,stock,10,100,ls,2009-05-27,2015-03-31,2019-02-22,1471,981,-0.18402727712900405,-0.05916677252197334,-0.09920839913666728,-0.08994754034052284,-0.5078110618242229,-0.37387968877819705,-0.050379122507472326,-0.033629558388879,0.2085064659004141,0.6046595584369137,0.14343313422218618,False
stock/IBM,stock,12,26,ls,2009-02-09,2015-02-17,2019-02-22,1515,1011,-0.6471569794581873,-0.14311841993206248,-0.2117189234050994,-0.1247183662611487,-0.6425328027864421,-0.4022996471748798,-0.13603635325840657,-0.050174154743087555,0.208411068644675,0.6285485755230643,0.13875873723563611,False
stock/IBM,stock,13,48,ls,2009-03-12,2015-03-02,2019-02-22,1502,1002,-0.32085770333442293,0.17665057391631234,-0.13250911047830927,0.03985494398446217,-0.5764696888012687,-0.3809113695045346,-0.07638748568076388,0.015181201294647997,0.20911133883881847,0.703667484875434,0.14282814320506573,True
stock/IBM,stock,20,50,ls,2009-03-16,2015-03-03,2019-02-22,1501,1001,-0.3441273544707724,0.08982386205920248,-0.1270638372629462,-0.008897343222868824,-0.6337889663980372,-0.34812794660861873,-0.08053165808545108,-0.003097413826449434,0.2092414492198996,0.6990479829876364,0.1387729250627095,False
stock/IBM,stock,20,60,ls,2009-03-30,2015-03-09,2019-02-22,1495,997,-0.22582234983620814,0.08323468507411534,-0.10458201826868052,-0.013296812631504696,-0.5595523616003294,-0.3395092459493098,-0.05851911530316898,-0.004514390830051417,0.20906223010067626,0.6751414563492935,0.14086350222582208,False
stock/IBM,stock,20,100,ls,2009-05-27,2015-03-31,2019-02-22,1471,981,-0.09276451807248687,-0.2842943842920019,-0.07178870717713116,-0.1873411734795274,-0.4756051873189616,-0.41653710811372036,-0.03414308152436555,-0.07803455063179314,0.2085217906938438,0.6046595584369137,0.14343313422218618,False
stock/IBM,stock,21,55,ls,2009-03-23,2015-03-05,2019-02-22,1498,999,-0.3878070109687074,0.033279701622086634,-0.14316701409306948,-0.04318510662754557,-0.6090767635445029,-0.34451156933092003,-0.087199701590137,-0.014877768855978841,0.20917457543606077,0.6359427225923001,0.13774279061554465,False
stock/IBM,stock,30,90,ls,2009-05-12,2015-03-25,2019-02-22,1477,985,0.009975103661951533,-0.3666840460943583,-0.03787115624866181,-0.1978656573571043,-0.4116805528750964,-0.4734848351865007,-0.015590818542468257,-0.09368638816279715,0.20841380052658112,0.5842486668451773,0.15321204924413515,False
stock/IBM,stock,30,200,ls,2009-10-16,2015-05-28,2019-02-22,1411,941,0.22118167734094005,-0.37257445715055165,0.06312667231929932,-0.22951707573314722,-0.38091871752176776,-0.4161653258660409,0.024046131061284375,-0.095517048614306,0.20978053480271627,0.5440625314209213,0.03998321647669764,False
stock/IBM,stock,40,100,ls,2009-05-27,2015-03-31,2019-02-22,1471,981,0.48686616840019337,-0.2496843252040008,0.21696705163057053,-0.20293915497386528,-0.35060900505211234,-0.3514407165489955,0.07607060210128462,-0.07132108203986286,0.20845490686948145,0.6046595584369137,0.14343313422218618,False
stock/IBM,stock,50,150,ls,2009-08-06,2015-04-29,2019-02-22,1441,961,0.13585614248505293,-0.4931360295115212,0.01782659448114149,-0.2523758746665695,-0.44762130303383124,-0.4650633994710087,0.007979563450304258,-0.11737078221690406,0.20858154067396348,0.5678686535121711,0.039946678933611465,False
stock/IBM,stock,50,200,ls,2009-10-16,2015-05-28,2019-02-22,1411,941,0.20785809729962926,-0.40049920454028554,0.05275343944992929,-0.23131385826184123,-0.4080718814482607,-0.4358174616130441,0.021527195289199542,-0.1008106185435951,0.20979537136353285,0.5440625314209213,0.03998321647669764,False
stock/IBM,stock,60,120,ls,2009-06-24,2015-04-13,2019-02-22,1459,973,0.29250066565970095,-0.6636443757869682,0.08812678243490558,-0.30170197096076357,-0.4291758403389772,-0.49264045596536965,0.03782188590787082,-0.14863059653976127,0.20912348824962002,0.6085553772476382,0.12955737930593056,False
stock/IBM,stock,60,132,ls,2009-07-13,2015-04-20,2019-02-22,1452,968,0.30003858204853334,-0.5586868975166686,0.09327363075442897,-0.2730307998246084,-0.4209670036959588,-0.47409578179843964,0.0392651208625352,-0.129442750497901,0.20870116032681432,0.6375092584887189,0.10085071748304343,False
stock/IBM,stock,60,180,ls,2009-09-18,2015-05-15,2019-02-22,1423,949,0.16764469724563055,-0.5152817600387752,0.03406226831444732,-0.2510250184831957,-0.40896150200464215,-0.4853752859366552,0.013930156411561508,-0.12184134012353527,0.20920817785703544,0.5428186623741593,0.028578692782449254,False
stock/IBM,stock,60,400,ls,2010-08-04,2015-09-21,2019-02-22,1291,861,0.21553707495792793,-0.6288199677146609,0.05277710657788274,-0.2817702430770776,-0.43731430422193224,-0.5029910807026778,0.023080183641953553,-0.1417279190751955,0.20819569200085541,0.32921474051031124,0.24414856331826934,False
stock/IBM,stock,62,758,ls,2012-01-04,2016-04-15,2019-02-22,1076,718,-0.04536281029201735,-1.0779780907868701,-0.08848573882091312,-0.4109562140237428,-0.2936661469777759,-0.5201351647098101,-0.025985265982019362,-0.21375277806975945,0.2035597118413407,-0.018861240460145253,0.17931531573228343,False
stock/IBM,stock,74,758,ls,2012-01-04,2016-04-15,2019-02-22,1076,718,-0.03208842885481574,-1.0716265034141814,-0.08230069377923693,-0.406869417001109,-0.2860770523096859,-0.5230182924932596,-0.023544339879406205,-0.21280014774764805,0.2036244549975777,-0.018861240460145253,0.17931531573228343,False
stock/IBM,stock,80,144,ls,2009-07-29,2015-04-24,2019-02-22,1444,964,0.22013727258348578,-0.4590843853952031,0.059484881220399244,-0.24780275434613863,-0.40088562645590775,-0.44795204265707994,0.023846633872695013,-0.1110037499854034,0.20850417444106212,0.5472539517782797,0.07372113217760007,False
stock/IBM,stock,80,300,ls,2010-03-12,2015-07-24,2019-02-22,1351,901,0.07312845748958863,-0.48678872015874197,-0.007929582442454952,-0.23460779097444703,-0.49064676523711775,-0.49900497595737825,-0.0038906239750715653,-0.11707045509461757,0.21013965402780158,0.4279343864390081,0.1333029735193538,False
stock/IBM,stock,100,200,ls,2009-10-16,2015-05-28,2019-02-22,1411,941,0.1342773218899885,-0.3122876224668944,0.01700499510244654,-0.1777794909542573,-0.45367312620205913,-0.4721538354369006,0.007714709289177626,-0.08393926851607236,0.20990094646048765,0.5440625314209213,0.03998321647669764,False
stock/IBM,stock,100,250,ls,2009-12-29,2015-06-25,2019-02-22,1381,921,0.13089848418113714,-0.32158305356388855,0.016536557530219893,-0.18170830337311633,-0.42654274839395656,-0.47566859462732164,0.007053548697914771,-0.08643293329760525,0.21134341549733834,0.43592469429604763,0.08292093903333854,False
stock/IBM,stock,100,300,ls,2010-03-12,2015-07-24,2019-02-22,1351,901,0.14296166168388563,-0.3163833460095968,0.020379433291375808,-0.18829995380686088,-0.45358955907653453,-0.4504590428519178,0.009243898160864801,-0.08482141696089888,0.2100498305806725,0.4279343864390081,0.1333029735193538,False
stock/IBM,stock,100,400,ls,2010-08-04,2015-09-21,2019-02-22,1291,861,0.12110447765042398,-0.7983882913669119,0.01035331140785994,-0.30657053316786986,-0.48634290639660643,-0.5595334819544368,0.005035259560927745,-0.17153647788804635,0.20833133693294562,0.32921474051031124,0.24414856331826934,False
stock/IBM,stock,116,378,ls,2010-07-02,2015-09-08,2019-02-22,1304,870,0.17073766880887595,-0.5778062913229075,0.029067829787817658,-0.26136565594882916,-0.49760574686609327,-0.5068951054198592,0.01446431915134348,-0.1324849717253124,0.20824531292659595,0.4085289735406441,0.23561673516060347,False
stock/IBM,stock,120,398,ls,2010-08-02,2015-09-18,2019-02-22,1292,862,0.20539431823375584,-0.6215028146099703,0.04661723058796006,-0.27451306292642913,-0.4525636013591707,-0.5116601430866392,0.021097261760278093,-0.14045739305608831,0.20839658455113325,0.3191210677228574,0.26297729865790903,False
stock/IBM,stock,134,750,ls,2011-12-21,2016-04-12,2019-02-22,1081,721,-0.04136255583424925,-1.179194550900116,-0.07966417731777663,-0.423409245982585,-0.3168991270589204,-0.5421110378903906,-0.02524550824987046,-0.22953482579200685,0.20330944586917538,-0.008112872379907933,0.20275646818744142,False
stock/IBM,stock,150,400,ls,2010-08-04,2015-09-21,2019-02-22,1291,861,0.2574390251307661,-0.6047379426637887,0.07519096519033694,-0.2683085478981546,-0.41421727422347826,-0.5121973553898578,0.031145396647373803,-0.13742692866192777,0.20836518127345638,0.32921474051031124,0.24414856331826934,False
stock/IBM,stock,150,500,ls,2010-12-27,2015-11-16,2019-02-22,1231,821,0.28254663448823714,-1.0012104513078899,0.09615367903487544,-0.3564067324816228,-0.37969453688513805,-0.570996663570296,0.03650902663094924,-0.20350705512099765,0.20588329190854185,0.1320841724962303,0.3732458719273154,False
stock/IBM,stock,150,710,ls,2011-10-25,2016-03-18,2019-02-22,1105,737,0.035646453263843296,-0.9205107250768834,-0.03851208803350634,-0.3732056469068423,-0.29576405162209046,-0.5018305462594883,-0.011390491193216463,-0.1872859936543864,0.20265260621188913,-0.011577709344870454,0.22940520064793501,False
stock/IBM,stock,162,678,ls,2011-09-09,2016-03-01,2019-02-22,1124,750,0.25784813473434604,-1.1990651179649194,0.10351196495251122,-0.4312523397008236,-0.3055596340471049,-0.5359718420465752,0.031629078130386075,-0.23113911089634584,0.20191687667059044,0.017268895803663482,0.3774961182839507,False
stock/IBM,stock,174,698,ls,2011-10-07,2016-03-11,2019-02-22,1112,742,-0.08295905482557928,-0.6798564025122426,-0.08979355238366038,-0.37962306823585956,-0.37789902028199723,-0.38556509865911137,-0.033932895473425456,-0.14636940575763377,0.20247720575656472,-0.060969552972794494,0.28339013156345927,False
stock/IBM,stock,200,400,ls,2010-08-04,2015-09-21,2019-02-22,1291,861,0.257700936516849,-0.8835503857205655,0.0753165519700405,-0.3178713569523871,-0.4140930886025484,-0.5853994036437719,0.031188063628168422,-0.18608170279536396,0.20828928995738719,0.32921474051031124,0.24414856331826934,False
stock/IBM,stock,200,600,ls,2011-05-19,2016-01-14,2019-02-22,1171,781,0.26757540679423963,-0.8398777452131971,0.11900481390583216,-0.3500633770367537,-0.2826085321277029,-0.5091671142226186,0.033631775774057675,-0.1782407594808284,0.20785393352183673,-0.058747796565595464,0.3947168900033338,False
stock/INTC,stock,5,20,ls,2009-01-30,2015-02-12,2019-02-22,1519,1013,-0.03060734100539236,-0.14180359954402078,-0.10402599898699198,-0.13930382405232686,-0.38340048789380254,-0.47851623764984635,-0.03988361876525293,-0.06665914177575562,0.2559284096122748,0.8940474010054674,0.6578082040706263,False
stock/INTC,stock,5,35,ls,2009-02-23,2015-02-23,2019-02-22,1510,1007,-0.1735021124210354,0.08389176630596545,-0.13806558649835302,-0.03151321235522634,-0.5275682568728602,-0.3518589164132545,-0.0728390208030652,-0.011088204752010724,0.2559493319867752,0.9399156850831206,0.671014980576114,False
stock/INTC,stock,8,21,ls,2009-02-02,2015-02-12,2019-02-22,1518,1013,-0.13755592703810018,-0.18100473514281185,-0.15975736575270943,-0.14019454498153466,-0.41078477829998816,-0.5415055379589307,-0.06562589407251687,-0.07591612249913345,0.2556556468999604,0.8610649327256709,0.6578082040706263,False
stock/INTC,stock,9,21,ls,2009-02-02,2015-02-12,2019-02-22,1518,1013,-0.15381392422530715,-0.23581767224263947,-0.1486419252448567,-0.15965637095910007,-0.4670335098373281,-0.5564142698567395,-0.06942076005608316,-0.08883508307518441,0.25577040492106085,0.8610649327256709,0.6578082040706263,False
stock/INTC,stock,10,20,ls,2009-01-30,2015-02-12,2019-02-22,1519,1013,-0.2443343098884614,-0.19959185000861074,-0.17865230407602625,-0.1481732288512133,-0.5102765763361273,-0.5421080235369565,-0.09116208607847544,-0.0803258962336204,0.25571298765566886,0.8940474010054674,0.6578082040706263,False
stock/INTC,stock,10,30,ls,2009-02-13,2015-02-19,2019-02-22,1513,1009,0.14755476654134667,0.34627910402690876,0.014681156592658074,0.2042914874608638,-0.35439766997027583,-0.28188332961930257,0.0052029676889067756,0.05758636469834829,0.2558066941713588,0.8494929983535431,0.6570945047775949,False
stock/INTC,stock,10,100,ls,2009-05-27,2015-03-31,2019-02-22,1471,981,0.08177495944992734,-0.5967011063557642,-0.014874045699697452,-0.2898997490881673,-0.607202436529434,-0.5790763058110329,-0.009031556789906442,-0.16787407575752125,0.25375994705713867,0.7608935060837048,0.7674035752711237,False
stock/INTC,stock,12,26,ls,2009-02-09,2015-02-17,2019-02-22,1515,1011,0.0697378671402671,0.2139904011218342,-0.03778116154158472,0.06093328267901009,-0.3877852427040733,-0.36751904761934273,-0.014650976898045232,0.02239414201850998,0.2558192246551666,0.8098634163803726,0.6412920007297814,False
stock/INTC,stock,13,48,ls,2009-03-12,2015-03-02,2019-02-22,1502,1002,-0.015141153252758745,0.018031333765031885,-0.06236391516757628,-0.06598686036091674,-0.5339377992696009,-0.4191096824149582,-0.033298451618411766,-0.02765573208942401,0.2560806544586495,0.8420028809501809,0.6650722539298488,False
stock/INTC,stock,20,50,ls,2009-03-16,2015-03-03,2019-02-22,1501,1001,-1.0840286534561082e-06,0.1101495070075983,-0.06355298449245035,-0.012829639298751316,-0.4661144183527419,-0.3486890133189429,-0.02962296240127932,-0.004473554268319531,0.2562532697004152,0.8568816395931135,0.6642496906099731,False
stock/INTC,stock,20,60,ls,2009-03-30,2015-03-09,2019-02-22,1495,997,-0.027548087657805826,-0.18039349889741868,-0.06086980542893728,-0.1550855382288539,-0.5762441472715972,-0.490654510984491,-0.035075869123986005,-0.0760934189204449,0.2564362675964876,0.819274046129796,0.7068672951607716,False
stock/INTC,stock,20,100,ls,2009-05-27,2015-03-31,2019-02-22,1471,981,0.08638174541173614,-0.347609286368858,-0.012685440056682418,-0.23750589344919748,-0.6262600122312065,-0.4780743856114865,-0.007944383845056168,-0.11354548408983227,0.25376431969123414,0.7608935060837048,0.7674035752711237,False
stock/INTC,stock,21,55,ls,2009-03-23,2015-03-05,2019-02-22,1498,999,-0.04401650257860218,-0.0509836788723798,-0.07791413085345816,-0.0956987524682746,-0.5067836634788574,-0.46920865648932114,-0.0394856086706866,-0.044902683073343226,0.2564081275049142,0.7971527683565682,0.675776999616884,False
stock/INTC,stock,30,90,ls,2009-05-12,2015-03-25,2019-02-22,1477,985,0.41698910034812103,-0.5435265665719992,0.15620533292405586,-0.2884992400881323,-0.4717517266247722,-0.5466633405030824,0.07369013551492073,-0.1577119583191792,0.25544420754230385,0.739542104618892,0.8066477624264597,False
stock/INTC,stock,30,200,ls,2009-10-16,2015-05-28,2019-02-22,1411,941,-0.164802515309631,-0.20022090659090286,-0.11025700412637662,-0.18606613088642254,-0.5880470426276474,-0.43242133867138904,-0.06483630520550009,-0.08045896539931273,0.2554785694930554,0.6567566042807786,0.6948035130868554,False
stock/INTC,stock,40,100,ls,2009-05-27,2015-03-31,2019-02-22,1471,981,0.12078589202670305,-0.02054622307477597,0.0004959702229878587,-0.07567981727561189,-0.579205967372343,-0.4862565321319378,0.0002872689127935594,-0.03679980550081775,0.25386032715515483,0.7608935060837048,0.7674035752711237,False
stock/INTC,stock,50,150,ls,2009-08-06,2015-04-29,2019-02-22,1441,961,-0.04863369728884563,-0.4518623780886925,-0.06472860696010002,-0.26074724336582766,-0.6002408489916166,-0.5253535344884752,-0.0388527539957751,-0.1369844859103642,0.25430251401621917,0.6712596625055101,0.7270728079358908,False
stock/INTC,stock,50,200,ls,2009-10-16,2015-05-28,2019-02-22,1411,941,0.08754379838810458,-0.6026589054583444,-0.015200947934010544,-0.29665444045540645,-0.4734170082483631,-0.5745974263209928,-0.007196387293458407,-0.17045687799237075,0.25561624195442123,0.6567566042807786,0.6948035130868554,False
stock/INTC,stock,60,120,ls,2009-06-24,2015-04-13,2019-02-22,1459,973,0.16004226697078006,-0.28066294206861336,0.017195773391905186,-0.17669044473471926,-0.5707630003545444,-0.5580078274130661,0.009814711214580645,-0.09859465119106912,0.2543615661418314,0.749795682691002,0.7565236536290941,False
stock/INTC,stock,60,132,ls,2009-07-13,2015-04-20,2019-02-22,1452,968,0.14047203788789062,-0.33114026318654777,0.00925452254367501,-0.19770163528912196,-0.5516450773605688,-0.5557543463654114,0.005105211804540729,-0.10987354309547893,0.25393432373551433,0.7575991202073206,0.7287056679903728,False
stock/INTC,stock,60,180,ls,2009-09-18,2015-05-15,2019-02-22,1423,949,0.004910269809632598,-0.3648137066833542,-0.05177779946159821,-0.2132325754850879,-0.5125506172090472,-0.5542472243244343,-0.02653874307176843,-0.11818356309816037,0.25523691946297383,0.6520674674882405,0.7229193891477226,False
stock/INTC,stock,60,400,ls,2010-08-04,2015-09-21,2019-02-22,1291,861,0.18279978220792176,0.6919054119965677,0.03517463607236766,0.6146848316792282,-0.4475451225526613,-0.2523130196516449,0.015742236811753046,0.15509298601504912,0.255684832474154,0.5462919890728349,0.914137800505386,False
stock/INTC,stock,62,758,ls,2012-01-04,2016-04-15,2019-02-22,1076,718,0.2803365120657697,0.9420996737860436,0.09793488715217483,0.9198215169628695,-0.39436510487093124,-0.25231301965164477,0.03862210204229024,0.2320829444854582,0.2564235639527513,0.4941197236089375,0.9420996737860436,False
stock/INTC,stock,74,758,ls,2012-01-04,2016-04-15,2019-02-22,1076,718,0.2771155130390683,0.9420996737860436,0.0954783135998285,0.9198215169628695,-0.3963119778918872,-0.25231301965164477,0.03783919930852991,0.2320829444854582,0.2564235639527513,0.4941197236089375,0.9420996737860436,False
stock/INTC,stock,80,144,ls,2009-07-29,2015-04-24,2019-02-22,1444,964,0.1023295949325659,-0.25562728748772406,-0.007611936993140002,-0.17687142179592252,-0.4875963454245445,-0.5245417855937303,-0.003711552659456961,-0.09277645140933503,0.2542531920755887,0.6303749144934429,0.751231755563037,False
stock/INTC,stock,80,300,ls,2010-03-12,2015-07-24,2019-02-22,1351,901,0.23881278774964443,0.47662828794019574,0.07058905023294183,0.2339562830672186,-0.4114652847784893,-0.4004951458350255,0.029044943656340496,0.09369835570602622,0.25758650444763037,0.47659873094039856,0.925950914647681,False
stock/INTC,stock,100,200,ls,2009-10-16,2015-05-28,2019-02-22,1411,941,0.2998927422881877,-0.02219851392506905,0.11737643691876727,-0.07036253709794085,-0.375050132687196,-0.5352967155606381,0.044022048240733955,-0.03766483500704129,0.25571770149744955,0.6567566042807786,0.6948035130868554,False
stock/INTC,stock,100,250,ls,2009-12-29,2015-06-25,2019-02-22,1381,921,0.38637124902204006,0.23422885820891615,0.16223785803401058,0.06902763306434981,-0.4035906019493321,-0.3987580832255836,0.06547767478291662,0.02752532665033905,0.2569787695213147,0.6082439686846839,0.7703743859289894,False
stock/INTC,stock,100,300,ls,2010-03-12,2015-07-24,2019-02-22,1351,901,0.22050198217093386,0.5020765108967237,0.05795047276691577,0.25189872665376184,-0.4248971888195048,-0.40049514583502555,0.02462299296942378,0.10088421726685558,0.25757076194391515,0.47659873094039856,0.925950914647681,False
stock/INTC,stock,100,400,ls,2010-08-04,2015-09-21,2019-02-22,1291,861,0.17329873807099255,0.7721880079689722,0.027613169146063016,0.7095313583652816,-0.4896560079808872,-0.25231301965164477,0.01352095417176222,0.1790239995666775,0.25566750130588817,0.5462919890728349,0.914137800505386,False
stock/INTC,stock,116,378,ls,2010-07-02,2015-09-08,2019-02-22,1304,870,0.214878762734077,0.894943881820758,0.04549208094800834,0.8555006300621927,-0.5123199187862758,-0.2523130196516447,0.02330649921670232,0.21585394728487645,0.25472102467276386,0.6201862603188816,0.894943881820758,False
stock/INTC,stock,120,398,ls,2010-08-02,2015-09-18,2019-02-22,1292,862,0.16458428605700043,0.9190986882667301,0.023608210583135645,0.8874575547757434,-0.4860761127938012,-0.2523130196516447,0.011475387230268053,0.2239170954581327,0.25541626953109137,0.5314019969087059,0.9190986882667301,False
stock/INTC,stock,134,750,ls,2011-12-21,2016-04-12,2019-02-22,1081,721,0.5655091731863687,0.9222996013122774,0.33838382128039024,0.894085401214172,-0.3189216269282513,-0.2523130196516449,0.10791791880894068,0.22558938740680018,0.25610617511666145,0.5655091731863687,0.9222996013122774,False
stock/INTC,stock,150,400,ls,2010-08-04,2015-09-21,2019-02-22,1291,861,0.17199182624778664,0.914137800505386,0.026924096270916617,0.8817664880311494,-0.49046938052190336,-0.2523130196516447,0.013205444819108562,0.22248116522276515,0.2555560268070737,0.5462919890728349,0.914137800505386,False
stock/INTC,stock,150,500,ls,2010-12-27,2015-11-16,2019-02-22,1231,821,0.339312555308938,0.823648627666162,0.1217084493429688,0.7770410537655872,-0.43865258384363254,-0.25231301965164493,0.053387725779895125,0.19605757466889148,0.25778077221306983,0.6444503265906051,0.823648627666162,False
stock/INTC,stock,150,710,ls,2011-10-25,2016-03-18,2019-02-22,1105,737,0.5419597490854307,0.8757674132487955,0.3266476955581106,0.83084320796863,-0.3189216269282513,-0.2523130196516449,0.10417501449975676,0.2096325586596246,0.2541783630214073,0.5419597490854307,0.8757674132487955,False
stock/INTC,stock,162,678,ls,2011-09-09,2016-03-01,2019-02-22,1124,750,0.6732904523888503,0.9633456409958449,0.43909960598757075,0.9342141223144508,-0.3189216269282513,-0.25231301965164477,0.1400383607251102,0.2357143862023701,0.25289935642924305,0.6732904523888503,0.9633456409958449,False
stock/INTC,stock,174,698,ls,2011-10-07,2016-03-11,2019-02-22,1112,742,0.6074485484940616,0.9099565030407143,0.38082731087693306,0.8713595237670988,-0.31892162692825127,-0.25231301965164493,0.12145406556358242,0.21985535264389597,0.2537709865757258,0.6074485484940616,0.9099565030407143,False
stock/INTC,stock,200,400,ls,2010-08-04,2015-09-21,2019-02-22,1291,861,0.25977763840076834,0.914137800505386,0.07822433021127884,0.8817664880311494,-0.434592525187031,-0.2523130196516447,0.03399570919758383,0.22248116522276515,0.2555560268070737,0.5462919890728349,0.914137800505386,False
stock/INTC,stock,200,600,ls,2011-05-19,2016-01-14,2019-02-22,1171,781,0.5600393587695931,0.8339481798057155,0.34315060362690625,0.7903299206736183,-0.3189216269282513,-0.2523130196516449,0.10943814879010444,0.19941052880620558,0.25803013415284376,0.5600393587695931,0.8339481798057155,False
stock/JNJ,stock,5,20,ls,2009-01-30,2015-02-12,2019-02-22,1519,1013,-0.1533554546835008,-0.33959317465339167,-0.07594286750114373,-0.21737941524552123,-0.4235561672360472,-0.3022437883217257,-0.03216606988769941,-0.06570157796696784,0.1614695013786089,0.9118058032570663,0.7552897008489577,False
stock/JNJ,stock,5,35,ls,2009-02-23,2015-02-23,2019-02-22,1510,1007,-0.29981163702637276,-0.21788406252116574,-0.1273263101409639,-0.1772777468865088,-0.4100310008475469,-0.26732563429506595,-0.052207734381324596,-0.04739088613283612,0.16211131574408472,1.0251944376030855,0.7203715792320524,False
stock/JNJ,stock,8,21,ls,2009-02-02,2015-02-12,2019-02-22,1518,1013,-0.2907574643163236,-0.4432902946095214,-0.10979518767004873,-0.2568824167293455,-0.4666968554532236,-0.316223155132668,-0.05124106882950829,-0.08123216831625849,0.16148078764975932,0.9121068790154774,0.7552897008489577,False
stock/JNJ,stock,9,21,ls,2009-02-02,2015-02-12,2019-02-22,1518,1013,-0.23450857807029246,-0.6145259830923715,-0.1013313159419999,-0.2816915444522272,-0.4292748649698829,-0.377876424358791,-0.04349898696822255,-0.10644459358971305,0.1616900558420043,0.9121068790154774,0.7552897008489577,False
stock/JNJ,stock,10,20,ls,2009-01-30,2015-02-12,2019-02-22,1519,1013,-0.26653440697794134,-0.514134525526272,-0.11037714979459881,-0.27331774857892277,-0.43414937406052256,-0.33582985874620636,-0.04792017049390961,-0.09178826089809078,0.1616453941092996,0.9118058032570663,0.7552897008489577,False
stock/JNJ,stock,10,30,ls,2009-02-13,2015-02-19,2019-02-22,1513,1009,-0.3877857522021659,0.020305333470588726,-0.13466220082062125,-0.04798617305435824,-0.4773722215323524,-0.20443707200063987,-0.06428399396217574,-0.009810152715749,0.16158701495790662,0.9559989813917289,0.7224241979868651,False
stock/JNJ,stock,10,100,ls,2009-05-27,2015-03-31,2019-02-22,1471,981,-0.06114603397412564,-0.06769614231898256,-0.04079013750628097,-0.11872155951459448,-0.43393494238682057,-0.20066303436771635,-0.017700265968738523,-0.023823028377065954,0.16157277020063418,1.0746367210323509,0.731764884579134,False
stock/JNJ,stock,12,26,ls,2009-02-09,2015-02-17,2019-02-22,1515,1011,-0.35861755964220615,-0.04883098422061003,-0.12803191003203246,-0.09866953617029754,-0.47312277339962416,-0.21063801077627503,-0.06057481235800636,-0.020783554823129193,0.16145426540561428,0.920720103885345,0.7255016808127875,False
stock/JNJ,stock,13,48,ls,2009-03-12,2015-03-02,2019-02-22,1502,1002,-0.5226944405930052,0.0601291290286401,-0.1845270163630182,-0.014534423746235214,-0.42889409357561936,-0.23939124769129835,-0.07914254742323017,-0.0034794138350852824,0.1619959913795289,1.2067037270864898,0.676557583274232,False
stock/JNJ,stock,20,50,ls,2009-03-16,2015-03-03,2019-02-22,1501,1001,-0.4131691122039071,-0.15853051377680755,-0.1643438199546853,-0.13376213227228498,-0.39354378577220656,-0.2857756413912527,-0.06467648907323276,-0.03822595914397382,0.16219607189223942,1.1592156884168083,0.6904231913758311,False
stock/JNJ,stock,20,60,ls,2009-03-30,2015-03-09,2019-02-22,1495,997,-0.29917850735066637,-0.031342718336002155,-0.11807018170495762,-0.07504239099064686,-0.4200072752212765,-0.24117107051583522,-0.04959033530278026,-0.018098053769282172,0.16173529707246032,1.0939390039750405,0.7195476310804038,False
stock/JNJ,stock,20,100,ls,2009-05-27,2015-03-31,2019-02-22,1471,981,-0.2154514764042721,-0.4114971790121899,-0.07642853804057531,-0.24088175095229006,-0.5024833780487985,-0.3179294221920382,-0.038404069973959384,-0.07658339589686802,0.16153953055086087,1.0746367210323509,0.731764884579134,False
stock/JNJ,stock,21,55,ls,2009-03-23,2015-03-05,2019-02-22,1498,999,-0.3256487441382995,-0.023771349050905295,-0.12325556132830333,-0.06354721866816952,-0.4285549064033536,-0.2668139947304979,-0.05282177554874384,-0.016955287266866778,0.1620731585493801,1.1122471485127774,0.6886732643869219,False
stock/JNJ,stock,30,90,ls,2009-05-12,2015-03-25,2019-02-22,1477,985,0.16305706953094246,0.052754446525894366,0.03183894810221554,-0.019124556789419128,-0.40980005700395444,-0.2409944362729886,0.013047602747233876,-0.00460891178243682,0.16135208006181576,1.0603972614876116,0.7337161672045379,False
stock/JNJ,stock,30,200,ls,2009-10-16,2015-05-28,2019-02-22,1411,941,0.21083859721719556,0.1485143249835776,0.057773612976081995,0.040065235643349725,-0.3408914562349851,-0.27106112292009327,0.019694531059373025,0.010860127763544522,0.1633042660915456,0.9842397062229756,0.7325777773468436,False
stock/JNJ,stock,40,100,ls,2009-05-27,2015-03-31,2019-02-22,1471,981,0.1486601332167468,-0.03445536911978805,0.02540302669868476,-0.07631061280160988,-0.4348337193683755,-0.2428675778454043,0.01104609258260324,-0.018533373695025494,0.16142545477785233,1.0746367210323509,0.731764884579134,False
stock/JNJ,stock,50,150,ls,2009-08-06,2015-04-29,2019-02-22,1441,961,0.3592640125624064,0.29288327027207584,0.13044395456787639,0.18745893617750523,-0.31062731169647284,-0.1859186610949164,0.040519454934476284,0.03485211442439916,0.1623593497472183,0.9700751672123433,0.745437070500735,False
stock/JNJ,stock,50,200,ls,2009-10-16,2015-05-28,2019-02-22,1411,941,0.42532010516302393,0.1633495812586758,0.1561023842122576,0.045856941658691926,-0.3207361047860145,-0.2901456295639094,0.05006767066004935,0.013305191207436631,0.16315288902659705,0.9842397062229756,0.7325777773468436,False
stock/JNJ,stock,60,120,ls,2009-06-24,2015-04-13,2019-02-22,1459,973,0.33701360721063084,-0.11734214936222805,0.1106723013488983,-0.11277266622506293,-0.33950946689852995,-0.2804891115159678,0.03757429403139792,-0.03163150495275469,0.16162385578776467,1.0531941812546914,0.7377116913534685,False
stock/JNJ,stock,60,132,ls,2009-07-13,2015-04-20,2019-02-22,1452,968,0.43090291477685366,0.13344431053432568,0.1524907111222836,0.03623588570392646,-0.3337011629369336,-0.23245884925152427,0.050886327638586026,0.008423352292344505,0.1618903072677063,1.005780436954853,0.7453986374680647,False
stock/JNJ,stock,60,180,ls,2009-09-18,2015-05-15,2019-02-22,1423,949,0.4441058639932844,0.24041570497475348,0.1605765155065176,0.08707843808098792,-0.3292731681647842,-0.2996910246482658,0.05287353799369265,0.026096626333261836,0.1627730817507475,0.9727477406158953,0.7219449275008575,False
stock/JNJ,stock,60,400,ls,2010-08-04,2015-09-21,2019-02-22,1291,861,0.7450253821727487,0.4821936322323285,0.6843557207741968,0.29898127829597304,-0.14545333583123954,-0.2234930284005381,0.09954182248179924,0.0668202313214311,0.16144253799533986,0.9217589797013748,0.9358811695825207,False
stock/JNJ,stock,62,758,ls,2012-01-04,2016-04-15,2019-02-22,1076,718,1.1733459908309856,0.7081177419982368,1.1312015866941456,0.5817896298267519,-0.14545333583123962,-0.18282865420284453,0.16453704428225469,0.10636781505039614,0.161369625135354,1.1733459908309856,0.7081177419982368,False
stock/JNJ,stock,74,758,ls,2012-01-04,2016-04-15,2019-02-22,1076,718,1.1733459908309856,0.7081177419982368,1.1312015866941456,0.5817896298267519,-0.14545333583123962,-0.18282865420284453,0.16453704428225469,0.10636781505039614,0.161369625135354,1.1733459908309856,0.7081177419982368,False
stock/JNJ,stock,80,144,ls,2009-07-29,2015-04-24,2019-02-22,1444,964,0.3978714368044083,0.2763830228201116,0.12990864664985324,0.10480810012963417,-0.3546612273417024,-0.3059098443448443,0.04607356006313649,0.032061829596735245,0.1622625106282646,0.9499620648830295,0.7330841606463995,False
stock/JNJ,stock,80,300,ls,2010-03-12,2015-07-24,2019-02-22,1351,901,0.7093601083504016,0.14605649490308367,0.4497718471032942,0.03693872553740558,-0.2058149816373567,-0.2822845091531297,0.0925697844525645,0.01042723000706871,0.16489059092385386,0.886491210247167,0.789270044232175,False
stock/JNJ,stock,100,200,ls,2009-10-16,2015-05-28,2019-02-22,1411,941,0.749801004563483,0.17053006921570282,0.4322646399786199,0.04618247668890999,-0.22604309936120182,-0.31384765260330855,0.09771043896502131,0.014494261900221418,0.16318888598863115,0.9842397062229756,0.7325777773468436,False
stock/JNJ,stock,100,250,ls,2009-12-29,2015-06-25,2019-02-22,1381,921,0.6917173945844594,0.04897266797087381,0.43448407591220967,-0.01642267584817368,-0.20605098962604151,-0.33606330133589857,0.08952587381846695,-0.0055190586623065745,0.16404112138840818,0.8662393313005511,0.7770892810219792,False
stock/JNJ,stock,100,300,ls,2010-03-12,2015-07-24,2019-02-22,1351,901,0.886491210247167,0.20796216927847402,0.9301406447016908,0.07619879641344787,-0.12856563202173146,-0.2729407020318785,0.11958411985517364,0.020797752987070647,0.1649114235055805,0.886491210247167,0.789270044232175,False
stock/JNJ,stock,100,400,ls,2010-08-04,2015-09-21,2019-02-22,1291,861,0.9217589797013748,0.9358811695825207,0.874121190300985,0.8078774159073289,-0.14545333583123954,-0.18282865420284458,0.12714384305005202,0.14770314071120869,0.1612520447117058,0.9217589797013748,0.9358811695825207,False
stock/JNJ,stock,116,378,ls,2010-07-02,2015-09-08,2019-02-22,1304,870,0.9370921495475213,0.9120664071504477,0.89450643919764,0.7832333232298113,-0.14545333583123954,-0.18282865420284458,0.13010894550382057,0.14319749441292798,0.16112425854218215,0.9370921495475213,0.9120664071504477,False
stock/JNJ,stock,120,398,ls,2010-08-02,2015-09-18,2019-02-22,1292,862,0.9486711205923849,0.9302288865639823,0.9037022014778411,0.801761100743085,-0.14545333583123954,-0.18282865420284458,0.13144649980298692,0.14658490304104954,0.161168753686215,0.9486711205923849,0.9302288865639823,False
stock/JNJ,stock,134,750,ls,2011-12-21,2016-04-12,2019-02-22,1081,721,1.1730231239113613,0.7180618424531182,1.130591327504321,0.5904137952326872,-0.14545333583123954,-0.18282865420284453,0.1644482800473729,0.10794455960518602,0.16104561407338808,1.1730231239113613,0.7180618424531182,False
stock/JNJ,stock,150,400,ls,2010-08-04,2015-09-21,2019-02-22,1291,861,0.9217589797013748,0.9358811695825207,0.874121190300985,0.8078774159073289,-0.14545333583123954,-0.18282865420284458,0.12714384305005202,0.14770314071120869,0.1612520447117058,0.9217589797013748,0.9358811695825207,False
stock/JNJ,stock,150,500,ls,2010-12-27,2015-11-16,2019-02-22,1231,821,0.989957323953232,0.8169626876749609,0.9664180787715737,0.690616104858083,-0.14545333583123962,-0.18282865420284455,0.1405687333649431,0.12626441302201388,0.16173619181496043,0.989957323953232,0.8169626876749609,False
stock/JNJ,stock,150,710,ls,2011-10-25,2016-03-18,2019-02-22,1105,737,1.144535974924398,0.7501495261045811,1.121714327581766,0.6170740789495082,-0.14545333583123962,-0.1828286542028445,0.16315709079646376,0.11281882339779839,0.15972490996531893,1.144535974924398,0.7501495261045811,False
stock/JNJ,stock,162,678,ls,2011-09-09,2016-03-01,2019-02-22,1124,750,1.1059217659855523,0.7482968524385882,1.098052348247594,0.6111325844349602,-0.14545333583123954,-0.18282865420284444,0.15971537696993846,0.11173254795174997,0.1585649133412664,1.1059217659855523,0.7482968524385882,False
stock/JNJ,stock,174,698,ls,2011-10-07,2016-03-11,2019-02-22,1112,742,1.1445371043158614,0.7430459615110715,1.1336568909499272,0.6086608986901637,-0.14545333583123962,-0.18282865420284458,0.16489417647673874,0.11128065297341656,0.1592963250960794,1.1445371043158614,0.7430459615110715,False
stock/JNJ,stock,200,400,ls,2010-08-04,2015-09-21,2019-02-22,1291,861,0.9217589797013748,0.9358811695825207,0.874121190300985,0.8078774159073289,-0.14545333583123954,-0.18282865420284458,0.12714384305005202,0.14770314071120869,0.1612520447117058,0.9217589797013748,0.9358811695825207,False
stock/JNJ,stock,200,600,ls,2011-05-19,2016-01-14,2019-02-22,1171,781,0.8873864396908115,0.8865102883305843,0.8605368574334764,0.7602124398431322,-0.14545333583123962,-0.18282865420284458,0.12516795651943102,0.13898861728478082,0.1617334897391462,0.8873864396908115,0.8865102883305843,False
stock/JPM,stock,5,20,ls,2009-01-30,2015-02-12,2019-02-22,1519,1013,-0.15234959021170658,-0.6175077437637633,-0.1993615993677246,-0.27131400305808484,-0.6397271452835878,-0.5235058353718541,-0.12753702684268478,-0.1420344638190045,0.21167646207140045,0.602570087869006,0.9007979630756773,False
stock/JPM,stock,5,35,ls,2009-02-23,2015-02-23,2019-02-22,1510,1007,-0.25373846255038135,-0.40145289009988816,-0.2252901613079107,-0.2067254684245186,-0.6920245377958733,-0.4943035313953941,-0.15590631974906463,-0.1021851290716066,0.21226016989184043,0.7266353938732498,0.9085612337113459,False
stock/JPM,stock,8,21,ls,2009-02-02,2015-02-12,2019-02-22,1518,1013,-0.17456155344253815,-0.4614541300764416,-0.1870092777036097,-0.22242337600671308,-0.7224919052318232,-0.508011567531888,-0.13511268934410808,-0.11299364790090484,0.21131554710533762,0.6079740984430133,0.9007979630756773,False
stock/JPM,stock,9,21,ls,2009-02-02,2015-02-12,2019-02-22,1518,1013,-0.17542128200997073,-0.4322374384969277,-0.18725949236731138,-0.2148796321332635,-0.7230388064215161,-0.5005135539886806,-0.13539587985235982,-0.1075501683588,0.21140810214951483,0.6079740984430133,0.9007979630756773,False
stock/JPM,stock,10,20,ls,2009-01-30,2015-02-12,2019-02-22,1519,1013,-0.2026545666250487,-0.4193568526515754,-0.1971403426696975,-0.20991658436395533,-0.7332974437486368,-0.5007073188283264,-0.14456250933941947,-0.10510677013447627,0.21139203036619558,0.602570087869006,0.9007979630756773,False
stock/JPM,stock,10,30,ls,2009-02-13,2015-02-19,2019-02-22,1513,1009,-0.29892197711769053,0.009378233951560582,-0.22014289082140692,-0.05002693310619149,-0.7835371027156669,-0.40589321889548713,-0.17249012285765655,-0.020305592909941272,0.21201492829439597,0.6197152792452923,0.9097650432740048,False
stock/JPM,stock,10,100,ls,2009-05-27,2015-03-31,2019-02-22,1471,981,-0.29659045036481174,-0.03403010711853908,-0.18271860314339422,-0.06764394350352651,-0.6669480010107642,-0.43656945277606707,-0.12186380711396592,-0.029531279398949763,0.21272335680349114,0.542829289041368,0.9029805473212102,False
stock/JPM,stock,12,26,ls,2009-02-09,2015-02-17,2019-02-22,1515,1011,-0.11777191658106433,0.04518634544874137,-0.16355924555957144,-0.03389830943750018,-0.6965911616625927,-0.37785294295930494,-0.11393392486499913,-0.012808575982304624,0.21183476597898931,0.580808872652102,0.8913210812083774,False
stock/JPM,stock,13,48,ls,2009-03-12,2015-03-02,2019-02-22,1502,1002,0.02745511038367093,-0.21688525110462098,-0.09500430066783973,-0.18529935499348874,-0.556970561305952,-0.3573698205417588,-0.052914598669446124,-0.06622039724052672,0.21191103449071186,0.6935715200918596,0.8647519774627007,False
stock/JPM,stock,20,50,ls,2009-03-16,2015-03-03,2019-02-22,1501,1001,-0.14098863457195082,-0.27785545690995117,-0.1749793738662564,-0.1748112824704088,-0.6183776032527772,-0.4485086528626912,-0.10820332583008728,-0.07840437280600245,0.21228852508887064,0.6978725078273411,0.8613515293743376,False
stock/JPM,stock,20,60,ls,2009-03-30,2015-03-09,2019-02-22,1495,997,-0.027052695131576286,-0.2768070801092719,-0.1032020864027539,-0.182007990793702,-0.5900876494406203,-0.4302151501752806,-0.06089827658276885,-0.0783025950924136,0.21252776577139146,0.6895770064523083,0.8729714304961578,False
stock/JPM,stock,20,100,ls,2009-05-27,2015-03-31,2019-02-22,1471,981,-0.003920884634250488,0.23857268591914704,-0.07654700836360759,0.07897233536452973,-0.5643752380312086,-0.36002311873318843,-0.04320123606578795,0.02843186647158126,0.21253893872304822,0.542829289041368,0.9029805473212102,False
stock/JPM,stock,21,55,ls,2009-03-23,2015-03-05,2019-02-22,1498,999,0.06025226503680693,-0.25642825552166254,-0.05604225127160816,-0.17270153421981235,-0.6262247547126231,-0.4302151501752806,-0.03509504505610601,-0.07429881647987793,0.21252205019381132,0.6109564658742771,0.8616578149245014,False
stock/JPM,stock,30,90,ls,2009-05-12,2015-03-25,2019-02-22,1477,985,-0.07136680990548576,0.10755998072974124,-0.1129099576623731,0.0003695406757047592,-0.5619846624072534,-0.45480755210736906,-0.06345366443930603,0.00016806989012138463,0.21265233477404175,0.5167889947323395,0.9194826494887541,False
stock/JPM,stock,30,200,ls,2009-10-16,2015-05-28,2019-02-22,1411,941,0.05323415941978228,0.14945526548090987,-0.04915690262439572,0.01965943300754577,-0.49566771509301555,-0.4554035934032781,-0.024365489604884084,0.008952976435907358,0.2151304847496203,0.4493658193099493,0.809090182510381,False
stock/JPM,stock,40,100,ls,2009-05-27,2015-03-31,2019-02-22,1471,981,-0.12848709572238395,0.1393712794696217,-0.12531939946857118,0.01647299081525337,-0.6188215142898241,-0.42297469796289444,-0.07755034054903259,0.006967658314627329,0.21251368643513432,0.542829289041368,0.9029805473212102,False
stock/JPM,stock,50,150,ls,2009-08-06,2015-04-29,2019-02-22,1441,961,0.005834583168762601,0.31099679112720463,-0.06345484054928864,0.10480544485162412,-0.6082963264324027,-0.42447175597122183,-0.03859934640048615,0.04448695121151394,0.21370474396775443,0.49140413539913674,0.8477019083421733,False
stock/JPM,stock,50,200,ls,2009-10-16,2015-05-28,2019-02-22,1411,941,-0.11128097196846494,0.35682212767381777,-0.10672873019189927,0.15543241898912785,-0.6414119440135452,-0.35372429233967795,-0.06845708231448326,0.054980222413573566,0.21512594241466734,0.4493658193099493,0.809090182510381,False
stock/JPM,stock,60,120,ls,2009-06-24,2015-04-13,2019-02-22,1459,973,0.0816306366990648,0.3288387428289818,-0.03082048840220071,0.10259233458287084,-0.5884081587174829,-0.47212361964103977,-0.018135026831512455,0.0484362643506896,0.2132800254296112,0.5891236589384508,0.8694797760574254,False
stock/JPM,stock,60,132,ls,2009-07-13,2015-04-20,2019-02-22,1452,968,0.1705896377804803,0.35421179902918365,0.013719164087487258,0.12652170932479403,-0.5607772122415794,-0.4275776422654015,0.007693394591265896,0.054097854168483894,0.2131781572705468,0.581843388719656,0.8505380202817653,False
stock/JPM,stock,60,180,ls,2009-09-18,2015-05-15,2019-02-22,1423,949,-0.1164939838476361,0.2965089157315646,-0.10814699395554446,0.1068897760331538,-0.6549755329980607,-0.38660232949574974,-0.07083363500817078,0.04132383641369622,0.2145302562045532,0.45814186549565145,0.8108481905478118,False
stock/JPM,stock,60,400,ls,2010-08-04,2015-09-21,2019-02-22,1291,861,-0.17517608816103675,0.6704323282981842,-0.1217521220803067,0.4033047131779023,-0.6705381807318641,-0.3159565722873594,-0.08163944643997267,0.12742677476302663,0.21258778380337934,0.5111659658355167,0.9758246231942272,False
stock/JPM,stock,62,758,ls,2012-01-04,2016-04-15,2019-02-22,1076,718,0.3149715709781286,1.1832261108494098,0.14481982717915123,1.0818220413370543,-0.32563370733667346,-0.21786027525198984,0.04715821722020336,0.2356860476993602,0.19499428026005416,0.8130527385147716,1.1832261108494098,False
stock/JPM,stock,74,758,ls,2012-01-04,2016-04-15,2019-02-22,1076,718,0.24053657596466216,1.1832261108494098,0.07980108332912526,1.0818220413370543,-0.36676834471885217,-0.21786027525198984,0.02926851123939446,0.2356860476993602,0.19499428026005416,0.8130527385147716,1.1832261108494098,False
stock/JPM,stock,80,144,ls,2009-07-29,2015-04-24,2019-02-22,1444,964,-0.01797768011620289,0.3096782979909083,-0.0701629509882179,0.10814283998535995,-0.6458256576301711,-0.4084255858686245,-0.04531303396323928,0.04416830277851755,0.21350438256860343,0.5268564325629865,0.8654197644678994,False
stock/JPM,stock,80,300,ls,2010-03-12,2015-07-24,2019-02-22,1351,901,-0.5052621412965647,0.33975843336465117,-0.20020022915955632,0.13135696563278582,-0.8166342682661951,-0.39156459789162446,-0.16349036764643884,0.051434737428265716,0.21749661211001553,0.5404578294607117,0.7739905180587293,False
stock/JPM,stock,100,200,ls,2009-10-16,2015-05-28,2019-02-22,1411,941,-0.21799995772167688,0.2022076820393466,-0.13773866170471002,0.05358358823955272,-0.6968490894758784,-0.38224035844951004,-0.09598306099455323,0.020481809975697582,0.21518925651254273,0.4493658193099493,0.809090182510381,False
stock/JPM,stock,100,250,ls,2009-12-29,2015-06-25,2019-02-22,1381,921,-0.40386224408123383,0.32132470431512905,-0.1765155498595692,0.12265181703180286,-0.7984914928004215,-0.3840953119547121,-0.14094616490985465,0.04710998792464259,0.2163787299553894,0.5495469542626223,0.7744320022303733,False
stock/JPM,stock,100,300,ls,2010-03-12,2015-07-24,2019-02-22,1351,901,-0.3549210697871003,0.45627304814207365,-0.16593135485135613,0.23505892548106433,-0.7707207783953623,-0.3337790821395045,-0.12788674297123429,0.07845775239576784,0.21726753153616735,0.5404578294607117,0.7739905180587293,False
stock/JPM,stock,100,400,ls,2010-08-04,2015-09-21,2019-02-22,1291,861,-0.22727993755075274,0.9758246231942272,-0.13639181678921963,0.9237043914950294,-0.6937016369466658,-0.21960241068391784,-0.09461522657281139,0.20284771113162986,0.21238618879405627,0.5111659658355167,0.9758246231942272,False
stock/JPM,stock,116,378,ls,2010-07-02,2015-09-08,2019-02-22,1304,870,-0.11161391855646746,0.9281096102238293,-0.09457104771157779,0.8699579250863022,-0.6977560279462738,-0.21960241068391786,-0.06598751860994806,0.1910448575425312,0.21276179088682146,0.6261321495109761,0.9281096102238293,False
stock/JPM,stock,120,398,ls,2010-08-02,2015-09-18,2019-02-22,1292,862,-0.18276852987692582,0.9866031032279922,-0.12492458553415141,0.9358895558525824,-0.668584165379877,-0.21960241068391786,-0.08352259975477767,0.20552360259912827,0.2123020299500879,0.49890771526273864,0.9866031032279922,False
stock/JPM,stock,134,750,ls,2011-12-21,2016-04-12,2019-02-22,1081,721,-0.03612759939152399,1.2478565612469312,-0.06635891336449261,1.1621663854079043,-0.5251559090990032,-0.21786027525198978,-0.03484877547475211,0.25318988861357605,0.19638943159396172,0.8504796973054848,1.2478565612469312,False
stock/JPM,stock,150,400,ls,2010-08-04,2015-09-21,2019-02-22,1291,861,-0.38112356002024994,0.9758246231942272,-0.17507773038876107,0.9237043914950294,-0.7529585853569709,-0.21960241068391784,-0.13182628020103068,0.20284771113162986,0.21238618879405627,0.5111659658355167,0.9758246231942272,False
stock/JPM,stock,150,500,ls,2010-12-27,2015-11-16,2019-02-22,1231,821,-0.2939969903872193,0.8944870311775106,-0.15115553274210788,0.8353305140493806,-0.7257671280696176,-0.21786027525198978,-0.1097037168900727,0.18198533571718417,0.21204759548693036,0.5713286239621842,0.8944870311775106,False
stock/JPM,stock,150,710,ls,2011-10-25,2016-03-18,2019-02-22,1105,737,-0.07955494144357479,1.2033946345205635,-0.08498800571706427,1.1093172047549946,-0.5964983922481065,-0.21786027525198978,-0.05069520877060173,0.24167615156969105,0.1958879845088733,0.7666430699130743,1.2033946345205635,False
stock/JPM,stock,162,678,ls,2011-09-09,2016-03-01,2019-02-22,1124,750,-0.2349899230954854,1.2225287836889844,-0.149571864727309,1.1289308746139335,-0.6286014316041156,-0.21786027525198978,-0.09402108829528356,0.24594919108386112,0.19558492422746732,0.7533324090021589,1.2225287836889844,False
stock/JPM,stock,174,698,ls,2011-10-07,2016-03-11,2019-02-22,1112,742,-0.15561272474481347,1.2284037169992783,-0.11415197955502594,1.1379091473418594,-0.6182414933517782,-0.21786027525198978,-0.0705734903091609,0.24790520005165448,0.19599184283895676,0.8131881671439746,1.2284037169992783,False
stock/JPM,stock,200,400,ls,2010-08-04,2015-09-21,2019-02-22,1291,861,-0.46734463495337447,0.9758246231942272,-0.19463043626434656,0.9237043914950294,-0.7810007252489971,-0.21960241068391784,-0.15200651187798336,0.20284771113162986,0.21238618879405627,0.5111659658355167,0.9758246231942272,False
stock/JPM,stock,200,600,ls,2011-05-19,2016-01-14,2019-02-22,1171,781,-0.5102896670516647,1.1407059659503618,-0.2249241455776468,1.1104802818286723,-0.7247093933192381,-0.21786027525198978,-0.16300464108442442,0.24192953986110174,0.20913218200269734,0.46005479573054675,1.1407059659503618,False
stock/KO,stock,5,20,ls,2009-01-30,2015-02-12,2019-02-22,1519,1013,-0.07019477050511962,-1.1339416484645035,-0.08735692794664865,-0.3076708690059105,-0.2932458208281234,-0.5025577707537305,-0.025617054040738215,-0.15462238605347342,0.1394548823680751,1.0420421982193369,0.4317217189521429,False
stock/KO,stock,5,35,ls,2009-02-23,2015-02-23,2019-02-22,1510,1007,-0.40501810139607003,-1.2482452544002405,-0.15561684315533547,-0.30982096022586947,-0.49007704520369577,-0.542962186399298,-0.07626424267749378,-0.16822106595656805,0.139643565172259,1.0838703652607877,0.44689734935177633,False
stock/KO,stock,8,21,ls,2009-02-02,2015-02-12,2019-02-22,1518,1013,-0.0874336717510536,-1.2342297220828073,-0.07948426388855057,-0.31382494822475404,-0.3572323450753028,-0.5288559753474273,-0.028394349985491125,-0.1659681990817582,0.13910113701013466,1.05395061253974,0.4317217189521429,False
stock/KO,stock,9,21,ls,2009-02-02,2015-02-12,2019-02-22,1518,1013,-0.2117560502983649,-1.468907290101628,-0.1307246417661124,-0.3285949792386732,-0.37098371657696777,-0.5871503750017609,-0.04849671345058509,-0.19293466528368283,0.13922333462583822,1.05395061253974,0.4317217189521429,False
stock/KO,stock,10,20,ls,2009-01-30,2015-02-12,2019-02-22,1519,1013,-0.23632853207260185,-1.5074829765053228,-0.13627589931555747,-0.3309949852651253,-0.3844110728375559,-0.5959978362557069,-0.0523859646577962,-0.19727229502950425,0.1392316489017593,1.0420421982193369,0.4317217189521429,False
stock/KO,stock,10,30,ls,2009-02-13,2015-02-19,2019-02-22,1513,1009,-0.22160558555046544,-1.3346539217166122,-0.11252161534663865,-0.3223085604015956,-0.4300012067763047,-0.5523022469297953,-0.04838443038747379,-0.17801174211450893,0.1394832188028862,1.0429793544053017,0.4353501870538662,False
stock/KO,stock,10,100,ls,2009-05-27,2015-03-31,2019-02-22,1471,981,0.048360945189491716,-0.10768868931027162,-0.01220052791736291,-0.12168428602674791,-0.3846041221412766,-0.20093533959502916,-0.0046923733293175,-0.024450673336163253,0.13922341649435843,0.986874787334937,0.5021255787920024,False
stock/KO,stock,12,26,ls,2009-02-09,2015-02-17,2019-02-22,1515,1011,-0.2871301764721395,-1.3474423954388481,-0.13844253235675957,-0.3238002068406404,-0.4341107641860859,-0.5543080612244699,-0.06009939351724983,-0.1794850648779177,0.13948909996919803,1.0509166186944128,0.44751111146910444,False
stock/KO,stock,13,48,ls,2009-03-12,2015-03-02,2019-02-22,1502,1002,-0.3181303165319811,-0.8629298666271124,-0.12853509981864364,-0.30004159778160283,-0.47594650913715913,-0.40717048093668173,-0.06117583206027973,-0.12216808166974565,0.13958650730942718,1.1564523411472634,0.39196129663956936,False
stock/KO,stock,20,50,ls,2009-03-16,2015-03-03,2019-02-22,1501,1001,-0.08572015129459133,-0.7953937516791988,-0.06453705084593642,-0.29443580812326087,-0.4015930732128325,-0.38745583089583013,-0.025917632585312437,-0.11408087068188325,0.1398677083541571,1.1396708327326783,0.4026601703457994,False
stock/KO,stock,20,60,ls,2009-03-30,2015-03-09,2019-02-22,1495,997,0.24827403309095322,-0.31560352896264354,0.08702146524653412,-0.23166391640125913,-0.3117566428470589,-0.22695132061215878,0.027129519860891484,-0.05257643176545051,0.13988901045062882,1.0420326402671158,0.47140124582356996,False
stock/KO,stock,20,100,ls,2009-05-27,2015-03-31,2019-02-22,1471,981,0.11212647005682391,-0.05992506052206972,0.015122176652752195,-0.07763550441549648,-0.35089541177424316,-0.231277079869486,0.005306302403490328,-0.017955312755410614,0.1392987032653855,0.986874787334937,0.5021255787920024,False
stock/KO,stock,21,55,ls,2009-03-23,2015-03-05,2019-02-22,1498,999,0.24064789735327616,-0.5889948159120693,0.07934343369788438,-0.27319472587027127,-0.32648199168319164,-0.32310571506502206,0.025904202260668557,-0.08827077725430668,0.1400908189222814,1.059772541476747,0.4265021425448997,False
stock/KO,stock,30,90,ls,2009-05-12,2015-03-25,2019-02-22,1477,985,0.3501753082823524,-0.06270981247431766,0.16264555457104724,-0.07992202069714154,-0.26831684031452707,-0.22884756217677588,0.04364054129370738,-0.018289959600782665,0.13906383553322,1.0293238396969595,0.5052548474788789,False
stock/KO,stock,30,200,ls,2009-10-16,2015-05-28,2019-02-22,1411,941,0.37444061771179316,-0.25078421205204704,0.1809595899966688,-0.19444826417283445,-0.2574451535402233,-0.2281251594167208,0.046587169431268255,-0.0443585412627325,0.14097733315804406,0.8306076360681457,0.48817880471672237,False
stock/KO,stock,40,100,ls,2009-05-27,2015-03-31,2019-02-22,1471,981,0.24150901350079387,-0.19565084102741168,0.07240795429839016,-0.14158681869859424,-0.3574915077829077,-0.2564085276262633,0.025885228757607372,-0.036304067713793235,0.1391499540066854,0.986874787334937,0.5021255787920024,False
stock/KO,stock,50,150,ls,2009-08-06,2015-04-29,2019-02-22,1441,961,0.3615364486910658,-0.29610101828744245,0.15895455172140552,-0.19520464866539092,-0.28132674402664054,-0.2561819988225517,0.04471816648399724,-0.0500079170745538,0.139924548101198,0.9347269261150499,0.5118920160414742,False
stock/KO,stock,50,200,ls,2009-10-16,2015-05-28,2019-02-22,1411,941,0.4023804690469962,-0.307712747337629,0.16367897529717654,-0.23190045919080488,-0.3118244194088686,-0.22396541736020467,0.051039101441480626,-0.05193768312869172,0.14083594065008828,0.8306076360681457,0.48817880471672237,False
stock/KO,stock,60,120,ls,2009-06-24,2015-04-13,2019-02-22,1459,973,0.4180712240140246,-0.33471941074510514,0.17711603454101346,-0.21907415380332285,-0.3048755524118003,-0.2508374923902484,0.05399834887167899,-0.0549520113875411,0.13953211598990783,0.9712518711142406,0.4978809776103471,False
stock/KO,stock,60,132,ls,2009-07-13,2015-04-20,2019-02-22,1452,968,0.4410368788010543,-0.3392408991299534,0.21467935571990138,-0.21865624267733308,-0.2685457468934617,-0.2544078811627768,0.05765122792440807,-0.055627871402554235,0.13970769496056348,0.9390757685140299,0.501453089969013,False
stock/KO,stock,60,180,ls,2009-09-18,2015-05-15,2019-02-22,1423,949,0.3961802552116474,-0.4304862832542041,0.15266254642821084,-0.23309761877857874,-0.3276674299627138,-0.2915992281269298,0.05002254423969532,-0.0679710857140589,0.1404172018791858,0.8621929539461696,0.46853482972020805,False
stock/KO,stock,60,400,ls,2010-08-04,2015-09-21,2019-02-22,1291,861,0.7758601512960158,-0.02337338668811523,0.798649945537319,-0.0634905675326376,-0.13849553275803883,-0.2079944931508827,0.1106094496943697,-0.013205688413812845,0.14085530450493014,0.7758601512960158,0.5936509322170023,False
stock/KO,stock,62,758,ls,2012-01-04,2016-04-15,2019-02-22,1076,718,0.7517633062469543,0.2545197425332965,0.7464325541888903,0.19129985620394238,-0.13849553275803844,-0.1362706344144218,0.10337757426033377,0.02606855276829889,0.14001438383009202,0.7517633062469543,0.2545197425332965,False
stock/KO,stock,74,758,ls,2012-01-04,2016-04-15,2019-02-22,1076,718,0.7517633062469543,0.2545197425332965,0.7464325541888903,0.19129985620394238,-0.13849553275803844,-0.1362706344144218,0.10337757426033377,0.02606855276829889,0.14001438383009202,0.7517633062469543,0.2545197425332965,False
stock/KO,stock,80,144,ls,2009-07-29,2015-04-24,2019-02-22,1444,964,0.5072785402326784,-0.38493000930851184,0.20187059742438002,-0.23292926418187723,-0.33839153136161004,-0.26443564041824597,0.06831130059931904,-0.06159479914608551,0.13962018759667688,0.9471969473369359,0.49254516010427063,False
stock/KO,stock,80,300,ls,2010-03-12,2015-07-24,2019-02-22,1351,901,0.8602069343968289,-0.301239878727393,0.9835539367116803,-0.21396175169378168,-0.1279321602413165,-0.24075969040967946,0.12582817983737637,-0.051513365097307584,0.14186590561574364,0.8602069343968289,0.5218460365112658,False
stock/KO,stock,100,200,ls,2009-10-16,2015-05-28,2019-02-22,1411,941,0.8306076360681457,-0.4904643095675641,0.8786907164329671,-0.27490177944451455,-0.1387831233110357,-0.27665734916242796,0.12194744205097878,-0.07605359758115382,0.1408621701127961,0.8306076360681457,0.48817880471672237,False
stock/KO,stock,100,250,ls,2009-12-29,2015-06-25,2019-02-22,1381,921,0.7492482948246527,-0.3408655529823081,0.8445444777071415,-0.2210440242861541,-0.12793216024131646,-0.25697239081871465,0.10804439945294894,-0.05680221139700305,0.14180729838242173,0.7492482948246527,0.5325780813444938,False
stock/KO,stock,100,300,ls,2010-03-12,2015-07-24,2019-02-22,1351,901,0.8602069343968289,-0.045326967665699,0.9835539367116803,-0.09604089785789496,-0.1279321602413165,-0.17137538554283166,0.12582817983737637,-0.016459045898276466,0.1419815760098016,0.8602069343968289,0.5218460365112658,False
stock/KO,stock,100,400,ls,2010-08-04,2015-09-21,2019-02-22,1291,861,0.7758601512960158,0.5936509322170023,0.798649945537319,0.5596785317306113,-0.13849553275803883,-0.13627063441442178,0.1106094496943697,0.07626774858706249,0.14061701272193627,0.7758601512960158,0.5936509322170023,False
stock/KO,stock,116,378,ls,2010-07-02,2015-09-08,2019-02-22,1304,870,0.9053279639789855,0.6209805227717059,0.956134068578503,0.5904595847305287,-0.13849553275803878,-0.13627063441442178,0.13242029721589096,0.08046230220730517,0.14071505347440733,0.9053279639789855,0.6209805227717059,False
stock/KO,stock,120,398,ls,2010-08-02,2015-09-18,2019-02-22,1292,862,0.7718307701702145,0.6043999026035058,0.7934734263044353,0.5714200519093791,-0.13849553275803878,-0.13627063441442178,0.10989252490537918,0.0778677729908129,0.14056191939148743,0.7718307701702145,0.6043999026035058,False
stock/KO,stock,134,750,ls,2011-12-21,2016-04-12,2019-02-22,1081,721,0.7719009999728546,0.22414718902500413,0.7683303218870486,0.15934981645740448,-0.1384955327580385,-0.13627063441442178,0.10641031726390202,0.021714700582472178,0.14000974696056714,0.7719009999728546,0.22414718902500413,False
stock/KO,stock,150,400,ls,2010-08-04,2015-09-21,2019-02-22,1291,861,0.7758601512960158,0.5936509322170023,0.798649945537319,0.5596785317306113,-0.13849553275803883,-0.13627063441442178,0.1106094496943697,0.07626774858706249,0.14061701272193627,0.7758601512960158,0.5936509322170023,False
stock/KO,stock,150,500,ls,2010-12-27,2015-11-16,2019-02-22,1231,821,0.6656620262849947,0.4697417205347374,0.6747918114822425,0.4235836811004172,-0.1384955327580385,-0.1362706344144218,0.09345565143199507,0.057722016951149986,0.14074884040450775,0.6656620262849947,0.4697417205347374,False
stock/KO,stock,150,710,ls,2011-10-25,2016-03-18,2019-02-22,1105,737,0.7946173684449618,0.27702113353754915,0.8058036562749543,0.21441702198833357,-0.1384955327580385,-0.1362706344144218,0.11160020667417513,0.029218743615601245,0.13937925741551982,0.7946173684449618,0.27702113353754915,False
stock/KO,stock,162,678,ls,2011-09-09,2016-03-01,2019-02-22,1124,750,0.6634645196677489,0.39616599701182725,0.6624201244187528,0.33997773860407837,-0.1384955327580385,-0.13627063441442183,0.0917422280410213,0.046328982126358234,0.13892098705339612,0.6634645196677489,0.39616599701182725,False
stock/KO,stock,174,698,ls,2011-10-07,2016-03-11,2019-02-22,1112,742,0.8004089814454568,0.2972257101637269,0.8131883510137932,0.23558068616109923,-0.1384955327580385,-0.13627063441442178,0.1126229539062861,0.032102729558957786,0.13926194762212762,0.8004089814454568,0.2972257101637269,False
stock/KO,stock,200,400,ls,2010-08-04,2015-09-21,2019-02-22,1291,861,0.7758601512960158,0.5936509322170023,0.798649945537319,0.5596785317306113,-0.13849553275803883,-0.13627063441442178,0.1106094496943697,0.07626774858706249,0.14061701272193627,0.7758601512960158,0.5936509322170023,False
stock/KO,stock,200,600,ls,2011-05-19,2016-01-14,2019-02-22,1171,781,0.6028318253271009,0.480417841749316,0.6100118355445334,0.4315425175280466,-0.1384955327580385,-0.1362706344144218,0.08448391415244912,0.058806572640343655,0.1393601501449747,0.6028318253271009,0.480417841749316,False
stock/MCD,stock,5,20,ls,2009-01-30,2015-02-12,2019-02-22,1519,1013,-0.6121635083580104,-0.41035099715710516,-0.18663790237382316,-0.21586048402205654,-0.5541511402759804,-0.37945165481816917,-0.10342560641917123,-0.08190861787202032,0.17218072230857617,0.8140619534506087,1.2043952745009787,False
stock/MCD,stock,5,35,ls,2009-02-23,2015-02-23,2019-02-22,1510,1007,-0.14800975471388256,0.017556586055232682,-0.10482630094969263,-0.03375426857756341,-0.33336371514788593,-0.3458754696721847,-0.0349452851297999,-0.01167477349770581,0.17219237125186687,0.8931926199873453,1.2211507301677729,False
stock/MCD,stock,8,21,ls,2009-02-02,2015-02-12,2019-02-22,1518,1013,-0.2939579925329803,-0.5086921758597749,-0.14666038524545333,-0.2247528561261693,-0.3896181911489496,-0.4325562372397831,-0.057141554012541625,-0.09721824975483012,0.1720222131442405,0.8165305049843524,1.2043952745009787,False
stock/MCD,stock,9,21,ls,2009-02-02,2015-02-12,2019-02-22,1518,1013,-0.40312689297789916,-0.3628723310924687,-0.16294290890733004,-0.1897921823195636,-0.45015914974161286,-0.3913537175747976,-0.07335024133014877,-0.07427587611739499,0.17201893941073032,0.8165305049843524,1.2043952745009787,False
stock/MCD,stock,10,20,ls,2009-01-30,2015-02-12,2019-02-22,1519,1013,-0.4566639198017888,-0.35022351288925907,-0.16946054339041117,-0.1900243095982976,-0.4784828024091938,-0.38037813449099317,-0.08108395569922872,-0.07228109239293937,0.17206416493781035,0.8140619534506087,1.2043952745009787,False
stock/MCD,stock,10,30,ls,2009-02-13,2015-02-19,2019-02-22,1513,1009,0.002871560403046695,-0.21878335306383964,-0.040056875507187756,-0.14119883144794726,-0.2953440773458886,-0.36157023874103184,-0.011830560938029491,-0.051053295196589,0.17203952865566885,0.8311238292240667,1.2217926689590355,False
stock/MCD,stock,10,100,ls,2009-05-27,2015-03-31,2019-02-22,1471,981,0.01856606036806009,0.31089815223895917,-0.022465602960729268,0.11298851600064086,-0.3623150437824308,-0.34851462471430766,-0.008139625920315332,0.039378150250989896,0.17130849564893416,0.9160350167324426,1.1949626634103996,False
stock/MCD,stock,12,26,ls,2009-02-09,2015-02-17,2019-02-22,1515,1011,-0.046453408460853295,-0.3579291694421676,-0.06410705537443925,-0.20325778344240353,-0.3046974301240672,-0.36157023874103184,-0.01953325502541291,-0.0734919652852428,0.17201184251822674,0.7899189517882335,1.2179908279729426,False
stock/MCD,stock,13,48,ls,2009-03-12,2015-03-02,2019-02-22,1502,1002,-0.501034696245123,-0.1429780030396662,-0.18416571263125622,-0.1073904025858953,-0.4671087665690918,-0.35787169966500465,-0.0860254188715039,-0.03843198590112346,0.17148177734350734,1.0024474237192271,1.133690544356268,False
stock/MCD,stock,20,50,ls,2009-03-16,2015-03-03,2019-02-22,1501,1001,-0.1783217169904934,0.2107998315476466,-0.1052546082267,0.08281931906986369,-0.3700286087540992,-0.26222909903744657,-0.03894721624708357,0.02171763542258517,0.17119761691278598,1.0105611432397372,1.1381465261125636,False
stock/MCD,stock,20,60,ls,2009-03-30,2015-03-09,2019-02-22,1495,997,-0.12892157944760044,0.3089130131226811,-0.0822489634245874,0.1507557308948261,-0.37182902488302366,-0.25863694368570717,-0.03058255186780381,0.03899100148174276,0.17097235831358426,0.9639473888145105,1.1735463572650222,False
stock/MCD,stock,20,100,ls,2009-05-27,2015-03-31,2019-02-22,1471,981,-0.00925927032297084,0.5026767581393321,-0.03290976317425194,0.2123440825647345,-0.3708850726867163,-0.3484643600122749,-0.01220573990698505,0.07399434483331387,0.1710344678669157,0.9160350167324426,1.1949626634103996,False
stock/MCD,stock,21,55,ls,2009-03-23,2015-03-05,2019-02-22,1498,999,-0.1988349486173086,0.2014296954742217,-0.09994673308248198,0.0736773606359825,-0.41210965956241,-0.2725528427808773,-0.04118901414499671,0.020080974089928937,0.17119691052251565,0.9469135386596907,1.14935102057337,False
stock/MCD,stock,30,90,ls,2009-05-12,2015-03-25,2019-02-22,1477,985,-0.09487487757893263,0.5170630134247867,-0.06394758009290848,0.22762862807352968,-0.39246445716677153,-0.33645195438974507,-0.025097152308291973,0.07658609679039545,0.17089056337031974,0.9893570626942714,1.1808868613221148,False
stock/MCD,stock,30,200,ls,2009-10-16,2015-05-28,2019-02-22,1411,941,0.24734976170680684,0.9090541143449469,0.06302258623408515,0.7871023299692317,-0.41028222564672995,-0.19184478348536493,0.025857046946133416,0.1510014760737735,0.17068618134389948,0.9133572611032974,1.245705041554117,False
stock/MCD,stock,40,100,ls,2009-05-27,2015-03-31,2019-02-22,1471,981,-0.038409534062600795,0.5245799187527532,-0.03557295464780317,0.19692689838651853,-0.4624058597482131,-0.39633907743910857,-0.016449142677701617,0.07804982522945783,0.17115360744869482,0.9160350167324426,1.1949626634103996,False
stock/MCD,stock,50,150,ls,2009-08-06,2015-04-29,2019-02-22,1441,961,0.04560734430319156,0.997971706270485,-0.0086126905819978,1.0293154084991714,-0.476222741932065,-0.163444657894166,-0.004101559124371465,0.1682361048073408,0.1703166177602727,0.9854922749659255,1.228018651975203,False
stock/MCD,stock,50,200,ls,2009-10-16,2015-05-28,2019-02-22,1411,941,0.24827456395503908,1.0440183068351667,0.068019265416104,0.9306054848394529,-0.38232328989691045,-0.190962405115042,0.026005349330256024,0.17771066159819168,0.17059055146602103,0.9133572611032974,1.245705041554117,False
stock/MCD,stock,60,120,ls,2009-06-24,2015-04-13,2019-02-22,1459,973,0.009803246830655954,0.6747563917537863,-0.019778869711506226,0.41627124098807666,-0.47202095871487404,-0.2552854360637184,-0.009336041043521754,0.10626798527642636,0.17140931224409217,0.9477162432054334,1.2017192535552927,False
stock/MCD,stock,60,132,ls,2009-07-13,2015-04-20,2019-02-22,1452,968,-0.05436192966716928,0.6807924832704013,-0.03858736736757072,0.3631188173751008,-0.48190814908125457,-0.29613895307790317,-0.01859556678602441,0.10753362642034867,0.17162135530823489,0.9174471160357641,1.2268532842885898,False
stock/MCD,stock,60,180,ls,2009-09-18,2015-05-15,2019-02-22,1423,949,0.26072934051822855,1.0654418531413963,0.07735880839852109,1.0626484511273884,-0.3597405433581422,-0.1713482159783751,0.027829099766822393,0.18208291631286153,0.17064941662286573,0.9551360618977186,1.2236237790879256,False
stock/MCD,stock,60,400,ls,2010-08-04,2015-09-21,2019-02-22,1291,861,0.7416887849290648,1.3265669228754735,0.665865736368532,1.4243816312603408,-0.1549604590293476,-0.163444657894166,0.10318286015958227,0.2328075684320805,0.16846382393831397,0.7416887849290648,1.3265669228754735,False
stock/MCD,stock,62,758,ls,2012-01-04,2016-04-15,2019-02-22,1076,718,0.7026563581019113,1.0012254431837384,0.6320823985684179,1.0050989344035324,-0.15496045902934732,-0.16344465789416607,0.0979477786265329,0.1642780514833762,0.16558978058977558,0.7026563581019113,1.0012254431837384,False
stock/MCD,stock,74,758,ls,2012-01-04,2016-04-15,2019-02-22,1076,718,0.7026563581019113,1.0012254431837384,0.6320823985684179,1.0050989344035324,-0.15496045902934732,-0.16344465789416607,0.0979477786265329,0.1642780514833762,0.16558978058977558,0.7026563581019113,1.0012254431837384,False
stock/MCD,stock,80,144,ls,2009-07-29,2015-04-24,2019-02-22,1444,964,0.23188285966717812,0.8235983145021653,0.06282367881436415,0.686114880966736,-0.3743923822989136,-0.19568674778888195,0.023520706776091582,0.13426358966593643,0.17057976981559492,0.9724988037265223,1.1962895919420309,False
stock/MCD,stock,80,300,ls,2010-03-12,2015-07-24,2019-02-22,1351,901,0.5308271736934911,1.2906089136294618,0.29480100331667397,1.4119610909910936,-0.23439789231493113,-0.16344465789416598,0.0691007338297554,0.23077749747691265,0.17240180563508756,0.7890893955896647,1.2906089136294618,False
stock/MCD,stock,100,200,ls,2009-10-16,2015-05-28,2019-02-22,1411,941,0.19788232027707603,1.245705041554117,0.045026959520702785,1.3379030410957076,-0.4093308174715867,-0.16344465789416598,0.018430922148869315,0.21867310484745223,0.1704044552070245,0.9133572611032974,1.245705041554117,False
stock/MCD,stock,100,250,ls,2009-12-29,2015-06-25,2019-02-22,1381,921,0.22135403982794713,1.273950109718692,0.062458534438381466,1.3847128073151393,-0.3504652235045305,-0.16344465789416598,0.021889544231712778,0.22632391107329314,0.17171776063893088,0.8180814189839821,1.273950109718692,False
stock/MCD,stock,100,300,ls,2010-03-12,2015-07-24,2019-02-22,1351,901,0.642365471204277,1.2906089136294618,0.5393592887584874,1.4119610909910936,-0.16059029413492962,-0.16344465789416598,0.08661586682613193,0.23077749747691265,0.17240180563508756,0.7890893955896647,1.2906089136294618,False
stock/MCD,stock,100,400,ls,2010-08-04,2015-09-21,2019-02-22,1291,861,0.7416887849290648,1.3265669228754735,0.665865736368532,1.4243816312603408,-0.1549604590293476,-0.163444657894166,0.10318286015958227,0.2328075684320805,0.16846382393831397,0.7416887849290648,1.3265669228754735,False
stock/MCD,stock,116,378,ls,2010-07-02,2015-09-08,2019-02-22,1304,870,0.8047294167937348,1.3328797006185038,0.734930661021217,1.4331946451226039,-0.15496045902934763,-0.163444657894166,0.11388519258658966,0.23424800846781466,0.16855434261172614,0.8047294167937348,1.3328797006185038,False
stock/MCD,stock,120,398,ls,2010-08-02,2015-09-18,2019-02-22,1292,862,0.7382587375825528,1.3405778431825435,0.6618867563127897,1.4417993052933038,-0.15496045902934763,-0.163444657894166,0.10256627558367584,0.23565439420571027,0.16841975270942727,0.7382587375825528,1.3405778431825435,False
stock/MCD,stock,134,750,ls,2011-12-21,2016-04-12,2019-02-22,1081,721,0.699730403806673,1.001639438969302,0.6299822994774744,1.0039052031571538,-0.1549604590293473,-0.16344465789416607,0.09762234630739317,0.16408294248819427,0.165307652754098,0.699730403806673,1.001639438969302,False
stock/MCD,stock,150,400,ls,2010-08-04,2015-09-21,2019-02-22,1291,861,0.7416887849290648,1.3265669228754735,0.665865736368532,1.4243816312603408,-0.1549604590293476,-0.163444657894166,0.10318286015958227,0.2328075684320805,0.16846382393831397,0.7416887849290648,1.3265669228754735,False
stock/MCD,stock,150,500,ls,2010-12-27,2015-11-16,2019-02-22,1231,821,0.7961466074581065,1.1841243756682045,0.7482068467708348,1.2123343769790418,-0.15496045902934757,-0.163444657894166,0.11594247642450929,0.19814957749867637,0.16404675491213822,0.7961466074581065,1.1841243756682045,False
stock/MCD,stock,150,710,ls,2011-10-25,2016-03-18,2019-02-22,1105,737,0.7715021316565318,1.0467249268714012,0.708637106281935,1.0488690713705635,-0.15496045902934732,-0.16344465789416607,0.10981073127467704,0.17143204654593341,0.1639991504661099,0.7715021316565318,1.0467249268714012,False
stock/MCD,stock,162,678,ls,2011-09-09,2016-03-01,2019-02-22,1124,750,0.7994815596304213,1.1217513552119833,0.7494757698058857,1.1334134104057432,-0.15496045902934727,-0.16344465789416607,0.11613910932049346,0.18525036711642673,0.1634062993339459,0.7994815596304213,1.1217513552119833,False
stock/MCD,stock,174,698,ls,2011-10-07,2016-03-11,2019-02-22,1112,742,0.8082703255182312,1.0849713823798537,0.753550245183048,1.091498604508802,-0.1549604590293473,-0.16344465789416607,0.11677049189524233,0.1783996160059008,0.16363257498960626,0.8082703255182312,1.0849713823798537,False
stock/MCD,stock,200,400,ls,2010-08-04,2015-09-21,2019-02-22,1291,861,0.7416887849290648,1.3265669228754735,0.665865736368532,1.4243816312603408,-0.1549604590293476,-0.163444657894166,0.10318286015958227,0.2328075684320805,0.16846382393831397,0.7416887849290648,1.3265669228754735,False
stock/MCD,stock,200,600,ls,2011-05-19,2016-01-14,2019-02-22,1171,781,0.7893054985410415,1.12279702802984,0.7452487877904299,1.1464848423974094,-0.15496045902934727,-0.16344465789416607,0.11548409424706964,0.1873868228464915,0.16511940897259275,0.7893054985410415,1.12279702802984,False
stock/MMM,stock,5,20,ls,2009-01-30,2015-02-12,2019-02-22,1519,1013,0.0022955797999856123,-0.13915554040898037,-0.04951915795621322,-0.11611514688231933,-0.4480449516383741,-0.35389293304948466,-0.02218680873166456,-0.04109232990165571,0.18230328784797006,1.1079359751983462,0.549736559491383,False
stock/MMM,stock,5,35,ls,2009-02-23,2015-02-23,2019-02-22,1510,1007,0.20353918485806516,-0.15301610839795723,0.054166133508984075,-0.11491241569786441,-0.385218718766397,-0.3800922984215197,0.02086580855086045,-0.043677324199770405,0.1827924934759344,1.2735303122860755,0.5277007438617669,False
stock/MMM,stock,8,21,ls,2009-02-02,2015-02-12,2019-02-22,1518,1013,0.06510598792575473,-0.07199967167812338,-0.02163933862913969,-0.08774274892574437,-0.4063497877243084,-0.3339880266492253,-0.00879314065844534,-0.02930502756648779,0.1823931347300199,1.16163129354349,0.549736559491383,False
stock/MMM,stock,9,21,ls,2009-02-02,2015-02-12,2019-02-22,1518,1013,0.03526743167418615,0.1561504786298113,-0.032249919009849436,0.04657929676255893,-0.4676054250147621,-0.25657148472751073,-0.0150802370852923,0.011950919327933079,0.18213154801319828,1.16163129354349,0.549736559491383,False
stock/MMM,stock,10,20,ls,2009-01-30,2015-02-12,2019-02-22,1519,1013,-0.012570084763357053,0.31537546095487157,-0.056390688478567146,0.18691496205843577,-0.4507517604960184,-0.22301558781311168,-0.025418202107296683,0.04168495013452752,0.18184442950340673,1.1079359751983462,0.549736559491383,False
stock/MMM,stock,10,30,ls,2009-02-13,2015-02-19,2019-02-22,1513,1009,0.3481026734175023,0.20995259656318346,0.144073966284335,0.09069530326212766,-0.36422155417681584,-0.24154071250114845,0.05247484391649866,0.021906608170442047,0.1822530425706693,1.1990582946817518,0.5411626835802655,False
stock/MMM,stock,10,100,ls,2009-05-27,2015-03-31,2019-02-22,1471,981,0.7140227806072446,0.19090911018817763,0.4575809228852422,0.056540205348676154,-0.2778619639388141,-0.32421246077791777,0.12714433389382845,0.018331039108983083,0.18221220220050283,1.1798575973974332,0.5721017205353608,False
stock/MMM,stock,12,26,ls,2009-02-09,2015-02-17,2019-02-22,1515,1011,0.4154522249131751,0.20371809885106804,0.1740131753466697,0.07591997646305385,-0.3898694914238055,-0.2732263183904722,0.06784242817344761,0.020743335661291502,0.18210690051295814,1.1187518390852864,0.5420069260310783,False
stock/MMM,stock,13,48,ls,2009-03-12,2015-03-02,2019-02-22,1502,1002,0.2910957721829676,-0.03139719299069503,0.09264264726018342,-0.06451811922678523,-0.42339312425535003,-0.34488538895191845,0.039224259862775404,-0.02225135664397607,0.18305033998104236,1.278590199713676,0.5155148483442688,False
stock/MMM,stock,20,50,ls,2009-03-16,2015-03-03,2019-02-22,1501,1001,0.25718338742504177,0.1017703210641096,0.07678897281086179,0.005195849101826106,-0.4180751407211702,-0.35922901536019597,0.032103560613735156,0.0018664997568091507,0.18307311240862742,1.277189836069216,0.5341551657942165,False
stock/MMM,stock,20,60,ls,2009-03-30,2015-03-09,2019-02-22,1495,997,0.40200713172279173,0.5161650774596878,0.1404114113403465,0.334941735996398,-0.44135556205537574,-0.24086728860294856,0.061971357371107184,0.080676507789417,0.18265295647834087,1.2757192842431935,0.5517169399434972,False
stock/MMM,stock,20,100,ls,2009-05-27,2015-03-31,2019-02-22,1471,981,0.7741593679217379,0.170299633451767,0.6376761266737971,0.06295161016974973,-0.21986790979080456,-0.23041353816593685,0.1402045170952641,0.014504903232454808,0.18231092484228523,1.1798575973974332,0.5721017205353608,False
stock/MMM,stock,21,55,ls,2009-03-23,2015-03-05,2019-02-22,1498,999,0.31032288754619025,0.4015645807461353,0.0947575157487981,0.24023102131234392,-0.453210361683529,-0.24306323123579188,0.04294508798474548,0.0583913282832527,0.18306340420754552,1.2617803782137356,0.5405152585418924,False
stock/MMM,stock,30,90,ls,2009-05-12,2015-03-25,2019-02-22,1477,985,0.4193943270145127,-0.21228183604699788,0.1816816415407698,-0.1688499391865111,-0.3578965156103322,-0.3188767913989818,0.06502322645780689,-0.05384232683570786,0.18228102914585137,1.1081079187290264,0.5897832698034763,False
stock/MMM,stock,30,200,ls,2009-10-16,2015-05-28,2019-02-22,1411,941,0.7913756129948805,-0.47259373795124204,0.5462908807246714,-0.24590331131616394,-0.25800663559137466,-0.4009302436076037,0.1409466721900214,-0.09859007450990602,0.18367541105370913,0.9369333910949008,0.6169411483216409,False
stock/MMM,stock,40,100,ls,2009-05-27,2015-03-31,2019-02-22,1471,981,0.7882785206425735,-0.14137071260995732,0.5812978958244681,-0.12563680402819455,-0.2467439548140601,-0.3308145496738524,0.1434317417408208,-0.041562482747049226,0.18236662284015134,1.1798575973974332,0.5721017205353608,False
stock/MMM,stock,50,150,ls,2009-08-06,2015-04-29,2019-02-22,1441,961,0.6561318370327104,-0.43523057901880846,0.31022507958951456,-0.2244331133749089,-0.363238937833644,-0.4083386169371903,0.11268582839945296,-0.09164470711041793,0.18236879377687895,0.9392058062636245,0.6535495822347216,False
stock/MMM,stock,50,200,ls,2009-10-16,2015-05-28,2019-02-22,1411,941,0.7457005275965827,-0.5166611557036989,0.4480314983955032,-0.23930006126145567,-0.2928252318621489,-0.44214993712908024,0.13119492739920924,-0.10580650704173768,0.18359187863651125,0.9369333910949008,0.6169411483216409,False
stock/MMM,stock,60,120,ls,2009-06-24,2015-04-13,2019-02-22,1459,973,0.9222187083924416,-0.16657425589545216,0.49763419936005876,-0.1448833273458474,-0.34681278349643885,-0.31811807353746285,0.17258590184308376,-0.04609000498295859,0.18275545533839904,1.175873524190867,0.5676840493948396,False
stock/MMM,stock,60,132,ls,2009-07-13,2015-04-20,2019-02-22,1452,968,0.921990791632614,-0.3396254274234419,0.5548829245052105,-0.18775605786336388,-0.31071088633364946,-0.40319955043483735,0.17240816528442143,-0.07570315812192563,0.1824660852908422,1.1282818016967187,0.582096205318229,False
stock/MMM,stock,60,180,ls,2009-09-18,2015-05-15,2019-02-22,1423,949,0.7481925162675598,-0.2667186924840576,0.43173826315038666,-0.18690047939176413,-0.30545044625558443,-0.33998466426480867,0.13187464514489655,-0.06354329673694072,0.18300458008134868,0.9541244602074418,0.6013384784526925,False
stock/MMM,stock,60,400,ls,2010-08-04,2015-09-21,2019-02-22,1291,861,0.31762937760140825,0.27958274230740027,0.10460425897434193,0.08231962788544551,-0.4084448081780876,-0.4244001492962482,0.04272506649138609,0.034936462364594675,0.18311266754694694,0.715834306952002,0.8790334779320403,False
stock/MMM,stock,62,758,ls,2012-01-04,2016-04-15,2019-02-22,1076,718,1.2700152449699482,0.6588023125393625,1.1327137464780719,0.3693874552435983,-0.18232560600401507,-0.29104008403535253,0.20652272025569274,0.10750655601570187,0.17963835640732312,1.2700152449699482,0.6588023125393625,False
stock/MMM,stock,74,758,ls,2012-01-04,2016-04-15,2019-02-22,1076,718,1.2700152449699482,0.6588023125393625,1.1327137464780719,0.3693874552435983,-0.18232560600401507,-0.29104008403535253,0.20652272025569274,0.10750655601570187,0.17963835640732312,1.2700152449699482,0.6588023125393625,False
stock/MMM,stock,80,144,ls,2009-07-29,2015-04-24,2019-02-22,1444,964,0.7046477934552235,-0.3007361076254083,0.3326657467243883,-0.2004292097135141,-0.3699070320813365,-0.3440422113794843,0.12305539904594008,-0.06895610853487981,0.18211849162143567,0.9964388138306025,0.6339136918930764,False
stock/MMM,stock,80,300,ls,2010-03-12,2015-07-24,2019-02-22,1351,901,0.5924305496937177,-0.6367828993011886,0.31423909552660007,-0.27211352493572627,-0.31391321081784074,-0.4627691389172144,0.0986438034412492,-0.125925741622234,0.18442214026946901,0.8222216258784447,0.7513332261883391,False
stock/MMM,stock,100,200,ls,2009-10-16,2015-05-28,2019-02-22,1411,941,0.6511134361957631,-0.34530747196268,0.30866506966013585,-0.2039601582250723,-0.36014519206530077,-0.3781722967074981,0.11116424079659908,-0.07713208147280029,0.1834490845115697,0.9369333910949008,0.6169411483216409,False
stock/MMM,stock,100,250,ls,2009-12-29,2015-06-25,2019-02-22,1381,921,0.5968017087946935,-0.369068891363609,0.315044479499459,-0.21317841323527723,-0.31524529995071543,-0.38302015741902296,0.09931629143762398,-0.08165162939571341,0.18443737534327165,0.8242254485274463,0.6728228474458045,False
stock/MMM,stock,100,300,ls,2010-03-12,2015-07-24,2019-02-22,1351,901,0.459345143452575,0.05394362205318316,0.17825120301877526,-0.016065609212268864,-0.40040741808466357,-0.44302591217576776,0.07137310397123299,-0.007117481175924831,0.18448675331635356,0.8222216258784447,0.7513332261883391,False
stock/MMM,stock,100,400,ls,2010-08-04,2015-09-21,2019-02-22,1291,861,0.42102234863639815,0.4803107774756462,0.18178038298467936,0.21174719575192819,-0.3469129614521937,-0.347563721661294,0.06306197099512907,0.07359564340688271,0.1828465587912226,0.715834306952002,0.8790334779320403,False
stock/MMM,stock,116,378,ls,2010-07-02,2015-09-08,2019-02-22,1304,870,0.6024405060961041,0.43816570211836536,0.3062188232939215,0.18816775124090415,-0.32641584803499796,-0.347563721661294,0.09995467688976457,0.06540028391792523,0.18300706200415845,0.8619060332698,0.8323252774830285,False
stock/MMM,stock,120,398,ls,2010-08-02,2015-09-18,2019-02-22,1292,862,0.5266771000954784,0.47000443232097217,0.30067994093239436,0.20255983249019752,-0.2800434476847111,-0.35346818420933906,0.08420344730834302,0.071598456184058,0.1828893687504369,0.7193394562664327,0.8833182185938592,False
stock/MMM,stock,134,750,ls,2011-12-21,2016-04-12,2019-02-22,1081,721,1.3296308006374582,0.6660453608340956,1.1989946748337528,0.37369636703857,-0.18232560600401507,-0.2910400840353526,0.21860743068465097,0.10876062206661138,0.17929071671291993,1.3296308006374582,0.6660453608340956,False
stock/MMM,stock,150,400,ls,2010-08-04,2015-09-21,2019-02-22,1291,861,0.715834306952002,0.5815905323517174,0.4542320617424031,0.30195937763610703,-0.27112169555044874,-0.31018961912291504,0.12315216675297645,0.0936646643395365,0.1828306216483291,0.715834306952002,0.8790334779320403,False
stock/MMM,stock,150,500,ls,2010-12-27,2015-11-16,2019-02-22,1231,821,0.8839943558510498,0.7122377307510224,0.5820534241905222,0.412478222033084,-0.27112169555044874,-0.2910400840353526,0.15780731126747896,0.12004769640326159,0.18276869830287437,0.8839943558510498,0.7122377307510224,False
stock/MMM,stock,150,710,ls,2011-10-25,2016-03-18,2019-02-22,1105,737,1.2754976738131936,0.6881309951285975,1.2138182872602612,0.38627944126613584,-0.18232560600401507,-0.29104008403535253,0.22131015480348276,0.1124228010472252,0.1779905880357283,1.2754976738131936,0.6881309951285975,False
stock/MMM,stock,162,678,ls,2011-09-09,2016-03-01,2019-02-22,1124,750,1.1501182272611814,0.7485324547957171,1.1460801657108108,0.42479400015745006,-0.18232560600401507,-0.29104008403535253,0.2089597607424056,0.12363208150353781,0.17672796219109518,1.1501182272611814,0.7485324547957171,False
stock/MMM,stock,174,698,ls,2011-10-07,2016-03-11,2019-02-22,1112,742,1.2580630553468595,0.7258377449583586,1.2382316669199271,0.41098976185959774,-0.18232560600401507,-0.29104008403535253,0.22576133904453743,0.11961449482928685,0.17750768257293276,1.2580630553468595,0.7258377449583586,False
stock/MMM,stock,200,400,ls,2010-08-04,2015-09-21,2019-02-22,1291,861,0.715834306952002,0.8790334779320403,0.4542320617424031,0.5314215101062308,-0.27112169555044874,-0.29104008403535236,0.12315216675297645,0.1546649609595113,0.1827089533321999,0.715834306952002,0.8790334779320403,False
stock/MMM,stock,200,600,ls,2011-05-19,2016-01-14,2019-02-22,1171,781,0.6773064245258251,0.9464565266139441,0.4294252351586166,0.5713017557452255,-0.2711216955504488,-0.2910400840353524,0.11642649786835432,0.1662717110016348,0.17967712297968358,0.6773064245258251,0.9464565266139441,False
stock/MRK,stock,5,20,ls,2009-01-30,2015-02-12,2019-02-22,1519,1013,-0.2482662141514549,-1.1347120323419473,-0.15868201803236423,-0.3272211676431313,-0.49583916295350566,-0.6602688152580543,-0.07868075899694058,-0.21605393268708747,0.19719193357940343,0.826963936043071,0.6554184505993716,False
stock/MRK,stock,5,35,ls,2009-02-23,2015-02-23,2019-02-22,1510,1007,-0.15613248524754736,-0.5189109624171937,-0.12599079361758952,-0.2247176154999744,-0.4622963744719802,-0.5116442663532523,-0.05824508710625914,-0.11497547951913664,0.19781063995217957,0.8488992415116622,0.6700543710687946,False
stock/MRK,stock,8,21,ls,2009-02-02,2015-02-12,2019-02-22,1518,1013,-0.5904806372630608,-0.5302013776100295,-0.21721146916034956,-0.21783716626400948,-0.6795523888043414,-0.5363205039897578,-0.14760657274361608,-0.11683053879841424,0.19736227389082966,0.8303555047467219,0.6554184505993716,False
stock/MRK,stock,9,21,ls,2009-02-02,2015-02-12,2019-02-22,1518,1013,-0.5351959110316203,-0.5806128020013553,-0.20902588983942794,-0.23079641573136736,-0.6541070595638597,-0.5444847534582538,-0.13672531017558748,-0.1256651295185422,0.19749002494950396,0.8303555047467219,0.6554184505993716,False
stock/MRK,stock,10,20,ls,2009-01-30,2015-02-12,2019-02-22,1519,1013,-0.5288409028203435,-0.5446200518224121,-0.2075143831380482,-0.21599127473678995,-0.6526315484735161,-0.5528150968154305,-0.1354304331979109,-0.11940323745490679,0.19746028458768244,0.826963936043071,0.6554184505993716,False
stock/MRK,stock,10,30,ls,2009-02-13,2015-02-19,2019-02-22,1513,1009,-0.2972282403564459,-0.49286297090599696,-0.15585839208916935,-0.2465230219404039,-0.5617122696687501,-0.447123143890128,-0.08754757116732928,-0.1102261486112884,0.19752017662497431,0.8247250795587101,0.6693872089368171,False
stock/MRK,stock,10,100,ls,2009-05-27,2015-03-31,2019-02-22,1471,981,-0.03958731128171202,-0.4455975419771847,-0.06962570108580744,-0.18488933096486754,-0.3933326031289363,-0.5542308171362657,-0.02738605825275785,-0.102471364980436,0.19850521747378833,0.9675096586855906,0.6906224286389254,False
stock/MRK,stock,12,26,ls,2009-02-09,2015-02-17,2019-02-22,1515,1011,-0.40553240947505936,-0.3250759784427337,-0.18485115617891582,-0.20473571600645535,-0.5960170428158271,-0.39135640593473076,-0.110174439466844,-0.0801246339827601,0.19729883661872963,0.7789824923743358,0.6580077774040746,False
stock/MRK,stock,13,48,ls,2009-03-12,2015-03-02,2019-02-22,1502,1002,0.0785428915104685,-0.22397784754445457,-0.01659042119758789,-0.1419354018376257,-0.3474238713960208,-0.4353737616244406,-0.005763908360556593,-0.06179494980572364,0.19783748516054145,0.9987592285225769,0.6658076349421163,False
stock/MRK,stock,20,50,ls,2009-03-16,2015-03-03,2019-02-22,1501,1001,0.2595156714925952,-0.4301615593535129,0.09832148538699624,-0.17642070864519155,-0.3331297586544789,-0.5637313295989449,0.03275381269751993,-0.0994538806533419,0.19803972307737439,0.9511694706544145,0.6713982910414481,False
stock/MRK,stock,20,60,ls,2009-03-30,2015-03-09,2019-02-22,1495,997,-0.060919188429676675,-0.5880147245277464,-0.08246307015549537,-0.20955246929037008,-0.39213133322270854,-0.6066959689303992,-0.03233635364171215,-0.1271346383978788,0.1979646966051627,0.9341886912113108,0.6974228319038562,False
stock/MRK,stock,20,100,ls,2009-05-27,2015-03-31,2019-02-22,1471,981,-0.004864674040057413,-0.22656400666523197,-0.04034519725876819,-0.13250712122017957,-0.5113129872406097,-0.4718932037458993,-0.02062902333119242,-0.06252920995173677,0.19837575640688562,0.9675096586855906,0.6906224286389254,False
stock/MRK,stock,21,55,ls,2009-03-23,2015-03-05,2019-02-22,1498,999,0.03326090659698846,-0.46925448957988203,-0.037258928477681315,-0.18543284341359012,-0.36717496083920215,-0.5740599997852505,-0.01368054560470327,-0.10644957805018393,0.19811810655976209,0.8992912903280518,0.6800692656319633,False
stock/MRK,stock,30,90,ls,2009-05-12,2015-03-25,2019-02-22,1477,985,-0.23369643542312826,-0.12518724151248287,-0.1155019108698378,-0.09947765270816263,-0.5591470082880108,-0.4365366458858375,-0.06458254791441828,-0.04342564085381751,0.19821744699252325,1.0294745576546758,0.6710642094128438,False
stock/MRK,stock,30,200,ls,2009-10-16,2015-05-28,2019-02-22,1411,941,0.10395632807916662,0.02080907515393757,0.0025641781193558376,-0.04517388980337333,-0.6049428889261461,-0.3457705050592404,0.0015511813192443326,-0.015619798692802864,0.1995963660208264,0.84242384317089,0.6627199001792825,False
stock/MRK,stock,40,100,ls,2009-05-27,2015-03-31,2019-02-22,1471,981,-0.07498316623183901,-0.08863314235112982,-0.05882090854772401,-0.08863276780451766,-0.5831874476050157,-0.4126569759368551,-0.03430361552175522,-0.03657492993112571,0.1985207066652685,0.9675096586855906,0.6906224286389254,False
stock/MRK,stock,50,150,ls,2009-08-06,2015-04-29,2019-02-22,1441,961,0.03889816322119415,0.07335767937846165,-0.017436599090163086,-0.015484159891414235,-0.6436232507660298,-0.3272090526216017,-0.011222600588714762,-0.005066557288711055,0.19819461262103938,0.9428991167346495,0.6545555640922298,False
stock/MRK,stock,50,200,ls,2009-10-16,2015-05-28,2019-02-22,1411,941,0.3301138029035654,0.22166286006080252,0.09271858483362373,0.09952541621714442,-0.49619002858779176,-0.24802445967877557,0.04600603725921536,0.02468473758156249,0.19939765287678457,0.84242384317089,0.6627199001792825,False
stock/MRK,stock,60,120,ls,2009-06-24,2015-04-13,2019-02-22,1459,973,-0.10904769062252993,-0.023102313733021917,-0.06228275408683274,-0.06832409480408037,-0.6462369937668845,-0.35388704369156615,-0.04024941976459693,-0.024179011923118297,0.19939798457471294,0.9997522857980631,0.7110625288365738,False
stock/MRK,stock,60,132,ls,2009-07-13,2015-04-20,2019-02-22,1452,968,0.017408627958539355,0.04306807073600431,-0.024975433982455164,-0.03239477711648872,-0.620765996665843,-0.34545038042556026,-0.015503900168280743,-0.011190788078692263,0.19922372855451934,0.9817138881577295,0.6944327059126143,False
stock/MRK,stock,60,180,ls,2009-09-18,2015-05-15,2019-02-22,1423,949,0.4023883334919405,0.18593713229894387,0.12638509337820963,0.06874644924373394,-0.4802360288560407,-0.25338641972746756,0.060694675350551286,0.01741941664284581,0.19872153824801195,0.8809269536369085,0.6474633278078852,False
stock/MRK,stock,60,400,ls,2010-08-04,2015-09-21,2019-02-22,1291,861,0.4790801893420796,-0.03670065374372153,0.28905327282829496,-0.07686063351694951,-0.2600201242253801,-0.33108590901755075,0.07515966790856594,-0.02544747271562406,0.19358603316139628,0.6856014300573967,0.9456224898188621,False
stock/MRK,stock,62,758,ls,2012-01-04,2016-04-15,2019-02-22,1076,718,0.7663191987852874,0.6296428410047011,0.6213972285945636,0.422931701255483,-0.2129695939169687,-0.2538083313811841,0.132338715434914,0.10734358938385959,0.1906336983274593,0.7663191987852874,0.9183536196927459,False
stock/MRK,stock,74,758,ls,2012-01-04,2016-04-15,2019-02-22,1076,718,0.7663191987852874,0.9183536196927459,0.6213972285945636,0.932345561364918,-0.2129695939169687,-0.18228548419176901,0.132338715434914,0.16995306208745076,0.19057743586853762,0.7663191987852874,0.9183536196927459,False
stock/MRK,stock,80,144,ls,2009-07-29,2015-04-24,2019-02-22,1444,964,0.4829116140283953,0.16254221311083084,0.1731949623832142,0.04394302585988837,-0.4462440133309757,-0.28858631542265656,0.07728721510259287,0.0126813559214277,0.1994604945816624,0.898297851800683,0.6961229007478676,False
stock/MRK,stock,80,300,ls,2010-03-12,2015-07-24,2019-02-22,1351,901,0.23479255984744218,-0.10943612835990005,0.06080304751487724,-0.10456534939595664,-0.4400212614532763,-0.395486477863502,0.026754633667699777,-0.04135418173917336,0.20129550878232552,0.7315009503719261,0.72708944371563,False
stock/MRK,stock,100,200,ls,2009-10-16,2015-05-28,2019-02-22,1411,941,0.3741891614636155,-0.012162024984927008,0.11485795067135446,-0.06464319334207823,-0.47784559779762764,-0.34020202242441183,0.0548843661003638,-0.021991745110947286,0.19936824316040902,0.84242384317089,0.6627199001792825,False
stock/MRK,stock,100,250,ls,2009-12-29,2015-06-25,2019-02-22,1381,921,0.2924332360312673,0.12205213047053212,0.08575158964924877,0.013450454831321445,-0.4447386064020757,-0.3331426421273929,0.03813704247736956,0.004480920060321583,0.20003512677773588,0.7294988832771041,0.7050167718870946,False
stock/MRK,stock,100,300,ls,2010-03-12,2015-07-24,2019-02-22,1351,901,0.4741373665871415,-0.05795344415665624,0.24385307939167644,-0.08413900969543436,-0.3015001476215029,-0.3726330367031036,0.07352173943454851,-0.031352974688001585,0.20123684383481638,0.7315009503719261,0.72708944371563,False
stock/MRK,stock,100,400,ls,2010-08-04,2015-09-21,2019-02-22,1291,861,0.5074947882926726,0.07605889102071273,0.33771926157170806,-0.01369095703436763,-0.23955171898284153,-0.2888133181403947,0.08090122964311856,-0.003954130729613293,0.1936596681362791,0.6856014300573967,0.9456224898188621,False
stock/MRK,stock,116,378,ls,2010-07-02,2015-09-08,2019-02-22,1304,870,0.6543304082627386,-0.023943631388091517,0.5588711385431743,-0.059305834922667285,-0.1981636616229955,-0.39270460257103684,0.11074795118912782,-0.023289674333449573,0.1946792294527608,0.7360376894160626,0.8964638381074327,False
stock/MRK,stock,120,398,ls,2010-08-02,2015-09-18,2019-02-22,1292,862,0.7125350619517575,0.011827003681891995,0.621763307848368,-0.038507677502858884,-0.19816366162299548,-0.42406287259972997,0.12321089374605837,-0.016329676339006335,0.19397822391052397,0.7125350619517575,0.9098419027437832,False
stock/MRK,stock,134,750,ls,2011-12-21,2016-04-12,2019-02-22,1081,721,0.7796215841249392,0.9420606895990247,0.633654121347912,0.9604115713466338,-0.2129695939169687,-0.18228548419176901,0.13494906090727843,0.17506908830629886,0.19037632925988793,0.7796215841249392,0.9420606895990247,False
stock/MRK,stock,150,400,ls,2010-08-04,2015-09-21,2019-02-22,1291,861,0.6856014300573967,0.20482769099959142,0.5938823772234698,0.0695164543249728,-0.19816366162299548,-0.305385450307271,0.11768590644397184,0.021229313707796654,0.1937707511269767,0.6856014300573967,0.9456224898188621,False
stock/MRK,stock,150,500,ls,2010-12-27,2015-11-16,2019-02-22,1231,821,0.7066964066188456,0.27505769854236994,0.5830951726401359,0.12947156692752895,-0.21296959391696862,-0.2708485412282235,0.12418154213211445,0.035067185032853526,0.19190868943561085,0.7066964066188456,0.9107998639689773,False
stock/MRK,stock,150,710,ls,2011-10-25,2016-03-18,2019-02-22,1105,737,0.8519648632093394,1.0307936153555863,0.7174852399444408,1.0653215943047467,-0.21296959391696862,-0.182285484191769,0.15280254019238634,0.19419266263778803,0.18950079004721676,0.8519648632093394,1.0307936153555863,False
stock/MRK,stock,162,678,ls,2011-09-09,2016-03-01,2019-02-22,1124,750,0.8649843423149565,1.0504019594163816,0.7368793301564195,1.0855396268660416,-0.21296959391696862,-0.18228548419176893,0.1569328917092205,0.19787811649262854,0.1887697027533788,0.8649843423149565,1.0504019594163816,False
stock/MRK,stock,174,698,ls,2011-10-07,2016-03-11,2019-02-22,1112,742,0.915227129239779,0.9928581421918254,0.7845945264593865,1.0175720881574646,-0.21296959391696862,-0.182285484191769,0.16709477768953185,0.18548862078981287,0.18933785511991003,0.915227129239779,0.9928581421918254,False
stock/MRK,stock,200,400,ls,2010-08-04,2015-09-21,2019-02-22,1291,861,0.6856014300573967,0.18705656367245935,0.5938823772234698,0.05874668955940033,-0.19816366162299548,-0.30161593699784656,0.11768590644397184,0.01771893781698014,0.19358799006813499,0.6856014300573967,0.9456224898188621,False
stock/MRK,stock,200,600,ls,2011-05-19,2016-01-14,2019-02-22,1171,781,0.6544851625783376,1.004367385570405,0.5351343349193058,1.0365804637299936,-0.21296959391696862,-0.18228548419176893,0.11396734199879165,0.18895357173475025,0.19025579654800306,0.6544851625783376,1.004367385570405,False
stock/MSFT,stock,5,20,ls,2009-01-30,2015-02-12,2019-02-22,1519,1013,-0.2558621753602664,-0.42821536689893813,-0.15547188079795482,-0.25787401054917636,-0.5746100114866468,-0.47385400687031787,-0.08933569921116341,-0.12219463316644583,0.23814930586112787,0.8502312869758298,1.2123757460917612,False
stock/MSFT,stock,5,35,ls,2009-02-23,2015-02-23,2019-02-22,1510,1007,-0.04966687209169263,-0.08226318629782498,-0.06859745753932114,-0.10377362834682748,-0.5975557798128153,-0.4521887478189585,-0.04099080723308553,-0.046925267058781896,0.23857390274557838,0.8740247069947644,1.1837236800862805,False
stock/MSFT,stock,8,21,ls,2009-02-02,2015-02-12,2019-02-22,1518,1013,-0.12457655631658826,-0.19851767192961184,-0.10514709637721643,-0.17422258491405038,-0.5629381757452164,-0.41815494452327884,-0.05919131461949667,-0.07285203532943697,0.23818053570860986,0.8237169769723973,1.2123757460917612,False
stock/MSFT,stock,9,21,ls,2009-02-02,2015-02-12,2019-02-22,1518,1013,-0.09722525554918035,-0.17463161319757725,-0.09245422215939456,-0.16340700867545643,-0.5714799310243802,-0.41325313260297225,-0.05283573250256352,-0.06752845822441343,0.2381086822656843,0.8237169769723973,1.2123757460917612,False
stock/MSFT,stock,10,20,ls,2009-01-30,2015-02-12,2019-02-22,1519,1013,-0.27447352711931605,-0.17223310595513383,-0.14253198280361706,-0.1620824922600174,-0.6567165342731132,-0.41325313260297225,-0.09360310976986636,-0.0669810976665492,0.23807026001722173,0.8502312869758298,1.2123757460917612,False
stock/MSFT,stock,10,30,ls,2009-02-13,2015-02-19,2019-02-22,1513,1009,-0.07800609621644389,0.34168079132581136,-0.07862199025069828,0.1993245319693616,-0.61091041960575,-0.2733612835374317,-0.04803099305429327,0.054487609899642526,0.23824241443802652,0.7933609217639479,1.1979898475481243,False
stock/MSFT,stock,10,100,ls,2009-05-27,2015-03-31,2019-02-22,1471,981,0.11276738525468635,-0.33311199730678576,-0.0006452827746587966,-0.19426676880577046,-0.573474493949595,-0.530341479472145,-0.00037005321265184396,-0.10302772558072545,0.23981461684987987,0.7569201493856501,1.2960094190968579,False
stock/MSFT,stock,12,26,ls,2009-02-09,2015-02-17,2019-02-22,1515,1011,-0.14159613246502248,0.34540588405777317,-0.09732738890185788,0.18915753013759434,-0.6464766678984966,-0.29285534201065844,-0.0629198860725342,0.055395793182336624,0.23800283672741776,0.7804808327151479,1.1948541927776184,False
stock/MSFT,stock,13,48,ls,2009-03-12,2015-03-02,2019-02-22,1502,1002,0.32288516826968144,0.016284324788889592,0.1539182890790553,-0.05321726058483787,-0.32349853060899514,-0.4600718313769198,0.04979234035092493,-0.024483762538129127,0.23908989658668414,0.8934831574990106,1.1932653353534308,False
stock/MSFT,stock,20,50,ls,2009-03-16,2015-03-03,2019-02-22,1501,1001,0.2645709049197153,-0.0008801108993640588,0.10637932206556716,-0.05561544120474673,-0.33128698320446315,-0.512806689532399,0.035242084682437724,-0.02851997029108995,0.23918139454869955,0.9171031555973298,1.2088853338713004,False
stock/MSFT,stock,20,60,ls,2009-03-30,2015-03-09,2019-02-22,1495,997,0.4070506301898463,-0.32444188069868546,0.17371388450469927,-0.16732981142543782,-0.40518572643722656,-0.6035545226595793,0.07038638648526904,-0.10099266446159755,0.239423748323343,0.8725413927388885,1.222961382089619,False
stock/MSFT,stock,20,100,ls,2009-05-27,2015-03-31,2019-02-22,1471,981,0.04039443427279612,0.14036148506157686,-0.027222693838395318,0.011086605076351824,-0.611301100116268,-0.43910610768597375,-0.01664126269153941,0.004868196002528407,0.23969207819833468,0.7569201493856501,1.2960094190968579,False
stock/MSFT,stock,21,55,ls,2009-03-23,2015-03-05,2019-02-22,1498,999,0.4318687228808753,-0.17437068986666202,0.20457215867375483,-0.11439704522369011,-0.3765226384192784,-0.5946492815353901,0.07702604893096944,-0.06802612075203886,0.2392717194528888,0.8368012321239819,1.214345200726509,False
stock/MSFT,stock,30,90,ls,2009-05-12,2015-03-25,2019-02-22,1477,985,0.19902742665664985,0.3296028273477603,0.034228206878711094,0.1356261793756669,-0.5687071846465869,-0.3795932714362421,0.019465827169492723,0.051482785121607984,0.23922850549763275,0.7816863494096482,1.272026999035726,False
stock/MSFT,stock,30,200,ls,2009-10-16,2015-05-28,2019-02-22,1411,941,-0.22732989462121964,0.9874478874083208,-0.12734476333698674,1.2429761521426894,-0.5884941034156828,-0.1822796861060845,-0.07494164232468233,0.22656930284991816,0.2346487821077094,0.6885753794846884,1.1834769457035095,False
stock/MSFT,stock,40,100,ls,2009-05-27,2015-03-31,2019-02-22,1471,981,0.3061266407122109,0.07393310139438164,0.08973374505260885,-0.026121069988587327,-0.4969175508990604,-0.4225090828685032,0.04459027282454307,-0.011036389324422014,0.239935803062563,0.7569201493856501,1.2960094190968579,False
stock/MSFT,stock,50,150,ls,2009-08-06,2015-04-29,2019-02-22,1441,961,0.07624637453213323,0.9765379996853536,-0.01573221658244592,1.222000457967424,-0.5484354258094514,-0.1822796861060845,-0.008628104900320241,0.22274585989979354,0.23389141405978092,0.7968036204864358,1.1337433973971938,False
stock/MSFT,stock,50,200,ls,2009-10-16,2015-05-28,2019-02-22,1411,941,-0.21087133014506787,1.1834769457035095,-0.12937628856379435,1.5580343058930015,-0.5524301343645371,-0.1822796861060845,-0.07147136047488205,0.28399800422068755,0.234437720415268,0.6885753794846884,1.1834769457035095,False
stock/MSFT,stock,60,120,ls,2009-06-24,2015-04-13,2019-02-22,1459,973,0.1998388712787776,0.628626635251575,0.037919320433922335,0.44342589997670734,-0.5183453293025079,-0.2927506553557033,0.019655302637248788,0.12981322281987362,0.23997695279012743,0.6663893343255373,1.275003802440278,False
stock/MSFT,stock,60,132,ls,2009-07-13,2015-04-20,2019-02-22,1452,968,0.13737214470029055,0.7609876114357818,0.009759607630055098,0.550557958662229,-0.5490697261083697,-0.3017390816324935,0.005358705088359508,0.1661248528322013,0.23975653568637806,0.69896808535649,1.251753993710881,False
stock/MSFT,stock,60,180,ls,2009-09-18,2015-05-15,2019-02-22,1423,949,-0.21663857737397516,1.1639520368868062,-0.12488007102465393,1.522187552228139,-0.583061843648009,-0.1822796861060845,-0.07281280444652902,0.27746386921473426,0.23386826193130247,0.7292553492307307,1.1639520368868062,False
stock/MSFT,stock,60,400,ls,2010-08-04,2015-09-21,2019-02-22,1291,861,0.21737980168275742,1.3813659073165796,0.06106837860340096,1.8650822552496666,-0.38955030729233925,-0.1822796861060845,0.02378920565079976,0.3399666080489374,0.23121498663268275,0.6940892008537393,1.3813659073165796,False
stock/MSFT,stock,62,758,ls,2012-01-04,2016-04-15,2019-02-22,1076,718,0.935482796530841,1.2986751622717894,1.1843463987177465,1.6610369972071266,-0.18051170664756105,-0.1822796861060845,0.21378838969443323,0.3027733024615082,0.22284443715221589,0.935482796530841,1.2986751622717894,False
stock/MSFT,stock,74,758,ls,2012-01-04,2016-04-15,2019-02-22,1076,718,0.935482796530841,1.2986751622717894,1.1843463987177465,1.6610369972071266,-0.18051170664756105,-0.1822796861060845,0.21378838969443323,0.3027733024615082,0.22284443715221589,0.935482796530841,1.2986751622717894,False
stock/MSFT,stock,80,144,ls,2009-07-29,2015-04-24,2019-02-22,1444,964,-0.053172061819138264,1.1184817011983224,-0.06375661630355017,1.4474177249285072,-0.5847574991726116,-0.1822796861060845,-0.037282159505371754,0.26383484856435124,0.2337556582586981,0.7659463348263014,1.1583510622648512,False
stock/MSFT,stock,80,300,ls,2010-03-12,2015-07-24,2019-02-22,1351,901,-0.0944178849600494,1.2595539436004397,-0.08064726011839271,1.701362976474155,-0.5759210082311566,-0.1822796861060845,-0.04644645135846507,0.31012390930422257,0.23670377423833136,0.5981366411100374,1.2595539436004397,False
stock/MSFT,stock,100,200,ls,2009-10-16,2015-05-28,2019-02-22,1411,941,-0.03370649017226174,1.1834769457035095,-0.0570840423071774,1.5580343058930015,-0.5801297754379068,-0.1822796861060845,-0.0331161526447508,0.28399800422068755,0.234437720415268,0.6885753794846884,1.1834769457035095,False
stock/MSFT,stock,100,250,ls,2009-12-29,2015-06-25,2019-02-22,1381,921,-0.15921099801715133,1.2455536063387622,-0.10071537795941159,1.6717175939729687,-0.598242739303352,-0.1822796861060845,-0.06025224360041083,0.30472015828741156,0.23589456392989214,0.5308570660900747,1.2455536063387622,False
stock/MSFT,stock,100,300,ls,2010-03-12,2015-07-24,2019-02-22,1351,901,0.11243218883212748,1.2595539436004397,-0.0007821909949989091,1.701362976474155,-0.4737288477728864,-0.1822796861060845,-0.0003705464387991607,0.31012390930422257,0.23670377423833136,0.5981366411100374,1.2595539436004397,False
stock/MSFT,stock,100,400,ls,2010-08-04,2015-09-21,2019-02-22,1291,861,0.5833816319702175,1.3813659073165796,0.4422094096983828,1.8650822552496666,-0.2569731804273527,-0.1822796861060845,0.11363595842509565,0.3399666080489374,0.23121498663268275,0.6940892008537393,1.3813659073165796,False
stock/MSFT,stock,116,378,ls,2010-07-02,2015-09-08,2019-02-22,1304,870,0.6718656319041457,1.3756809724659191,0.5567935287359708,1.8534834293261477,-0.24529834773901935,-0.1822796861060843,0.13658053263071182,0.3378523777003989,0.23098363464463045,0.7683140770124489,1.3756809724659191,False
stock/MSFT,stock,120,398,ls,2010-08-02,2015-09-18,2019-02-22,1292,862,0.6618922290431682,1.398227152845847,0.7415854036450054,1.893556811186636,-0.18051170664756105,-0.1822796861060845,0.13386484683688035,0.34515694116713835,0.2311912342471077,0.6618922290431682,1.398227152845847,False
stock/MSFT,stock,134,750,ls,2011-12-21,2016-04-12,2019-02-22,1081,721,0.974021674672376,1.3239051914860194,1.2469334991917975,1.6985661476860605,-0.18051170664756105,-0.1822796861060845,0.22508609401512658,0.3096141042306363,0.22250031965400902,0.974021674672376,1.3239051914860194,False
stock/MSFT,stock,150,400,ls,2010-08-04,2015-09-21,2019-02-22,1291,861,0.6940892008537393,1.3813659073165796,0.7882710664621091,1.8650822552496666,-0.18051170664756105,-0.1822796861060845,0.14229215550796834,0.3399666080489374,0.23121498663268275,0.6940892008537393,1.3813659073165796,False
stock/MSFT,stock,150,500,ls,2010-12-27,2015-11-16,2019-02-22,1231,821,0.7974372223894574,1.1979547365937666,0.9605546227628485,1.5308992090754205,-0.18051170664756105,-0.1822796861060845,0.173391354283126,0.2790518272903207,0.22700491136192397,0.7974372223894574,1.1979547365937666,False
stock/MSFT,stock,150,710,ls,2011-10-25,2016-03-18,2019-02-22,1105,737,0.8996205930578279,1.3376325234470514,1.1345196632705412,1.7092079113579621,-0.18051170664756105,-0.1822796861060845,0.2047940806421817,0.31155388157236563,0.2210923174570082,0.8996205930578279,1.3376325234470514,False
stock/MSFT,stock,162,678,ls,2011-09-09,2016-03-01,2019-02-22,1124,750,0.9076349834001884,1.3421439628976395,1.1487843798138333,1.7168702374032259,-0.18051170664756105,-0.1822796861060845,0.20736902897025505,0.31295056795873877,0.22115417074873675,0.9076349834001884,1.3421439628976395,False
stock/MSFT,stock,174,698,ls,2011-10-07,2016-03-11,2019-02-22,1112,742,0.9086647439872748,1.3423623447134196,1.1467080660147795,1.715323669047282,-0.18051170664756105,-0.1822796861060845,0.20699423002285194,0.31266865996427573,0.22091949438093123,0.9086647439872748,1.3423623447134196,False
stock/MSFT,stock,200,400,ls,2010-08-04,2015-09-21,2019-02-22,1291,861,0.6940892008537393,1.3813659073165796,0.7882710664621091,1.8650822552496666,-0.18051170664756105,-0.1822796861060845,0.14229215550796834,0.3399666080489374,0.23121498663268275,0.6940892008537393,1.3813659073165796,False
stock/MSFT,stock,200,600,ls,2011-05-19,2016-01-14,2019-02-22,1171,781,0.9198752559639349,1.2617471097749138,1.1696226805930419,1.6328367196413482,-0.18051170664756105,-0.1822796861060845,0.21113058620754516,0.29763296471871364,0.22695648868735302,0.9198752559639349,1.2617471097749138,False
stock/NKE,stock,5,20,ls,2009-01-30,2015-02-12,2019-02-22,1519,1013,-0.3929868082688117,-0.4630327652107421,-0.19179460522389688,-0.22828311443245833,-0.6613456406940144,-0.5744991026535247,-0.12684252607345364,-0.1311484443923992,0.24082526661107,1.229619983249373,0.8132109243176536,False
stock/NKE,stock,5,35,ls,2009-02-23,2015-02-23,2019-02-22,1510,1007,0.11122268585278695,-0.26028109864176563,-0.009109985615575057,-0.15629540675373657,-0.44467267561197665,-0.5631050995931343,-0.004050961678464381,-0.08801074058601226,0.24162817983516152,1.3242753446212432,0.7828305024755454,False
stock/NKE,stock,8,21,ls,2009-02-02,2015-02-12,2019-02-22,1518,1013,-0.039353609711409894,-0.6801514288223943,-0.09001870596972143,-0.26439074032542015,-0.4760772895842148,-0.6650344559163004,-0.04285586154994336,-0.17582895214162367,0.24129896366054715,1.2422375925884923,0.8132109243176536,False
stock/NKE,stock,9,21,ls,2009-02-02,2015-02-12,2019-02-22,1518,1013,0.019755625208782598,-0.5120717696029492,-0.06470987636616148,-0.23401300690788923,-0.4336663927581173,-0.6058194824238393,-0.028062498659536996,-0.14176963872538378,0.24141031643814329,1.2422375925884923,0.8132109243176536,False
stock/NKE,stock,10,20,ls,2009-01-30,2015-02-12,2019-02-22,1519,1013,0.13149223244076838,-0.42179048253869006,0.0014606833826921973,-0.22454291472356602,-0.4317843428110483,-0.5467941284768562,0.0006307002144507694,-0.12277874736192532,0.2412972205296804,1.229619983249373,0.8132109243176536,False
stock/NKE,stock,10,30,ls,2009-02-13,2015-02-19,2019-02-22,1513,1009,0.19691230926513467,-0.05883688187267553,0.04011306283254828,-0.08454279714504297,-0.4477615652312555,-0.5023406000438714,0.017961087800121515,-0.04246927944722818,0.24152488516839124,1.2809336725879787,0.7962684848467099,False
stock/NKE,stock,10,100,ls,2009-05-27,2015-03-31,2019-02-22,1471,981,0.6261975795817473,-0.03793066759826384,0.33132130468011456,-0.06523844842996183,-0.39090778100802276,-0.5815422486519299,0.1295160760131866,-0.03793891399852297,0.24262813613224674,1.2635446963431776,0.7337845537161591,False
stock/NKE,stock,12,26,ls,2009-02-09,2015-02-17,2019-02-22,1515,1011,0.20720968594729985,-0.06802856662285553,0.04103784718939308,-0.08972574560820235,-0.5022531294978917,-0.4968318387430982,0.020611387178728933,-0.044578607173118644,0.24148027143584253,1.200558772791071,0.8156002528592513,False
stock/NKE,stock,13,48,ls,2009-03-12,2015-03-02,2019-02-22,1502,1002,-0.02546881872791739,0.0868439946036086,-0.0625665838543984,-0.017418886018488962,-0.5897772577700897,-0.47361807574454473,-0.03690034825368946,-0.008249899277690296,0.24202834244793248,1.3221144547463284,0.7391197654389233,False
stock/NKE,stock,20,50,ls,2009-03-16,2015-03-03,2019-02-22,1501,1001,0.07368478479880311,0.24167985541454315,-0.0221387704087271,0.06615559416855753,-0.5714903486480539,-0.4478048877191418,-0.012652093619522669,0.029624798418644016,0.24182663047521383,1.3279225496093376,0.7478342057504883,False
stock/NKE,stock,20,60,ls,2009-03-30,2015-03-09,2019-02-22,1495,997,0.5823829249277954,0.20235627099353382,0.36551442261910105,0.040264301096295065,-0.3301575755725238,-0.4934714336685514,0.12067735560871326,0.01986928238765095,0.24215932470854218,1.3038092124275025,0.7555486018905442,False
stock/NKE,stock,20,100,ls,2009-05-27,2015-03-31,2019-02-22,1471,981,0.6421139335507949,-0.24484863224354644,0.354022837965006,-0.1467737857176304,-0.3779823890494354,-0.5799095222671466,0.13381439807207413,-0.08511551595685159,0.24279836183312328,1.2635446963431776,0.7337845537161591,False
stock/NKE,stock,21,55,ls,2009-03-23,2015-03-05,2019-02-22,1498,999,0.3189432125281359,0.08089486124208022,0.10992958726983867,-0.01890361990363594,-0.4538178271719761,-0.5130555094044189,0.04988800643671031,-0.00969860633924745,0.24218296136600986,1.2857016055421957,0.7434933743409813,False
stock/NKE,stock,30,90,ls,2009-05-12,2015-03-25,2019-02-22,1477,985,0.9058972029621167,-0.27968126083833866,0.6396331945104824,-0.1600531468557829,-0.3267161226063917,-0.5784317384600085,0.20897847720080476,-0.09257981998178555,0.2422499648400627,1.289387428157882,0.7463470026831789,False
stock/NKE,stock,30,200,ls,2009-10-16,2015-05-28,2019-02-22,1411,941,0.9161048672189248,-0.15631128265787775,0.5396556821827556,-0.12873110378719152,-0.381654789672368,-0.5183924710776361,0.20596217587895785,-0.06673323499679384,0.24672613341132935,1.192070262547889,0.7246871451647876,False
stock/NKE,stock,40,100,ls,2009-05-27,2015-03-31,2019-02-22,1471,981,0.7709916786675429,-0.11430778080103783,0.48465715236770457,-0.10257178351898714,-0.349301073944517,-0.5418930023163417,0.1692912638169306,-0.055582931724045805,0.24255907456544962,1.2635446963431776,0.7337845537161591,False
stock/NKE,stock,50,150,ls,2009-08-06,2015-04-29,2019-02-22,1441,961,1.0913138454434015,-0.05818219448207066,0.9052869484095944,-0.09927415458588401,-0.28686482002068714,-0.435974861292218,0.2596949775225954,-0.04328103577548299,0.244746616107781,1.2419608996297171,0.7441562486446515,False
stock/NKE,stock,50,200,ls,2009-10-16,2015-05-28,2019-02-22,1411,941,0.9740612504822357,0.16915404656836378,0.6674955018093001,0.024166514659789785,-0.33311121879807143,-0.47291114631731357,0.22235024014992624,0.01142861415025535,0.24645442157042952,1.192070262547889,0.7246871451647876,False
stock/NKE,stock,60,120,ls,2009-06-24,2015-04-13,2019-02-22,1459,973,1.112241758521463,-0.0746456238816794,0.9037992831953652,-0.10759285582584181,-0.295150533116313,-0.4344343027444232,0.2667568402652536,-0.046742027300980836,0.24350235135326226,1.2789474831515426,0.7484797443199758,False
stock/NKE,stock,60,132,ls,2009-07-13,2015-04-20,2019-02-22,1452,968,1.1875048861275204,-0.16867348809665123,1.14438489922494,-0.1409451064805988,-0.2526163916167527,-0.4864575381240419,0.2890903838629055,-0.06856380950918303,0.24409129315691447,1.3121854494303007,0.7431328262460367,False
stock/NKE,stock,60,180,ls,2009-09-18,2015-05-15,2019-02-22,1423,949,1.0616862790675858,0.10569376914498305,0.7643466909062795,-0.008394009708996852,-0.326853726800458,-0.49237736867474025,0.24982956449031518,-0.004133020413146092,0.24549377613548573,1.269301402995343,0.6993554681915249,False
stock/NKE,stock,60,400,ls,2010-08-04,2015-09-21,2019-02-22,1291,861,1.2647061627426506,-0.1190821588550042,1.3770033541421136,-0.10476095934774844,-0.22238222444805342,-0.559291617497282,0.3062210689665539,-0.05859192640416923,0.24834346801775287,1.2647061627426506,0.6165611848861389,False
stock/NKE,stock,62,758,ls,2012-01-04,2016-04-15,2019-02-22,1076,718,1.1831354116163053,0.6899974428824924,1.2205529984207562,0.7049745703081357,-0.22238222444805342,-0.20829414420552483,0.2714292908455492,0.14684207480899072,0.23988679558503706,1.1831354116163053,0.6899974428824924,False
stock/NKE,stock,74,758,ls,2012-01-04,2016-04-15,2019-02-22,1076,718,1.1831354116163053,0.6899974428824924,1.2205529984207562,0.7049745703081357,-0.22238222444805342,-0.20829414420552483,0.2714292908455492,0.14684207480899072,0.23988679558503706,1.1831354116163053,0.6899974428824924,False
stock/NKE,stock,80,144,ls,2009-07-29,2015-04-24,2019-02-22,1444,964,1.144133432302094,0.10504499536526411,1.0102749917042546,-0.008330097378681236,-0.27299082378834766,-0.4972865611299061,0.27579580223811057,-0.004142445479321637,0.24437389034369367,1.2871337248057044,0.734536176542175,False
stock/NKE,stock,80,300,ls,2010-03-12,2015-07-24,2019-02-22,1351,901,1.228197811837549,-0.05888765119274075,1.3465384397343985,-0.08403079100660786,-0.22238222444805342,-0.5321150582843495,0.29944621353294665,-0.04471404925416113,0.24941372006896273,1.228197811837549,0.6338804047874109,False
stock/NKE,stock,100,200,ls,2009-10-16,2015-05-28,2019-02-22,1411,941,1.0862773928239249,0.028375140915643433,1.0448958360028253,-0.04295582007145301,-0.2438356875276671,-0.5369683988265238,0.2547828945665454,-0.023065917924048374,0.24647254318840353,1.192070262547889,0.7246871451647876,False
stock/NKE,stock,100,250,ls,2009-12-29,2015-06-25,2019-02-22,1381,921,1.2119481891728159,0.08096936544869772,1.3124121844664882,-0.02130553425703123,-0.22238222444805328,-0.5003494391845125,0.2918571409743865,-0.010660212117031994,0.2486208254627731,1.2119481891728159,0.7025951897481406,False
stock/NKE,stock,100,300,ls,2010-03-12,2015-07-24,2019-02-22,1351,901,1.228197811837549,-0.12546933745516906,1.3465384397343985,-0.10599891077285825,-0.22238222444805342,-0.5702817066740253,0.29944621353294665,-0.06044923974113334,0.24941343435112184,1.228197811837549,0.6338804047874109,False
stock/NKE,stock,100,400,ls,2010-08-04,2015-09-21,2019-02-22,1291,861,1.2647061627426506,0.3286364087831084,1.3770033541421136,0.13451219013691532,-0.22238222444805342,-0.38941631442316604,0.3062210689665539,0.052381241328105704,0.24824889168657663,1.2647061627426506,0.6165611848861389,False
stock/NKE,stock,116,378,ls,2010-07-02,2015-09-08,2019-02-22,1304,870,1.290619725160275,0.07381373977755487,1.4119497061239423,-0.023253576129858226,-0.22238222444805328,-0.5288803049971716,0.3139925164566174,-0.01229835843583437,0.24780813856433234,1.290619725160275,0.6617031743290978,False
stock/NKE,stock,120,398,ls,2010-08-02,2015-09-18,2019-02-22,1292,862,1.2491102004024528,0.3333548402825952,1.3559444747235614,0.13582254172191832,-0.22238222444805342,-0.3947748024709506,0.30153794851707294,0.05361931707937275,0.24830083274714632,1.2491102004024528,0.6314381214958353,False
stock/NKE,stock,134,750,ls,2011-12-21,2016-04-12,2019-02-22,1081,721,1.1810714068845394,0.7116540399372583,1.2183710595200459,0.7328795793419498,-0.22238222444805347,-0.20829414420552486,0.27094406641919955,0.15265452478473648,0.23959947583051514,1.1810714068845394,0.7116540399372583,False
stock/NKE,stock,150,400,ls,2010-08-04,2015-09-21,2019-02-22,1291,861,1.2647061627426506,0.3609157239792812,1.3770033541421136,0.16341817936076394,-0.22238222444805342,-0.3724380522270787,0.3062210689665539,0.06086314841961832,0.24832064528142603,1.2647061627426506,0.6165611848861389,False
stock/NKE,stock,150,500,ls,2010-12-27,2015-11-16,2019-02-22,1231,821,1.192900443588348,0.573326359393975,1.3094285672026622,0.469821456889624,-0.22238222444805347,-0.2494145061886025,0.2911936375303555,0.11718028666693538,0.2453895610508702,1.192900443588348,0.573326359393975,False
stock/NKE,stock,150,710,ls,2011-10-25,2016-03-18,2019-02-22,1105,737,1.273218332249815,0.5936086271827866,1.3404807012675959,0.5273369403151016,-0.22238222444805347,-0.22896393583784605,0.29809908017757464,0.12074114136723296,0.24017618949650854,1.273218332249815,0.5936086271827866,False
stock/NKE,stock,162,678,ls,2011-09-09,2016-03-01,2019-02-22,1124,750,1.3607673288765822,0.5902755918599358,1.478821930215071,0.52373060880753,-0.22238222444805347,-0.22896393583784608,0.3288637104037916,0.11991542151132337,0.24038126561353507,1.3607673288765822,0.5902755918599358,False
stock/NKE,stock,174,698,ls,2011-10-07,2016-03-11,2019-02-22,1112,742,1.27846840888431,0.6578735226838724,1.3498079047204155,0.6027822248216308,-0.22238222444805342,-0.22896393583784605,0.30017328442929214,0.13801539064825397,0.2398663799021052,1.27846840888431,0.6578735226838724,False
stock/NKE,stock,200,400,ls,2010-08-04,2015-09-21,2019-02-22,1291,861,1.2647061627426506,0.6165611848861389,1.3770033541421136,0.5224662608617062,-0.22238222444805342,-0.24941450618860242,0.3062210689665539,0.130310664453028,0.24817640428561674,1.2647061627426506,0.6165611848861389,False
stock/NKE,stock,200,600,ls,2011-05-19,2016-01-14,2019-02-22,1171,781,1.1816792859616907,0.6622772698188744,1.3028484234602922,0.6173101420486657,-0.2223822244480535,-0.22896393583784605,0.28973033052773933,0.14134175975608235,0.24438224736300335,1.1816792859616907,0.6622772698188744,False
stock/PFE,stock,5,20,ls,2009-01-30,2015-02-12,2019-02-22,1519,1013,-0.3584429590317693,-0.5706369032280078,-0.16311358101929027,-0.286401303129832,-0.5660209879264613,-0.3908198555595926,-0.09232571027276157,-0.11193131592128003,0.17964809556199055,0.99563390785976,0.5777239404611025,False
stock/PFE,stock,5,35,ls,2009-02-23,2015-02-23,2019-02-22,1510,1007,-0.17547772816390494,-0.13614822746689742,-0.10913352643646636,-0.12265203556780381,-0.5154889882453126,-0.3253893319926515,-0.056257131126377126,-0.039909663920946616,0.17998080221866516,1.0569260730023884,0.5989043353270939,False
stock/PFE,stock,8,21,ls,2009-02-02,2015-02-12,2019-02-22,1518,1013,-0.051224928003994155,-0.41006470897371106,-0.08002035261969692,-0.2439468772357763,-0.4012179604795982,-0.35183984978720056,-0.03210560267493307,-0.08583023264269218,0.1794642011118522,0.9798307500306568,0.5777239404611025,False
stock/PFE,stock,9,21,ls,2009-02-02,2015-02-12,2019-02-22,1518,1013,-0.15484627283648789,-0.48099016349068646,-0.11853321709687528,-0.25890935581241437,-0.44622570158035535,-0.3767911201622146,-0.052892567959629745,-0.097554746197037,0.17972268263753982,0.9798307500306568,0.5777239404611025,False
stock/PFE,stock,10,20,ls,2009-01-30,2015-02-12,2019-02-22,1519,1013,-0.13350714997750585,-0.5591762201514331,-0.10630576815758017,-0.2739946147679577,-0.45785922032773213,-0.40209988208096425,-0.04867307612497031,-0.11017320228901502,0.17975467935675155,0.99563390785976,0.5777239404611025,False
stock/PFE,stock,10,30,ls,2009-02-13,2015-02-19,2019-02-22,1513,1009,0.36237644914617684,-0.25824474819708776,0.14239241875475359,-0.16747406720239896,-0.3873690914513732,-0.3630171714058973,0.05515842188259237,-0.060795962159656027,0.17998559923259402,0.9768229503537064,0.5974314748287889,False
stock/PFE,stock,10,100,ls,2009-05-27,2015-03-31,2019-02-22,1471,981,0.49409094630285666,-0.5260242749922339,0.25426734939484935,-0.23457031822512753,-0.3126854866507489,-0.44975550693557975,0.07950570988492447,-0.1054992923853825,0.18071648939062224,1.0610717719727547,0.5941522890245368,False
stock/PFE,stock,12,26,ls,2009-02-09,2015-02-17,2019-02-22,1515,1011,0.3602447038480108,-0.16378472740238229,0.14334591325080176,-0.12684646546623152,-0.38253298235768024,-0.35175771524675886,0.05483453970461451,-0.0446192228795285,0.17977557090659474,0.9689739582469148,0.5899711153810709,False
stock/PFE,stock,13,48,ls,2009-03-12,2015-03-02,2019-02-22,1502,1002,0.3908096967439776,-0.4926315825476457,0.13609320204589434,-0.22979422786305612,-0.4386343313463836,-0.43380101428218065,0.05969515068018915,-0.09968496912318428,0.18009284316609603,1.0596736034471386,0.5855667188304856,False
stock/PFE,stock,20,50,ls,2009-03-16,2015-03-03,2019-02-22,1501,1001,0.3804363635826907,-0.7208909239877127,0.1271327482387657,-0.2784696344998285,-0.45100090065963305,-0.4897552701022342,0.0573369839590177,-0.13638197105973393,0.1806006594708049,1.0507977099070367,0.5943905842183954,False
stock/PFE,stock,20,60,ls,2009-03-30,2015-03-09,2019-02-22,1495,997,0.49904032249948493,-0.5229029748508944,0.21226665667105163,-0.22557631332090786,-0.3861743465236575,-0.46477102855997626,0.08197193742870493,-0.10484133516092582,0.18048663666741563,1.0749193381067976,0.6176566987686315,False
stock/PFE,stock,20,100,ls,2009-05-27,2015-03-31,2019-02-22,1471,981,0.6069184343918959,-0.26002607934059185,0.3079634086776246,-0.1730702986354496,-0.33482636423887524,-0.3548577424873917,0.10311426844613994,-0.06141533546539435,0.18067836305199692,1.0610717719727547,0.5941522890245368,False
stock/PFE,stock,21,55,ls,2009-03-23,2015-03-05,2019-02-22,1498,999,0.4268122472710081,-0.738214663251611,0.16119065282831727,-0.28000760100011535,-0.4148709448510483,-0.4969050074665259,0.06687331844004128,-0.13913717906564632,0.18067084010483356,1.0619020427108277,0.5986846587735131,False
stock/PFE,stock,30,90,ls,2009-05-12,2015-03-25,2019-02-22,1477,985,0.5815519094476648,-0.5180232419586532,0.3572994269500936,-0.23737886944001999,-0.2742662244817399,-0.4394821448549606,0.09799516483909139,-0.10432377468474564,0.18090125793606576,1.026326824381974,0.6124939118078372,False
stock/PFE,stock,30,200,ls,2009-10-16,2015-05-28,2019-02-22,1411,941,0.3275843804991304,-0.16519147904476725,0.14495269564982913,-0.10811147427288727,-0.3073141661629504,-0.4256615589626299,0.04454601679669916,-0.04601889868074545,0.18320069339059314,0.9379443518797508,0.6129107245811581,False
stock/PFE,stock,40,100,ls,2009-05-27,2015-03-31,2019-02-22,1471,981,0.5108037994908833,-0.20077133770422728,0.24755760920909378,-0.11652357609263161,-0.3351663422325996,-0.4410466388124505,0.08297297837045928,-0.05139233157806199,0.18091065254366914,1.0610717719727547,0.5941522890245368,False
stock/PFE,stock,50,150,ls,2009-08-06,2015-04-29,2019-02-22,1441,961,0.49208939472542707,-0.006900470444132116,0.2573034009869965,-0.04537433149496981,-0.3003684390594372,-0.3898945664972381,0.0772858209191486,-0.017691205308333232,0.18186273836206757,1.0145274058856077,0.62319979151441,False
stock/PFE,stock,50,200,ls,2009-10-16,2015-05-28,2019-02-22,1411,941,0.23235921680681434,0.0576298211640773,0.07073139073906742,-0.017053883293888846,-0.37103440876043614,-0.3655783457582345,0.02624377974367327,-0.006234530443333875,0.18305924723066005,0.9379443518797508,0.6129107245811581,False
stock/PFE,stock,60,120,ls,2009-06-24,2015-04-13,2019-02-22,1459,973,0.44900529934874617,-0.03325730014897679,0.2322635753802335,-0.057418247442774,-0.29913415597351417,-0.3872607190198799,0.06947796858475684,-0.022235831789550038,0.1811442611555577,1.0856426611229932,0.5852053538534217,False
stock/PFE,stock,60,132,ls,2009-07-13,2015-04-20,2019-02-22,1452,968,0.504707824478555,-0.09087588793412092,0.23169830696044685,-0.07867491269462806,-0.34603047595332365,-0.41259033396361644,0.0801746754351027,-0.03246050850323496,0.18140147694899852,1.0947449565994702,0.5900725736092635,False
stock/PFE,stock,60,180,ls,2009-09-18,2015-05-15,2019-02-22,1423,949,0.35748031075612663,0.01442731976534128,0.1366706238247014,-0.03526891788525585,-0.3699303320920526,-0.39584658448606796,0.050558609258699795,-0.013961080683398125,0.18243098736707355,0.9834071112944844,0.6292808701912098,False
stock/PFE,stock,60,400,ls,2010-08-04,2015-09-21,2019-02-22,1291,861,0.9426433037053736,0.23501592153343362,0.766637303035413,0.07245920210058573,-0.21465154288094532,-0.36559566019977835,0.16455987992663823,0.02649076982951281,0.1802862953083534,1.0310581552628015,0.7548346472242722,False
stock/PFE,stock,62,758,ls,2012-01-04,2016-04-15,2019-02-22,1076,718,0.847095532416954,0.8919024568771711,0.7253004127016234,0.7600847268144251,-0.18928852363037196,-0.19221485945108271,0.13729104430878977,0.1460995789355493,0.16886841585299828,0.847095532416954,0.8919024568771711,False
stock/PFE,stock,74,758,ls,2012-01-04,2016-04-15,2019-02-22,1076,718,0.847095532416954,0.8919024568771711,0.7253004127016234,0.7600847268144251,-0.18928852363037196,-0.19221485945108271,0.13729104430878977,0.1460995789355493,0.16886841585299828,0.847095532416954,0.8919024568771711,False
stock/PFE,stock,80,144,ls,2009-07-29,2015-04-24,2019-02-22,1444,964,0.41039892168800557,-0.07064445854972162,0.1729524197634934,-0.07124761232335097,-0.3521472754900819,-0.4071680825090832,0.0609047234091312,-0.029009753693049343,0.18187293728111648,1.0521927277352947,0.5809157469994007,False
stock/PFE,stock,80,300,ls,2010-03-12,2015-07-24,2019-02-22,1351,901,0.6344394587014656,0.26138898681427236,0.30816579312798575,0.09709260931687119,-0.3358871274035625,-0.3275430802570197,0.10350892301779964,0.0318020123258394,0.1855143330097028,1.0102667437621697,0.6380628835941141,False
stock/PFE,stock,100,200,ls,2009-10-16,2015-05-28,2019-02-22,1411,941,0.3810238467518393,-0.1592518182084155,0.12587573441257843,-0.10129696884770897,-0.43632602912204493,-0.44278749067193346,0.054922859359061486,-0.04485303064875007,0.18305562460086777,0.9379443518797508,0.6129107245811581,False
stock/PFE,stock,100,250,ls,2009-12-29,2015-06-25,2019-02-22,1381,921,0.6486152296556364,0.11078682033855877,0.31598087466818436,0.010177413704108927,-0.3399160419789809,-0.3384386340588881,0.10740696825826566,0.003444429992270834,0.18459392276305997,0.9001230208409113,0.6389159341712247,False
stock/PFE,stock,100,300,ls,2010-03-12,2015-07-24,2019-02-22,1351,901,0.6892752277361055,0.12648496004068746,0.3822100919512327,0.01635077000123437,-0.2996053769874451,-0.38510788711512123,0.11451219868745513,0.006296810487880677,0.1855730039006039,1.0102667437621697,0.6380628835941141,False
stock/PFE,stock,100,400,ls,2010-08-04,2015-09-21,2019-02-22,1291,861,0.921621860766109,0.38011328225244745,0.7465849104923457,0.175167573205699,-0.21465154288094532,-0.3063580211416856,0.16025560292881447,0.05366399109548929,0.18013913061135725,1.0310581552628015,0.7548346472242722,False
stock/PFE,stock,116,378,ls,2010-07-02,2015-09-08,2019-02-22,1304,870,0.7240508701187531,0.3499329872963858,0.5364109600265361,0.1523575947711593,-0.22700899245366848,-0.3154288352093439,0.121770111576729,0.048057978653963995,0.18073893201068697,1.18580716360843,0.7410912189488323,False
stock/PFE,stock,120,398,ls,2010-08-02,2015-09-18,2019-02-22,1292,862,0.857729830814798,0.46143693856179735,0.6913241621315078,0.2654544771895398,-0.21465154288094523,-0.26082861940528795,0.14839379803240488,0.06923812480030017,0.180219480686915,1.1141480678926412,0.7325144741285171,False
stock/PFE,stock,134,750,ls,2011-12-21,2016-04-12,2019-02-22,1081,721,0.8269233818326517,0.9232238044157832,0.7040978379661117,0.7917026378571269,-0.18928852363037196,-0.19221485945108277,0.13327764023994215,0.15217701126275912,0.1688714295037452,0.8269233818326517,0.9232238044157832,False
stock/PFE,stock,150,400,ls,2010-08-04,2015-09-21,2019-02-22,1291,861,0.9283672856889901,0.7548346472242722,0.7530443411918948,0.6616519498529047,-0.21465154288094532,-0.19221485945108277,0.16164212969460523,0.12717933654651092,0.18002859635290977,1.0310581552628015,0.7548346472242722,False
stock/PFE,stock,150,500,ls,2010-12-27,2015-11-16,2019-02-22,1231,821,1.0129626031127497,0.7497023249538266,0.8509468051763303,0.6408003389230164,-0.21465154288094532,-0.19221485945108277,0.18265704464071048,0.12317134708229378,0.17542058237770838,1.0129626031127497,0.7497023249538266,False
stock/PFE,stock,150,710,ls,2011-10-25,2016-03-18,2019-02-22,1105,737,0.8902874574285018,1.0540548898837627,0.7798388970400651,0.9427790492584073,-0.18928852363037213,-0.19221485945108271,0.1476145534902517,0.18121614244663015,0.1720389792413703,0.8902874574285018,1.0540548898837627,False
stock/PFE,stock,162,678,ls,2011-09-09,2016-03-01,2019-02-22,1124,750,0.9375856235968625,0.9946011326480382,0.836128980878869,0.8843606473048419,-0.18928852363037213,-0.19221485945108271,0.15826962035512876,0.1699872575257687,0.1728532699062914,0.9375856235968625,0.9946011326480382,False
stock/PFE,stock,174,698,ls,2011-10-07,2016-03-11,2019-02-22,1112,742,0.959241203425597,0.9765381229338072,0.8548485855116928,0.8632847705178657,-0.18928852363037213,-0.19221485945108274,0.16181302667902026,0.16593616083135176,0.17242255977769386,0.959241203425597,0.9765381229338072,False
stock/PFE,stock,200,400,ls,2010-08-04,2015-09-21,2019-02-22,1291,861,1.0085635625121503,0.7548346472242722,0.8306235925588702,0.6616519498529047,-0.2146515428809453,-0.19221485945108277,0.17829463569607515,0.12717933654651092,0.18002859635290977,1.0310581552628015,0.7548346472242722,False
stock/PFE,stock,200,600,ls,2011-05-19,2016-01-14,2019-02-22,1171,781,0.7393875488241213,0.9113535974446041,0.5868130412956698,0.7979571486413435,-0.21465154288094526,-0.19221485945108277,0.12596032469677537,0.1533792211740826,0.17297017303287784,0.7393875488241213,0.9113535974446041,False
stock/PG,stock,5,20,ls,2009-01-30,2015-02-12,2019-02-22,1519,1013,-0.43096727864418427,-0.07676072942829094,-0.1540976360452703,-0.09088174184287032,-0.5075423936698374,-0.2610522472285363,-0.0782110830572799,-0.023724882940124994,0.1552066775907578,0.7527681850480425,0.5327726581462271,False
stock/PG,stock,5,35,ls,2009-02-23,2015-02-23,2019-02-22,1510,1007,-0.5810834825650497,0.01801927244102735,-0.18824883235537826,-0.03983963570510465,-0.5235537797370964,-0.2329403593937757,-0.09855838771075329,-0.009280259059264176,0.1554530379629613,0.8719392865349153,0.5470247299067056,False
stock/PG,stock,8,21,ls,2009-02-02,2015-02-12,2019-02-22,1518,1013,-0.40183954440002567,0.2608313952332548,-0.15420723588601273,0.14429844163416225,-0.4776184233203811,-0.19928169131654355,-0.0736522168684715,0.028756037503197395,0.1548680728182212,0.7826919531145903,0.5327726581462271,False
stock/PG,stock,9,21,ls,2009-02-02,2015-02-12,2019-02-22,1518,1013,-0.2795933942314205,0.2836091796044957,-0.13143633220271803,0.16813563654578675,-0.421834968807111,-0.19269294684542415,-0.05544444109485464,0.03239855127573884,0.15492801082343766,0.7826919531145903,0.5327726581462271,False
stock/PG,stock,10,20,ls,2009-01-30,2015-02-12,2019-02-22,1519,1013,-0.23519316307311983,0.3503279225579835,-0.11494442610391709,0.25677697336172,-0.42506375112652345,-0.16782028405194116,-0.04885870893081648,0.04309238460756158,0.1547618353397636,0.7527681850480425,0.5327726581462271,False
stock/PG,stock,10,30,ls,2009-02-13,2015-02-19,2019-02-22,1513,1009,-0.40742118741322225,-0.11529593241363147,-0.1588806625297875,-0.11693920136172323,-0.4656721145861611,-0.25320609080508916,-0.0739862940870964,-0.029609718038671098,0.1554127116785411,0.818508673245923,0.5497774078279257,False
stock/PG,stock,10,100,ls,2009-05-27,2015-03-31,2019-02-22,1471,981,-0.4222285457590985,0.5680198367888489,-0.13954072265118744,0.40361577196058585,-0.501788285428036,-0.19583844820802362,-0.07001989996652845,0.07904348645304467,0.15493967135407957,0.8224029350459118,0.6279859892195373,False
stock/PG,stock,12,26,ls,2009-02-09,2015-02-17,2019-02-22,1515,1011,-0.3766383153831566,0.04732895322454677,-0.14942572063136372,-0.02181449641928874,-0.46518701953324737,-0.217720405509374,-0.06951090562211176,-0.004749461006390331,0.1552248737240599,0.7825059357835263,0.5434836213906528,False
stock/PG,stock,13,48,ls,2009-03-12,2015-03-02,2019-02-22,1502,1002,-0.6588779412461049,0.08713674127947316,-0.18909451000146418,0.006101313621086019,-0.5697884137633359,-0.23140681879100447,-0.10774386090508953,0.0014118855755017397,0.1556243573736286,0.9600464386556056,0.5480587174485791,False
stock/PG,stock,20,50,ls,2009-03-16,2015-03-03,2019-02-22,1501,1001,-0.3616949458225369,0.185920792784468,-0.13710815480755478,0.06505537901978464,-0.47755713454078347,-0.26026564829696824,-0.06547697753207,0.016931680395789236,0.15578523416635384,0.9122451894605388,0.5530997436153404,False
stock/PG,stock,20,60,ls,2009-03-30,2015-03-09,2019-02-22,1495,997,-0.42647614872845474,0.2815234966441148,-0.14359262894987074,0.1158445028895042,-0.5125989194016666,-0.2783863719590987,-0.0736054264337482,0.0322495308708144,0.15542851178252567,0.9121812184362278,0.5957000824606595,False
stock/PG,stock,20,100,ls,2009-05-27,2015-03-31,2019-02-22,1471,981,-0.25937311851051414,0.45422670696571343,-0.1163427584587328,0.22099147750917528,-0.40898892949229393,-0.27258651500591463,-0.047582900236217654,0.06023929670023405,0.15511671377393946,0.8224029350459118,0.6279859892195373,False
stock/PG,stock,21,55,ls,2009-03-23,2015-03-05,2019-02-22,1498,999,-0.41316569014708704,0.35925134886068416,-0.14384234485413264,0.15911007574134894,-0.5004258432434776,-0.2818962318628943,-0.07198242671774843,0.04485253080290598,0.15568448992480244,0.9181247653120076,0.5639957478014065,False
stock/PG,stock,30,90,ls,2009-05-12,2015-03-25,2019-02-22,1477,985,0.04094992454347708,0.4560166644454039,-0.018286595138758212,0.23752836192644355,-0.26666049141921455,-0.25469118387627715,-0.004876312446085485,0.06049637970323874,0.15500041175431367,0.8453323811166558,0.6046866656011027,False
stock/PG,stock,30,200,ls,2009-10-16,2015-05-28,2019-02-22,1411,941,0.30410776192482797,0.4352058304695439,0.1083043298881609,0.24518782011503396,-0.3082379283648536,-0.23545360508566582,0.03338350227767041,0.05773035616918047,0.15721862359276123,0.7101135713068581,0.686551876015915,False
stock/PG,stock,40,100,ls,2009-05-27,2015-03-31,2019-02-22,1471,981,-0.1473826973223354,0.4996347749748704,-0.09527607841324509,0.320775625252696,-0.3327749233395772,-0.211138744585504,-0.031705489690063184,0.06772816280948432,0.1551099027212065,0.8224029350459118,0.6279859892195373,False
stock/PG,stock,50,150,ls,2009-08-06,2015-04-29,2019-02-22,1441,961,0.3859763525696494,0.4702172250498152,0.16021758917040468,0.28444715803632314,-0.285749298537314,-0.22215191324636596,0.0457820637187827,0.06319048037526061,0.15609575368365566,0.8338748113839706,0.6664549047752105,False
stock/PG,stock,50,200,ls,2009-10-16,2015-05-28,2019-02-22,1411,941,0.6818020624353849,0.34532930740708145,0.69849255817349,0.17698180802639346,-0.12823276017016225,-0.2423095508049265,0.08956962869290425,0.04288438240351913,0.15716868711618392,0.7101135713068581,0.686551876015915,False
stock/PG,stock,60,120,ls,2009-06-24,2015-04-13,2019-02-22,1459,973,-0.19720326698612325,0.5569147339435321,-0.09830903674024292,0.34874371516089625,-0.390292648559781,-0.22215191324636596,-0.038369294326710233,0.07747408355563878,0.1556373429844451,0.8849971689293301,0.6010048306438628,False
stock/PG,stock,60,132,ls,2009-07-13,2015-04-20,2019-02-22,1452,968,-0.00038011603692812137,0.5144066796068532,-0.03402935647557346,0.32764500635241195,-0.3048647025190579,-0.21497460888697123,-0.01037434963884068,0.07043535709437897,0.15579610109299566,0.8295405451855167,0.61420110916413,False
stock/PG,stock,60,180,ls,2009-09-18,2015-05-15,2019-02-22,1423,949,0.6378688958761514,0.36159590489501253,0.6593046934031452,0.18374070376727253,-0.12556612913257426,-0.2474470072288752,0.08278633826957162,0.0454660872533389,0.15676414123495935,0.7350844944396049,0.6466898089555866,False
stock/PG,stock,60,400,ls,2010-08-04,2015-09-21,2019-02-22,1291,861,0.7068213202844967,0.027771497900876612,0.5254336132280686,-0.02910227287033325,-0.17872597750955466,-0.2583953658964104,0.09390863614056383,-0.0075198924467469366,0.15422700822251245,0.5251253417869286,0.9600966068702491,False
stock/PG,stock,62,758,ls,2012-01-04,2016-04-15,2019-02-22,1076,718,0.26331289031567645,0.3007487301957405,0.07917298566969795,0.12362923679794702,-0.3536885814298095,-0.2840717885034941,0.028002580989078107,0.0351195784085148,0.1538742881156881,0.6439264680028423,0.7296444664293323,False
stock/PG,stock,74,758,ls,2012-01-04,2016-04-15,2019-02-22,1076,718,0.36610650552687213,0.10719778079624191,0.1389799970958672,0.013851745019391914,-0.31213683516230545,-0.3423240283031569,0.04338077644437039,0.00474178515406643,0.15384476800215396,0.6439264680028423,0.7296444664293323,False
stock/PG,stock,80,144,ls,2009-07-29,2015-04-24,2019-02-22,1444,964,0.6199821542327406,0.42256832273197203,0.5717175379244824,0.2213083989196013,-0.14323617619699971,-0.24979228288166683,0.08189063399706603,0.05528113018701382,0.15597243815371464,0.7362135714361422,0.6411696759951119,False
stock/PG,stock,80,300,ls,2010-03-12,2015-07-24,2019-02-22,1351,901,0.5668058515029902,0.23997792644983554,0.42674218956502774,0.09378262647131283,-0.1681874731130152,-0.27574652606867206,0.07177269053365734,0.0258602334550604,0.1583707568816788,0.619041257650789,0.6735957372655142,False
stock/PG,stock,100,200,ls,2009-10-16,2015-05-28,2019-02-22,1411,941,0.5282475458165926,0.20755035121359258,0.39203354755757147,0.07599105786149304,-0.16939392631103536,-0.2703724422656256,0.06640810186642104,0.020545887904360346,0.15723678176078854,0.7101135713068581,0.686551876015915,False
stock/PG,stock,100,250,ls,2009-12-29,2015-06-25,2019-02-22,1381,921,0.5685879014138454,-0.17284184357846025,0.3770236715014424,-0.11044675762110998,-0.19068413937836207,-0.353712290728083,0.07189243432552284,-0.03906637564165217,0.15799609398894915,0.6288091242601466,0.696325448633309,False
stock/PG,stock,100,300,ls,2010-03-12,2015-07-24,2019-02-22,1351,901,0.49839946916023303,0.11405766294726781,0.3138376591736927,0.020587206713727456,-0.1963782581724129,-0.26639488148727947,0.061630892857437156,0.00548432649265755,0.15842456577469963,0.619041257650789,0.6735957372655142,False
stock/PG,stock,100,400,ls,2010-08-04,2015-09-21,2019-02-22,1291,861,0.6464381891236023,-0.32116831330847656,0.44954511858519913,-0.18986989562132947,-0.18828132691766566,-0.3138419075408467,0.08464095143658065,-0.059589130226379496,0.1541038907606095,0.5251253417869286,0.9600966068702491,False
stock/PG,stock,116,378,ls,2010-07-02,2015-09-08,2019-02-22,1304,870,0.5831773154178267,-0.41691759641273796,0.35334146776095204,-0.20785329893586274,-0.21325054434643392,-0.35365632592192986,0.07535026034019096,-0.07350863403240979,0.15437018083917822,0.5199646991749545,0.9675587407331482,False
stock/PG,stock,120,398,ls,2010-08-02,2015-09-18,2019-02-22,1292,862,0.38338465647472786,-0.3010115956615487,0.15895109849956374,-0.17387621851185478,-0.2852576455255632,-0.32610041188078487,0.045342016111687436,-0.0567011064729892,0.1541915388390249,0.45216444995087,0.9782822383200865,False
stock/PG,stock,134,750,ls,2011-12-21,2016-04-12,2019-02-22,1081,721,0.6588626335921233,0.1192489107238834,0.34667213620803117,0.019461547565360837,-0.25464671206844314,-0.33991686266243754,0.08827891965111861,0.006615308190973255,0.1535884543786042,0.6588626335921233,0.7319099285918684,False
stock/PG,stock,150,400,ls,2010-08-04,2015-09-21,2019-02-22,1291,861,0.4868330501167562,-0.2794951465909594,0.2413669345296312,-0.17886887519832936,-0.25070427838410964,-0.299171868289721,0.060511723147035824,-0.053512535571965135,0.1540581618367803,0.5251253417869286,0.9600966068702491,False
stock/PG,stock,150,500,ls,2010-12-27,2015-11-16,2019-02-22,1231,821,0.27046516425944134,-0.2596426859224298,0.09128043693880734,-0.13809660286538306,-0.3180071346564188,-0.36648689087910163,0.02902783020109605,-0.05061059462510027,0.15404557658961163,0.5138246170167459,0.8575314814967261,False
stock/PG,stock,150,710,ls,2011-10-25,2016-03-18,2019-02-22,1105,737,0.6810750395078787,0.11548107349314493,0.3648713487101497,0.017958979048192953,-0.25464671206844325,-0.33813417150210634,0.09291328927701804,0.0060725445014844105,0.15250295499517538,0.6810750395078787,0.7132640548427698,False
stock/PG,stock,162,678,ls,2011-09-09,2016-03-01,2019-02-22,1124,750,0.7072013262812268,0.18144908495718168,0.38447776999243016,0.04865734318581919,-0.2546467120684431,-0.33358344176025045,0.09790599999197945,0.016231284006835236,0.1520840337630922,0.7072013262812268,0.7553823830667707,False
stock/PG,stock,174,698,ls,2011-10-07,2016-03-11,2019-02-22,1112,742,0.6773708180936283,0.16050987792523208,0.36294226627234255,0.03870458920995512,-0.25464671206844325,-0.335914076042222,0.09242205477692148,0.01300141632305583,0.15238814997057543,0.6773708180936283,0.7472702607667997,False
stock/PG,stock,200,400,ls,2010-08-04,2015-09-21,2019-02-22,1291,861,0.49414307354211157,-0.5622987808325177,0.24196003743460265,-0.2387533452646581,-0.2546467120684431,-0.39353120203249375,0.06161432798467897,-0.0939568909512799,0.15417252621808533,0.5251253417869286,0.9600966068702491,False
stock/PG,stock,200,600,ls,2011-05-19,2016-01-14,2019-02-22,1171,781,0.46127054935314304,0.2657324282414238,0.23004065873233984,0.08353662962309874,-0.25464671206844314,-0.3538556565429308,0.05857909738824913,0.029559908920665245,0.15399254432287407,0.46127054935314304,0.8752162017508751,False
stock/UNH,stock,5,20,ls,2009-01-30,2015-02-12,2019-02-22,1519,1013,-0.2877502459919625,-1.1680532734304512,-0.180113933088776,-0.3281447519095827,-0.6688838007052483,-0.7050656906255237,-0.12047529212439127,-0.23136360613027107,0.20681093398500675,0.9563197807275375,1.2487272142513421,False
stock/UNH,stock,5,35,ls,2009-02-23,2015-02-23,2019-02-22,1510,1007,0.08182958542310693,-0.8514914980347822,-0.03157408991222362,-0.30737167382562197,-0.5528380891402979,-0.582470888736253,-0.01745535953341766,-0.1790350520255597,0.20648694467736184,1.1125866623570337,1.1868743805171882,False
stock/UNH,stock,8,21,ls,2009-02-02,2015-02-12,2019-02-22,1518,1013,-0.05081941832815623,-0.9416586477628951,-0.10843677918760324,-0.3025470832390631,-0.5224493290845117,-0.6428477985481282,-0.056652722534648654,-0.19449172641738902,0.20681701961277404,0.9410037161161595,1.2487272142513421,False
stock/UNH,stock,9,21,ls,2009-02-02,2015-02-12,2019-02-22,1518,1013,-0.019121786712383314,-0.8450153058359,-0.09060218651604303,-0.2939254224900932,-0.528278248186686,-0.6061976483292312,-0.0478631643745786,-0.1781768998976702,0.206768869262809,0.9410037161161595,1.2487272142513421,False
stock/UNH,stock,10,20,ls,2009-01-30,2015-02-12,2019-02-22,1519,1013,0.028526511187614956,-0.860232339595121,-0.06922184069052131,-0.2958158615938385,-0.49739586552608817,-0.6112714186411966,-0.03443065736357084,-0.18082378137303354,0.20684335779667234,0.9563197807275375,1.2487272142513421,False
stock/UNH,stock,10,30,ls,2009-02-13,2015-02-19,2019-02-22,1513,1009,-0.12588476353534228,-0.8362308611066427,-0.1283544685361396,-0.29425941831379065,-0.5985687805858031,-0.602675423316547,-0.07682897771441591,-0.17734291949714467,0.20752049603080794,0.9510660025801723,1.2491965969912318,False
stock/UNH,stock,10,100,ls,2009-05-27,2015-03-31,2019-02-22,1471,981,-0.02010616226075535,-0.23356551391307842,-0.060353847881548996,-0.12960774552882595,-0.6120908046973446,-0.5177882362017545,-0.03694203531639845,-0.06710936595545662,0.20618228417286313,1.1635988548532343,1.1936480916986638,False
stock/UNH,stock,12,26,ls,2009-02-09,2015-02-17,2019-02-22,1515,1011,-0.12135528816338316,-0.7237227921185596,-0.13619185218448887,-0.2791094892659492,-0.5582284767982608,-0.5649129462168444,-0.07602617019728111,-0.15767256389830606,0.20724441085465134,0.9352971768279645,1.2509185603520996,False
stock/UNH,stock,13,48,ls,2009-03-12,2015-03-02,2019-02-22,1502,1002,-0.2710521552542868,-0.332292854438909,-0.17028394989933504,-0.16456919411026602,-0.6090016228527501,-0.5239025000404884,-0.10370320183447142,-0.0862182122240168,0.20680591192471653,1.2580726442706684,1.21186182704434,False
stock/UNH,stock,20,50,ls,2009-03-16,2015-03-03,2019-02-22,1501,1001,-0.21530884819768667,-0.5050421666975177,-0.13312366442592152,-0.20722968799552646,-0.6738235632039439,-0.5718950290692406,-0.08970186191024054,-0.11851362844021127,0.20712901858873564,1.2451475955148346,1.2296340635903105,False
stock/UNH,stock,20,60,ls,2009-03-30,2015-03-09,2019-02-22,1495,997,-0.273902459633213,-0.49310517197898673,-0.1569691420922734,-0.2054375405095491,-0.6529179169380325,-0.5659591784277784,-0.10248796527843718,-0.11626926164500787,0.20704098904630366,1.2768827008570987,1.2122975204681243,False
stock/UNH,stock,20,100,ls,2009-05-27,2015-03-31,2019-02-22,1471,981,-0.19514175696394848,0.2690600316462704,-0.11234040786080884,0.08850137807157157,-0.7042276263160893,-0.3937571076307447,-0.07911321876719875,0.034848046650797035,0.2062854010795376,1.1635988548532343,1.1936480916986638,False
stock/UNH,stock,21,55,ls,2009-03-23,2015-03-05,2019-02-22,1498,999,-0.4260403274483745,-0.43689573189149383,-0.18667524720235235,-0.19011208722435183,-0.7418577944774746,-0.5576366508455349,-0.13848648717307446,-0.10601346760504177,0.20720675183537532,1.2263328007212215,1.2104786692677896,False
stock/UNH,stock,30,90,ls,2009-05-12,2015-03-25,2019-02-22,1477,985,0.14549030802609456,0.3080556889235504,0.007333158002301895,0.11691932445113783,-0.6239740715484944,-0.36985696255866357,0.004575700456004737,0.04324342620590872,0.20664280252556178,1.1528802241264056,1.2057145995353011,False
stock/UNH,stock,30,200,ls,2009-10-16,2015-05-28,2019-02-22,1411,941,0.7570489513522491,1.0813099307377783,0.44554029634290565,1.1951766790885463,-0.37450065159852913,-0.18646312794335435,0.16685513129381993,0.22285638202780095,0.2056516695841994,1.351318702160579,1.2254922812971634,False
stock/UNH,stock,40,100,ls,2009-05-27,2015-03-31,2019-02-22,1471,981,0.07018271720637977,0.6219038622853724,-0.022857222431199708,0.39986399747424395,-0.6365215845077727,-0.28221900846550124,-0.014549115439353845,0.11284922088823282,0.20600427627539936,1.1635988548532343,1.1936480916986638,False
stock/UNH,stock,50,150,ls,2009-08-06,2015-04-29,2019-02-22,1441,961,0.8626292710268009,1.0249924619857134,0.6215140659434443,0.980273256105507,-0.32449357298634424,-0.2123797988569493,0.2016773199192586,0.20819023695653432,0.20506557895464,1.2188933307596088,1.271867902165987,False
stock/UNH,stock,50,200,ls,2009-10-16,2015-05-28,2019-02-22,1411,941,1.351318702160579,1.2254922812971634,1.6336674089236496,1.3922626641432758,-0.2123094267535863,-0.18646312794335435,0.3468429910945967,0.25960565127490304,0.20562993369934163,1.351318702160579,1.2254922812971634,False
stock/UNH,stock,60,120,ls,2009-06-24,2015-04-13,2019-02-22,1459,973,0.7343450552482425,0.8435056425179394,0.43419770428042725,0.5787033593227536,-0.38013170439285643,-0.2855553150464717,0.16505231337158427,0.16525182008986042,0.20665077945055577,1.264120973781672,1.187559186818724,False
stock/UNH,stock,60,132,ls,2009-07-13,2015-04-20,2019-02-22,1452,968,0.7042977818330517,0.9231522956545481,0.43783459595354385,0.7793147245647791,-0.356464113800037,-0.23585330567335355,0.15607232123757728,0.18380395394852217,0.20573759609913253,1.2616763097688195,1.2063370718247588,False
stock/UNH,stock,60,180,ls,2009-09-18,2015-05-15,2019-02-22,1423,949,1.1896236609788053,1.0397350233748237,1.4066753386203492,1.1372089597520902,-0.21230942675358638,-0.18646312794335435,0.29865043477089337,0.2120475397605829,0.20525042763225462,1.2136697342615232,1.2221206995617553,False
stock/UNH,stock,60,400,ls,2010-08-04,2015-09-21,2019-02-22,1291,861,1.2875989808966377,1.2942100672650847,1.4911067141703556,1.4503408302176064,-0.21230942675358674,-0.18646312794335435,0.3165760117139325,0.2704350877863363,0.200527273811402,1.2875989808966377,1.2942100672650847,False
stock/UNH,stock,62,758,ls,2012-01-04,2016-04-15,2019-02-22,1076,718,1.1494279547372483,1.5472531840365527,1.645187126727649,1.69474303408704,-0.1536673107733805,-0.18646312794335435,0.2528114814832226,0.3160070871960803,0.1890702465973875,1.1494279547372483,1.5472531840365527,False
stock/UNH,stock,74,758,ls,2012-01-04,2016-04-15,2019-02-22,1076,718,1.1494279547372483,1.5472531840365527,1.645187126727649,1.69474303408704,-0.1536673107733805,-0.18646312794335435,0.2528114814832226,0.3160070871960803,0.1890702465973875,1.1494279547372483,1.5472531840365527,False
stock/UNH,stock,80,144,ls,2009-07-29,2015-04-24,2019-02-22,1444,964,1.0544743184549732,1.0140773369964986,0.9907137600140881,1.1065912377157254,-0.2624445316311265,-0.18646312794335435,0.26000740872740963,0.20633846353918217,0.2059273218207234,1.185175666367402,1.2083279811221808,False
stock/UNH,stock,80,300,ls,2010-03-12,2015-07-24,2019-02-22,1351,901,1.1997919851067003,1.2894223474872561,1.3602774480148763,1.4807920830505492,-0.21230942675358674,-0.18646312794335435,0.28879972521387026,0.27611312363936075,0.20552399666493576,1.1997919851067003,1.2894223474872561,False
stock/UNH,stock,100,200,ls,2009-10-16,2015-05-28,2019-02-22,1411,941,1.351318702160579,1.2254922812971634,1.6336674089236496,1.3922626641432758,-0.2123094267535863,-0.18646312794335435,0.3468429910945967,0.25960565127490304,0.20562993369934163,1.351318702160579,1.2254922812971634,False
stock/UNH,stock,100,250,ls,2009-12-29,2015-06-25,2019-02-22,1381,921,1.2389519785644914,1.2163555180407912,1.439415965827891,1.376917767445508,-0.21230942675358666,-0.18646312794335435,0.30560157856487985,0.2567443938386696,0.20523544314804265,1.2389519785644914,1.2163555180407912,False
stock/UNH,stock,100,300,ls,2010-03-12,2015-07-24,2019-02-22,1351,901,1.1997919851067003,1.2894223474872561,1.3602774480148763,1.4807920830505492,-0.21230942675358674,-0.18646312794335435,0.28879972521387026,0.27611312363936075,0.20552399666493576,1.1997919851067003,1.2894223474872561,False
stock/UNH,stock,100,400,ls,2010-08-04,2015-09-21,2019-02-22,1291,861,1.2875989808966377,1.2942100672650847,1.4911067141703556,1.4503408302176064,-0.21230942675358674,-0.18646312794335435,0.3165760117139325,0.2704350877863363,0.200527273811402,1.2875989808966377,1.2942100672650847,False
stock/UNH,stock,116,378,ls,2010-07-02,2015-09-08,2019-02-22,1304,870,1.3412846895384511,1.3830242273661784,1.571894709624201,1.572195823466337,-0.21230942675358638,-0.18646312794335435,0.33372806471730926,0.2931565509830109,0.20047204801723237,1.3412846895384511,1.3830242273661784,False
stock/UNH,stock,120,398,ls,2010-08-02,2015-09-18,2019-02-22,1292,862,1.313287509250585,1.310394645015538,1.5307512935703065,1.472249244378308,-0.21230942675358666,-0.18646312794335435,0.324992929640223,0.2745201992190192,0.20049858917428479,1.313287509250585,1.310394645015538,False
stock/UNH,stock,134,750,ls,2011-12-21,2016-04-12,2019-02-22,1081,721,1.1873598632267348,1.5512290646907292,1.7127116896015726,1.6969683630507721,-0.1536673107733805,-0.18646312794335435,0.26318779947120646,0.3164220289953607,0.18875043923008983,1.1873598632267348,1.5512290646907292,False
stock/UNH,stock,150,400,ls,2010-08-04,2015-09-21,2019-02-22,1291,861,1.2875989808966377,1.2942100672650847,1.4911067141703556,1.4503408302176064,-0.21230942675358674,-0.18646312794335435,0.3165760117139325,0.2704350877863363,0.200527273811402,1.2875989808966377,1.2942100672650847,False
stock/UNH,stock,150,500,ls,2010-12-27,2015-11-16,2019-02-22,1231,821,1.190926138151541,1.5132793457207947,1.361038800014248,1.7128636373173005,-0.21230942675358677,-0.18646312794335435,0.2889613674204146,0.3193859115546151,0.19589062210807928,1.190926138151541,1.5132793457207947,False
stock/UNH,stock,150,710,ls,2011-10-25,2016-03-18,2019-02-22,1105,737,1.1767426191812125,1.5276240562153869,1.722850914095413,1.6564720479312536,-0.15366731077338047,-0.18646312794335435,0.26474586683250245,0.3088709594079955,0.18777915010438617,1.1767426191812125,1.5276240562153869,False
stock/UNH,stock,162,678,ls,2011-09-09,2016-03-01,2019-02-22,1124,750,1.1532951276697838,1.5888163578650845,1.6953297359664703,1.72973154227226,-0.1572102770043047,-0.18646312794335435,0.26652325740492355,0.32253115387436804,0.1869966906367231,1.1532951276697838,1.5888163578650845,False
stock/UNH,stock,174,698,ls,2011-10-07,2016-03-11,2019-02-22,1112,742,1.2362084311137471,1.5438380838493946,1.8417750925880458,1.6744370530672015,-0.15366731077338053,-0.18646312794335435,0.28302062552739893,0.3122207704591628,0.1874211136261427,1.2362084311137471,1.5438380838493946,False
stock/UNH,stock,200,400,ls,2010-08-04,2015-09-21,2019-02-22,1291,861,1.2875989808966377,1.2942100672650847,1.4911067141703556,1.4503408302176064,-0.21230942675358674,-0.18646312794335435,0.3165760117139325,0.2704350877863363,0.200527273811402,1.2875989808966377,1.2942100672650847,False
stock/UNH,stock,200,600,ls,2011-05-19,2016-01-14,2019-02-22,1171,781,0.8996824324532998,1.6624211870788077,0.9598511598567068,1.8673516313113752,-0.21230942675358666,-0.18646312794335435,0.2037854495179427,0.3481922261444444,0.19070712192820435,0.8996824324532998,1.6624211870788077,False
stock/VZ,stock,5,20,ls,2009-01-30,2015-02-12,2019-02-22,1519,1013,-0.22210761984949187,-0.09844363680687532,-0.13400595676455151,-0.12554742925791,-0.4029414219924721,-0.2521512497849216,-0.05399655077417013,-0.031656941194666034,0.1737638973443454,0.9108193717963365,0.5490946037267199,False
stock/VZ,stock,5,35,ls,2009-02-23,2015-02-23,2019-02-22,1510,1007,-0.56613267237226,-0.3618992992647971,-0.20264261608846795,-0.24250269659382456,-0.5316941157332234,-0.31046608980493756,-0.10774388657102504,-0.07528886397863786,0.1742247245962413,0.9845356410959214,0.5727405275716929,False
stock/VZ,stock,8,21,ls,2009-02-02,2015-02-12,2019-02-22,1518,1013,-0.19400823722396954,-0.4553782983794563,-0.12916514845659308,-0.24998606249519761,-0.38132075760581646,-0.35991709707014874,-0.04925335226573582,-0.08997425792126831,0.17376818355286566,0.889945882976461,0.5490946037267199,False
stock/VZ,stock,9,21,ls,2009-02-02,2015-02-12,2019-02-22,1518,1013,-0.14375646658686977,-0.6488168544508485,-0.10643059632962149,-0.2850415334388291,-0.3819937061611918,-0.4213688553139628,-0.04065581794089785,-0.12010762466205607,0.17381811985194134,0.889945882976461,0.5490946037267199,False
stock/VZ,stock,10,20,ls,2009-01-30,2015-02-12,2019-02-22,1519,1013,-0.17941474215090356,-0.675259561591776,-0.12253864265702592,-0.2974692638888369,-0.3819937061611919,-0.41727332606130846,-0.04680899025651925,-0.12412598914390403,0.1737929752272639,0.9108193717963365,0.5490946037267199,False
stock/VZ,stock,10,30,ls,2009-02-13,2015-02-19,2019-02-22,1513,1009,-0.3227767515306146,-0.8747803595184664,-0.16133284135805265,-0.3092083878067667,-0.43227081037536874,-0.49922661502207427,-0.06973947807400623,-0.15436505678120496,0.17420008562882636,0.9211062275541683,0.5680319455475477,False
stock/VZ,stock,10,100,ls,2009-05-27,2015-03-31,2019-02-22,1471,981,-0.46795730116768275,-0.7624499602068688,-0.1764065014230002,-0.27372847660260985,-0.49114276513069693,-0.5064196500017749,-0.08664077689592455,-0.1386214793166127,0.1753855576948904,0.9993202750336047,0.5877117185756005,False
stock/VZ,stock,12,26,ls,2009-02-09,2015-02-17,2019-02-22,1515,1011,-0.29534199818221263,-0.9401651288198319,-0.14430145630611751,-0.3000745701142214,-0.45446072048801106,-0.545971399794404,-0.06557934380034741,-0.1638321330879655,0.17407422519503452,0.8649771627840045,0.5595446503675277,False
stock/VZ,stock,13,48,ls,2009-03-12,2015-03-02,2019-02-22,1502,1002,-0.7942774237359349,-0.8304123228617086,-0.23508427834495732,-0.30336431948749804,-0.5940297081284975,-0.48883193263992064,-0.13964704525085347,-0.148294166589068,0.17476531959326522,1.011273851287016,0.5538151415877957,False
stock/VZ,stock,20,50,ls,2009-03-16,2015-03-03,2019-02-22,1501,1001,-0.5431357383589948,-0.8216991115330006,-0.22154272827139943,-0.27783413723347605,-0.4592199555101514,-0.5290032242238806,-0.1017368418203896,-0.14697515439596895,0.17474241454607836,0.9991780622750303,0.5517681697902571,False
stock/VZ,stock,20,60,ls,2009-03-30,2015-03-09,2019-02-22,1495,997,-0.7156527252744455,-0.900041771460832,-0.22867504186637028,-0.29430978316894973,-0.5493506231476128,-0.540186460475245,-0.12562277674759698,-0.1589821600532718,0.1751790036477654,0.9331713268767796,0.5923119329376453,False
stock/VZ,stock,20,100,ls,2009-05-27,2015-03-31,2019-02-22,1471,981,-0.6116871244977736,-0.9060320099254625,-0.218987115638319,-0.2829709233169457,-0.4939379130152266,-0.5663189458329573,-0.10816603887561538,-0.16025179499423126,0.17560032562407754,0.9993202750336047,0.5877117185756005,False
stock/VZ,stock,21,55,ls,2009-03-23,2015-03-05,2019-02-22,1498,999,-0.5324981182448206,-0.9077507524650532,-0.20620022160166315,-0.2857509492827416,-0.4769311623572694,-0.5600137816592626,-0.09834331136680774,-0.1600244697205523,0.17507826733722204,0.9171468551140421,0.5709383536883161,False
stock/VZ,stock,30,90,ls,2009-05-12,2015-03-25,2019-02-22,1477,985,-0.42873663418327046,-0.35398322867726717,-0.1976333401588321,-0.16156608636774264,-0.4112847564397776,-0.46188601921410993,-0.08128358017160497,-0.07462511647239972,0.17542707602381574,0.9425137067425979,0.5830318510884218,False
stock/VZ,stock,30,200,ls,2009-10-16,2015-05-28,2019-02-22,1411,941,0.2783640135430119,-0.6679500451493969,0.1030617055705605,-0.23964859344772083,-0.315377222734934,-0.5271287103181728,0.03250331447316885,-0.1263256539936612,0.17823642174935803,1.0507163984398125,0.5574535901646606,False
stock/VZ,stock,40,100,ls,2009-05-27,2015-03-31,2019-02-22,1471,981,-0.28275703856619605,-0.26065684745844464,-0.14954362956631193,-0.12901665557275396,-0.39105665774989135,-0.4603031962865794,-0.058480031965989776,-0.059386778934343375,0.1755292596436758,0.9993202750336047,0.5877117185756005,False
stock/VZ,stock,50,150,ls,2009-08-06,2015-04-29,2019-02-22,1441,961,0.09324136745698235,-0.39472305978447375,0.005527206009631062,-0.17939130270832226,-0.3419797058611188,-0.4567213608130233,0.001890192285407439,-0.08193183989096593,0.1767724846965659,0.9891423316640947,0.5233099974199263,False
stock/VZ,stock,50,200,ls,2009-10-16,2015-05-28,2019-02-22,1411,941,0.25293280275961166,-0.15871824799742218,0.09371259995106454,-0.1131480433386613,-0.30137417456117654,-0.3827260606710201,0.02824255745623383,-0.043304704899639695,0.17830271837853276,1.0507163984398125,0.5574535901646606,False
stock/VZ,stock,60,120,ls,2009-06-24,2015-04-13,2019-02-22,1459,973,-0.0045653481541638235,-0.5261043440878883,-0.035640139126062016,-0.21299290905773072,-0.4003767257597331,-0.48160638671819705,-0.014269482208914067,-0.10257874532789124,0.1760711311328226,0.9618478614141444,0.5617773938766718,False
stock/VZ,stock,60,132,ls,2009-07-13,2015-04-20,2019-02-22,1452,968,-0.09490508857897856,-0.4371893420711967,-0.06972993686464801,-0.18919817237107425,-0.4115654881105546,-0.46820587105188455,-0.028698435501617017,-0.08858369509642341,0.17638739291361674,1.0211360360636572,0.5533087190781456,False
stock/VZ,stock,60,180,ls,2009-09-18,2015-05-15,2019-02-22,1423,949,0.27249536178883316,-0.20683673989682036,0.0920370110636482,-0.12589364408963527,-0.3421780091698256,-0.40719543630473676,0.03149304121570035,-0.05126331733307228,0.17771198946774158,1.0418888059031204,0.5474026939361234,False
stock/VZ,stock,60,400,ls,2010-08-04,2015-09-21,2019-02-22,1291,861,0.8575699867994198,0.1173748814675804,0.9586552195844704,0.016902456618586647,-0.1397597263014155,-0.2960023988988476,0.13398139110654897,0.0050031677063853515,0.17782116384556632,0.8749113309118912,0.7490228608152236,False
stock/VZ,stock,62,758,ls,2012-01-04,2016-04-15,2019-02-22,1076,718,0.7908560986090175,0.11350686041335581,0.8261983035032523,0.012536162551153503,-0.142541206915409,-0.3305516904991222,0.11776730333281697,0.004143849723655579,0.18036567001794812,0.7908560986090175,0.5348678342464189,False
stock/VZ,stock,74,758,ls,2012-01-04,2016-04-15,2019-02-22,1076,718,0.7908560986090175,0.5348678342464189,0.8261983035032523,0.41528987898748204,-0.142541206915409,-0.20110080611542167,0.11776730333281697,0.08351512943595855,0.18032624472210554,0.7908560986090175,0.5348678342464189,False
stock/VZ,stock,80,144,ls,2009-07-29,2015-04-24,2019-02-22,1444,964,0.26435018761103424,-0.23200155713768641,0.0980810696743137,-0.1321883673793135,-0.3088022999111237,-0.41648425754603746,0.030287659893171236,-0.05505437404419622,0.17656631238672912,0.9423910463085898,0.5353456138702773,False
stock/VZ,stock,80,300,ls,2010-03-12,2015-07-24,2019-02-22,1351,901,0.7082380006669479,0.07024869078436956,0.5768343727533817,-0.01139433371070153,-0.18439871467349817,-0.31488228183315164,0.1063675169152171,-0.0035878737987941,0.1797006992566569,0.9766870088201194,0.6708973362603565,False
stock/VZ,stock,100,200,ls,2009-10-16,2015-05-28,2019-02-22,1411,941,0.6074996369445798,-0.1918235734720405,0.36184568720594495,-0.12501097879295794,-0.2459282232258628,-0.39177686748420243,0.08898806693649935,-0.048976409672639123,0.17839223460652726,1.0507163984398125,0.5574535901646606,False
stock/VZ,stock,100,250,ls,2009-12-29,2015-06-25,2019-02-22,1381,921,0.6054065325174699,-0.12114090623196302,0.4091838588608695,-0.09814087333296663,-0.21589428240602626,-0.37847721708885357,0.08834045558089615,-0.03714408462173089,0.1792424764517404,0.8608609483867359,0.6319299264645312,False
stock/VZ,stock,100,300,ls,2010-03-12,2015-07-24,2019-02-22,1351,901,0.7037545728307643,-0.005502048793714584,0.5691077776243216,-0.049344925955220394,-0.18553139226947113,-0.34615060118652785,0.10558735833402497,-0.01708077578490424,0.1798206430084147,0.9766870088201194,0.6708973362603565,False
stock/VZ,stock,100,400,ls,2010-08-04,2015-09-21,2019-02-22,1291,861,0.8348457925668609,-0.17815558506767298,0.9288511942752167,-0.12476909143374654,-0.1397597263014155,-0.3725158250636155,0.1298159886866472,-0.046478461037879774,0.177896227940911,0.8749113309118912,0.7490228608152236,False
stock/VZ,stock,116,378,ls,2010-07-02,2015-09-08,2019-02-22,1304,870,0.7187453467794963,-0.05202717126652998,0.7595615254300171,-0.07391966566415377,-0.14360508799527594,-0.3357585126968623,0.10907689969720363,-0.02481915700244559,0.17779978304042704,1.0252788513864917,0.703347372338951,False
stock/VZ,stock,120,398,ls,2010-08-02,2015-09-18,2019-02-22,1292,862,0.8216410012879294,0.19538349824772955,0.9115485371805818,0.06331432182286957,-0.1397597263014155,-0.30091171584395243,0.1273977740668138,0.019052021217215886,0.17783108645618595,0.8618008795703348,0.7570132639529148,False
stock/VZ,stock,134,750,ls,2011-12-21,2016-04-12,2019-02-22,1081,721,0.8041140313404127,0.5108763195599152,0.842480703298354,0.3916670525059461,-0.142541206915409,-0.20110080611542164,0.12008821625108998,0.07876455998779693,0.18011770143842115,0.8041140313404127,0.5108763195599152,False
stock/VZ,stock,150,400,ls,2010-08-04,2015-09-21,2019-02-22,1291,861,0.8592001705297156,0.32695954217319756,0.9604275214869841,0.12113244058077029,-0.1397597263014155,-0.3564443047014134,0.13422908753536775,0.04317696855959794,0.17780954428211432,0.8749113309118912,0.7490228608152236,False
stock/VZ,stock,150,500,ls,2010-12-27,2015-11-16,2019-02-22,1231,821,0.6752996928903964,0.32061403028841395,0.7141472009280577,0.12016039843559219,-0.1425412069154092,-0.3510058925808442,0.10179540393554658,0.04217700790575491,0.17901462086908082,0.6752996928903964,0.7458401826979362,False
stock/VZ,stock,150,710,ls,2011-10-25,2016-03-18,2019-02-22,1105,737,0.9190956677240448,0.4760504479238001,0.9942552189755749,0.35721913787112486,-0.142541206915409,-0.2011008061154217,0.14172233889472272,0.07183705658573918,0.17954834308638293,0.9190956677240448,0.4760504479238001,False
stock/VZ,stock,162,678,ls,2011-09-09,2016-03-01,2019-02-22,1124,750,0.9105547333617083,0.5351914522364718,0.9878551422249632,0.41198714059358443,-0.1425412069154093,-0.2011008061154217,0.14081006423033957,0.0828509460825574,0.17844955999335363,0.9105547333617083,0.5351914522364718,False
stock/VZ,stock,174,698,ls,2011-10-07,2016-03-11,2019-02-22,1112,742,0.8934667547536457,0.4995641584560759,0.9647628723263378,0.3790744020275544,-0.142541206915409,-0.20110080611542164,0.13751846420857283,0.0762321678254626,0.17914827329847313,0.8934667547536457,0.4995641584560759,False
stock/VZ,stock,200,400,ls,2010-08-04,2015-09-21,2019-02-22,1291,861,0.8198097370851065,0.402633248441279,0.9093299286397634,0.17565034756790096,-0.1397597263014155,-0.3261940710710829,0.12708770194437902,0.057296101958224294,0.17775382995654124,0.8749113309118912,0.7490228608152236,False
stock/VZ,stock,200,600,ls,2011-05-19,2016-01-14,2019-02-22,1171,781,0.6216165212249409,0.761750616705518,0.6408386076456272,0.6376634669777105,-0.142541206915409,-0.20110080611542172,0.09134590857179795,0.12823463723957218,0.17954496565472078,0.6216165212249409,0.761750616705518,False
stock/WMT,stock,5,20,ls,2009-01-30,2015-02-12,2019-02-22,1519,1013,-0.32345980214319675,-0.13465726215358767,-0.12173714719596698,-0.1296730885188427,-0.5100494022067977,-0.3688850561840472,-0.0620919591536639,-0.04783446454383222,0.2058404301380274,0.8583494281252843,0.40863577753187225,False
stock/WMT,stock,5,35,ls,2009-02-23,2015-02-23,2019-02-22,1510,1007,-0.5367883974848828,0.15151721813379324,-0.17309817801547492,0.029335271775650585,-0.5234647533113601,-0.340573178959305,-0.09061079505351648,0.009990806764268495,0.20528591944597618,0.8261414853620244,0.4290036401846728,False
stock/WMT,stock,8,21,ls,2009-02-02,2015-02-12,2019-02-22,1518,1013,-0.3987463445087501,0.43662223416575624,-0.1559160105498602,0.33701550452604423,-0.46870878576299824,-0.2107750656702327,-0.0730792039858358,0.07103446509836357,0.20529504241385038,0.8712700145352209,0.40863577753187225,True
stock/WMT,stock,9,21,ls,2009-02-02,2015-02-12,2019-02-22,1518,1013,-0.6350805072156316,0.36514563166115194,-0.19690922576274783,0.26553378490406704,-0.5456088882424408,-0.20879310055702646,-0.10743542375309263,0.0554416222527627,0.20533478914896286,0.8712700145352209,0.40863577753187225,False
stock/WMT,stock,10,20,ls,2009-01-30,2015-02-12,2019-02-22,1519,1013,-0.55931901932888,0.44048095215056987,-0.18221466384833657,0.37153865354875665,-0.5302429256061556,-0.19348958284806142,-0.09661803644728417,0.07188885908707934,0.20532671727105245,0.8583494281252843,0.40863577753187225,True
stock/WMT,stock,10,30,ls,2009-02-13,2015-02-19,2019-02-22,1513,1009,-0.3372089249801559,0.37294667883833393,-0.15120754125204053,0.24937260931883437,-0.41618281604453267,-0.2284022936112273,-0.06292998032544407,0.05695727593223828,0.2053433068221159,0.8567700271139052,0.4441732500719966,False
stock/WMT,stock,10,100,ls,2009-05-27,2015-03-31,2019-02-22,1471,981,-0.45705541046934733,0.3114937563177166,-0.1689681405913621,0.1084988702828939,-0.4446629268104448,-0.40534396363421227,-0.07513386793307378,0.04397936213030246,0.2063809341464288,0.8322742342836457,0.4641815418817933,False
stock/WMT,stock,12,26,ls,2009-02-09,2015-02-17,2019-02-22,1515,1011,-0.309654305427777,0.37540771477040064,-0.13612272323895167,0.25205398341842017,-0.43425840184432835,-0.22840229361122724,-0.05911243624844497,0.05756970792661341,0.20575946451497248,0.8229145427829683,0.40805329226102754,False
stock/WMT,stock,13,48,ls,2009-03-12,2015-03-02,2019-02-22,1502,1002,-0.5023073680138689,0.4813541771305787,-0.17750083563145821,0.27524236291654347,-0.4724165560169802,-0.2945074560404518,-0.08385433345914957,0.081060928097114,0.20582253804819128,0.8281919926370087,0.4394677900821891,True
stock/WMT,stock,20,50,ls,2009-03-16,2015-03-03,2019-02-22,1501,1001,-0.31654768025956154,0.4956117748555984,-0.15245250603842192,0.28626998437569556,-0.378618115467459,-0.29436099670681803,-0.05772128053455872,0.08426671792807497,0.20592492338339252,0.8239098748540383,0.44835955938085875,True
stock/WMT,stock,20,60,ls,2009-03-30,2015-03-09,2019-02-22,1495,997,-0.4955525966911506,0.7699102126731823,-0.17300260467414508,0.7496741810568656,-0.47457304187671234,-0.1962995910246561,-0.08210237235280336,0.1471607351432067,0.20553588380008037,0.759665048268357,0.4567800975578401,True
stock/WMT,stock,20,100,ls,2009-05-27,2015-03-31,2019-02-22,1471,981,-0.22776123358080033,0.467125928205125,-0.1262750240946187,0.2903531212971727,-0.34376116555363373,-0.2691154423427639,-0.0434084494630793,0.07813850867349083,0.2060802235660417,0.8322742342836457,0.4641815418817933,True
stock/WMT,stock,21,55,ls,2009-03-23,2015-03-05,2019-02-22,1498,999,-0.47423453062411514,0.5594849426496424,-0.1694872312093376,0.43449604352584786,-0.4680061107000271,-0.2268460393636458,-0.07932105989159834,0.09856370659301285,0.20579141351992922,0.7726076924148166,0.4460377145893801,True
stock/WMT,stock,30,90,ls,2009-05-12,2015-03-25,2019-02-22,1477,985,-0.12889615125251758,0.28812141595864454,-0.0879806534197134,0.12199908710913686,-0.3372750575131076,-0.32037468209265185,-0.02967367994217462,0.03908541874818346,0.20606984825573735,0.7804858650491462,0.4771301299384803,False
stock/WMT,stock,30,200,ls,2009-10-16,2015-05-28,2019-02-22,1411,941,0.0985337626895297,0.522261692257222,0.011528519585684833,0.357517316299722,-0.31399112521872896,-0.254715589001467,0.003619852836815336,0.09106523379950747,0.20783066587449384,0.7004586105390913,0.5910883054289328,False
stock/WMT,stock,40,100,ls,2009-05-27,2015-03-31,2019-02-22,1471,981,-0.3998277598113722,0.4749901675119628,-0.15711677914304178,0.3175643336289935,-0.4284977235543565,-0.25169431361126854,-0.06732418219498601,0.0799291369801694,0.20618812697638692,0.8322742342836457,0.4641815418817933,True
stock/WMT,stock,50,150,ls,2009-08-06,2015-04-29,2019-02-22,1441,961,-0.156280432579702,0.5239240426391936,-0.09761477192275017,0.3093923619634264,-0.34090245880000375,-0.29521147760972344,-0.033277115763667105,0.09133617633638551,0.20751624048162381,0.79132662831709,0.5390994716359159,False
stock/WMT,stock,50,200,ls,2009-10-16,2015-05-28,2019-02-22,1411,941,0.21055756465031802,0.4224353597132413,0.06755880819121221,0.24039151787423113,-0.3022790450935541,-0.28561819394861576,0.020421612027698207,0.06866019117580428,0.20781955233276792,0.7004586105390913,0.5910883054289328,False
stock/WMT,stock,60,120,ls,2009-06-24,2015-04-13,2019-02-22,1459,973,-0.2771221559540549,0.5247390791371789,-0.11876544820568016,0.3208580525285103,-0.4224129532885714,-0.28402661629777687,-0.050168063725202224,0.09113222697156713,0.2064223103657777,0.8321345775645184,0.49669687133886087,True
stock/WMT,stock,60,132,ls,2009-07-13,2015-04-20,2019-02-22,1452,968,-0.2380830580671863,0.5171108423094025,-0.11736052229388873,0.30266145506217546,-0.38099215277993004,-0.29589483045544124,-0.04471343804012564,0.08955595993101956,0.20682881143727772,0.8198328164629443,0.5324756760790995,False
stock/WMT,stock,60,180,ls,2009-09-18,2015-05-15,2019-02-22,1423,949,0.1992979657518906,0.30481743299766334,0.059347141118745325,0.13851562261899578,-0.31467723478403586,-0.309852635147878,0.01867519425958473,0.04291943067764485,0.20847879147366588,0.7939289193728393,0.5130921010334621,False
stock/WMT,stock,60,400,ls,2010-08-04,2015-09-21,2019-02-22,1291,861,0.7032098105631533,0.196457535309045,0.5023656327025047,0.054143484313169024,-0.19805911548758884,-0.3600205408759527,0.099498092864421,0.019492766507335772,0.2091272199648659,0.5168196649757911,0.8501706018748992,False
stock/WMT,stock,62,758,ls,2012-01-04,2016-04-15,2019-02-22,1076,718,0.16863676727627952,0.7061788396770801,0.04114311003594229,0.5530164852672023,-0.3490009597421371,-0.23858087004328732,0.01435898488932021,0.1319391542033299,0.20540692318138554,0.44682807712641764,0.8471088889711029,False
stock/WMT,stock,74,758,ls,2012-01-04,2016-04-15,2019-02-22,1076,718,0.12477347665122666,0.6955013098194898,0.01936631551297228,0.5426567227490731,-0.3685605734701182,-0.2385808700432874,0.0071376603514643104,0.12946751304831283,0.20541929161928438,0.44682807712641764,0.8471088889711029,False
stock/WMT,stock,80,144,ls,2009-07-29,2015-04-24,2019-02-22,1444,964,0.18623265278159143,0.3103675225378283,0.05826856552180721,0.1353844974215502,-0.2866547182405163,-0.32480321959739145,0.01670295923193271,0.043973320646094244,0.20713128615236545,0.8104947963311452,0.5066012054792888,False
stock/WMT,stock,80,300,ls,2010-03-12,2015-07-24,2019-02-22,1351,901,0.3034286272315203,0.5326607936395824,0.11524216986271267,0.3183818517615729,-0.3000247878594575,-0.2964424984637001,0.03457550756552394,0.09438191160170006,0.2109538369530526,0.5946345232435382,0.6658137737429972,False
stock/WMT,stock,100,200,ls,2009-10-16,2015-05-28,2019-02-22,1411,941,0.07348024542898098,0.5186220776240712,-0.0003336518572134237,0.3216477972799553,-0.3520831783903279,-0.28004086973623216,-0.00011747320636353807,0.09007452889902197,0.20778965657622733,0.7004586105390913,0.5910883054289328,False
stock/WMT,stock,100,250,ls,2009-12-29,2015-06-25,2019-02-22,1381,921,0.308707343975356,0.5288955975098051,0.12974145362632927,0.3137563634317602,-0.27278545467787796,-0.2964424984637,0.03539158141802705,0.09301072028459569,0.20951896315390373,0.5902476217539635,0.6515622973877622,False
stock/WMT,stock,100,300,ls,2010-03-12,2015-07-24,2019-02-22,1351,901,0.3597126239951851,0.5231183018336273,0.16750762944980863,0.30579120341804666,-0.2581093487623293,-0.3014728812172948,0.04323528515001168,0.09218775514534241,0.21097032324090753,0.5946345232435382,0.6658137737429972,False
stock/WMT,stock,100,400,ls,2010-08-04,2015-09-21,2019-02-22,1291,861,0.7191202982028172,0.36043118563593235,0.4951146991932959,0.16996820331530507,-0.20629611259762903,-0.3238551669204365,0.1021402377335214,0.05504508085584481,0.20904984134710872,0.5168196649757911,0.8501706018748992,False
stock/WMT,stock,116,378,ls,2010-07-02,2015-09-08,2019-02-22,1304,870,0.668480179004393,0.3613536332786064,0.45185047409615914,0.15831842529608295,-0.20735559513033672,-0.348668604472914,0.09369372396613387,0.05520066441033453,0.2087516047974139,0.6575005719394306,0.7864890266589758,False
stock/WMT,stock,120,398,ls,2010-08-02,2015-09-18,2019-02-22,1292,862,0.690772520699527,0.2986620902662779,0.4534473915916977,0.11891738396411447,-0.21478660817248624,-0.3490336275237748,0.09739442722464191,0.04150616590063244,0.20898379340208031,0.5136490019868247,0.8580011155303507,False
stock/WMT,stock,134,750,ls,2011-12-21,2016-04-12,2019-02-22,1081,721,0.18784558434762583,0.5567235168394243,0.050829634603404936,0.4091667629851239,-0.34508045596344417,-0.23858087004328737,0.017540313485398234,0.09761936230578641,0.20510987001076858,0.4476290693627786,0.8516174935606136,False
stock/WMT,stock,150,400,ls,2010-08-04,2015-09-21,2019-02-22,1291,861,0.5786281334731316,0.3180474125142531,0.3473416176969059,0.13297435435197605,-0.22746518488059358,-0.34400532106944515,0.07900812528615116,0.04574388546285369,0.2090758138048836,0.5168196649757911,0.8501706018748992,False
stock/WMT,stock,150,500,ls,2010-12-27,2015-11-16,2019-02-22,1231,821,0.5587968187617839,0.19930612321072702,0.2501362357740494,0.06317260691452803,-0.3184021830599457,-0.31736263425532985,0.07964392353285463,0.02004862494317108,0.2046191175708174,0.3321278996177344,1.0463529759518306,False
stock/WMT,stock,150,710,ls,2011-10-25,2016-03-18,2019-02-22,1105,737,0.3047090926576042,0.5083256613117165,0.11197694130644098,0.3621871857187517,-0.33193692135189495,-0.23858087004328732,0.03716928115966186,0.08641093388730947,0.2039907892477763,0.47377903746975586,0.8847166642135538,False
stock/WMT,stock,162,678,ls,2011-09-09,2016-03-01,2019-02-22,1124,750,0.49418892704906425,0.484300659323043,0.22809200684544195,0.3383749712555555,-0.3070428405145721,-0.23858087004328732,0.07003401768049372,0.08072979504302277,0.2027694219663624,0.5809750251975978,0.8996931296645354,False
stock/WMT,stock,174,698,ls,2011-10-07,2016-03-11,2019-02-22,1112,742,0.13817719387628277,0.5167783871029719,0.02122152656488699,0.3693433591867383,-0.4324036618206067,-0.23858087004328732,0.009176265796080415,0.08811825997948239,0.20350165793346148,0.5511281501026178,0.8755427661028479,False
stock/WMT,stock,200,400,ls,2010-08-04,2015-09-21,2019-02-22,1291,861,0.4235042226697419,0.28869896180167554,0.18131768791207142,0.11003261404082873,-0.2978871791070465,-0.3576106707262132,0.05401221457433878,0.03934883690889931,0.20908740970180817,0.5168196649757911,0.8501706018748992,False
stock/WMT,stock,200,600,ls,2011-05-19,2016-01-14,2019-02-22,1171,781,0.5016893796627533,0.37340939554815505,0.24765253891807962,0.20319145453240242,-0.28909233604879625,-0.2799057632118254,0.07159445100424307,0.05687445915901302,0.2036930348665594,0.399224323572267,0.9484558602022855,False
stock/XOM,stock,5,20,ls,2009-01-30,2015-02-12,2019-02-22,1519,1013,-0.4148963195164427,-0.08550448906918329,-0.1812385371551403,-0.08290719833481389,-0.5246949137387066,-0.4103648824073148,-0.09509493861874571,-0.03402220269538583,0.1910325676638096,0.3948856857197502,0.07750371393487553,False
stock/XOM,stock,5,35,ls,2009-02-23,2015-02-23,2019-02-22,1510,1007,-0.16931801555272438,-0.002714514271092123,-0.12268483747885296,-0.05999145330876715,-0.4079851329145115,-0.31028204861062114,-0.050053589725405065,-0.018614271031772697,0.19093589834475863,0.44747980742514215,0.12589077032100315,False
stock/XOM,stock,8,21,ls,2009-02-02,2015-02-12,2019-02-22,1518,1013,-0.36649767605283856,-0.09796353221994317,-0.18921980585498013,-0.09175610864627837,-0.456806460876539,-0.3959400403918788,-0.08643682984035929,-0.03632991736360908,0.19103596750988802,0.39268123962785706,0.07750371393487553,False
stock/XOM,stock,9,21,ls,2009-02-02,2015-02-12,2019-02-22,1518,1013,-0.3726407141866895,0.1524023920076102,-0.19190905373025566,0.04092461737788517,-0.4562214704356476,-0.26618445210527975,-0.08755303068273093,0.010893496854350574,0.19090979600227978,0.39268123962785706,0.07750371393487553,True
stock/XOM,stock,10,20,ls,2009-01-30,2015-02-12,2019-02-22,1519,1013,-0.4937432751683611,0.25708049479056133,-0.20643088894842085,0.11754761293637672,-0.5271597057384407,-0.26618445210527975,-0.10882204667337426,0.03128934694575293,0.19080498834636955,0.3948856857197502,0.07750371393487553,True
stock/XOM,stock,10,30,ls,2009-02-13,2015-02-19,2019-02-22,1513,1009,-0.40677259038678226,0.148336796486518,-0.17563492651815918,0.0394288810784271,-0.5310954488514044,-0.25643748077530426,-0.09327891013314517,0.010111042933540907,0.19079748064495688,0.38639116420182557,0.11948790767672766,True
stock/XOM,stock,10,100,ls,2009-05-27,2015-03-31,2019-02-22,1471,981,-0.33774594579126727,-0.6921020080916762,-0.1617923126205086,-0.25543840656333516,-0.4668544221571688,-0.5482486570839146,-0.07553345661791956,-0.1400437633660035,0.19138151906746104,0.43602163340802197,0.18874060341026833,False
stock/XOM,stock,12,26,ls,2009-02-09,2015-02-17,2019-02-22,1515,1011,-0.28697447953072935,0.10208617337164688,-0.15627975415030765,0.00452527120378012,-0.4617476019886515,-0.26658296796889497,-0.07216180171828056,0.0012063602283678787,0.19113181823193554,0.365021204051615,0.06796627844020128,True
stock/XOM,stock,13,48,ls,2009-03-12,2015-03-02,2019-02-22,1502,1002,-0.47886729615566687,-0.1114148082888999,-0.20456263227825255,-0.10624081795304811,-0.4988180273768293,-0.3664339651507159,-0.10203952870804965,-0.038930244183390784,0.19144161489046266,0.47460814934321544,0.14057242506751436,False
stock/XOM,stock,20,50,ls,2009-03-16,2015-03-03,2019-02-22,1501,1001,-0.6199890095544858,-0.33915324749619524,-0.21387818452781357,-0.19323633343115568,-0.5865880901131902,-0.41362058422395465,-0.12545839577904663,-0.0799265251270895,0.19140668553852733,0.47288310268140377,0.1469299374553748,False
stock/XOM,stock,20,60,ls,2009-03-30,2015-03-09,2019-02-22,1495,997,-0.4994783920059777,-0.5417306212039871,-0.1798476199562662,-0.23953976638861674,-0.5762851398991918,-0.479800854400081,-0.10364351082703355,-0.11493138457605412,0.191398502560141,0.43104466918640144,0.18475891952053955,False
stock/XOM,stock,20,100,ls,2009-05-27,2015-03-31,2019-02-22,1471,981,-0.42645589485749363,-0.540148422092265,-0.1780099574745455,-0.23280050100160274,-0.5090570120355011,-0.4926341383934517,-0.09061721706455876,-0.11468547422848846,0.1914291927030828,0.43602163340802197,0.18874060341026833,False
stock/XOM,stock,21,55,ls,2009-03-23,2015-03-05,2019-02-22,1498,999,-0.5529735118648839,-0.41066720126794837,-0.1917608471859616,-0.21837721059465617,-0.5869714642268739,-0.42314851942460296,-0.11255814525412967,-0.09240599333920348,0.1913435234849691,0.4218280225988215,0.16036469173421533,False
stock/XOM,stock,30,90,ls,2009-05-12,2015-03-25,2019-02-22,1477,985,-0.43961997431808375,-0.5044899840916512,-0.16646785528680866,-0.23049123624289278,-0.5582012625677328,-0.47200827714461413,-0.09292256699803923,-0.10879377131594006,0.19170994196621277,0.3991397193236395,0.19055911161384406,False
stock/XOM,stock,30,200,ls,2009-10-16,2015-05-28,2019-02-22,1411,941,0.2077373468654868,-0.36257452076142427,0.07542605009964481,-0.2053624185218469,-0.28388022651449685,-0.41476642376425676,0.021411964187380957,-0.085177435905885,0.1936403651112064,0.3902170503749988,0.1795099688682913,False
stock/XOM,stock,40,100,ls,2009-05-27,2015-03-31,2019-02-22,1471,981,-0.0018666260227879527,-0.8644644059111772,-0.04443368135417637,-0.28185064590844844,-0.38308226185381355,-0.5963943949739131,-0.017021755155649507,-0.1680941454395757,0.19152038256771797,0.43602163340802197,0.18874060341026833,False
stock/XOM,stock,50,150,ls,2009-08-06,2015-04-29,2019-02-22,1441,961,0.11434785129201201,-0.13225100715543656,0.014861278308931228,-0.13501970047459536,-0.28814812692225683,-0.3192530894923806,0.004282249508388898,-0.04310545651885042,0.19257281713791838,0.45787062836514314,0.14545476846558208,False
stock/XOM,stock,50,200,ls,2009-10-16,2015-05-28,2019-02-22,1411,941,0.0637609582025911,-0.43032707022509736,-0.014595664701436773,-0.22190601294420295,-0.3319598977228459,-0.437700398493297,-0.004845175361485903,-0.09712835029373636,0.1936662056290465,0.3902170503749988,0.1795099688682913,False
stock/XOM,stock,60,120,ls,2009-06-24,2015-04-13,2019-02-22,1459,973,0.1251442969994807,-0.3847570974208424,0.02270030108858338,-0.2104788772122708,-0.2722815428194068,-0.41897654570528925,0.006180873002864543,-0.08818571291832494,0.19189085778265091,0.44137006345949126,0.1841174273413191,False
stock/XOM,stock,60,132,ls,2009-07-13,2015-04-20,2019-02-22,1452,968,0.05072684191392852,-0.31635054565126114,-0.02533225703789166,-0.18966383194835088,-0.28835580635713826,-0.4015816163928028,-0.00730470340500754,-0.07616550820507166,0.19196260321066663,0.504183900726611,0.15471684955571804,False
stock/XOM,stock,60,180,ls,2009-09-18,2015-05-15,2019-02-22,1423,949,0.08046239293273118,-0.40925398091641435,-0.006975325198004174,-0.20945622970125824,-0.2636502923084855,-0.4445131870468153,-0.001839046527400545,-0.09310605621131611,0.1930659402877969,0.45563741299570915,0.14303347157580001,False
stock/XOM,stock,60,400,ls,2010-08-04,2015-09-21,2019-02-22,1291,861,0.45216071685860854,-1.0726545652638757,0.31462276923301824,-0.36768483656449125,-0.2172351808689221,-0.5329095624892897,0.06834713417981586,-0.195942765387529,0.1868762150063097,0.40994177639975926,0.40400372309788096,False
stock/XOM,stock,62,758,ls,2012-01-04,2016-04-15,2019-02-22,1076,718,-0.04866854224359887,-1.2675951472602003,-0.07857884344524602,-0.38757549125096047,-0.30896904788059865,-0.5320535066410392,-0.02427843044283628,-0.20621089920819693,0.17057005169395864,0.23411101417671992,0.15632719992024433,False
stock/XOM,stock,74,758,ls,2012-01-04,2016-04-15,2019-02-22,1076,718,0.06290051631592106,-1.1991140076419546,-0.018880953779146607,-0.396792200660532,-0.24771798471604164,-0.49621196850592497,-0.004677151819686928,-0.19689303897756058,0.1706045696262401,0.23411101417671992,0.15632719992024433,False
stock/XOM,stock,80,144,ls,2009-07-29,2015-04-24,2019-02-22,1444,964,-0.0021020259773913454,-0.43186623159346804,-0.05767571313358446,-0.21545008479417896,-0.289103012269668,-0.4482648117499551,-0.01667422240172052,-0.0965786917017745,0.19221491985296646,0.4241587674957275,0.1592372877487673,False
stock/XOM,stock,80,300,ls,2010-03-12,2015-07-24,2019-02-22,1351,901,0.46896462868039485,-0.9934850956424284,0.30472719158695977,-0.3252068831382886,-0.23102490219397095,-0.5933905105916804,0.07039956963222083,-0.192974678433358,0.196259144560095,0.42130704055751667,0.27251055010466196,False
stock/XOM,stock,100,200,ls,2009-10-16,2015-05-28,2019-02-22,1411,941,0.21373626839578427,-0.8791567223977625,0.09581380038405911,-0.2901600557355041,-0.2351314713648312,-0.5932821684481057,0.022528839861360048,-0.17214678706378306,0.19344606910351217,0.3902170503749988,0.1795099688682913,False
stock/XOM,stock,100,250,ls,2009-12-29,2015-06-25,2019-02-22,1381,921,0.417806192967339,-0.965497578189166,0.2622557254262255,-0.3075590363395006,-0.2310249021939709,-0.6088741597716656,0.06058760331640264,-0.1872647498313966,0.19492320431472887,0.439775662080162,0.20097655517816926,False
stock/XOM,stock,100,300,ls,2010-03-12,2015-07-24,2019-02-22,1351,901,0.400148423201907,-1.12323963293756,0.22468684815604306,-0.33925887334705207,-0.2547783550944324,-0.6289798354359283,0.057245345584549155,-0.21338699032800726,0.196350075732657,0.42130704055751667,0.27251055010466196,False
stock/XOM,stock,100,400,ls,2010-08-04,2015-09-21,2019-02-22,1291,861,0.3813446287774186,-1.3284616692838465,0.2320809171952188,-0.38697854783853364,-0.2350205080413611,-0.60322019916227,0.05454377506592538,-0.2334332766986863,0.18681388161820214,0.40994177639975926,0.40400372309788096,False
stock/XOM,stock,116,378,ls,2010-07-02,2015-09-08,2019-02-22,1304,870,0.2552252367892154,-1.242253560794187,0.11833246719736971,-0.37685048138944616,-0.2573594941028999,-0.5874042507426376,0.030453983893863064,-0.22136357466256992,0.18716335892805325,0.516587065360832,0.3982074897296706,False
stock/XOM,stock,120,398,ls,2010-08-02,2015-09-18,2019-02-22,1292,862,0.27701984784284395,-1.2715874241581662,0.13931554753059633,-0.3850496582104374,-0.24805307945164357,-0.5847600647750818,0.034557650580456234,-0.2251616630767585,0.18674722586960704,0.4127128650038702,0.4188670369428823,False
stock/XOM,stock,134,750,ls,2011-12-21,2016-04-12,2019-02-22,1081,721,0.0846805605612628,-1.4015816939137564,-0.0031635023576556875,-0.43589391501779573,-0.2579251334112162,-0.5134997078374649,-0.0008159467676450402,-0.22383139800976687,0.1703211453730061,0.2686865676450738,0.17099977048225032,False
stock/XOM,stock,150,400,ls,2010-08-04,2015-09-21,2019-02-22,1291,861,0.22735264565464988,-1.2582170039945497,0.08684233182472563,-0.38172950631531066,-0.2899825681099682,-0.5851090052221845,0.02518276240319196,-0.223353371704107,0.1868640323864958,0.40994177639975926,0.40400372309788096,False
stock/XOM,stock,150,500,ls,2010-12-27,2015-11-16,2019-02-22,1231,821,0.3079952475094677,-1.2658575613111676,0.1863190098863189,-0.37212170168412023,-0.22023928849409713,-0.5938019514544617,0.04103476617028752,-0.22096659263858565,0.183772311763578,0.35507789535719153,0.2462863732307589,False
stock/XOM,stock,150,710,ls,2011-10-25,2016-03-18,2019-02-22,1105,737,0.14408112668923956,-1.3643363745623047,0.036676766878184365,-0.41430989830559173,-0.26290638967502933,-0.5257355271820261,0.009642556364896148,-0.21781743280242188,0.1694302453893045,0.32412350154768005,0.17271747022446624,False
stock/XOM,stock,162,678,ls,2011-09-09,2016-03-01,2019-02-22,1124,750,0.3334937869706183,-1.4529040821848618,0.18857706699894763,-0.42947161852968724,-0.2428734682313096,-0.5350051117147899,0.04580036629092245,-0.22976951124980696,0.16966235025908408,0.4102099220838155,0.24086953972665334,False
stock/XOM,stock,174,698,ls,2011-10-07,2016-03-11,2019-02-22,1112,742,0.18382563974216906,-1.4151670785009585,0.05456396907883922,-0.42571364968556114,-0.31198803208340803,-0.5264147086165142,0.017023305335566973,-0.22410192685329747,0.16908250541665182,0.38670356613520623,0.22051028888819793,False
stock/XOM,stock,200,400,ls,2010-08-04,2015-09-21,2019-02-22,1291,861,0.21080718655638128,-1.1124252893942885,0.061755480184711636,-0.3707473944108219,-0.35748091284910266,-0.5447644224317172,0.022076405429865387,-0.20196999018427544,0.18695413724622822,0.40994177639975926,0.40400372309788096,False
stock/XOM,stock,200,600,ls,2011-05-19,2016-01-14,2019-02-22,1171,781,0.20667148748319175,-1.4312461150871567,0.08603600003851912,-0.39532995177954894,-0.24923228361815505,-0.5997270524306906,0.021442948762971797,-0.23709006671831592,0.17789097908364399,0.19284624086547722,0.2967919492543855,False
