asset,fold,train,test,best_fast,best_slow,is_sharpe,oos_of_is_best,oos_oracle,oos_median,oos_p25,oos_p75,oos_p90,pctile_of_is_best,n_train,is_50x138,oos_50x138,pct_50x138,is_58x132,oos_58x132,pct_58x132
etf/GLD,1,2008-12-31..2010-09-09,2010-09-09..2012-05-19,2,162,1.6065902867921846,0.08441106326091537,0.9264477568716175,0.3236457689432691,0.2922897949374101,0.3236457689432691,0.4567123568582264,0.03171521035598705,1545,1.4537736049545515,0.7100522095947652,0.9864077669902913,1.592133761416548,0.6794233402609958,0.9741100323624595
etf/GLD,2,2010-09-09..2012-05-19,2012-05-19..2014-01-26,2,36,0.9264477568716175,-0.45115103751506924,0.32531096265894005,-1.0813048790303483,-1.2251833273770765,-0.7525563643029668,-0.5404221288144884,0.917639429312581,1545,0.7100522095947652,-0.779338820262748,0.7457846952010376,0.6794233402609958,-1.1144541919656443,0.4494163424124514
etf/GLD,3,2012-05-19..2014-01-26,2014-01-26..2015-10-06,38,60,0.32531096265894005,-1.1651096384530277,0.7644025580683419,-1.0777343976637097,-1.3106568869202502,-0.8496412394100754,-0.18304517560840025,0.42044134727061555,1542,-0.779338820262748,-1.2229227460296244,0.35423925667828104,-1.1144541919656443,-0.7477337661069369,0.7711962833914053
etf/GLD,4,2014-01-26..2015-10-06,2015-10-06..2017-06-14,118,246,0.7644025580683419,-0.5008163822689801,0.9004397049314784,-0.17199910070501218,-0.34083039782956553,0.10638250390867304,0.39011258332791066,0.1087962962962963,864,-1.2229227460296244,-0.022657753250363778,0.65625,-0.7477337661069369,-0.19777276943587144,0.47337962962962965
etf/GLD,5,2015-10-06..2017-06-14,2017-06-14..2019-02-22,2,42,0.9004397049314784,0.20482267129491838,1.0610286247657685,-0.17371917809148962,-0.6197550833868261,0.1480011216144111,0.38263619502009544,0.7799352750809061,1545,-0.022657753250363778,0.22330817198966454,0.7902912621359224,-0.19777276943587144,0.36422337885070394,0.8809061488673139
etf/QQQ,1,2008-12-31..2010-09-09,2010-09-09..2012-05-19,38,60,1.6674425277788973,-0.24466994321958976,0.7584888067718055,0.30384334881686714,-0.27156274873210623,0.30384334881686714,0.30384334881686714,0.26537216828478966,1545,0.7331959058005866,-0.2110143598366747,0.2789644012944984,1.0288444925960156,-0.16148822477534547,0.3087378640776699
etf/QQQ,2,2010-09-09..2012-05-19,2012-05-19..2014-01-26,6,12,0.7584888067718055,0.4746903001967936,2.3454289622389295,2.1745907145243084,2.1745907145243084,2.1745907145243084,2.1745907145243084,0.001941747572815534,1545,-0.2110143598366747,2.2275682085047475,0.9676375404530745,-0.16148822477534547,2.0861809240210216,0.15663430420711974
etf/QQQ,3,2012-05-19..2014-01-26,2014-01-26..2015-10-06,26,150,2.3454289622389295,0.2089119318715377,1.0181796985442941,0.42282076241877753,0.3938779353208256,0.42282076241877753,0.4563804995844751,0.15210355987055016,1545,2.2275682085047475,0.6345989721483847,0.9637540453074434,2.0861809240210216,0.6508582032383706,0.968284789644013
etf/QQQ,4,2014-01-26..2015-10-06,2015-10-06..2017-06-14,46,78,1.0181796985442941,1.7004214432779996,2.434026034201266,2.1102158805999514,1.928397847375766,2.1102158805999514,2.1102158805999514,0.12297734627831715,1545,0.6345989721483847,2.005709826377626,0.258252427184466,0.6508582032383706,1.8543325353496258,0.17993527508090615
etf/QQQ,5,2015-10-06..2017-06-14,2017-06-14..2019-02-22,26,156,2.434026034201266,0.09720945422815468,1.1398266496199505,0.374569222904727,0.17574739621721835,0.6616562950979666,0.6616562950979666,0.15080906148867315,1545,2.005709826377626,0.2222366214629305,0.31132686084142397,1.8543325353496258,0.1632441068257608,0.23559870550161813
etf/SHY,1,2008-12-31..2010-09-09,2010-09-09..2012-05-19,86,156,1.844512924469446,1.6776377583157696,1.9668560840373461,1.274066259424366,1.274066259424366,1.274066259424366,1.274066259424366,0.9624595469255663,1545,1.353014547992702,1.5864732502753187,0.948220064724919,1.2227437191665262,1.2055453027838974,0.1650485436893204
etf/SHY,2,2010-09-09..2012-05-19,2012-05-19..2014-01-26,62,144,1.9668560840373461,-0.7252172953874805,0.5484867674875609,-0.12997262831964265,-0.6891769121124366,0.5484867674875609,0.5484867674875609,0.20841423948220064,1545,1.5864732502753187,-0.5358535187083,0.3611650485436893,1.2055453027838974,-0.5856645037862109,0.3346278317152104
etf/SHY,3,2012-05-19..2014-01-26,2014-01-26..2015-10-06,110,168,0.5484867674875609,1.098283899053598,1.1408246876125991,1.098283899053598,1.098283899053598,1.098283899053598,1.098283899053598,0.23495145631067962,1545,-0.5358535187083,0.9275364492793858,0.13009708737864079,-0.5856645037862109,0.9666438976398694,0.15857605177993528
etf/SHY,4,2014-01-26..2015-10-06,2015-10-06..2017-06-14,14,162,1.1408246876125991,-0.4672604847837604,0.543913099179094,-0.2660594008601433,-0.4598778369182018,0.006438992980679653,0.4274109803358434,0.24142394822006472,1545,0.9275364492793858,0.009572488225517787,0.7514563106796116,0.9666438976398694,-0.20827109318137302,0.5423948220064725
etf/SHY,5,2015-10-06..2017-06-14,2017-06-14..2019-02-22,30,108,0.543913099179094,2.2689458193702277,2.4849656030866942,2.1633580817782736,2.049495879174843,2.3128499689046498,2.380084373343709,0.6498381877022654,1545,0.009572488225517787,2.2000415223733487,0.5462783171521035,-0.20827109318137302,2.1510167859771636,0.45501618122977344
etf/SPY,1,2008-12-31..2010-09-09,2010-09-09..2012-05-19,6,60,1.289072960037677,0.3239850849262347,0.9630082890701651,-0.553768150559027,-0.7970560667630843,-0.3466547498476467,0.041043198779748595,0.9805825242718447,1545,0.3737505385637448,-0.7272299126859655,0.30032362459546924,0.6363255135506821,-0.3094154677862857,0.7779935275080906
etf/SPY,2,2010-09-09..2012-05-19,2012-05-19..2014-01-26,2,48,0.9630082890701651,1.2725650977842575,2.179057503556069,1.9452205346368794,1.9452205346368794,1.9452205346368794,1.9623012291554647,0.009061488673139158,1545,-0.7272299126859655,2.0680124751671367,0.945631067961165,-0.3094154677862857,2.058905611127461,0.9300970873786408
etf/SPY,3,2012-05-19..2014-01-26,2014-01-26..2015-10-06,18,126,2.179057503556069,-0.4751484876081849,0.47175555102762723,0.04254054789949622,-0.07319129656218946,0.14658695102275976,0.14658695102275976,0.02394822006472492,1545,2.0680124751671367,0.3348265976311164,0.9922330097087378,2.058905611127461,0.42785678753243195,0.9980582524271845
etf/SPY,4,2014-01-26..2015-10-06,2015-10-06..2017-06-14,10,72,0.47175555102762723,1.6959968690526666,2.0348603104645435,1.7642123714964415,1.7642123714964415,1.7642123714964415,1.7642123714964415,0.113915857605178,1545,0.3348265976311164,1.6928741364630386,0.09838187702265372,0.42785678753243195,1.704956064053025,0.12880258899676375
etf/SPY,5,2015-10-06..2017-06-14,2017-06-14..2019-02-22,10,156,2.0348603104645435,-0.19997661227769328,1.6933384377255858,0.22031841029520732,-0.0009875806312041103,0.4644602252637498,0.6690307777425433,0.10744336569579288,1545,1.6928741364630386,0.01451557243737887,0.2757281553398058,1.704956064053025,0.14491767130851957,0.42718446601941745
fut_commodity/BRENT_W,1,1990-09-21..1996-04-22,1996-04-22..2001-11-22,42,348,1.0116034481731346,1.0708967010154373,1.4250579800828858,1.021992359152089,0.9382508750681328,1.0990315431136293,1.1905624626283948,0.6750809061488673,1545,0.738769610585105,1.0575102734608988,0.6284789644012945,0.6967836808853534,0.9827188258857993,0.37152103559870553
fut_commodity/BRENT_W,2,1996-04-22..2001-11-22,2001-11-22..2007-06-25,2,66,1.4250579800828858,0.8878791790802124,1.003866021215314,0.741042003180971,0.6550331295445339,0.8114675492554052,0.8609309554468798,0.9533980582524272,1545,1.0575102734608988,0.7334023336858146,0.47313915857605177,0.9827188258857993,0.7771241161376561,0.6355987055016181
fut_commodity/BRENT_W,3,2001-11-22..2007-06-25,2007-06-25..2013-01-24,6,24,1.003866021215314,0.7725991370007173,0.8249902773527337,0.040176497144854585,-0.18949840600524398,0.2262691958677776,0.36760029732883076,0.997411003236246,1545,0.7334023336858146,0.04366922327803637,0.5035598705501618,0.7771241161376561,0.17923577206012745,0.6796116504854369
fut_commodity/BRENT_W,4,2007-06-25..2013-01-24,2013-01-24..2018-08-26,6,18,0.8249902773527337,0.2174555369155637,0.853008852453147,0.28038268403122735,0.07582600678970954,0.5255054929762275,0.6496013093434512,0.4524271844660194,1545,0.04366922327803637,0.06962807922722515,0.23624595469255663,0.17923577206012745,-0.010510445640162456,0.14110032362459546
fut_commodity/BRENT_W,5,2013-01-24..2018-08-26,2018-08-26..2024-03-28,66,396,0.853008852453147,0.5381297305233449,0.8748575059342819,0.6874052638331861,0.6315925647204185,0.7300743335258328,0.7723372083191032,0.13915857605177995,1545,0.06962807922722515,0.703275899172078,0.5870550161812298,-0.010510445640162456,0.697124404834343,0.5533980582524272
fut_commodity/COPPER,1,1995-09-01..2000-06-05,2000-06-05..2005-03-10,2,180,0.21317482442390487,0.7436920876296313,1.14456414116266,0.778849079803452,0.718312192323015,0.9200751108026892,0.9784667025214681,0.3482200647249191,1545,-0.25532044427381334,0.6897450003992568,0.1533980582524272,-0.13961777804454797,0.6958579770311899,0.1650485436893204
fut_commodity/COPPER,2,2000-06-05..2005-03-10,2005-03-10..2009-12-14,82,396,1.14456414116266,-0.18998654208165977,1.4064322835460399,0.4300740212491986,-0.017050355584125376,0.7692662063234099,1.0897652980515307,0.07831715210355987,1545,0.6897450003992568,0.7845009001984036,0.7598705501618123,0.6958579770311899,0.8528397909480223,0.7987055016181229
fut_commodity/COPPER,3,2005-03-10..2009-12-14,2009-12-14..2014-09-18,6,66,1.4064322835460399,-0.23810314185153422,0.06630057276718436,-0.6437806224729588,-0.9424564242202242,-0.4057517638660068,-0.2829962956064888,0.944336569579288,1545,0.7845009001984036,-0.35970049359571,0.8116504854368932,0.8528397909480223,-0.3511195862710857,0.8220064724919094
fut_commodity/COPPER,4,2009-12-14..2014-09-18,2014-09-18..2019-06-23,10,48,0.06630057276718436,-0.23193382137879484,0.4177045123893267,0.016829193275896527,-0.12499457638410957,0.054643704552758326,0.19393144187890263,0.15987055016181229,1545,-0.35970049359571,-0.36153173324118076,0.04466019417475728,-0.3511195862710857,-0.4102116236327449,0.017475728155339806
fut_commodity/COPPER,5,2014-09-18..2019-06-23,2019-06-23..2024-03-28,2,390,0.4177045123893267,0.38363407192761334,0.6824381962562633,0.3427736669228861,0.23476139388705883,0.4723235520027792,0.5443384735449539,0.6097087378640776,1545,-0.36153173324118076,0.45335733246773285,0.7113268608414239,-0.4102116236327449,0.5095358531080867,0.827831715210356
fut_commodity/CORN,1,1972-10-18..1981-05-15,1981-05-15..1989-12-11,6,18,0.6165906276368078,-0.05041518911324742,0.39581532454862495,0.12816527526786978,0.08680598957066564,0.18844683765452372,0.25848672545404,0.005825242718446602,1545,0.21318229900735985,0.19482587302217774,0.7637540453074434,0.19530276459613147,0.1604448472397088,0.6711974110032363
fut_commodity/CORN,2,1981-05-15..1989-12-11,1989-12-11..1998-07-08,2,132,0.39581532454862495,-0.29268891181528106,0.11313152605909317,-0.15425740844050986,-0.20160712855578788,-0.09845069290884315,-0.048697305615213744,0.0634304207119741,1545,0.19482587302217774,-0.28967087057296176,0.06796116504854369,0.1604448472397088,-0.24207939397868866,0.13009708737864079
fut_commodity/CORN,3,1989-12-11..1998-07-08,1998-07-08..2007-02-03,18,42,0.11313152605909317,0.16466156200314994,0.36265906380367213,-0.013052046519319306,-0.11479524234410303,0.05708520526998664,0.12498829749331124,0.945631067961165,1545,-0.28967087057296176,0.03434172092816352,0.6660194174757281,-0.24207939397868866,-0.011525044974289288,0.5067961165048543
fut_commodity/CORN,4,1998-07-08..2007-02-03,2007-02-03..2015-08-31,10,24,0.36265906380367213,0.4441564768130443,0.699915114223793,0.2582192874075695,0.06315433985399461,0.3973989868601475,0.4564701496306769,0.8724919093851132,1545,0.03434172092816352,0.38480971251435414,0.7262135922330097,-0.011525044974289288,0.4051404533404268,0.7695792880258899
fut_commodity/CORN,5,2007-02-03..2015-08-31,2015-08-31..2024-03-28,2,108,0.699915114223793,0.17205408005582692,0.3362403932266139,0.18552597628579837,0.13051768355052626,0.236343469556301,0.2634333190371954,0.39611650485436894,1545,0.38480971251435414,0.10218938152911274,0.16957928802588998,0.4051404533404268,0.07131684239114178,0.10550161812297734
fut_commodity/COTTON,1,2007-02-22..2009-12-28,2009-12-28..2012-11-03,6,54,0.3287538827525212,1.5914892350170924,1.9360072900760135,0.9976007892708207,-0.9158216409657017,1.527109936959485,1.6867791995401376,0.8071197411003236,1545,-0.33894698166397225,1.732816926397238,0.9533980582524272,0.04627172141988388,1.7370105693312992,0.9631067961165048
fut_commodity/COTTON,2,2009-12-28..2012-11-03,2012-11-03..2015-09-10,2,6,1.9360072900760135,-1.0144867208613797,0.8234701315498868,-0.7944007294430749,-1.0869566485173716,-0.517568700648013,-0.3442437992465184,0.30243572395128554,1545,1.732816926397238,-0.8101680486529923,0.4871447902571042,1.7370105693312992,-0.7753506988575551,0.520297699594046
fut_commodity/COTTON,3,2012-11-03..2015-09-10,2015-09-10..2018-07-16,66,384,0.8234701315498868,0.5136884352422486,0.722300847554908,0.33933667275792057,0.1984603362837399,0.48912745915487027,0.5689725239010788,0.7848443843031123,1478,-0.8101680486529923,0.5527724100188657,0.8721244925575101,-0.7753506988575551,0.6063985886310079,0.9438430311231394
fut_commodity/COTTON,4,2015-09-10..2018-07-16,2018-07-16..2021-05-22,118,246,0.722300847554908,0.275722465379374,0.7066951402328479,0.4697918181169114,0.3634383053495058,0.5326613019500763,0.5655436613694452,0.08478964401294499,1545,0.5527724100188657,0.328845872061168,0.1831715210355987,0.6063985886310079,0.531466753933125,0.7417475728155339
fut_commodity/COTTON,5,2018-07-16..2021-05-22,2021-05-22..2024-03-28,10,36,0.7066951402328479,0.21803990651302563,0.9913222967134007,-0.6048290340065013,-1.081922527605164,-0.23805669403542212,0.09597743267117886,0.9324512534818942,1545,0.328845872061168,0.04377274411182711,0.8837047353760445,0.531466753933125,0.0038522772625091575,0.871866295264624
fut_commodity/CRUDE_W,1,2004-01-20..2007-06-01,2007-06-01..2010-10-12,6,108,1.4290658809358638,0.43376431456421666,1.19106748864766,-0.6952912053298566,-1.1410811583629403,-0.06448377573750717,0.38476188634518393,0.9080906148867314,1545,1.0852646203678902,0.3378477769452116,0.883495145631068,1.122421330077675,0.34051006928854044,0.884789644012945
fut_commodity/CRUDE_W,2,2007-06-01..2010-10-12,2010-10-12..2014-02-22,2,24,1.19106748864766,-0.2036077686824269,0.6060058047170527,-0.6543562312990638,-0.883684311845626,-0.5072822857748716,-0.3059077273284009,0.9378640776699029,1545,0.3378477769452116,-0.8366418378328913,0.2919093851132686,0.34051006928854044,-0.818063876335107,0.30097087378640774
fut_commodity/CRUDE_W,3,2010-10-12..2014-02-22,2014-02-22..2017-07-05,14,30,0.6060058047170527,-0.5894283663385447,0.08394754735713271,-0.8727055010467446,-1.019319417748949,-0.7098914530984586,-0.5021618760987467,0.8442389758179232,1545,-0.8366418378328913,-0.8033729828341438,0.6002844950213371,-0.818063876335107,-0.7832002418010179,0.6401137980085349
fut_commodity/CRUDE_W,4,2014-02-22..2017-07-05,2017-07-05..2020-11-15,6,12,0.08394754735713271,0.6898782846830299,0.7421305302174042,-0.662374016274714,-1.0210823369356015,-0.31835110820845725,0.04939178456913555,0.9978662873399715,1406,-0.8033729828341438,-0.1946106491024087,0.817923186344239,-0.7832002418010179,-0.255242796965148,0.7880512091038406
fut_commodity/CRUDE_W,5,2017-07-05..2020-11-15,2020-11-15..2024-03-28,2,18,0.7421305302174042,0.2879274559563839,0.975916373995701,0.33429362256151807,0.09284663221997475,0.5822127870373887,0.7151016389223692,0.45501618122977344,1545,-0.1946106491024087,0.6760601212492721,0.859546925566343,-0.255242796965148,0.7565013474235625,0.9229773462783172
fut_commodity/GAS_US,1,1990-07-26..1996-03-05,1996-03-05..2001-10-15,10,18,0.7094757177151406,0.2767556112340599,0.5023704076192365,0.18068835067471634,0.11293742674873275,0.2866029813178909,0.3648050566744672,0.7242718446601941,1545,0.2644061662230736,0.353461348206389,0.8815533980582524,0.22280006146780043,0.3195169135927529,0.8226537216828479
fut_commodity/GAS_US,2,1996-03-05..2001-10-15,2001-10-15..2007-05-27,2,42,0.5023704076192365,0.11701954204619743,0.22992048309438323,-0.06952359414630854,-0.15829916667998933,0.006295968817516318,0.06723610951577816,0.9631067961165048,1545,0.353461348206389,-0.10081201889057255,0.39158576051779936,0.3195169135927529,-0.08689815110949665,0.4407766990291262
fut_commodity/GAS_US,3,2001-10-15..2007-05-27,2007-05-27..2013-01-05,2,66,0.22992048309438323,-0.4073511485667697,0.6275880454700274,-0.4793827788608755,-0.6655420305276363,-0.3658097748919617,-0.2775182434800802,0.6720867208672087,1545,-0.10081201889057255,-0.37566127816413136,0.7299006323396567,-0.08689815110949665,-0.38738596843357137,0.7136404697380307
fut_commodity/GAS_US,4,2007-05-27..2013-01-05,2013-01-05..2018-08-17,66,312,0.6275880454700274,-0.3471252764939836,0.05694368052083698,-0.4791539608055209,-0.5578812419004462,-0.38954351312422314,-0.2862886480914383,0.8193315266485999,1107,-0.37566127816413136,-0.4216444178057475,0.6675700090334237,-0.38738596843357137,-0.3962255938111387,0.7317073170731707
fut_commodity/GAS_US,5,2013-01-05..2018-08-17,2018-08-17..2024-03-28,54,384,0.17434969082365132,0.09669583316705717,0.2763869561306842,0.10419367651964258,0.07001867425122718,0.16169707583536497,0.19991766762653518,0.4368932038834951,1545,-0.4216444178057475,0.14948559144356185,0.6886731391585761,-0.3962255938111387,0.09602092873291698,0.43106796116504853
fut_commodity/GOLD,1,1975-04-01..1983-05-31,1983-05-31..1991-07-30,2,114,0.5963779107967762,-0.6477710473753315,0.16825346382927361,-0.053010681305666336,-0.22733524841476005,0.017030653598422017,0.06695311765426186,0.009708737864077669,1545,0.2961451568577712,-0.294353504203832,0.16440129449838187,0.36048336804902825,-0.10752793470874919,0.4129449838187702
fut_commodity/GOLD,2,1983-05-31..1991-07-30,1991-07-30..1999-09-29,10,384,0.16825346382927361,-0.3088697034628748,-0.05926416032194962,-0.28325794117788833,-0.3705940227861021,-0.23355732035769583,-0.1714585225667154,0.42330097087378643,1545,-0.294353504203832,-0.36511577692210406,0.2608414239482201,-0.10752793470874919,-0.33344211569097415,0.34951456310679613
fut_commodity/GOLD,3,1991-07-30..1999-09-29,1999-09-29..2007-11-28,6,42,-0.05926416032194962,0.23598037128386454,0.8384224179365629,0.7348488473346627,0.46359722909487255,0.7809589293950633,0.8100100046938291,0.08737864077669903,1545,-0.36511577692210406,0.3411071777219058,0.1533980582524272,-0.33344211569097415,0.33104074991126187,0.14563106796116504
fut_commodity/GOLD,4,1999-09-29..2007-11-28,2007-11-28..2016-01-27,102,390,0.8384224179365629,0.5974551365457744,0.6788384535156857,0.4783085708290467,0.36386192698328645,0.5717233306039585,0.6131070392496968,0.8375404530744337,1545,0.3411071777219058,0.3635445755894983,0.24854368932038834,0.33104074991126187,0.43773257812455213,0.39546925566343044
fut_commodity/GOLD,5,2007-11-28..2016-01-27,2016-01-27..2024-03-28,98,336,0.6788384535156857,0.1421967291717676,0.4464678497521411,0.10005793750611464,0.035593150594846336,0.15636650856286885,0.19704152034444822,0.6802588996763754,1545,0.3635445755894983,0.014243410048323593,0.1831715210355987,0.43773257812455213,0.00712510197012062,0.16440129449838187
fut_commodity/SILVER,1,1970-06-15..1979-06-02,1979-06-02..1988-05-19,62,114,0.6130256436474698,-0.0026469395037534886,0.8818827963034893,-0.2645651690667249,-0.5105353488483684,-0.133224870434929,0.017114957120562976,0.8867313915857605,1545,0.5164260576591633,-0.3627175075609871,0.3650485436893204,0.5361625584085549,-0.19454350726731434,0.6440129449838188
fut_commodity/SILVER,2,1979-06-02..1988-05-19,1988-05-19..1997-05-06,2,12,0.8818827963034893,-1.0501171466244001,-0.14858064469387314,-0.3590705870310029,-0.4277289365638379,-0.28041575118666145,-0.2425408422154643,0.0006472491909385113,1545,-0.3627175075609871,-0.5094634193597355,0.07313915857605179,-0.19454350726731434,-0.5170738724587227,0.06407766990291262
fut_commodity/SILVER,3,1988-05-19..1997-05-06,1997-05-06..2006-04-23,110,342,-0.14858064469387314,0.67190814902395,0.6929225472559774,0.4410550045713933,0.24194032728729453,0.5592926602843629,0.6086703131377205,0.9883495145631068,1545,-0.5094634193597355,0.17835274582163024,0.18381877022653723,-0.5170738724587227,0.23355278161560977,0.23689320388349513
fut_commodity/SILVER,4,1997-05-06..2006-04-23,2006-04-23..2015-04-10,118,330,0.6929225472559774,0.2170395305241016,0.48116212779507767,0.221899154011017,0.17990343724461275,0.26577828932316205,0.3028639558780263,0.4692556634304207,1545,0.17835274582163024,0.2504531112335822,0.6705501618122978,0.23355278161560977,0.23215808457663442,0.566990291262136
fut_commodity/SILVER,5,2006-04-23..2015-04-10,2015-04-10..2024-03-28,2,18,0.48116212779507767,0.054975937171752136,0.17535823727568517,-0.24106344059250512,-0.29618392595041915,-0.1804477358660648,-0.12696123885251165,0.9967637540453075,1545,0.2504531112335822,-0.2835772697365426,0.3035598705501618,0.23215808457663442,-0.06369030150175461,0.9656957928802589
fut_commodity/SOYBEAN,1,1988-05-13..1994-05-05,1994-05-05..2000-04-27,2,6,0.03208905383935802,-0.08172291528039641,0.5948146033469217,-0.18477315274470812,-0.5397839041548789,0.15160512190540013,0.3327822031857044,0.5436893203883495,1545,-0.07866312506585028,0.32297633131043496,0.8919093851132686,-0.09412534681971231,0.2160042555481409,0.7935275080906149
fut_commodity/SOYBEAN,2,1994-05-05..2000-04-27,2000-04-27..2006-04-20,22,114,0.5948146033469217,-0.6850184715074171,0.7712635829642682,-1.0108598015433434,-1.3622737829336977,-0.6132466235166388,-0.023668448109464335,0.7145631067961165,1545,0.32297633131043496,-0.8198098034748101,0.6362459546925566,0.2160042555481409,-0.8325799197273684,0.626537216828479
fut_commodity/SOYBEAN,3,2000-04-27..2006-04-20,2006-04-20..2012-04-12,26,48,0.7712635829642682,0.7550097916300308,1.0550834130558437,0.6828279377219261,0.5425177706840719,0.8061938004390887,0.8966416272642269,0.6459546925566343,1545,-0.8198098034748101,0.42261580508240787,0.17411003236245956,-0.8325799197273684,0.5663598103816642,0.26731391585760517
fut_commodity/SOYBEAN,4,2006-04-20..2012-04-12,2012-04-12..2018-04-05,2,180,1.0550834130558437,-0.32836938565810136,0.0889159854128918,-0.36154859403681244,-0.4698608010370925,-0.1784922716666955,-0.08652012024834221,0.5553398058252427,1545,0.42261580508240787,-0.6167350535311185,0.0511326860841424,0.5663598103816642,-0.4205045670038208,0.3618122977346278
fut_commodity/SOYBEAN,5,2012-04-12..2018-04-05,2018-04-05..2024-03-28,6,24,0.0889159854128918,0.06146597072143884,0.5785301562830598,0.4468440594989279,0.36276762796099754,0.48057998612661257,0.5079761974672672,0.009708737864077669,1545,-0.6167350535311185,0.2163300617722695,0.05760517799352751,-0.4205045670038208,0.35722959610562705,0.24142394822006472
fut_commodity/WHEAT,1,1973-12-19..1982-05-06,1982-05-06..1990-09-21,118,336,0.23850412565643692,0.44115614773415596,0.525347097567846,0.4117104959782709,0.3217485499908124,0.4563039140410872,0.4946803047635401,0.6478964401294498,1545,-0.13707189750711507,0.3541764029264053,0.31844660194174756,-0.08810135829141665,0.33763448102377014,0.27637540453074433
fut_commodity/WHEAT,2,1982-05-06..1990-09-21,1990-09-21..1999-02-07,110,198,0.525347097567846,0.2953036296920805,0.5584825826574613,0.22496621378842227,0.10664764811729287,0.2900459516769564,0.3423990730576026,0.7715210355987056,1545,0.3541764029264053,0.2755062797937201,0.6970873786407767,0.33763448102377014,0.25835306020085413,0.6368932038834951
fut_commodity/WHEAT,3,1990-09-21..1999-02-07,1999-02-07..2007-06-25,22,42,0.5584825826574613,-0.2063418910781064,0.40109786149051685,0.24214215196511382,0.18469631976391288,0.29358789222115844,0.3380679400625587,0.03171521035598705,1545,0.2755062797937201,0.2988388290294113,0.7695792880258899,0.25835306020085413,0.33449979824079085,0.886084142394822
fut_commodity/WHEAT,4,1999-02-07..2007-06-25,2007-06-25..2015-11-10,22,306,0.40109786149051685,-0.019056807366127613,0.20642636515583612,-0.21099484458103057,-0.33962558017958544,-0.0930366841622485,0.0026469296075289257,0.858252427184466,1545,0.2988388290294113,-0.04389279737211967,0.8252427184466019,0.33449979824079085,-0.06669033367226421,0.7954692556634304
fut_commodity/WHEAT,5,2007-06-25..2015-11-10,2015-11-10..2024-03-28,2,102,0.20642636515583612,-0.07875957535766111,0.25270087253268697,0.014907260561833151,-0.024020385177473427,0.05152858738668976,0.1382835701727982,0.10938511326860842,1545,-0.04389279737211967,-0.09124827267760205,0.0964401294498382,-0.06669033367226421,-0.04316240097391543,0.17281553398058253
fut_equity/BOVESPA,1,2012-12-12..2014-10-30,2014-10-30..2016-09-16,10,36,0.5100267104173593,0.3723270771094412,0.6527231444228817,-0.15359555396705257,-0.32791907671182424,0.02742827113933842,0.23893224340139727,0.972168284789644,1545,-0.6619538419642611,0.009694809570471394,0.7346278317152104,-0.5677775602096276,-0.1358974282782664,0.6006472491909385
fut_equity/BOVESPA,2,2014-10-30..2016-09-16,2016-09-16..2018-08-05,86,174,0.6527231444228817,-0.036304448433226076,0.8968378218832991,0.2246061711791713,0.010039137128817106,0.7079420628028961,0.8968378218832991,0.2051779935275081,1545,0.009694809570471394,-0.07528754354049307,0.15598705501618124,-0.1358974282782664,-0.08669760168836,0.13656957928802588
fut_equity/BOVESPA,3,2016-09-16..2018-08-05,2018-08-05..2020-06-22,118,210,0.8968378218832991,-0.9464005446332064,0.7400587584011611,-0.9364910267194144,-1.1361105411054158,-0.38298273018170287,0.03567145429183721,0.42718446601941745,1545,-0.07528754354049307,-0.7206038534296966,0.6233009708737864,-0.08669760168836,-0.7720837714314804,0.6122977346278318
fut_equity/BOVESPA,4,2018-08-05..2020-06-22,2020-06-22..2022-05-10,14,30,0.7400587584011611,0.2813964790706471,0.5968977889557309,-0.581791754305057,-0.7418209229019177,-0.4829204102693824,-0.2538703673099387,0.9935275080906149,1545,-0.7206038534296966,-0.8932157719292314,0.13203883495145632,-0.7720837714314804,-0.35691282059732343,0.856957928802589
fut_equity/BOVESPA,5,2020-06-22..2022-05-10,2022-05-10..2024-03-28,2,6,0.5968977889557309,-1.0728501917246047,0.4291924417377721,-0.40071535734871566,-0.5285522380331569,-0.16027509163446788,0.01040121216981305,0.0,1545,-0.8932157719292314,-0.45048685901607277,0.37022653721682847,-0.35691282059732343,-0.5036120529080952,0.29385113268608415
fut_equity/CAC,1,2009-04-16..2011-10-13,2011-10-13..2014-04-10,6,348,0.40356515678194627,1.0951091629430223,1.4342054442076277,1.1204063009677054,1.0173498136663353,1.2149249400152988,1.2640903950968085,0.42394822006472493,1545,-0.13778567203505837,0.9053884778073457,0.14951456310679612,-0.26686279494941834,0.7937728104624594,0.11067961165048544
fut_equity/CAC,2,2011-10-13..2014-04-10,2014-04-10..2016-10-06,2,282,1.4342054442076277,-1.3238805569520173,0.2301008017927049,-0.5377936397032969,-0.8171167067938536,-0.2967197053784878,-0.14014796490761736,0.0284789644012945,1545,0.9053884778073457,-0.022260230731063167,0.9889967637540453,0.7937728104624594,-0.02949970453017252,0.9870550161812298
fut_equity/CAC,3,2014-04-10..2016-10-06,2016-10-06..2019-04-04,2,12,0.2301008017927049,0.4204949348726406,1.0148081736070638,0.142918091976269,-0.051460391700002134,0.31219058360051977,0.4544159606207481,0.8757281553398059,1545,-0.022260230731063167,0.20468447632190004,0.5928802588996763,-0.02949970453017252,0.15145609249335248,0.511326860841424
fut_equity/CAC,4,2016-10-06..2019-04-04,2019-04-04..2021-09-30,6,384,1.0148081736070638,1.7189647666062926,1.8915728494144661,1.2931964408365224,0.16032975473491326,1.5016168172448219,1.6131691198561982,0.9779935275080907,1545,0.20468447632190004,0.14324929615430454,0.2446601941747573,0.15145609249335248,0.21151907290490432,0.27184466019417475
fut_equity/CAC,5,2019-04-04..2021-09-30,2021-09-30..2024-03-28,14,378,1.8915728494144661,0.9064987818312142,1.2172185089115284,0.765668950749662,0.5934154145087803,0.9368521578423079,1.0033839390156436,0.684789644012945,1545,0.14324929615430454,0.6449337591985562,0.3385113268608414,0.21151907290490432,0.5694744148474641,0.22394822006472492
fut_equity/DAX,1,2000-03-13..2004-03-15,2004-03-15..2008-03-18,22,186,0.5057744573149091,0.6147709100323843,1.1316307324802368,0.7712248469646704,0.6937892594289587,0.8220301789751339,0.8934524599483835,0.12168284789644013,1545,0.26948741345788135,0.7250453149570545,0.3275080906148867,0.31354563750114745,0.7062977435519826,0.2809061488673139
fut_equity/DAX,2,2004-03-15..2008-03-18,2008-03-18..2012-03-20,2,48,1.1316307324802368,0.1797650570672135,0.7890766371772335,0.2536892501795883,0.08462637277935404,0.37728701699662126,0.5432301466835256,0.39029126213592236,1545,0.7250453149570545,0.372510813606669,0.7378640776699029,0.7062977435519826,0.226049917738168,0.44271844660194176
fut_equity/DAX,3,2008-03-18..2012-03-20,2012-03-20..2016-03-23,26,126,0.7890766371772335,0.28664631041723837,0.641591523666507,0.25135167053585433,0.16053215508075577,0.341221087063271,0.40447909558723044,0.6064724919093851,1545,0.372510813606669,0.1724738728396137,0.2796116504854369,0.226049917738168,0.39337389470520895,0.8757281553398059
fut_equity/DAX,4,2012-03-20..2016-03-23,2016-03-23..2020-03-25,2,18,0.641591523666507,-0.14539504367892853,0.5710967056041192,-0.5544824702940768,-0.7464347471299837,-0.2124633952066888,0.07117846984954151,0.7786407766990291,1545,0.1724738728396137,-0.036900929846545076,0.8310679611650486,0.39337389470520895,-0.19557821492653582,0.7592233009708738
fut_equity/DAX,5,2016-03-23..2020-03-25,2020-03-25..2024-03-28,2,78,0.5710967056041192,0.5565702337422026,1.1205117633679171,0.35073778418190427,0.1877600026597059,0.5779741921174402,0.7254488846151139,0.7165048543689321,1545,-0.036900929846545076,0.5633232032040019,0.7275080906148867,-0.19557821492653582,0.6018553832518484,0.7864077669902912
fut_equity/EUROSTX200-LARGE,1,2013-03-12..2015-01-13,2015-01-13..2016-11-15,2,6,1.2930786034969373,-1.105714812786039,0.9664372424662143,-1.0623036878327703,-1.4930407037467663,-0.5485980608279526,-0.27315811587006666,0.47055016181229775,1545,0.5682947160301366,-1.5379267829051742,0.23300970873786409,0.6466959320879122,-0.9559203880577808,0.5650485436893203
fut_equity/EUROSTX200-LARGE,2,2015-01-13..2016-11-15,2016-11-15..2018-09-19,70,168,0.9664372424662143,0.03485026260012181,0.3477115101239295,0.03485026260012181,-0.25151991374672117,0.03485026260012181,0.03485026260012181,0.3831715210355987,1545,-1.5379267829051742,-0.3594832472549954,0.1378640776699029,-0.9559203880577808,-0.38630137182513247,0.1203883495145631
fut_equity/EUROSTX200-LARGE,3,2016-11-15..2018-09-19,2018-09-19..2020-07-22,10,18,0.3477115101239295,0.9963784716876727,1.2229858912381122,-0.5996531638145363,-0.9096722938696827,-0.387554338509367,-0.01082893054978377,0.9922330097087378,1545,-0.3594832472549954,-0.9096722938696827,0.24724919093851133,-0.38630137182513247,-1.1753583308798843,0.004530744336569579
fut_equity/EUROSTX200-LARGE,4,2018-09-19..2020-07-22,2020-07-22..2022-05-25,2,12,1.2229858912381122,0.513190999576011,1.274322673966349,0.32863692128380273,0.32863692128380273,0.32863692128380273,0.7304968950816021,0.8226537216828479,1545,-0.9096722938696827,0.43646661787210117,0.7974110032362459,-1.1753583308798843,0.3169705417519363,0.19611650485436893
fut_equity/EUROSTX200-LARGE,5,2020-07-22..2022-05-25,2022-05-25..2024-03-28,30,66,1.274322673966349,1.0488233749160307,1.5699935156331524,1.032984777476801,0.8681485173847672,1.3546148332348618,1.3546148332348618,0.515210355987055,1545,0.43646661787210117,0.8533642859164103,0.227831715210356,0.3169705417519363,0.8134900472594864,0.1883495145631068
fut_equity/FTSE100,1,1984-05-21..1991-01-11,1991-01-11..1997-09-02,6,12,0.8100279621452234,-0.09824866880421818,0.7540613959811934,0.5043285687540726,0.44796565785333936,0.5804211407193413,0.6575356012290401,0.0,1545,-0.003432630962573789,0.4884262034657198,0.4330097087378641,0.048999845731881146,0.5127180018414778,0.5307443365695793
fut_equity/FTSE100,2,1991-01-11..1997-09-02,1997-09-02..2004-04-24,18,378,0.7540613959811934,-0.3126964619448664,0.2724540384208963,-0.17268633246203266,-0.2854738194980798,-0.07472645258815061,-0.008785601239399695,0.2058252427184466,1545,0.4884262034657198,-0.15921531687124757,0.5313915857605178,0.5127180018414778,-0.20266534292682375,0.4297734627831715
fut_equity/FTSE100,3,1997-09-02..2004-04-24,2004-04-24..2010-12-15,18,90,0.2724540384208963,0.7182285432782112,0.8107349082599496,0.5333279361020733,0.426306511811325,0.6162988845735556,0.6664474234038865,0.9754045307443365,1545,-0.15921531687124757,0.5642230308362384,0.5889967637540453,-0.20266534292682375,0.5727859208714926,0.6122977346278318
fut_equity/FTSE100,4,2004-04-24..2010-12-15,2010-12-15..2017-08-06,2,102,0.8107349082599496,-0.09627723596327328,0.6359561161621483,0.3481061252887013,0.21112817548319598,0.42277745293307134,0.5075139915106338,0.05307443365695793,1545,0.5642230308362384,0.2683565240894088,0.3326860841423948,0.5727859208714926,0.24167656198034101,0.2867313915857605
fut_equity/FTSE100,5,2010-12-15..2017-08-06,2017-08-06..2024-03-28,114,360,0.6359561161621483,-0.08881351679312556,0.30390142024114203,-0.08105203677591725,-0.1740207531377692,-0.0010941647365768166,0.09691779745358259,0.46990291262135925,1545,0.2683565240894088,-0.020982903619925275,0.6906148867313916,0.24167656198034101,-0.0960970407241765,0.45372168284789643
fut_equity/HANG,1,1993-12-09..1998-12-27,1998-12-27..2004-01-15,10,36,0.48784488697976175,1.0133702843962717,1.0944686131387298,0.7914999561552909,0.6908460805928357,0.8863726882903913,0.9521922497180153,0.9728155339805825,1545,0.28457564961895276,0.6999280978969782,0.27055016181229774,0.36209030711959683,0.62628523678693,0.13009708737864079
fut_equity/HANG,2,1998-12-27..2004-01-15,2004-01-15..2009-02-01,50,198,1.0944686131387298,0.5883013886756271,0.853669730839251,0.6104538213488931,0.555827284292081,0.6550104488498165,0.7021647718972402,0.3766990291262136,1545,0.6999280978969782,0.6807198549739638,0.8537216828478964,0.62628523678693,0.718739192158661,0.9275080906148867
fut_equity/HANG,3,2004-01-15..2009-02-01,2009-02-01..2014-02-20,6,144,0.853669730839251,0.03349085235138136,0.8087969649706118,0.004347694738411085,-0.07043950990041353,0.09826021416025425,0.20947190429451346,0.6,1545,0.6807198549739638,-0.06469943599192218,0.2686084142394822,0.718739192158661,-0.05408222686013311,0.3042071197411003
fut_equity/HANG,4,2009-02-01..2014-02-20,2014-02-20..2019-03-10,26,48,0.8087969649706118,0.6835816232601936,0.8005889077063052,0.37196856648726245,0.19986163540517504,0.5301821053784903,0.6332609625775368,0.9605177993527508,1545,-0.06469943599192218,0.5140899463730414,0.7249190938511327,-0.05408222686013311,0.5250668137630098,0.7417475728155339
fut_equity/HANG,5,2014-02-20..2019-03-10,2019-03-10..2024-03-28,18,204,0.8005889077063052,-0.7437006043806642,0.1333910046294048,-0.20081618665716236,-0.39784457041995847,-0.10166919394417033,-0.036395707399481676,0.005825242718446602,1545,0.5140899463730414,-0.40939925278930805,0.2336569579288026,0.5250668137630098,-0.39528620989605207,0.2537216828478964
fut_equity/IBEX,1,1997-05-09..2001-10-31,2001-10-31..2006-04-25,2,132,0.6588555025086096,0.9280847286136699,1.6096151263823484,1.0778905274638308,0.9959771170765642,1.1389360917851308,1.1998969749073611,0.13527508090614887,1545,0.2977587735521123,1.1262733527211253,0.7061488673139159,0.26985414904685906,1.0622270144185912,0.44271844660194176
fut_equity/IBEX,2,2001-10-31..2006-04-25,2006-04-25..2010-10-18,114,390,1.6096151263823484,-0.6168194944371759,0.940371411529923,-0.12843591965324097,-0.31656648192377235,0.12086954002527732,0.4659367841135379,0.013592233009708738,1545,1.1262733527211253,0.16945907098253532,0.7805825242718447,1.0622270144185912,0.14583063635584004,0.7631067961165049
fut_equity/IBEX,3,2006-04-25..2010-10-18,2010-10-18..2015-04-11,10,72,0.940371411529923,0.25832045374171053,1.0511692691081154,0.8614298117712504,0.6833509085939636,0.9366227017645992,0.9815062608241036,0.045954692556634306,1545,0.16945907098253532,0.6317500450960372,0.21035598705501618,0.14583063635584004,0.6575627835542912,0.23171521035598705
fut_equity/IBEX,4,2010-10-18..2015-04-11,2015-04-11..2019-10-04,38,372,1.0511692691081154,-0.011118942885498091,0.405266021088798,-0.06370738026963739,-0.15859311741388174,0.023980906523475926,0.07752356420634489,0.6336569579288026,1545,0.6317500450960372,0.10869152121799251,0.9346278317152104,0.6575627835542912,0.26552651780708275,0.9812297734627832
fut_equity/IBEX,5,2015-04-11..2019-10-04,2019-10-04..2024-03-28,74,114,0.405266021088798,0.5365069076912203,0.8562027550226655,0.48153149031037845,0.3902281193963138,0.570672106905295,0.6224882396217938,0.6491909385113268,1545,0.10869152121799251,0.4017538632200267,0.27766990291262134,0.26552651780708275,0.49368796199499887,0.5249190938511327
fut_equity/KOSPI,1,2014-03-13..2015-11-14,2015-11-14..2017-07-18,2,138,0.06140675916998921,1.6369779835370737,2.763878845975707,2.763878845975707,2.763878845975707,2.763878845975707,2.763878845975707,0.04271844660194175,1545,-0.6237044508773258,2.182109397315011,0.12491909385113269,-0.8831618224596194,2.3188942278054876,0.1488673139158576
fut_equity/KOSPI,2,2015-11-14..2017-07-18,2017-07-18..2019-03-21,14,150,2.763878845975707,-0.4587469266379028,0.945842967568151,-0.6249526432039735,-1.117605336593209,-0.2592043976789458,-0.17232501340774342,0.5830311820159536,1545,2.182109397315011,-0.6748973336876412,0.4880348078317622,2.3188942278054876,-1.2862761104150169,0.1791153009427121
fut_equity/KOSPI,3,2017-07-18..2019-03-21,2019-03-21..2020-11-22,42,150,0.945842967568151,0.13877853616806138,1.3450918501236289,-0.13372074420193333,-0.4744822555634972,0.36284774755740173,0.9798644960159226,0.6729514140681654,1379,-0.6748973336876412,0.10749965921893008,0.6526468455402465,-1.2862761104150169,-0.007902182420245462,0.5474981870920957
fut_equity/KOSPI,4,2019-03-21..2020-11-22,2020-11-22..2022-07-26,2,96,1.3450918501236289,-0.3144654761599682,0.23770810613188983,-1.3733548300075433,-1.6153681211105686,-1.1962670213204332,-0.506499049402768,0.9391585760517799,1545,0.10749965921893008,-1.2242917024906095,0.7249190938511327,-0.007902182420245462,-1.3137484432496076,0.6323624595469256
fut_equity/KOSPI,5,2020-11-22..2022-07-26,2022-07-26..2024-03-29,14,72,0.23770810613188983,-0.21894639867158244,1.2444631198711533,0.8408304390052553,0.6287874872408876,0.9433047768195882,1.0696977310579048,0.0006472491909385113,1545,-1.2242917024906095,0.7343845370736354,0.3488673139158576,-1.3137484432496076,0.669144379403124,0.3048543689320388
fut_equity/NIKKEI,1,2011-06-10..2013-07-28,2013-07-28..2015-09-15,2,12,1.833458314657822,0.11316961476967749,1.2280621089791686,0.8982902648215128,0.7858282413726221,0.9034543823955196,0.9819894939805167,0.009061488673139158,1545,1.029278373008467,0.6741365954040568,0.17605177993527507,0.9343460838493561,0.6907132092420737,0.18576051779935276
fut_equity/NIKKEI,2,2013-07-28..2015-09-15,2015-09-15..2017-11-03,2,198,1.2280621089791686,1.62794930914689,2.398724578956119,1.857184336939611,1.6698996619202633,2.0201724201310927,2.1556538207348934,0.2058252427184466,1545,0.6741365954040568,1.7872812783218934,0.39805825242718446,0.6907132092420737,1.7153265919748064,0.315210355987055
fut_equity/NIKKEI,3,2015-09-15..2017-11-03,2017-11-03..2019-12-22,42,246,2.398724578956119,-0.16725149293049635,2.2327523015996045,0.10624966314999872,-0.30725894763513334,0.6896510116343684,1.3153390378443994,0.3592233009708738,1545,1.7872812783218934,-0.22636877942770892,0.31715210355987056,1.7153265919748064,-0.37855951471694177,0.18122977346278318
fut_equity/NIKKEI,4,2017-11-03..2019-12-22,2019-12-22..2022-02-08,54,354,2.2327523015996045,-0.29250542762093806,1.1061613558398646,0.25528848445502383,-0.29250542762093806,0.7692442855982985,0.8768401233807599,0.07055016181229773,1545,-0.22636877942770892,0.925313078429656,0.9650485436893204,-0.37855951471694177,0.9709034296339264,0.9779935275080907
fut_equity/NIKKEI,5,2019-12-22..2022-02-08,2022-02-08..2024-03-29,14,30,1.1061613558398646,0.9804651175144492,2.4430817760082273,1.7351374118076623,1.4264218487284193,2.177537204856978,2.254596058484419,0.05889967637540453,1545,0.925313078429656,1.0435726263513445,0.07378640776699029,0.9709034296339264,1.2656174498356063,0.1941747572815534
fut_equity/TOPIX,1,2010-03-11..2012-07-13,2012-07-13..2014-11-15,6,30,0.6067117931908315,0.9673143707256652,1.5981041587817537,0.9612372791028849,0.7387937391895719,0.9795922225699167,1.1475577304224311,0.5031534688156972,1427,-0.925066361263043,0.7716316838167864,0.29432375613174494,-0.9386292223830176,0.9282560822462954,0.4232655921513665
fut_equity/TOPIX,2,2012-07-13..2014-11-15,2014-11-15..2017-03-20,34,84,1.5981041587817537,0.3201340216489381,1.5767586716973274,0.26925477703763884,-0.12225290151666514,0.7396238534527791,1.0547093642353718,0.5533980582524272,1545,0.7716316838167864,-0.1282899930172707,0.24789644012944984,0.9282560822462954,-0.2636292661521431,0.16116504854368932
fut_equity/TOPIX,3,2014-11-15..2017-03-20,2017-03-20..2019-07-23,30,312,1.5767586716973274,-0.4581053377965836,0.5713572796359908,-0.6412379683903662,-0.8560414425133714,-0.4500302483635252,-0.26291655777432804,0.7365695792880259,1545,-0.1282899930172707,-0.4554982775297967,0.7469255663430421,-0.2636292661521431,-0.36773307997290516,0.829126213592233
fut_equity/TOPIX,4,2017-03-20..2019-07-23,2019-07-23..2021-11-24,2,6,0.5713572796359908,0.2803957809013438,1.6369868918767814,1.236790499908954,1.2362905109156859,1.4372366852162703,1.4980561425081889,0.011003236245954692,1545,-0.4554982775297967,0.4881690047919016,0.04271844660194175,-0.36773307997290516,0.514266162693364,0.05177993527508091
fut_equity/TOPIX,5,2019-07-23..2021-11-24,2021-11-24..2024-03-29,2,252,1.6369868918767814,1.767115025965778,2.495951464832712,1.787166007396191,1.4258031665537982,2.2113897766215893,2.3533830333052737,0.4893203883495146,1545,0.4881690047919016,1.2628444390114393,0.15598705501618124,0.514266162693364,1.2754925910239918,0.16245954692556636
fut_rates/BOBL,1,2008-03-05..2010-11-07,2010-11-07..2013-07-12,2,318,2.2374268376364967,0.6652896005641117,1.4518846522474265,0.9332311408032272,0.7688644175735662,1.1380300402442873,1.2688711090137894,0.11262135922330097,1545,1.5515058672273085,1.2198166728753037,0.8401294498381877,1.588462367312963,1.3284760653273402,0.944336569579288
fut_rates/BOBL,2,2010-11-07..2013-07-12,2013-07-12..2016-03-16,70,162,1.4518846522474265,1.5610346543638085,1.9059105161780618,1.3519503109815572,1.1745076270639905,1.540988497668939,1.646484558553283,0.7611650485436893,1545,1.2198166728753037,1.6966203405170979,0.9333333333333333,1.3284760653273402,1.8174641701545085,0.9818770226537217
fut_rates/BOBL,3,2013-07-12..2016-03-16,2016-03-16..2018-11-19,58,120,1.9059105161780618,0.11854178358790124,0.8604683760677382,0.14780591600060883,0.007468890435632724,0.28001956117580185,0.43804617192475204,0.4349514563106796,1545,1.6966203405170979,-0.019800177040074616,0.21035598705501618,1.8174641701545085,0.09431132277804145,0.3838187702265372
fut_rates/BOBL,4,2016-03-16..2018-11-19,2018-11-19..2021-07-24,102,336,0.8604683760677382,-0.05808488717376022,0.5386876818698917,-0.13570726244112438,-0.3276929811923881,0.020392347140568905,0.12093467504227817,0.6148867313915858,1545,-0.019800177040074616,-0.07458771680503465,0.5838187702265372,0.09431132277804145,-0.07173439380475205,0.5896440129449838
fut_rates/BOBL,5,2018-11-19..2021-07-24,2021-07-24..2024-03-28,30,372,0.5386876818698917,,0.09069519528240184,-0.8930204425125501,-1.154004310121994,-0.5796165652737972,-0.3711103719597,,1545,-0.07458771680503465,-0.5191419420491143,0.791828793774319,-0.07173439380475205,-0.3770426412024202,0.8891050583657587
fut_rates/BUND,1,2006-12-01..2009-10-20,2009-10-20..2012-09-09,74,390,1.0579839246313243,1.614131881338695,1.808137680815978,1.138636901006079,0.8705502437472767,1.414591794232801,1.5634354319352106,0.9398058252427185,1545,0.49491418477854976,1.0554905339564489,0.42588996763754045,0.6075675193834322,1.164687762324494,0.5236245954692557
fut_rates/BUND,2,2009-10-20..2012-09-09,2012-09-09..2015-07-30,90,378,1.808137680815978,1.4547304239000949,2.1601701779374394,1.5527804474982123,1.16459787893899,1.7841271159899423,1.8774678015389041,0.3618122977346278,1545,1.0554905339564489,0.6008367756510323,0.02977346278317152,1.164687762324494,0.7196935563619032,0.08025889967637541
fut_rates/BUND,3,2012-09-09..2015-07-30,2015-07-30..2018-06-19,2,78,2.1601701779374394,0.10591926532777188,0.8059929607960405,0.2224224689267341,-0.01608902382339656,0.42178014705733063,0.6079062025778514,0.3572815533980582,1545,0.6008367756510323,0.010696173246992919,0.27766990291262134,0.7196935563619032,-0.11859602442526852,0.12297734627831715
fut_rates/BUND,4,2015-07-30..2018-06-19,2018-06-19..2021-05-08,46,378,0.8059929607960405,0.08767979101608073,0.9707280172902509,0.20780213121781985,0.0024988088737339874,0.44052685199757396,0.5686925783227436,0.3598705501618123,1545,0.010696173246992919,0.47976488564326814,0.801294498381877,-0.11859602442526852,0.48324498747980915,0.8038834951456311
fut_rates/BUND,5,2018-06-19..2021-05-08,2021-05-08..2024-03-28,50,78,0.9707280172902509,-1.1774847308074263,-0.06255681104884903,-0.9081571967469759,-1.1552755825634782,-0.6613301415207824,-0.4560109597656255,0.23049645390070922,1545,0.47976488564326814,-0.9031204891112442,0.5035460992907801,0.48324498747980915,-0.9590687810152202,0.450354609929078
fut_rates/GILT,1,1993-10-20..1998-11-15,1998-11-15..2003-12-12,118,396,1.1335792201055623,-0.23114676901518258,0.2706724153554771,-0.06659145082835931,-0.11942654220660479,0.0006146051197087739,0.11237321538869838,0.016181229773462782,1545,0.6954238631854647,0.22839038298794864,0.9883495145631068,0.6626682520322662,0.21011016168169952,0.976051779935275
fut_rates/GILT,2,1998-11-15..2003-12-12,2003-12-12..2009-01-07,50,144,0.2706724153554771,0.6372242022596105,0.7513724120564317,0.4241121705067399,0.2878966428412181,0.5353755040357588,0.595758871666142,0.9663430420711974,1545,0.22839038298794864,0.5699100375816164,0.8394822006472492,0.21011016168169952,0.6049838053225477,0.9216828478964402
fut_rates/GILT,3,2003-12-12..2009-01-07,2009-01-07..2014-02-03,6,324,0.7513724120564317,1.0602594119697326,1.1593204340751435,0.8211509954958591,0.7330155787897817,0.9589255593681181,1.0257437112535877,0.9579288025889967,1545,0.5699100375816164,0.6886494271547211,0.1378640776699029,0.6049838053225477,0.6736233024398577,0.11067961165048544
fut_rates/GILT,4,2009-01-07..2014-02-03,2014-02-03..2019-03-02,42,318,1.1593204340751435,0.4522640222036006,0.6892984184920866,0.43131801522709456,0.32319485877531096,0.5336596066823346,0.601038589881749,0.545631067961165,1545,0.6886494271547211,0.2797868557617634,0.16828478964401294,0.6736233024398577,0.3424023536230452,0.2809061488673139
fut_rates/GILT,5,2014-02-03..2019-03-02,2019-03-02..2024-03-28,82,354,0.6892984184920866,-0.7567601816979374,0.26400820271759873,-0.4131612997378697,-0.6478353946026344,-0.042552284277792306,0.06885402485754073,0.12944983818770225,1545,0.2797868557617634,-0.006217440234701797,0.8038834951456311,0.3424023536230452,0.01952694028267707,0.8433656957928802
fut_rates/JGB,1,2001-12-04..2005-08-23,2005-08-23..2009-05-13,14,36,1.335269571549952,0.048168354429371646,0.5578174203671312,0.24036759792316464,0.0909557052249433,0.3859518557501622,0.4403915608648214,0.17216828478964402,1545,0.5653427859626684,-0.07818757784738743,0.022006472491909384,0.3491518880283039,-0.11691489026124115,0.005177993527508091
fut_rates/JGB,2,2005-08-23..2009-05-13,2009-05-13..2013-01-30,2,102,0.5578174203671312,0.6909086870777026,1.45626118224829,0.9231373744033843,0.7794920307941655,1.0640338297557945,1.1693103972499181,0.13656957928802588,1545,-0.07818757784738743,0.9732339383463415,0.5967637540453075,-0.11691489026124115,1.0172905858942953,0.6731391585760518
fut_rates/JGB,3,2009-05-13..2013-01-30,2013-01-30..2016-10-20,2,390,1.45626118224829,1.1984241821578248,1.4995504940953843,1.2982232934023252,1.2373477421950865,1.3405561888732958,1.3966609964079397,0.09449838187702266,1545,0.9732339383463415,1.4047233280285467,0.9119741100323625,1.0172905858942953,1.4066026719478357,0.913915857605178
fut_rates/JGB,4,2013-01-30..2016-10-20,2016-10-20..2020-07-09,22,150,1.4995504940953843,-0.5006243111085521,0.436472587468291,-0.07684004170765775,-0.2965168277879535,0.1438510825551984,0.2783474505309556,0.042071197411003236,1545,1.4047233280285467,-0.29931137796339635,0.2453074433656958,1.4066026719478357,0.21788425217893398,0.8142394822006472
fut_rates/JGB,5,2016-10-20..2020-07-09,2020-07-09..2024-03-29,106,312,0.436472587468291,-0.3662183494884071,0.24541740570150897,-0.5548319343018832,-0.6894173510797704,-0.43434357572937016,-0.31168236084907386,0.8504854368932039,1545,-0.29931137796339635,-0.8966756964744091,0.0634304207119741,0.21788425217893398,-0.9553409280270452,0.025889967637540454
fut_rates/OAT,1,2012-09-05..2014-08-09,2014-08-09..2016-07-13,2,210,2.864317115065792,1.6930872056508754,2.1836400431229577,1.8123650262176858,1.13433712450372,2.125106303627122,2.125106303627122,0.3786407766990291,1545,1.5707943377243707,0.6688965060260513,0.10161812297734628,1.5027499354444038,0.6984122661224386,0.11326860841423948
fut_rates/OAT,2,2014-08-09..2016-07-13,2016-07-13..2018-06-17,70,222,2.1836400431229577,0.5519784804131986,1.1157264928410013,0.6042110217243049,0.5114241037431647,0.7762858670219986,0.870834162295992,0.3656957928802589,1545,0.6688965060260513,0.43062491705704176,0.1262135922330097,0.6984122661224386,0.3552507342417442,0.07766990291262135
fut_rates/OAT,3,2016-07-13..2018-06-17,2018-06-17..2020-05-20,6,120,1.1157264928410013,0.46228638761905216,1.0137348941631121,0.676683339851526,0.676683339851526,0.676683339851526,0.7012272072262056,0.08802588996763754,1545,0.43062491705704176,0.7375981293103854,0.9106796116504854,0.3552507342417442,0.7473272653586936,0.915210355987055
fut_rates/OAT,4,2018-06-17..2020-05-20,2020-05-20..2022-04-24,6,24,1.0137348941631121,-0.567468636981933,0.3589904981351316,-1.7985499163775036,-2.051008963302702,-1.6154402413539948,-1.3605569915995224,0.9598705501618123,1545,0.7375981293103854,-1.4140024211819258,0.8809061488673139,0.7473272653586936,-1.6084680501082291,0.7618122977346279
fut_rates/OAT,5,2020-05-20..2022-04-24,2022-04-24..2024-03-28,10,24,0.3589904981351316,-1.824050416132602,0.3274535369075901,-0.6945748652242038,-1.01565615112038,-0.29439259056987044,-0.09366894905583925,0.02711323763955343,1545,-1.4140024211819258,-0.18549725450594085,0.8277511961722488,-1.6084680501082291,-0.3112505866384433,0.733652312599681
fut_rates/US10,1,1992-07-02..1997-10-16,1997-10-16..2003-01-30,6,126,1.2500070428019436,0.7486522904495075,1.2588965516846586,0.861643475695385,0.761621416743334,0.9825523628110252,1.0945598956703542,0.20841423948220064,1545,0.8789447854021618,0.7842278344875655,0.3080906148867314,0.9522186383823721,0.8200919017155106,0.4006472491909385
fut_rates/US10,2,1997-10-16..2003-01-30,2003-01-30..2008-05-15,54,342,1.2588965516846586,0.3127595035426595,0.7271084509416565,0.20334100095653154,0.08901187851102298,0.29091037129338315,0.3596102580163724,0.8090614886731392,1545,0.7842278344875655,0.1965325834286408,0.4809061488673139,0.8200919017155106,0.14718322665741587,0.36699029126213595
fut_rates/US10,3,2003-01-30..2008-05-15,2008-05-15..2013-08-29,6,30,0.7271084509416565,0.5133007024908932,1.1360143180317126,0.8295780861247701,0.613818700343248,0.9798799312596703,1.0322395803203126,0.1715210355987055,1545,0.1965325834286408,0.45002953855492717,0.1087378640776699,0.14718322665741587,0.7011974835083103,0.3533980582524272
fut_rates/US10,4,2008-05-15..2013-08-29,2013-08-29..2018-12-13,102,264,1.1360143180317126,0.06836574425397172,0.5748576993652212,0.13939786196597276,-0.004523446928006653,0.25559132395971046,0.32888219336294466,0.3870550161812298,1545,0.45002953855492717,0.24844531866819333,0.7333333333333333,0.7011974835083103,0.2523457379774303,0.7443365695792881
fut_rates/US10,5,2013-08-29..2018-12-13,2018-12-13..2024-03-28,14,96,0.5748576993652212,0.2892893480034348,0.6815726338459943,0.17615114742460725,0.09719228445610623,0.27425035489641747,0.38487900134156433,0.7766990291262136,1545,0.24844531866819333,0.352981879922901,0.856957928802589,0.2523457379774303,0.26953124040921433,0.7398058252427184
fut_rates/US20,1,1993-06-21..1998-08-07,1998-08-07..2003-09-23,22,234,1.0616679616384617,0.2101103839190104,0.7476429834663708,0.4033956500969147,0.28455051674235693,0.6489477932936112,0.681250431874863,0.07961165048543689,1545,0.8895246713022218,0.3035255080734479,0.3061488673139159,0.7870431660162602,0.3340577462409573,0.3831715210355987
fut_rates/US20,2,1998-08-07..2003-09-23,2003-09-23..2008-11-08,42,372,0.7476429834663708,0.12137870129435821,0.39684349551175124,0.09146437194532728,0.011941654638839595,0.18509469386563013,0.2651177478344324,0.5889967637540453,1545,0.3035255080734479,0.2318978250352415,0.8407766990291262,0.3340577462409573,0.09596229563278559,0.515210355987055
fut_rates/US20,3,2003-09-23..2008-11-08,2008-11-08..2013-12-25,98,210,0.39684349551175124,0.3897114012842086,0.8154614764822021,0.4669045373242516,0.3568234697580382,0.5914626385526528,0.651647504833076,0.34110032362459547,1545,0.2318978250352415,0.38023323184801605,0.31909385113268607,0.09596229563278559,0.37774194281194384,0.3145631067961165
fut_rates/US20,4,2008-11-08..2013-12-25,2013-12-25..2019-02-10,14,360,0.8154614764822021,0.11262099053436732,0.6809589005287314,-0.01644744774171196,-0.15969972243488512,0.13702493764225965,0.28638436542831053,0.7087378640776699,1545,0.38023323184801605,0.255174016569383,0.8750809061488674,0.37774194281194384,0.2184235109354446,0.8453074433656957
fut_rates/US20,5,2013-12-25..2019-02-10,2019-02-10..2024-03-28,18,48,0.6809589005287314,0.1478775094307413,0.46365474418347774,0.006142647184931107,-0.2776256502791539,0.11664684372092894,0.1893402769460952,0.8135922330097087,1545,0.255174016569383,0.12345371901699254,0.7676375404530744,0.2184235109354446,0.17857567187549597,0.8763754045307444
fx_futures/AUD,1,1987-06-16..1993-08-02,1993-08-02..1999-09-19,6,120,0.8824717807349048,0.1076393781694426,0.6042938875072318,0.04018043691182556,-0.11897375685358667,0.18585055040607326,0.31207408233159695,0.6135922330097088,1545,0.6522151719054766,0.26170023813060234,0.8433656957928802,0.7030425762629308,0.3696919090989807,0.9391585760517799
fx_futures/AUD,2,1993-08-02..1999-09-19,1999-09-19..2005-11-05,62,96,0.6042938875072318,0.7142547274291806,1.207895579218369,1.100672504079874,0.9641176926904916,1.134290423959956,1.15857650737953,0.15145631067961166,1545,0.26170023813060234,0.9824786616254931,0.26019417475728157,0.3696919090989807,0.9445942234202835,0.2407766990291262
fx_futures/AUD,3,1999-09-19..2005-11-05,2005-11-05..2011-12-23,22,390,1.207895579218369,0.7624851645406133,1.0299587121840232,0.801228760885983,0.689470312537664,0.851921188432661,0.8943728027962622,0.3598705501618123,1545,0.9824786616254931,0.6628319111138722,0.22006472491909385,0.9445942234202835,0.6651406481629625,0.22200647249190938
fx_futures/AUD,4,2005-11-05..2011-12-23,2011-12-23..2018-02-08,2,96,1.0299587121840232,-0.23557141971548246,0.26629663825636507,-0.4819708349172592,-0.6495058120038074,-0.36788847545106707,-0.22183248196809863,0.8906148867313916,1545,0.6628319111138722,-0.3909232057140353,0.7035598705501618,0.6651406481629625,-0.45787867012591715,0.544336569579288
fx_futures/AUD,5,2011-12-23..2018-02-08,2018-02-08..2024-03-28,2,36,0.26629663825636507,-0.31742473712593505,0.2942983745140186,-0.21109120998449887,-0.30754197352944895,-0.05200295561745059,0.06485097291452604,0.23106796116504855,1545,-0.3909232057140353,-0.5490873461497736,0.012944983818770227,-0.45787867012591715,-0.5401375209933502,0.016828478964401296
fx_futures/CAD,1,1972-09-14..1981-04-17,1981-04-17..1989-11-18,2,18,0.5197963511400269,0.38257367946428855,1.0238064773352649,0.9006715099312549,0.7896375531174376,0.9649188296658278,0.9931467001542686,0.020711974110032363,1545,-0.2619041225727777,0.8284923406704684,0.3307443365695793,-0.28134631766115387,0.8242137030165952,0.32362459546925565
fx_futures/CAD,2,1981-04-17..1989-11-18,1989-11-18..1998-06-21,58,384,1.0238064773352649,-0.4873970940779961,0.1590735087629799,-0.22094057869797518,-0.3643232975633926,-0.07715293079324566,0.0010629153298562302,0.07831715210355987,1545,0.8284923406704684,-0.32726328980846736,0.3132686084142395,0.8242137030165952,-0.26040553087256213,0.4388349514563107
fx_futures/CAD,3,1989-11-18..1998-06-21,1998-06-21..2007-01-22,14,126,0.1590735087629799,0.3744668040656826,0.7076555309660932,0.5562344078332493,0.4993308668844143,0.6017194815016729,0.6361933520629559,0.10550161812297734,1545,-0.32726328980846736,0.5804896629244146,0.6161812297734628,-0.26040553087256213,0.5944145325300398,0.7003236245954693
fx_futures/CAD,4,1998-06-21..2007-01-22,2007-01-22..2015-08-25,18,366,0.7076555309660932,-0.01043977538939643,0.20864610831080085,-0.07421524871461946,-0.13652563457142985,-0.00213324817432497,0.08049790669534412,0.7236245954692556,1545,0.5804896629244146,0.15199264987598515,0.9786407766990292,0.5944145325300398,0.18445443182284874,0.996116504854369
fx_futures/CAD,5,2007-01-22..2015-08-25,2015-08-25..2024-03-28,70,108,0.20864610831080085,-0.3007997732867689,0.05632185306524598,-0.3268176544608149,-0.405326012042291,-0.24873103214749678,-0.18056623569968033,0.5818770226537217,1545,0.15199264987598515,-0.436392496810054,0.1786407766990291,0.18445443182284874,-0.4080587065964527,0.24142394822006472
fx_futures/CHF,1,1972-09-14..1981-04-17,1981-04-17..1989-11-18,6,18,0.9353189273055615,0.149824842245715,0.7059487917567023,0.5121896417401832,0.4439077749722882,0.5908049476360748,0.6359962814179615,0.0006472491909385113,1545,0.43094279345404785,0.45915092646607536,0.3106796116504854,0.38843912363613514,0.547592358710288,0.6420711974110033
fx_futures/CHF,2,1981-04-17..1989-11-18,1989-11-18..1998-06-21,22,252,0.7059487917567023,-0.12958659937167766,0.4714856547401541,-0.03963996057211661,-0.13435725301676615,0.07865720545887184,0.16514063768134435,0.25954692556634307,1545,0.45915092646607536,0.0706970306168994,0.7281553398058253,0.547592358710288,0.11276288563836935,0.8187702265372169
fx_futures/CHF,3,1989-11-18..1998-06-21,1998-06-21..2007-01-22,10,36,0.4714856547401541,-0.1524187934539988,0.4013164883670274,0.19778635008971604,0.0629938674310831,0.29190987148674435,0.33902441681654627,0.05436893203883495,1545,0.0706970306168994,-0.013587765391988534,0.1715210355987055,0.11276288563836935,-0.02998752187633635,0.14822006472491908
fx_futures/CHF,4,1998-06-21..2007-01-22,2007-01-22..2015-08-25,74,390,0.4013164883670274,-0.012439670247558618,0.30037515137046905,0.0415461085822585,-0.08265193693904156,0.12444746236980349,0.17395664552125134,0.3896440129449838,1545,-0.013587765391988534,0.18402670806197066,0.9320388349514563,-0.02998752187633635,0.18061562851522459,0.9236245954692557
fx_futures/CHF,5,2007-01-22..2015-08-25,2015-08-25..2024-03-28,98,156,0.30037515137046905,-0.5615058378053197,-0.2340162629252596,-0.5292319383471767,-0.5921881743387216,-0.4603377762980362,-0.3948874741592356,0.37152103559870553,1545,0.18402670806197066,-0.641514454672041,0.14498381877022654,0.18061562851522459,-0.5723526381525292,0.3294498381877023
fx_futures/CLP,1,2014-12-31..2016-07-15,2016-07-15..2018-01-29,62,396,1.2010295277776049,0.6719014099883506,1.008030770324278,0.763076923251636,0.6623229830644722,0.8474090677894817,0.8996918201039508,0.2789644012944984,1545,0.6537803649320014,0.8429600723849434,0.7365695792880259,0.537802970724896,0.6710185666216748,0.2757281553398058
fx_futures/CLP,2,2016-07-15..2018-01-29,2018-01-29..2019-08-14,114,180,1.008030770324278,,-0.6220124862025646,-1.4372650305526866,-1.743904242481422,-1.249350038974115,-1.0267710089870088,,1545,0.8429600723849434,,,0.6710185666216748,,
fx_futures/CLP,3,2018-01-29..2019-08-14,2019-08-14..2021-02-27,26,114,-0.6220124862025646,-0.018225916220698163,0.9186150741818705,0.2989756402098762,0.059679720523774446,0.5506032200993438,0.7131628978402723,0.1417910447761194,268,,,,,,
fx_futures/CLP,4,2019-08-14..2021-02-27,2021-02-27..2022-09-12,110,216,1.0336235462403816,,-0.17697388101943012,-1.0815757111254172,-1.406612719917442,-0.7799715865346296,-0.5852287404410869,,1545,0.6647578136996454,-1.4828305008980596,0.22005988023952097,0.6206863526450693,-1.61603709461947,0.1347305389221557
fx_futures/CLP,5,2021-02-27..2022-09-12,2022-09-12..2024-03-28,30,48,-0.17697388101943012,0.5734277884738109,0.7787201930401058,-0.6203119432521189,-0.91249914282462,-0.35308879775245516,0.1895170716719826,0.9745508982035929,668,-1.4828305008980596,-0.606601249376507,0.5479041916167665,-1.61603709461947,-0.15419874825063712,0.8383233532934131
fx_futures/CNH,1,2013-05-07..2015-03-01,2015-03-01..2016-12-23,14,30,0.9043264478268633,0.7061495153403103,1.3956780387310466,0.4603123869359658,0.27629911631102394,0.667880932454573,0.7843357937950398,0.8116504854368932,1545,-1.0245283712581847,0.35886635035276593,0.3766990291262136,-1.1412013634991673,0.2019757529922587,0.20776699029126214
fx_futures/CNH,2,2015-03-01..2016-12-23,2016-12-23..2018-10-17,6,174,1.3956780387310466,1.7179252973551788,2.0625209046284825,0.7499239204178622,0.4957075098755441,1.2416821606460342,1.6639204838718973,0.9073233959818535,1545,0.35886635035276593,1.1895116673247856,0.7252106286454958,0.2019757529922587,1.3476634998883028,0.8165910563836681
fx_futures/CNH,3,2016-12-23..2018-10-17,2018-10-17..2020-08-10,26,72,2.0625209046284825,0.041081544075158585,0.7265827048439532,-0.6419002929281433,-0.7852750596864052,-0.4172674215881422,-0.19632210464954006,0.9384316267012314,1543,1.1895116673247856,-0.5536317696051732,0.6344782890473104,1.3476634998883028,-0.6419374130418682,0.4983797796500324
fx_futures/CNH,4,2018-10-17..2020-08-10,2020-08-10..2022-06-04,14,30,0.7265827048439532,0.4194815909379387,0.8611579272435337,-0.21187973985311198,-0.7250499250142216,0.09017418350290755,0.36930326611466385,0.9042448173741362,1545,-0.5536317696051732,-0.20383716152008988,0.5508390918065152,-0.6419374130418682,-0.38010237826604465,0.46100691016781836
fx_futures/CNH,5,2020-08-10..2022-06-04,2022-06-04..2024-03-29,2,138,0.8611579272435337,0.7401506505080249,1.941214784620455,1.048888820760452,0.7714064141592458,1.4599376672126054,1.833495597545099,0.22902270483711748,1013,-0.20383716152008988,0.7449100965706165,0.23099703849950642,-0.38010237826604465,0.05780877549557411,0.022704837117472853
fx_futures/CZK,1,2004-09-13..2007-12-16,2007-12-16..2011-03-19,2,396,1.697254042837194,-0.09294462163799708,0.7866686665294411,-0.006070611808219044,-0.15623578214613493,0.1685383859514348,0.3269682104958755,0.3423948220064725,1545,0.8916422831175259,-0.12672550140869943,0.28996763754045307,0.8345657820552285,0.15474163184877837,0.7352750809061489
fx_futures/CZK,2,2007-12-16..2011-03-19,2011-03-19..2014-06-21,2,48,0.7866686665294411,-0.6333568394762679,-0.42122926304931757,-0.8994650737670435,-1.0074130126805028,-0.7883324223021242,-0.7012498598736039,0.96484375,1545,-0.12672550140869943,-0.5410839844000573,0.990234375,0.15474163184877837,-0.5952171241191822,0.9811197916666666
fx_futures/CZK,3,2011-03-19..2014-06-21,2014-06-21..2017-09-22,50,132,-0.42122926304931757,0.28660477200014023,1.3858858126478046,0.6622338867144624,0.32109539357352124,0.9973324947207161,1.143510808763749,0.23046875,1536,-0.5410839844000573,0.32091156812401583,0.24934895833333334,-0.5952171241191822,0.24736059212343642,0.20963541666666666
fx_futures/CZK,4,2014-06-21..2017-09-22,2017-09-22..2020-12-24,10,396,1.3858858126478046,-0.11636152471705448,1.2863378918606299,0.25668550949721763,-0.06781546051611649,0.36027272638720226,0.4239714781474915,0.22330097087378642,1545,0.32091156812401583,-0.4012719174305166,0.08478964401294499,0.24736059212343642,-0.5156906146938667,0.05048543689320388
fx_futures/CZK,5,2017-09-22..2020-12-24,2020-12-24..2024-03-28,114,396,1.2863378918606299,-0.34571122962303136,0.31129230818875153,-0.36911153948237635,-0.48713207450390006,-0.23137787491235098,0.031875000504094864,0.5566343042071198,1545,-0.4012719174305166,-0.4337920664160928,0.3482200647249191,-0.5156906146938667,-0.5184736675479553,0.1831715210355987
fx_futures/EUR,1,1999-06-15..2003-08-01,2003-08-01..2007-09-18,30,396,1.4009614024800428,-0.05318633141883369,0.7455930593474088,0.2510168590318231,0.01876170114305252,0.3679000641431957,0.4995470021600454,0.1779935275080906,1545,0.6228900538931829,0.20858665521958594,0.42006472491909386,0.6062573939883128,0.24857769164032828,0.49385113268608416
fx_futures/EUR,2,2003-08-01..2007-09-18,2007-09-18..2011-11-05,34,66,0.7455930593474088,0.14713823948013954,0.38760762412651534,-0.3754799751102802,-0.5570796549581156,-0.24242192503649299,-0.08213701732382804,0.9773462783171522,1545,0.20858665521958594,-0.37914848054112366,0.4925566343042071,0.24857769164032828,-0.518902508349048,0.29255663430420714
fx_futures/EUR,3,2007-09-18..2011-11-05,2011-11-05..2015-12-23,2,36,0.38760762412651534,-0.31853081264609334,0.13592158832433257,-0.3327645887638542,-0.4888361344764042,-0.1972398092231456,-0.06482646262333913,0.5365695792880258,1545,-0.37914848054112366,-0.07147237801823737,0.8925566343042072,-0.518902508349048,-0.13929019537828424,0.8213592233009709
fx_futures/EUR,4,2011-11-05..2015-12-23,2015-12-23..2020-02-09,90,138,0.13592158832433257,-0.02848532085181252,0.5430706209674614,0.07661729121179756,-0.01849770031292226,0.18555612491074727,0.3092847097031749,0.22718446601941747,1545,-0.07147237801823737,0.10482322826979613,0.5598705501618123,-0.13929019537828424,-0.013864094390741962,0.2634304207119741
fx_futures/EUR,5,2015-12-23..2020-02-09,2020-02-09..2024-03-28,6,210,0.5430706209674614,-0.97474227109756,0.43560048650080146,-0.696624024596532,-1.1219693164483289,-0.3650948352676587,-0.15555484133200817,0.3132686084142395,1545,0.10482322826979613,-0.21587733357267788,0.8692556634304207,-0.013864094390741962,-0.2528878256919184,0.8427184466019417
fx_futures/GBP,1,1975-12-16..1984-01-02,1984-01-02..1992-01-19,2,180,1.012318618464863,0.8998567869766944,1.0769699348290775,0.7910944439177364,0.6816539525919846,0.8435237328379408,0.8823521126634905,0.9378640776699029,1545,0.8017136845354921,0.8871891022066539,0.911326860841424,0.7978578593787101,0.8820079657507639,0.8983818770226537
fx_futures/GBP,2,1984-01-02..1992-01-19,1992-01-19..2000-02-05,2,18,1.0769699348290775,-0.3406399297003774,0.15943134521984512,-0.007509741429622128,-0.3408678815442927,0.058690287823744455,0.10153688182794929,0.2504854368932039,1545,0.8871891022066539,-0.36779281114313556,0.2174757281553398,0.8820079657507639,-0.3345064477080087,0.2550161812297735
fx_futures/GBP,3,1992-01-19..2000-02-05,2000-02-05..2008-02-22,98,210,0.15943134521984512,0.719175272878782,0.8545921605426908,0.7311555238805052,0.6684430319156679,0.762586159922638,0.7952197582584907,0.4368932038834951,1545,-0.36779281114313556,0.8239781068536401,0.9889967637540453,-0.3345064477080087,0.8006573105181918,0.9249190938511327
fx_futures/GBP,4,2000-02-05..2008-02-22,2008-02-22..2016-03-10,2,234,0.8545921605426908,-0.3590807175386138,0.26276731207616727,-0.5209819086884722,-0.7077223425931112,-0.306415560083752,-0.1601600388637521,0.684789644012945,1545,0.8239781068536401,-0.17603463441981815,0.884789644012945,0.8006573105181918,-0.2229675622656455,0.8362459546925566
fx_futures/GBP,5,2008-02-22..2016-03-10,2016-03-10..2024-03-28,6,72,0.26276731207616727,-0.04779036398565209,0.3329680645864029,-0.2606952208846745,-0.4230022632563517,-0.14135271496553323,0.009164323771285322,0.8601941747572815,1545,-0.17603463441981815,-0.007540143128514983,0.8906148867313916,-0.2229675622656455,-0.13102314121314312,0.7676375404530744
fx_futures/INR,1,2015-11-09..2017-04-02,2017-04-02..2018-08-25,46,96,1.5694353732973203,-0.106636733289451,0.057480065310547675,-0.5445447075947834,-0.6822253399981512,-0.39546141505711724,-0.2999993915548864,0.9935275080906149,1545,1.3924677677824968,-0.39546141505711724,0.7242718446601941,1.3924677677824968,-0.39546141505711724,0.7242718446601941
fx_futures/INR,2,2017-04-02..2018-08-25,2018-08-25..2020-01-18,50,84,0.057480065310547675,0.319487441275335,0.8244650318422081,0.8243536778312044,0.6826389756212706,0.8243536778312044,0.8243536778312044,0.05760517799352751,1545,-0.39546141505711724,0.8243536778312044,0.27055016181229774,-0.39546141505711724,0.8243536778312044,0.27055016181229774
fx_futures/INR,3,2018-08-25..2020-01-18,2020-01-18..2021-06-11,6,186,0.8244650318422081,0.7700009937793088,1.3757975388425532,0.8626552556983429,0.7825039294928425,1.0384689086731003,1.1959801040634068,0.20258899676375405,1545,0.8243536778312044,1.2444793772579026,0.9766990291262136,0.8243536778312044,1.1604096808328208,0.8485436893203884
fx_futures/INR,4,2020-01-18..2021-06-11,2021-06-11..2022-11-03,38,102,1.3757975388425532,-1.3562072180853002,-0.643493284837749,-1.2105456438607998,-1.3260442395999548,-1.0387609959167017,-0.8593591549252121,0.19870550161812298,1545,1.2444793772579026,-1.039292715445124,0.7417475728155339,1.1604096808328208,-1.0903586488468784,0.6576051779935275
fx_futures/INR,5,2021-06-11..2022-11-03,2022-11-03..2024-03-28,106,390,-0.643493284837749,0.06354049603005194,0.21252591791546285,-0.19045940032548875,-0.3739122260979178,0.06354049603005194,0.06354049603005194,0.7456310679611651,1545,-1.039292715445124,-0.23301083874153827,0.43106796116504853,-1.0903586488468784,-0.1221309007899239,0.6226537216828479
fx_futures/JPY,1,1977-06-14..1985-04-01,1985-04-01..1993-01-17,6,48,0.709137847020582,0.9132255104355234,1.1185183129449778,0.42009154919025515,0.2549792181635624,0.602591041993457,0.7582300414317628,0.9559870550161812,1545,0.1809100157959372,0.5987573661126789,0.7391585760517799,0.1018439911677005,0.6086440211695474,0.7650485436893204
fx_futures/JPY,2,1985-04-01..1993-01-17,1993-01-17..2000-11-04,26,60,1.1185183129449778,0.29010550142495084,0.387282244693613,-0.1201861647182978,-0.22975515989459103,-0.032717573477686,0.03840228116991961,0.9825242718446602,1545,0.5987573661126789,-0.37784194079201655,0.025889967637540454,0.6086440211695474,-0.3750186067365424,0.027831715210355986
fx_futures/JPY,3,1993-01-17..2000-11-04,2000-11-04..2008-08-22,6,78,0.387282244693613,-0.20155944173775503,0.13167507631446554,-0.10482479257526728,-0.18415437189866515,-0.033542276116779755,0.021935932742530747,0.20323624595469256,1545,-0.37784194079201655,-0.034669772620795125,0.7469255663430421,-0.3750186067365424,0.042287439229417204,0.9508090614886732
fx_futures/JPY,4,2000-11-04..2008-08-22,2008-08-22..2016-06-09,26,78,0.13167507631446554,-0.12010793212452313,0.4946538670350537,0.2184726902666289,0.14963691200548743,0.29800117355421174,0.3659214858311579,0.05307443365695793,1545,-0.034669772620795125,0.21470924351001738,0.4796116504854369,0.042287439229417204,0.2843158430133312,0.7132686084142394
fx_futures/JPY,5,2008-08-22..2016-06-09,2016-06-09..2024-03-28,78,156,0.4946538670350537,-0.6723177258112273,-0.17351431261916306,-0.7354347092962872,-0.824827158574682,-0.6080480464276494,-0.47151628079588365,0.6220064724919094,1545,0.21470924351001738,-1.0056567824719187,0.03171521035598705,0.2843158430133312,-0.9710114374878899,0.05889967637540453
fx_futures/NOK,1,2002-06-14..2006-01-30,2006-01-30..2009-09-17,62,300,0.6269856518366926,0.2977797088425348,0.8161097516788252,0.4275692439676499,0.22352538055778892,0.5557660035724497,0.6415962080097037,0.31585760517799355,1545,0.1520167490600587,0.4514782398904611,0.540453074433657,0.13188120131613426,0.2713738004695226,0.29514563106796116
fx_futures/NOK,2,2006-01-30..2009-09-17,2009-09-17..2013-05-06,6,240,0.8161097516788252,-0.18766927772305375,0.3582411587544977,-0.19128004628955383,-0.33700156593472563,-0.05989677832380816,0.0175709814173701,0.510032362459547,1545,0.4514782398904611,-0.04560300058904753,0.7747572815533981,0.2713738004695226,-0.12242826090942177,0.6233009708737864
fx_futures/NOK,3,2009-09-17..2013-05-06,2013-05-06..2016-12-22,2,6,0.3582411587544977,-0.8093771787975611,-0.055178627967461286,-0.8748983318584813,-1.0858782888940515,-0.6780307428001228,-0.5830467997469572,0.5747960108794198,1545,-0.04560300058904753,-0.5523730843567755,0.9419764279238441,-0.12242826090942177,-0.5797685844840004,0.9048050770625566
fx_futures/NOK,4,2013-05-06..2016-12-22,2016-12-22..2020-08-09,118,282,-0.055178627967461286,-0.8577293276013105,0.5475781072703332,-0.19028349295344107,-0.3857444568866202,0.01559322281644358,0.12916004544517323,0.013599274705349048,1103,-0.5523730843567755,0.04468751509333043,0.7887579329102448,-0.5797685844840004,-0.024195569047766277,0.7107887579329103
fx_futures/NOK,5,2016-12-22..2020-08-09,2020-08-09..2024-03-28,14,24,0.5475781072703332,-0.2779205419721747,0.7072919230240212,-0.9323515986509717,-1.1563180604117709,-0.74127895073409,-0.5159472964954418,0.9592566118656183,1545,0.04468751509333043,-0.9056342649424076,0.536097212294496,-0.024195569047766277,-0.6805527381580145,0.7948534667619729
fx_futures/NZD,1,2003-03-11..2006-09-12,2006-09-12..2010-03-16,22,54,0.9898280772893859,0.6522671688786492,1.0712612031258724,0.38139687332522043,0.10138818505537131,0.5967389424573647,0.7441815698669245,0.8019417475728156,1545,0.5567489889725098,0.684937537918886,0.8355987055016181,0.6347901082220874,0.701038954796386,0.8491909385113269
fx_futures/NZD,2,2006-09-12..2010-03-16,2010-03-16..2013-09-18,2,96,1.0712612031258724,0.09471474756524928,0.6602049706696316,0.07755399321077673,-0.0709504376064374,0.25640502872998516,0.3854796038211648,0.5242718446601942,1545,0.684937537918886,0.07908299058243871,0.5042071197411003,0.701038954796386,0.033028550545959594,0.4181229773462783
fx_futures/NZD,3,2010-03-16..2013-09-18,2013-09-18..2017-03-22,70,390,0.6602049706696316,-0.14060114833641663,0.3441294205375068,-0.1229250378018826,-0.25578089542013566,0.029257050286104768,0.11063845801361243,0.44401294498381877,1545,0.07908299058243871,-0.09585886411404025,0.5469255663430421,0.033028550545959594,-0.04856712340073919,0.5935275080906149
fx_futures/NZD,4,2013-09-18..2017-03-22,2017-03-22..2020-09-23,26,240,0.3441294205375068,-0.7449309274826148,0.47140005566553184,-0.44634223780449805,-0.7076784704749401,-0.08202794843417024,0.11365262240486759,0.22071197411003235,1545,-0.09585886411404025,-0.7893619825083853,0.1818770226537217,-0.04856712340073919,-0.8519065444396039,0.13203883495145632
fx_futures/NZD,5,2017-03-22..2020-09-23,2020-09-23..2024-03-28,106,294,0.47140005566553184,,0.9485982037851883,-1.3338609055848587,-1.5711247336627758,-1.0230285608057583,-0.7566967487728717,,1545,-0.7893619825083853,-1.568175218977564,0.2517543859649123,-0.8519065444396039,-1.8873396252185217,0.07543859649122807
fx_futures/PLN,1,2004-09-08..2007-12-12,2007-12-12..2011-03-16,6,396,1.7044500891985448,-1.1067724612948229,0.6060141716867393,-0.4575868070291294,-0.6637947770426529,-0.27064890936014024,-0.0035392087369714156,0.02459546925566343,1545,0.4958092339380625,-0.507688695175145,0.4446601941747573,0.45108132553244856,-0.335384157283415,0.6679611650485436
fx_futures/PLN,2,2007-12-12..2011-03-16,2011-03-16..2014-06-18,18,30,0.6060141716867393,-0.2149053949178037,0.5894928493017448,0.19293286315443284,0.012583909230559744,0.4053813631431371,0.4750340240451016,0.06537216828478964,1545,-0.507688695175145,-0.17620526437210443,0.08673139158576051,-0.335384157283415,-0.23611753895774298,0.05436893203883495
fx_futures/PLN,3,2011-03-16..2014-06-18,2014-06-18..2017-09-20,74,354,0.5894928493017448,0.859477570848235,1.1567307753390894,0.4987123006013688,0.19617955808623547,0.6472785645360396,0.8321622458935495,0.919093851132686,1545,-0.17620526437210443,0.45352231950680594,0.4090614886731392,-0.23611753895774298,0.4876997676722754,0.4802588996763754
fx_futures/PLN,4,2014-06-18..2017-09-20,2017-09-20..2020-12-23,54,372,1.1567307753390894,-0.21742665207722242,0.6113601297901652,0.0288965065572575,-0.21905993761582804,0.14272432152841757,0.23563283765552173,0.2517799352750809,1545,0.45352231950680594,0.3027914715902615,0.9333333333333333,0.4876997676722754,0.2852963691991375,0.920388349514563
fx_futures/PLN,5,2017-09-20..2020-12-23,2020-12-23..2024-03-28,94,396,0.6113601297901652,0.4857111083376262,0.7718698666529918,0.5468395903318806,0.45068542029019987,0.5999071868038482,0.6516483011343239,0.3067961165048544,1545,0.3027914715902615,0.4057830850768219,0.17216828478964402,0.2852963691991375,0.42953090189635973,0.21359223300970873
fx_futures/SEK,1,2002-06-14..2006-01-30,2006-01-30..2009-09-17,18,30,0.9970009993672191,0.16134737547798353,0.8608127428347981,0.2854042406439555,0.042167097398951706,0.4853721104371369,0.6254981226713313,0.35016181229773463,1545,0.7674713769834762,0.7091300381613814,0.9644012944983819,0.7866000989460319,0.5692205203795183,0.8485436893203884
fx_futures/SEK,2,2006-01-30..2009-09-17,2009-09-17..2013-05-06,38,174,0.8608127428347981,0.1754588598986679,0.48563678590089904,-0.056545976307413516,-0.34762594632912436,0.08278604892651825,0.20800641193887753,0.8744336569579289,1545,0.7091300381613814,0.1768689520017465,0.8757281553398059,0.5692205203795183,0.10898844243103487,0.7961165048543689
fx_futures/SEK,3,2009-09-17..2013-05-06,2013-05-06..2016-12-22,22,168,0.48563678590089904,-0.6145052748552176,0.6846084682445666,-0.7253259940496928,-0.9287672778970657,-0.535204200225099,-0.41557702145903525,0.6413427561837456,1545,0.1768689520017465,-0.33202527235500906,0.9399293286219081,0.10898844243103487,-0.4839593706300651,0.8286219081272085
fx_futures/SEK,4,2013-05-06..2016-12-22,2016-12-22..2020-08-09,106,282,0.6846084682445666,-1.2557918077383372,1.1864215798796482,0.17786529153668984,-0.031233815599938965,0.41764171109049864,0.5938838696600307,0.0,1132,-0.33202527235500906,-0.07818821175223628,0.20848056537102475,-0.4839593706300651,0.07797774125761137,0.37720848056537104
fx_futures/SEK,5,2016-12-22..2020-08-09,2020-08-09..2024-03-28,30,366,1.3768865110206228,-0.8179659186967551,0.5815700744478565,-0.8612461267855379,-1.0670914825017161,-0.6643395927772318,-0.5119429018276169,0.5502958579881657,1535,-0.07818821175223628,-0.9693292436624285,0.36855452240067627,0.07797774125761137,-1.0637697870406402,0.25528317836010145
fx_futures/ZAR,1,1997-06-10..2001-11-27,2001-11-27..2006-05-16,6,204,0.32001256959486873,0.5333159614519134,1.19565824277529,0.44093429281614077,0.25813104406619786,0.5785641767457971,0.7266718704021428,0.6731391585760518,1545,0.009733395636080434,0.8127047076017309,0.9533980582524272,-0.14606833424767998,0.8508420819572723,0.9689320388349515
fx_futures/ZAR,2,2001-11-27..2006-05-16,2006-05-16..2010-11-03,38,66,1.19565824277529,0.5880215601818793,0.8855397624008051,0.5156406806390469,0.41063164809204317,0.595605469286647,0.6817276133599597,0.7326860841423948,1545,0.8127047076017309,0.39689774223448443,0.20388349514563106,0.8508420819572723,0.5154192067703669,0.49838187702265374
fx_futures/ZAR,3,2006-05-16..2010-11-03,2010-11-03..2015-04-22,6,384,0.8855397624008051,,-0.07369481276773023,-0.8060115101811869,-1.079363325573364,-0.6290807378026657,-0.48778505741800593,,1545,0.39689774223448443,-0.6054813277934926,0.7752941176470588,0.5154192067703669,-0.5521963895149061,0.8552941176470589
fx_futures/ZAR,4,2010-11-03..2015-04-22,2015-04-22..2019-10-09,14,348,-0.07369481276773023,-0.2206213771809958,0.5531494068413938,0.054194027944576076,-0.04113902107418856,0.13660606987424484,0.20218184143978293,0.00823529411764706,850,-0.6054813277934926,-0.18369691515636108,0.02,-0.5521963895149061,-0.2025074511635543,0.01411764705882353
fx_futures/ZAR,5,2015-04-22..2019-10-09,2019-10-09..2024-03-28,2,6,0.5531494068413938,-0.1940618309505269,0.34881954951106847,-0.008065984306040663,-0.1991262770086137,0.14524129902356314,0.19898058103128108,0.2543689320388349,1545,-0.18369691515636108,-0.2981479768855168,0.15922330097087378,-0.2025074511635543,0.06242139008388766,0.5715210355987055
index/^DJI,1,2008-12-31..2010-09-09,2010-09-09..2012-05-19,6,12,1.282409893055255,0.27694468869022426,0.7538990217541008,-0.5174614733442974,-0.7275743396181599,-0.2956177125134832,-0.01536114416338779,0.9773462783171522,1545,0.20740543624596067,-0.38945792618163777,0.6828478964401294,0.6207343424117918,-0.13786471240218612,0.7993527508090615
index/^DJI,2,2010-09-09..2012-05-19,2012-05-19..2014-01-26,2,54,0.7538990217541008,0.9147103947736515,1.8473709276149837,1.6059525564674226,1.6059525564674226,1.6059525564674226,1.6059525564674226,0.06019417475728155,1545,-0.38945792618163777,1.6724678467730865,0.9495145631067962,-0.13786471240218612,1.7351353273085581,0.9598705501618123
index/^DJI,3,2012-05-19..2014-01-26,2014-01-26..2015-10-06,38,126,1.8473709276149837,0.31375052794277036,0.5730816540414825,-0.27091859575321325,-0.3814643232157373,-0.14008762499677288,0.14498419138627716,0.9741100323624595,1545,1.6724678467730865,0.4796267780775814,0.9935275080906149,1.7351353273085581,0.4806678347126955,0.9948220064724919
index/^DJI,4,2014-01-26..2015-10-06,2015-10-06..2017-06-14,54,132,0.5730816540414825,1.6981084191015317,2.143366490250132,1.966193638917092,1.966193638917092,1.966193638917092,1.966193638917092,0.1087378640776699,1545,0.4796267780775814,1.680997836221887,0.09061488673139159,0.4806678347126955,1.6981084191015317,0.1087378640776699
index/^DJI,5,2015-10-06..2017-06-14,2017-06-14..2019-02-22,10,156,2.143366490250132,-0.6689508520917374,1.5559830363733338,0.16526390778241848,-0.08301411089460574,0.5218662493979099,0.5811236633895853,0.018770226537216828,1545,1.680997836221887,0.003724390722957841,0.3352750809061489,1.6981084191015317,0.029725837196205442,0.3663430420711974
index/^GSPC,1,2008-12-31..2010-09-09,2010-09-09..2012-05-19,10,66,1.2141236181738306,0.07139070306807878,0.7241189849159579,-0.7426176461335768,-0.9732798406601714,-0.5653050545586016,-0.30712440713629463,0.9715210355987055,1545,0.5351203259620941,-0.6267021522105485,0.6666666666666666,0.7647684678398169,-0.7664719569984869,0.459546925566343
index/^GSPC,2,2010-09-09..2012-05-19,2012-05-19..2014-01-26,2,54,0.7241189849159579,0.9940704781517421,2.004964366007612,1.7733598945703855,1.7733598945703855,1.7733598945703855,1.7841654387992207,0.008414239482200648,1545,-0.6267021522105485,1.8971076009607164,0.946925566343042,-0.7664719569984869,1.8860017714106223,0.9307443365695793
index/^GSPC,3,2012-05-19..2014-01-26,2014-01-26..2015-10-06,22,126,2.004964366007612,-0.4419513326179699,0.28903630754466275,-0.1202878625753281,-0.24115252996608827,0.017601577854661658,0.018514592474196342,0.04724919093851133,1545,1.8971076009607164,-0.2289096995255855,0.29255663430420714,1.8860017714106223,-0.1309261872476145,0.4601941747572815
index/^GSPC,4,2014-01-26..2015-10-06,2015-10-06..2017-06-14,78,132,0.28903630754466275,1.488157547005137,1.8198142378122046,1.553322465526885,1.553322465526885,1.553322465526885,1.553322465526885,0.14822006472491908,1545,-0.2289096995255855,1.4778764698681963,0.13009708737864079,-0.1309261872476145,1.488157547005137,0.14822006472491908
index/^GSPC,5,2015-10-06..2017-06-14,2017-06-14..2019-02-22,14,156,1.8198142378122046,-0.3615158647772089,1.5284982761101482,0.042620258806137006,-0.15737093364817106,0.2527304597357317,0.4222376937135455,0.10420711974110032,1545,1.4778764698681963,0.051754884707018424,0.5093851132686085,1.488157547005137,-0.03799919662520137,0.39546925566343044
index/^IXIC,1,2008-12-31..2010-09-09,2010-09-09..2012-05-19,10,60,1.5178441540324874,-0.11524238626466753,0.6921464817172736,-0.5581424667285093,-0.881838858216671,-0.22823382377401036,0.03511730105728857,0.7786407766990291,1545,0.30187275752317666,-0.3608575792474966,0.6770226537216828,0.780726460770419,-0.16851022027306692,0.7631067961165049
index/^IXIC,2,2010-09-09..2012-05-19,2012-05-19..2014-01-26,10,18,0.6921464817172736,1.2579494809617695,2.4567600390433117,2.2628485591578267,2.2628485591578267,2.2628485591578267,2.2628485591578267,0.016181229773462782,1545,-0.3608575792474966,2.379313831258872,0.9605177993527508,-0.16851022027306692,2.266029299151192,0.913915857605178
index/^IXIC,3,2012-05-19..2014-01-26,2014-01-26..2015-10-06,6,150,2.4567600390433117,-0.13693300043601708,0.7102094532802979,0.32247287137667857,0.17067450764867398,0.32247287137667857,0.3831020544948393,0.07055016181229773,1545,2.379313831258872,0.38637328333376175,0.9009708737864077,2.266029299151192,0.565884670300838,0.9799352750809062
index/^IXIC,4,2014-01-26..2015-10-06,2015-10-06..2017-06-14,6,72,0.7102094532802979,1.2618107526681472,2.2686318272554717,1.9035986586367108,1.7494449317274336,1.9035986586367108,1.9035986586367108,0.05825242718446602,1545,0.38637328333376175,1.8241890882626404,0.27119741100323624,0.565884670300838,1.698151862878339,0.21359223300970873
index/^IXIC,5,2015-10-06..2017-06-14,2017-06-14..2019-02-22,26,156,2.2686318272554717,-0.2616121948752051,1.3017608583895033,0.25686500118449107,0.01051827414077009,0.45442272974553954,0.5944762779027073,0.062135922330097085,1545,1.8241890882626404,0.2254067599712818,0.4634304207119741,1.698151862878339,0.20667418749426833,0.4375404530744337
index/^RUT,1,2008-12-31..2010-09-09,2010-09-09..2012-05-19,22,66,1.2257703935912496,-0.39084912089447027,0.4571809664168374,-0.9792298876757335,-1.119369452386149,-0.816673462740704,-0.5811901667369195,0.943042071197411,1545,0.40476478894624224,-0.9280062397352451,0.5825242718446602,0.584828841768248,-1.0458880026588946,0.3579288025889968
index/^RUT,2,2010-09-09..2012-05-19,2012-05-19..2014-01-26,22,36,0.4571809664168374,1.663125105760129,2.2205096800421273,1.7928707709370897,1.7928707709370897,1.7928707709370897,1.8849207967589956,0.0854368932038835,1545,-0.9280062397352451,2.067207646078651,0.9656957928802589,-1.0458880026588946,2.0380002769735714,0.9527508090614887
index/^RUT,3,2012-05-19..2014-01-26,2014-01-26..2015-10-06,30,126,2.2205096800421273,-0.20580256881444509,0.39468080132618205,-0.31544872799311663,-0.5127914274465644,-0.2018532520019198,-0.038693306408240945,0.7430420711974111,1545,2.067207646078651,-0.42059420778568296,0.34757281553398056,2.0380002769735714,-0.3202307312132747,0.49449838187702266
index/^RUT,4,2014-01-26..2015-10-06,2015-10-06..2017-06-14,10,180,0.39468080132618205,1.2862388658350001,1.6551594149623674,1.2862388658350001,1.2353904064774963,1.3186398762044358,1.4212838671905828,0.3644012944983819,1545,-0.42059420778568296,1.2683499536812688,0.31974110032362457,-0.3202307312132747,1.3096722367299702,0.7346278317152104
index/^RUT,5,2015-10-06..2017-06-14,2017-06-14..2019-02-22,14,156,1.6551594149623674,-0.16429587288008646,1.5375174575792707,0.18316972535484516,-0.02158935989902429,0.3722905314861195,0.583611889893625,0.17475728155339806,1545,1.2683499536812688,-0.2993929682502686,0.1372168284789644,1.3096722367299702,-0.20927743482853928,0.14951456310679612
index_pkg/NDX,1,1999-01-04..2002-05-04,2002-05-04..2005-09-02,6,30,0.6438936181586647,0.6026233065878794,1.0464318170577618,0.6019817534710343,0.49299710078905595,0.7397646551183947,0.8685609108784427,0.5009708737864078,1545,0.24664952806845686,0.5973886635113808,0.4906148867313916,0.18393474909480853,0.3909982883500243,0.08478964401294499
index_pkg/NDX,2,2002-05-04..2005-09-02,2005-09-02..2009-01-01,2,234,1.0464318170577618,0.04543357824452991,0.3556801517626751,-0.03302197234953554,-0.14824944965540118,0.07597627204185196,0.1717803003546272,0.6886731391585761,1545,0.5973886635113808,0.11336316110514393,0.8174757281553398,0.3909982883500243,0.09112455863468183,0.7741100323624596
index_pkg/NDX,3,2005-09-02..2009-01-01,2009-01-01..2012-05-02,18,30,0.3556801517626751,0.905272028491216,1.272675352385575,0.6027926915500202,0.4211264533479642,0.7422159115325525,0.8967125392975102,0.9145631067961165,1545,0.11336316110514393,0.5117590204075081,0.3611650485436893,0.09112455863468183,0.7525577328297255,0.7585760517799353
index_pkg/NDX,4,2009-01-01..2012-05-02,2012-05-02..2015-09-01,2,60,1.272675352385575,0.7101163603411621,1.3313834154070747,0.9690467570968412,0.8369656606266551,1.0908776366036301,1.142449029735941,0.12233009708737864,1545,0.5117590204075081,1.1145297824679932,0.8077669902912621,0.7525577328297255,1.1119086596974688,0.8058252427184466
index_pkg/NDX,5,2012-05-02..2015-09-01,2015-09-01..2018-12-31,2,162,1.3313834154070747,0.9928331710099512,1.3804662128610221,0.7934701945178774,0.6627571557554289,0.9997838683082958,1.1078886027272172,0.7417475728155339,1545,1.1145297824679932,1.0565946416542773,0.8336569579288026,1.1119086596974688,1.0162801958590535,0.7734627831715211
index_pkg/SPX,1,1999-01-04..2002-05-04,2002-05-04..2005-09-02,58,198,0.4047419415569449,0.943539410759112,1.1158417805347634,0.8556814628810769,0.7891641243848285,0.9198546275878335,0.9756056235301847,0.8045307443365696,1545,-0.2474126730522409,0.8182799857462868,0.34368932038834954,-0.20849156695293203,0.762751123182472,0.16375404530744336
index_pkg/SPX,2,2002-05-04..2005-09-02,2005-09-02..2009-01-01,30,258,1.1158417805347634,0.3205708414261105,0.5454227210868772,0.06375128033506874,-0.13135354302218186,0.22087588253822638,0.32568295230139693,0.8944983818770227,1545,0.8182799857462868,0.17728000274381425,0.6783171521035599,0.762751123182472,0.13743705358392888,0.5967637540453075
index_pkg/SPX,3,2005-09-02..2009-01-01,2009-01-01..2012-05-02,30,198,0.5454227210868772,0.06867153581947488,1.0712486232256617,0.4555281885038325,0.27612187677312067,0.6015726633947197,0.784285961468593,0.09902912621359224,1545,0.17728000274381425,0.44715847860386493,0.4841423948220065,0.13743705358392888,0.554967654974851,0.6854368932038835
index_pkg/SPX,4,2009-01-01..2012-05-02,2012-05-02..2015-09-01,2,60,1.0712486232256617,0.08445110244873603,1.1332265024750219,0.6902929916065184,0.5626960509465944,0.8275603536735063,0.9428041831485467,0.008414239482200648,1545,0.44715847860386493,0.963282561069713,0.920388349514563,0.554967654974851,0.9694129909056541,0.9378640776699029
index_pkg/SPX,5,2012-05-02..2015-09-01,2015-09-01..2018-12-31,2,162,1.1332265024750219,0.1578469890664312,1.1125819450609455,0.603731871222827,0.45855032351687264,0.7998125825518555,0.9078264967812736,0.020711974110032363,1545,0.963282561069713,0.9553891597347972,0.948220064724919,0.9694129909056541,0.8866931807564966,0.8673139158576052
stock/AAPL,1,2008-12-31..2010-09-09,2010-09-09..2012-05-19,30,48,2.320200153479996,1.1410445808990815,1.6698777561527804,1.5462153219340737,1.5462153219340737,1.5462153219340737,1.5462153219340737,0.09190938511326861,1545,1.8837933031101877,1.419841512532413,0.1773462783171521,2.042186261476907,1.504783208478041,0.21553398058252426
stock/AAPL,2,2010-09-09..2012-05-19,2012-05-19..2014-01-26,2,6,1.6698777561527804,0.8478818661407808,1.7032482459170126,0.9069821788408977,0.8280329001813086,1.070647369389837,1.3841039234474872,0.2809061488673139,1545,1.419841512532413,0.9681434984264576,0.5954692556634305,1.504783208478041,0.21092315010429163,0.06796116504854369
stock/AAPL,3,2012-05-19..2014-01-26,2014-01-26..2015-10-06,2,162,1.7032482459170126,0.8544023621830882,1.9011039907514298,0.5284423830731534,0.5284423830731534,0.5984242161820215,0.9874750203632522,0.8588996763754045,1545,0.9681434984264576,0.49603743465417816,0.1715210355987055,0.21092315010429163,0.49531349934071717,0.16957928802588998
stock/AAPL,4,2014-01-26..2015-10-06,2015-10-06..2017-06-14,38,60,1.9011039907514298,0.8864987242533677,2.380384921070283,1.9430676167447125,1.8225525718369209,2.0120013818512676,2.1238726368429366,0.025889967637540454,1545,0.49603743465417816,1.909729125563913,0.3773462783171521,0.49531349934071717,1.8096972201534385,0.22524271844660193
stock/AAPL,5,2015-10-06..2017-06-14,2017-06-14..2019-02-22,102,174,2.380384921070283,0.2438869472160084,1.3983304416645177,0.23081056948685394,0.1200425633380309,0.5085911167890029,0.658524784911352,0.5197411003236246,1545,1.909729125563913,0.26353543723313744,0.5689320388349515,1.8096972201534385,0.04218289735439458,0.16245954692556636
stock/AXP,1,2008-12-31..2010-09-09,2010-09-09..2012-05-19,26,126,1.5980344164982057,-0.2520336596493195,0.869107539981902,0.5172003260406912,0.21695808336122455,0.5172003260406912,0.5172003260406912,0.08673139158576051,1545,1.0366638887145894,0.30358587151087985,0.2912621359223301,1.4180143912511793,0.42054209985788343,0.3313915857605178
stock/AXP,2,2010-09-09..2012-05-19,2012-05-19..2014-01-26,74,132,0.869107539981902,2.1825016719378434,2.308970635460333,2.0035728460479634,2.0035728460479634,2.0035728460479634,2.1099952187448228,0.9372168284789644,1545,0.30358587151087985,2.2162732649109924,0.9559870550161812,0.42054209985788343,2.1927818290636534,0.940453074433657
stock/AXP,3,2012-05-19..2014-01-26,2014-01-26..2015-10-06,2,150,2.308970635460333,-1.195335953373327,-0.11460188556615972,-1.114535513524021,-1.4028252184445398,-0.7227504057839139,-0.5762763787722248,0.4355987055016181,1545,2.2162732649109924,-0.8659000737401199,0.6783171521035599,2.1927818290636534,-0.6945913450954443,0.801294498381877
stock/AXP,4,2014-01-26..2015-10-06,2015-10-06..2017-06-14,118,222,-0.11460188556615972,1.0384638583750483,1.8280136340886788,1.1526433768092779,0.9303292564572039,1.3052972904820683,1.493738438098317,0.28996763754045307,1545,-0.8659000737401199,0.8712246563318943,0.21877022653721684,-0.6945913450954443,0.8122053415816808,0.1779935275080906
stock/AXP,5,2015-10-06..2017-06-14,2017-06-14..2019-02-22,74,174,1.8280136340886788,1.0099900509810038,1.0221980790008618,1.0099900509810038,0.5027886392544698,1.0099900509810038,1.0099900509810038,0.429126213592233,1545,0.8712246563318943,0.027103618268672712,0.13333333333333333,0.8122053415816808,0.139300327183611,0.15792880258899678
stock/BA,1,2008-12-31..2010-09-09,2010-09-09..2012-05-19,34,132,1.5002610461506851,-0.2511160030714208,0.5992852270363888,-1.1050333093309206,-1.3293818540756455,-0.8874521691731131,-0.2634688234502076,0.9035598705501618,1545,1.350920716281294,-0.8148095940159771,0.7954692556634304,1.5002610461506851,-0.8414665345680173,0.7799352750809061
stock/BA,2,2010-09-09..2012-05-19,2012-05-19..2014-01-26,10,48,0.5992852270363888,1.9620955486996385,3.0155126108242944,3.0155126108242944,3.0155126108242944,3.0155126108242944,3.0155126108242944,0.01423948220064725,1545,-0.8148095940159771,2.786655241366785,0.1831715210355987,-0.8414665345680173,2.7845954859852213,0.15275080906148866
stock/BA,3,2012-05-19..2014-01-26,2014-01-26..2015-10-06,2,162,3.0155126108242944,-0.10394204504951875,0.3746944731902356,-0.10460459861338436,-0.3070101916909361,0.1424933412772724,0.23598037682469042,0.5003236245954693,1545,2.786655241366785,-0.039475935532934846,0.5436893203883495,2.7845954859852213,0.05903142859872755,0.6828478964401294
stock/BA,4,2014-01-26..2015-10-06,2015-10-06..2017-06-14,2,222,0.3746944731902356,2.0204200543042776,2.9623558021171066,2.7095686787303235,1.9803783599371694,2.776360491586836,2.8415343315790444,0.3106796116504854,1545,-0.039475935532934846,1.8518224250307298,0.17281553398058253,0.05903142859872755,1.936989876935443,0.22330097087378642
stock/BA,5,2015-10-06..2017-06-14,2017-06-14..2019-02-22,102,168,2.9623558021171066,1.020572537340147,1.8374021899693538,1.020572537340147,0.8486744374249241,1.020572537340147,1.061319762599224,0.3249190938511327,1545,1.8518224250307298,0.9797095307466188,0.3100323624595469,1.936989876935443,0.9610015763545834,0.29967637540453074
stock/CAT,1,2008-12-31..2010-09-09,2010-09-09..2012-05-19,14,138,1.7299260479505603,-0.9637954677392977,1.1692507799479117,-1.0562735442401945,-1.2476214569692796,-0.7779145566797266,-0.35891136802377327,0.5883495145631068,1545,1.4935177764521086,-0.7720631674954683,0.7533980582524272,1.4754575762751068,-0.9074261060783894,0.6349514563106796
stock/CAT,2,2010-09-09..2012-05-19,2012-05-19..2014-01-26,10,30,1.1692507799479117,-1.1327246133675537,0.10525312407082858,-1.4080358533498085,-1.6678918437236905,-1.1715836846073695,-0.6935238274384827,0.7715210355987056,1545,-0.7720631674954683,-0.5830028181075063,0.9346278317152104,-0.9074261060783894,-0.08306170713724867,0.9922330097087378
stock/CAT,3,2012-05-19..2014-01-26,2014-01-26..2015-10-06,6,12,0.10525312407082858,0.18908164263624255,0.583145259515433,-0.9522144666791729,-1.462106299402241,-0.7375712491418497,-0.5369162692276237,0.9922330097087378,1545,-0.5830028181075063,-2.018215842755123,0.061488673139158574,-0.08306170713724867,-1.7087325903743014,0.1533980582524272
stock/CAT,4,2014-01-26..2015-10-06,2015-10-06..2017-06-14,6,36,0.583145259515433,0.5423467959276398,1.8846281346578175,1.6916604247114388,1.6916604247114388,1.6916604247114388,1.6916604247114388,0.004530744336569579,1545,-2.018215842755123,1.3879164531527433,0.09255663430420712,-1.7087325903743014,1.291683613467674,0.040129449838187704
stock/CAT,5,2015-10-06..2017-06-14,2017-06-14..2019-02-22,6,156,1.8846281346578175,-0.9521936772466204,0.8197582291971641,-0.6320699013512889,-0.8758196003902099,-0.3614704295356024,-0.2578792317459266,0.21488673139158576,1545,1.3879164531527433,-1.4342859227426095,0.0627831715210356,1.291683613467674,-1.284190270690154,0.10097087378640776
stock/CSCO,1,2008-12-31..2010-09-09,2010-09-09..2012-05-19,34,60,1.1501826671327313,-0.554549883589701,0.7117649666580369,-0.5834286408607675,-0.8640075022889999,-0.35306171192253016,-0.09567739265323626,0.570873786407767,1545,0.3926135381114617,-0.40872500326399763,0.686084142394822,0.9277100305525801,-0.1778604458715472,0.8459546925566344
stock/CSCO,2,2010-09-09..2012-05-19,2012-05-19..2014-01-26,2,162,0.7117649666580369,0.045555562827331295,1.4334255137475131,0.5561132425991208,0.35494483705693464,0.5561132425991208,0.6064124380634187,0.003236245954692557,1545,-0.40872500326399763,0.5512525618133064,0.41423948220064727,-0.1778604458715472,0.6506339439157383,0.913915857605178
stock/CSCO,3,2012-05-19..2014-01-26,2014-01-26..2015-10-06,26,120,1.4334255137475131,-0.2541469020052133,0.6423101974364929,0.40408523164931043,0.263628282344451,0.6423101974364929,0.6423101974364929,0.012297734627831715,1545,0.5512525618133064,0.35790083133007544,0.4058252427184466,0.6506339439157383,0.3732757181398,0.4388349514563107
stock/CSCO,4,2014-01-26..2015-10-06,2015-10-06..2017-06-14,110,168,0.6423101974364929,0.8006611265472173,1.2705850073286011,0.8006611265472173,0.8006611265472173,0.8006611265472173,0.8662969195417978,0.08867313915857605,1545,0.35790083133007544,0.8729675936155757,0.9016181229773462,0.3732757181398,0.9239335296495884,0.9294498381877022
stock/CSCO,5,2015-10-06..2017-06-14,2017-06-14..2019-02-22,10,150,1.2705850073286011,0.6134870061086255,1.6498763370581095,1.2105384495594458,1.0960013307372616,1.2105384495594458,1.2105384495594458,0.02524271844660194,1545,0.8729675936155757,1.1222644829352557,0.2614886731391586,0.9239335296495884,1.137883227076048,0.2744336569579288
stock/CVX,1,2008-12-31..2010-09-09,2010-09-09..2012-05-19,2,6,0.8910650793798292,0.23364607475311458,0.5216400862679645,0.08141288164798993,-0.18008334217844435,0.08141288164798993,0.08141288164798993,0.9877022653721683,1545,-0.009412350690360444,-0.6225561050183402,0.0627831715210356,-0.042756298267209496,-0.5425988857056285,0.08284789644012945
stock/CVX,2,2010-09-09..2012-05-19,2012-05-19..2014-01-26,14,42,0.5216400862679645,0.0882101063050098,1.1025969472615398,0.5933883784409643,0.5933883784409643,0.5933883784409643,0.5933883784409643,0.08284789644012945,1545,-0.6225561050183402,0.8374098885022557,0.968284789644013,-0.5425988857056285,0.8947050179874368,0.9838187702265372
stock/CVX,3,2012-05-19..2014-01-26,2014-01-26..2015-10-06,2,24,1.1025969472615398,-0.6238477970494499,0.4143411117341163,-1.165847009985714,-1.6260470589693476,-0.6983300105027069,-0.45708418676429113,0.7818770226537217,1545,0.8374098885022557,-1.6732072503210502,0.21423948220064726,0.8947050179874368,-1.4460890106756445,0.34045307443365697
stock/CVX,4,2014-01-26..2015-10-06,2015-10-06..2017-06-14,6,18,0.4143411117341163,-0.42262031475802664,1.2720411556544005,0.673483040657655,0.673483040657655,0.673483040657655,0.7830668455203182,0.003236245954692557,1545,-1.6732072503210502,0.5722818000596717,0.1372168284789644,-1.4460890106756445,0.7576525004956083,0.8925566343042072
stock/CVX,5,2015-10-06..2017-06-14,2017-06-14..2019-02-22,14,102,1.2720411556544005,-0.18870491676257647,0.6754607797910651,-0.04683031554619072,-0.3186123382167434,0.16650335790776896,0.3441605776454553,0.3618122977346278,1545,0.5722818000596717,-0.7025605251180214,0.061488673139158574,0.7576525004956083,-0.4242043057016468,0.18122977346278318
stock/DIS,1,2008-12-31..2010-09-09,2010-09-09..2012-05-19,26,132,1.4926047276835914,0.7093899743511575,1.4778095709871921,-0.5589951193490915,-0.7222321611977537,-0.09694446338541637,0.6102146084410542,0.913915857605178,1545,1.1875721796098817,0.47083571081469655,0.8757281553398059,1.4926047276835914,0.017031177621719296,0.7864077669902912
stock/DIS,2,2010-09-09..2012-05-19,2012-05-19..2014-01-26,30,54,1.4778095709871921,1.088161170892457,2.2311065127065337,2.1202837023484884,2.1202837023484884,2.1202837023484884,2.1202837023484884,0.032362459546925564,1545,0.47083571081469655,2.0768116648590307,0.15275080906148866,0.017031177621719296,2.0791033587619867,0.1663430420711974
stock/DIS,3,2012-05-19..2014-01-26,2014-01-26..2015-10-06,26,120,2.2311065127065337,0.6431254845592261,1.3822675129363906,0.8501055796034308,0.8475582392700833,0.8501055796034308,0.8501055796034308,0.09255663430420712,1545,2.0768116648590307,0.8392814217978035,0.2446601941747573,2.0791033587619867,0.7905391453401217,0.1948220064724919
stock/DIS,4,2014-01-26..2015-10-06,2015-10-06..2017-06-14,10,54,1.3822675129363906,0.6757890884772585,1.1815158727240975,0.25123234324958865,0.1122901395431484,0.3823960443595754,0.8447285515392364,0.8252427184466019,1545,0.8392814217978035,0.5702629202607628,0.7857605177993527,0.7905391453401217,0.33320329066907345,0.7016181229773463
stock/DIS,5,2015-10-06..2017-06-14,2017-06-14..2019-02-22,18,156,1.1815158727240975,-0.6153268864586279,0.6784938896374071,0.48348883242910096,0.18608919531560825,0.5497172111584685,0.5900480603753115,0.0012944983818770227,1545,0.5702629202607628,0.038238124060955614,0.14627831715210357,0.33320329066907345,0.16757621225113084,0.24142394822006472
stock/GE,1,2008-12-31..2010-09-09,2010-09-09..2012-05-19,2,12,1.254012384643276,0.23231937679487588,1.318002950410154,-0.9028187224100153,-1.074584934112469,-0.4874387011260561,-0.003639517629134369,0.9216828478964402,1545,0.3022217107235954,-0.3352519767296822,0.8064724919093851,0.17616800384631404,-0.29859751096724263,0.8245954692556634
stock/GE,2,2010-09-09..2012-05-19,2012-05-19..2014-01-26,26,60,1.318002950410154,0.2758863364850952,1.2780631298707992,1.196304102030781,1.196304102030781,1.196304102030781,1.196304102030781,0.02524271844660194,1545,-0.3352519767296822,1.0648575834614742,0.14563106796116504,-0.29859751096724263,1.1241083190159602,0.16375404530744336
stock/GE,3,2012-05-19..2014-01-26,2014-01-26..2015-10-06,6,12,1.2780631298707992,-0.22961038654787466,0.48751308189491976,-0.48431265722689393,-0.8447222329817612,0.06939401304373315,0.16210439886770406,0.6699029126213593,1545,1.0648575834614742,-0.9545241273186578,0.18122977346278318,1.1241083190159602,-0.756610056066056,0.341747572815534
stock/GE,4,2014-01-26..2015-10-06,2015-10-06..2017-06-14,118,348,0.48751308189491976,-0.22616832970083176,0.5996073945838569,-0.36044486596834907,-0.49613355209883236,-0.20687760195804256,-0.0525782472645142,0.6854368932038835,1545,-0.9545241273186578,-0.6565881815610798,0.07637540453074433,-0.756610056066056,-0.6386101090114447,0.08996763754045307
stock/GE,5,2015-10-06..2017-06-14,2017-06-14..2019-02-22,10,18,0.5996073945838569,-0.3712558511604612,0.8846517369293828,-0.3712558511604612,-0.5462118920622521,-0.06985468967970108,0.36570753316942145,0.49612403100775193,1545,-0.6565881815610798,,,-0.6386101090114447,,
stock/GS,1,2008-12-31..2010-09-09,2010-09-09..2012-05-19,2,42,1.2773372090123232,-0.22012167659680865,0.8635730203112841,-1.2875406149922393,-1.583932329888229,-0.7841588632367414,-0.16767821013467588,0.8824786324786325,1545,-0.4984835299181635,-1.4072686252592714,0.36324786324786323,-0.2600878973161028,-1.4891931950841544,0.3034188034188034
stock/GS,2,2010-09-09..2012-05-19,2012-05-19..2014-01-26,90,168,0.8635730203112841,1.0872634778298367,1.7009332632800052,1.0872634778298367,1.0872634778298367,1.0872634778298367,1.4190849486593446,0.020655270655270654,1404,-1.4072686252592714,1.6673283386947786,0.98005698005698,-1.4891931950841544,1.568864150539502,0.9337606837606838
stock/GS,3,2012-05-19..2014-01-26,2014-01-26..2015-10-06,34,60,1.7009332632800052,0.7076549833470397,1.1375661554110506,-0.02470594413233647,-0.0439490176740826,0.09012562658908507,0.49328213949817323,0.9650485436893204,1545,1.6673283386947786,0.37285086166996895,0.86084142394822,1.568864150539502,0.5738628326296485,0.9216828478964402
stock/GS,4,2014-01-26..2015-10-06,2015-10-06..2017-06-14,6,72,1.1375661554110506,1.2343587141473225,1.7887564418017519,1.5002981790772387,1.4054419537321547,1.5951917342980861,1.6737606965103737,0.10485436893203884,1545,0.37285086166996895,1.591788327670594,0.7475728155339806,0.5738628326296485,1.5811379387162565,0.7326860841423948
stock/GS,5,2015-10-06..2017-06-14,2017-06-14..2019-02-22,30,96,1.7887564418017519,0.031097934133075527,0.5671947577881494,-0.467076858772021,-0.6594799655355411,-0.3211341290519243,-0.1459416180214907,0.9514563106796117,1545,1.591788327670594,-0.19065244724330124,0.8867313915857605,1.5811379387162565,-0.4206617020942588,0.597411003236246
stock/HD,1,2008-12-31..2010-09-09,2010-09-09..2012-05-19,10,18,1.265263220252412,1.071637751677384,1.9032696165030143,0.861543501095127,0.5222170043547282,1.1526968314221,1.1526968314221,0.5883495145631068,1545,0.6460608410154148,0.1265930671071807,0.02459546925566343,0.9704004135971188,0.1999228807791939,0.041423948220064725
stock/HD,2,2010-09-09..2012-05-19,2012-05-19..2014-01-26,26,54,1.9032696165030143,1.6741281807031563,1.8284385617138528,1.4352885848145844,1.4352885848145844,1.4352885848145844,1.4352885848145844,0.9935275080906149,1545,0.1265930671071807,1.2607349524854445,0.06666666666666667,0.1999228807791939,1.2588444261889125,0.05307443365695793
stock/HD,3,2012-05-19..2014-01-26,2014-01-26..2015-10-06,18,42,1.8284385617138528,1.1357774629499533,1.855673262284233,1.3722529682497684,1.3722529682497684,1.3722529682497684,1.6837611361017846,0.020064724919093852,1545,1.2607349524854445,1.723473345423082,0.9236245954692557,1.2588444261889125,1.855673262284233,0.9857605177993527
stock/HD,4,2014-01-26..2015-10-06,2015-10-06..2017-06-14,2,132,1.855673262284233,0.9367718454840164,1.8142983084926265,1.170212488327994,0.9198635668993712,1.3759317298480032,1.3759317298480032,0.26601941747572816,1545,1.723473345423082,0.6626851579251691,0.05177993527508091,1.855673262284233,0.7076220847279353,0.0634304207119741
stock/HD,5,2015-10-06..2017-06-14,2017-06-14..2019-02-22,2,96,1.8142983084926265,1.0788125486589388,1.8090011322727952,0.05054285353401064,-0.11837036113049391,0.3423755922546627,0.48337625489170327,0.9592233009708738,1545,0.6626851579251691,-0.035546308136123736,0.37281553398058254,0.7076220847279353,0.010580504139283861,0.42394822006472493
stock/IBM,1,2008-12-31..2010-09-09,2010-09-09..2012-05-19,26,126,1.167247498683176,0.9372108977839296,1.2171920237780207,0.8366653050999999,0.8366653050999999,0.8366653050999999,0.9200682945402681,0.9171521035598705,1545,0.5801274165723284,0.9625615440747148,0.9553398058252427,1.1105388863444823,1.0839074791553702,0.9812297734627832
stock/IBM,2,2010-09-09..2012-05-19,2012-05-19..2014-01-26,46,72,1.2171920237780207,-0.5785654689347773,-0.08548838657909916,-0.395328296502396,-0.5715109104657327,-0.30008651594859576,-0.21039947377425883,0.23495145631067962,1545,0.9625615440747148,-0.2783491689693011,0.7572815533980582,1.0839074791553702,-0.21044738880476185,0.8990291262135922
stock/IBM,3,2012-05-19..2014-01-26,2014-01-26..2015-10-06,78,156,-0.08548838657909916,-1.7709445439585147,-0.10402799547557792,-1.6964542779489307,-1.9463139384559518,-1.5937826423809052,-0.8146262233877128,0.39093851132686086,1545,-0.2783491689693011,-1.6192580679536812,0.7035598705501618,-0.21044738880476185,-1.5138213948799593,0.7864077669902912
stock/IBM,4,2014-01-26..2015-10-06,2015-10-06..2017-06-14,18,84,-0.10402799547557792,0.6586615180422203,1.4269307346086044,0.3121675367222658,0.2992559164464862,0.4489600627479091,0.6700010521745345,0.8944983818770227,1545,-1.6192580679536812,0.4443646545058846,0.7469255663430421,-1.5138213948799593,0.35803026585971753,0.7223300970873786
stock/IBM,5,2015-10-06..2017-06-14,2017-06-14..2019-02-22,18,42,1.4269307346086044,-0.2861632207126049,0.5585034875804,-0.7585851159005563,-0.8741798748925044,-0.6033279580575096,-0.34789960241988616,0.9255663430420712,1545,0.4443646545058846,-0.8428592558503202,0.27249190938511325,0.35803026585971753,-0.8302834718388261,0.3048543689320388
stock/INTC,1,2008-12-31..2010-09-09,2010-09-09..2012-05-19,26,60,1.258262661031836,0.1846785612955061,1.2665414125325596,0.7707025581854846,0.43057697967423486,0.7707025581854846,0.7707025581854846,0.04983818770226537,1545,0.2978727450661084,0.6188788638248436,0.3786407766990291,0.7953902082726542,0.8226200240693371,0.974757281553398
stock/INTC,2,2010-09-09..2012-05-19,2012-05-19..2014-01-26,78,150,1.2665414125325596,0.3144882800221391,0.7110648482022801,0.21815818860814676,0.016860002350139888,0.36482576026884983,0.4376308494396727,0.6122977346278318,1545,0.6188788638248436,0.556279315396072,0.9728155339805825,0.8226200240693371,0.46791536705871556,0.9236245954692557
stock/INTC,3,2012-05-19..2014-01-26,2014-01-26..2015-10-06,10,144,0.7110648482022801,-0.4956795445222901,1.4649161425554458,-0.552775211730941,-0.6397713956297039,-0.43734496904438414,0.22092432377511595,0.627831715210356,1545,0.556279315396072,-0.5125542841359387,0.602588996763754,0.46791536705871556,-0.09307839203149618,0.8757281553398059
stock/INTC,4,2014-01-26..2015-10-06,2015-10-06..2017-06-14,14,30,1.4649161425554458,-0.020019797575369012,0.8977443805640698,0.7463726765584164,0.6636772822020609,0.8017037653153055,0.8670807936932753,0.05372168284789644,1545,-0.5125542841359387,0.8297378202648596,0.8038834951456311,-0.09307839203149618,0.7551290068389478,0.5637540453074433
stock/INTC,5,2015-10-06..2017-06-14,2017-06-14..2019-02-22,42,168,0.8977443805640698,0.714353969983927,1.229021944087226,0.7605430026608982,0.43519363105430187,0.8488596793220087,0.8488596793220087,0.47896440129449835,1545,0.8297378202648596,0.4003624189387641,0.22135922330097088,0.7551290068389478,0.3196588421217064,0.1540453074433657
stock/JNJ,1,2008-12-31..2010-09-09,2010-09-09..2012-05-19,18,60,1.2490609518296416,-1.3358611649831396,0.21870644202330472,0.07925327524041871,0.07925327524041871,0.07925327524041871,0.07925327524041871,0.03365695792880259,1545,0.10536247636163658,0.1306285072054886,0.9508090614886732,0.4183257131660142,0.12929319926592495,0.9436893203883495
stock/JNJ,2,2010-09-09..2012-05-19,2012-05-19..2014-01-26,22,156,0.21870644202330472,2.0384650397819635,2.232049449654131,1.9774201584259434,1.9774201584259434,1.9774201584259434,2.037369269508845,0.8996763754045307,1545,0.1306285072054886,2.053237218304186,0.9184466019417475,0.12929319926592495,2.1511130855753104,0.9851132686084142
stock/JNJ,3,2012-05-19..2014-01-26,2014-01-26..2015-10-06,2,12,2.232049449654131,-0.3832953525306756,0.2960816433587562,-0.6960754609858013,-0.8352908889132401,-0.5456799552278753,-0.18086906738505062,0.8563106796116505,1545,2.053237218304186,0.014808762839614926,0.9559870550161812,2.1511130855753104,0.23399006976291975,0.9941747572815534
stock/JNJ,4,2014-01-26..2015-10-06,2015-10-06..2017-06-14,50,78,0.2960816433587562,1.9107892277458058,2.2314066449110688,1.5086381156889295,1.5086381156889295,1.5086381156889295,1.5507420795189593,0.9754045307443365,1545,0.014808762839614926,1.1029341697226767,0.05760517799352751,0.23399006976291975,1.3558565665989109,0.11844660194174757
stock/JNJ,5,2015-10-06..2017-06-14,2017-06-14..2019-02-22,10,84,2.2314066449110688,-0.15208895209882128,0.6965307634054506,0.14209644553500617,-0.037803348183036246,0.2249050632576479,0.30553219198947934,0.1935275080906149,1545,1.1029341697226767,-0.36354433160948907,0.10355987055016182,1.3558565665989109,-0.5767862107054372,0.03300970873786408
stock/JPM,1,2008-12-31..2010-09-09,2010-09-09..2012-05-19,2,30,0.8221111481801594,0.3511542780508914,0.8709423655060263,-1.262179654973178,-1.948162867855902,-0.9593486434206236,-0.32306626682181483,0.9766990291262136,1545,0.36401910612396005,-0.9888630767933505,0.7126213592233009,0.4671330210085233,-1.079358929107156,0.6233009708737864
stock/JPM,2,2010-09-09..2012-05-19,2012-05-19..2014-01-26,10,42,0.8709423655060263,1.3363063272720153,1.7014126741257416,1.1217183906218786,1.1217183906218786,1.1217183906218786,1.3747426078256682,0.8763754045307444,1545,-0.9888630767933505,1.4559121864246003,0.9359223300970874,-1.079358929107156,1.5715070677912713,0.9624595469255663
stock/JPM,3,2012-05-19..2014-01-26,2014-01-26..2015-10-06,26,42,1.7014126741257416,-0.4415860926855197,0.6898420360553912,0.2881379751497616,0.07066676653795911,0.2881379751497616,0.2881379751497616,0.03365695792880259,1545,1.4559121864246003,0.1674427746912772,0.28996763754045307,1.5715070677912713,0.5554081542939492,0.9877022653721683
stock/JPM,4,2014-01-26..2015-10-06,2015-10-06..2017-06-14,2,12,0.6898420360553912,-0.2616162639920012,1.8860386853941435,1.6573366318238067,1.6163339593064552,1.6573366318238067,1.6573366318238067,0.0,1545,0.1674427746912772,1.7016380913608986,0.943042071197411,0.5554081542939492,1.6419533503450037,0.2588996763754045
stock/JPM,5,2015-10-06..2017-06-14,2017-06-14..2019-02-22,62,144,1.8860386853941435,-0.20335915010953248,1.289449614287608,-0.20335915010953248,-0.3721074917536546,-0.0013930315366838743,0.0982906062040604,0.49902912621359224,1545,1.7016380913608986,-0.03358528412895106,0.7275080906148867,1.6419533503450037,-0.002239118859170448,0.7488673139158576
stock/KO,1,2008-12-31..2010-09-09,2010-09-09..2012-05-19,14,78,1.9334423751337446,0.537038241612731,1.2215293619604246,0.9788753497242046,0.9788753497242046,0.9788753497242046,0.9788753497242046,0.038187702265372166,1545,1.0454939116940265,1.0124824073826129,0.9171521035598705,0.884965648899493,1.1701736127329345,0.9702265372168285
stock/KO,2,2010-09-09..2012-05-19,2012-05-19..2014-01-26,34,102,1.2215293619604246,-0.09029505535210404,0.5712547560940401,0.21750838814603862,0.03561687421648216,0.5712547560940401,0.5712547560940401,0.1313915857605178,1545,1.0124824073826129,-0.17194190572922743,0.08090614886731391,1.1701736127329345,-0.09815616958329082,0.12297734627831715
stock/KO,3,2012-05-19..2014-01-26,2014-01-26..2015-10-06,106,168,0.5712547560940401,-0.6754663683893166,0.5353956768492316,-0.5638029864265658,-0.7664539270894195,-0.3798136612373547,-0.23783268736558558,0.3572815533980582,1545,-0.17194190572922743,-0.353356622633375,0.7754045307443366,-0.09815616958329082,-0.2434789205749903,0.8925566343042072
stock/KO,4,2014-01-26..2015-10-06,2015-10-06..2017-06-14,2,6,0.5353956768492316,-1.1254373756318228,1.197311726759953,0.2643230901976619,0.11926789984150757,0.4163743224674618,0.645033758986886,0.0,1545,-0.353356622633375,0.5803963163126573,0.8841423948220065,-0.2434789205749903,0.08016328638051959,0.19546925566343043
stock/KO,5,2015-10-06..2017-06-14,2017-06-14..2019-02-22,46,72,1.197311726759953,0.1937845983805337,0.5884213083450079,0.14654056981441052,0.0049490732334058155,0.26684046311809373,0.33755521833137153,0.6058252427184466,1545,0.5803963163126573,-0.030708226560665144,0.20129449838187702,0.08016328638051959,-0.022349481795017376,0.21488673139158576
stock/MCD,1,2008-12-31..2010-09-09,2010-09-09..2012-05-19,42,168,1.997917179638517,0.9733238583784418,1.351330571101342,0.9733238583784418,0.9733238583784418,0.9733238583784418,1.077695533749731,0.1087378640776699,1545,1.374841085312183,1.0888774050106569,0.916504854368932,1.453503663863552,1.077695533749731,0.8970873786407767
stock/MCD,2,2010-09-09..2012-05-19,2012-05-19..2014-01-26,2,156,1.351330571101342,0.25332804582504465,0.6317557878055329,0.563488179754212,0.4059886188171175,0.563488179754212,0.5749416142494244,0.19611650485436893,1545,1.0888774050106569,0.31006912540431025,0.20841423948220064,1.077695533749731,0.42447932820050843,0.2550161812297735
stock/MCD,3,2012-05-19..2014-01-26,2014-01-26..2015-10-06,70,156,0.6317557878055329,-0.03990327960404206,0.6510142521906558,0.0002955385018030816,-0.1822305340077132,0.1536641182983251,0.3527179281688164,0.4401294498381877,1545,0.31006912540431025,0.0211221665761686,0.5313915857605178,0.42447932820050843,0.044064068273924,0.5954692556634305
stock/MCD,4,2014-01-26..2015-10-06,2015-10-06..2017-06-14,118,312,0.6510142521906558,1.8501706026722007,2.026364872474158,1.644979742850188,1.4385345602061088,1.8501706026722007,1.8501706026722007,0.6220064724919094,1545,0.0211221665761686,1.1763971817312837,0.05566343042071197,0.044064068273924,0.9754823392469218,0.007119741100323625
stock/MCD,5,2015-10-06..2017-06-14,2017-06-14..2019-02-22,10,168,2.026364872474158,0.3735943501395255,0.9077346117827353,0.7178112411857132,0.14665979310001803,0.9077346117827353,0.9077346117827353,0.36893203883495146,1545,1.1763971817312837,-0.1217191848654326,0.14110032362459546,0.9754823392469218,-0.08221394687749471,0.15663430420711974
stock/MMM,1,2008-12-31..2010-09-09,2010-09-09..2012-05-19,6,36,1.7557453998169936,-0.1510878914227642,0.350298787896491,-1.0600318264787163,-1.2082583243381126,-0.8389317188746697,-0.31541072802485204,0.9365695792880259,1545,1.288801011063617,-0.7429569354991085,0.7870550161812297,1.5019505489245175,-0.9522196343211048,0.6983818770226538
stock/MMM,2,2010-09-09..2012-05-19,2012-05-19..2014-01-26,34,72,0.350298787896491,1.7606234407368782,2.5356735460070072,2.293929964867178,2.293929964867178,2.293929964867178,2.3838234404427774,0.036893203883495145,1545,-0.7429569354991085,2.436409499743682,0.9398058252427185,-0.9522196343211048,2.4625555032619513,0.9585760517799353
stock/MMM,3,2012-05-19..2014-01-26,2014-01-26..2015-10-06,26,126,2.5356735460070072,0.011414343246067937,0.8495298365799122,0.1816995198645247,0.06048895952642389,0.34828459382344046,0.4583280244017203,0.17928802588996764,1545,2.436409499743682,0.691452468671158,0.9870550161812298,2.4625555032619513,0.8495298365799122,0.9993527508090615
stock/MMM,4,2014-01-26..2015-10-06,2015-10-06..2017-06-14,58,132,0.8495298365799122,1.9518696187899605,2.5546997935944207,2.1503729270013276,2.1503729270013276,2.1503729270013276,2.1503729270013276,0.10161812297734628,1545,0.691452468671158,1.9936214550458196,0.1307443365695793,0.8495298365799122,1.9518696187899605,0.10161812297734628
stock/MMM,5,2015-10-06..2017-06-14,2017-06-14..2019-02-22,22,54,2.5546997935944207,0.14368470080180717,0.4095824002132413,-0.7460420691396636,-0.9047312260368745,-0.6173623367798728,-0.47764655315141397,0.9844660194174757,1545,1.9936214550458196,-0.9668340887275626,0.16957928802588998,1.9518696187899605,-0.8712896873983285,0.313915857605178
stock/MRK,1,2008-12-31..2010-09-09,2010-09-09..2012-05-19,2,6,1.4133994799247185,-0.4183755934772238,1.0340463922591234,-0.41690574315671675,-0.6264937261091088,-0.04548009241622554,0.25588170561773926,0.49773462783171524,1545,0.5616624810351836,-0.37708992687461723,0.543042071197411,0.5113407017387003,-0.6162085598391136,0.26472491909385115
stock/MRK,2,2010-09-09..2012-05-19,2012-05-19..2014-01-26,6,90,1.0340463922591234,0.36203474411421427,1.5230878907845669,1.3290819699224037,1.1880144246757585,1.3290819699224037,1.3290819699224037,0.04854368932038835,1545,-0.37708992687461723,1.035449395139501,0.1889967637540453,-0.6162085598391136,1.07543019863766,0.19611650485436893
stock/MRK,3,2012-05-19..2014-01-26,2014-01-26..2015-10-06,46,150,1.5230878907845669,-0.7894231168551014,0.09793391992929872,-0.4945954758042467,-0.7038065323905731,-0.4160037391815531,-0.27888902674866556,0.2161812297734628,1545,1.035449395139501,-0.5634011251586263,0.3605177993527508,1.07543019863766,-0.4112874524803457,0.7514563106796116
stock/MRK,4,2014-01-26..2015-10-06,2015-10-06..2017-06-14,82,132,0.09793391992929872,0.8064024280084096,1.0753626703025068,0.814513563938477,0.814513563938477,0.814513563938477,0.9168567934762518,0.08155339805825243,1545,-0.5634011251586263,0.8097292337113596,0.09449838187702266,-0.4112874524803457,0.8064024280084096,0.08155339805825243
stock/MRK,5,2015-10-06..2017-06-14,2017-06-14..2019-02-22,22,102,1.0753626703025068,1.2584004947688912,2.2443368157562644,1.9193278542244947,1.8601854130903748,1.9975809767457484,2.0893800959202142,0.08867313915857605,1545,0.8097292337113596,1.97743189788336,0.6595469255663431,0.8064024280084096,2.022755064437115,0.7773462783171521
stock/MSFT,1,2008-12-31..2010-09-09,2010-09-09..2012-05-19,2,90,1.5626171154443653,0.006200047215743345,1.0911465063937067,0.346218074955911,0.10858583895912313,0.4798261068023645,0.7560666658613261,0.21100323624595468,1545,0.25958048640386266,0.11476909167295853,0.2537216828478964,0.448050378833651,0.14930436174312345,0.26731391585760517
stock/MSFT,2,2010-09-09..2012-05-19,2012-05-19..2014-01-26,2,12,1.0911465063937067,-0.5730332560187708,1.2866133521326333,0.9481975208846546,0.8073448362537049,1.1723631157008443,1.210518077359026,0.0,1545,0.11476909167295853,1.1623544763893623,0.7378640776699029,0.14930436174312345,1.0252596796073357,0.6135922330097088
stock/MSFT,3,2012-05-19..2014-01-26,2014-01-26..2015-10-06,10,162,1.2866133521326333,-1.0927719084327214,0.5686020290070287,-0.07511674677808675,-0.5149230655173631,0.2032180578376722,0.2032180578376722,0.017475728155339806,1545,1.1623544763893623,-0.2772250310207046,0.4381877022653722,1.0252596796073357,-0.16349736773293502,0.47896440129449835
stock/MSFT,4,2014-01-26..2015-10-06,2015-10-06..2017-06-14,14,24,0.5686020290070287,0.8791248455534636,2.136407618388472,1.9663038359310736,1.6794633701675172,1.9663038359310736,1.9663038359310736,0.05307443365695793,1545,-0.2772250310207046,1.4925392626358733,0.170873786407767,-0.16349736773293502,0.8886247053583902,0.05372168284789644
stock/MSFT,5,2015-10-06..2017-06-14,2017-06-14..2019-02-22,62,144,2.136407618388472,0.9510589183741757,1.4057102600427898,1.139716688301767,1.013423984517951,1.139716688301767,1.139716688301767,0.20194174757281552,1545,1.4925392626358733,1.0076719063542945,0.23883495145631067,0.8886247053583902,1.013423984517951,0.24789644012944984
stock/NKE,1,2008-12-31..2010-09-09,2010-09-09..2012-05-19,10,126,1.693315252998286,0.3121854974924217,1.3355249088505932,1.1451368246741638,1.1451368246741638,1.1451368246741638,1.1451368246741638,0.039482200647249194,1545,1.6741973567545545,1.1955703233407984,0.9618122977346278,1.6838001237151747,1.2960703801698847,0.9883495145631068
stock/NKE,2,2010-09-09..2012-05-19,2012-05-19..2014-01-26,54,138,1.3355249088505932,1.5812492429889589,1.9199764324338873,1.6565938796796942,1.6320715848012204,1.6565938796796942,1.705577669502635,0.09190938511326861,1545,1.1955703233407984,1.6035154078817213,0.15080906148867315,1.2960703801698847,1.5646446813975738,0.08737864077669903
stock/NKE,3,2012-05-19..2014-01-26,2014-01-26..2015-10-06,2,114,1.9199764324338873,1.7199174856279438,1.9851466836210254,1.8930719544474321,1.8930719544474321,1.8930719544474321,1.8930719544474321,0.04466019417475728,1545,1.6035154078817213,1.9851466836210254,0.9857605177993527,1.5646446813975738,1.9769912450341764,0.972168284789644
stock/NKE,4,2014-01-26..2015-10-06,2015-10-06..2017-06-14,6,138,1.9851466836210254,-0.6359635937411862,-0.17159693261754272,-0.7900917388481102,-0.9963256308638853,-0.5899063029431517,-0.42867102126269746,0.7069767441860465,1545,1.9851466836210254,-0.9582685234169941,0.28837209302325584,1.9769912450341764,-0.8578358569015012,0.41488372093023257
stock/NKE,5,2015-10-06..2017-06-14,2017-06-14..2019-02-22,6,384,-0.17159693261754272,1.230257909755903,1.6341030726020562,1.230257909755903,0.9839988204538955,1.230257909755903,1.230257909755903,0.40837209302325583,1075,-0.9582685234169941,0.7964213647686954,0.09767441860465116,-0.8578358569015012,0.6062870960072968,0.02883720930232558
stock/PFE,1,2008-12-31..2010-09-09,2010-09-09..2012-05-19,10,36,1.2112878612495226,1.2717439351439626,1.7395924139918832,0.6098982018016119,0.34036956501486065,0.7262725549268702,0.8188927164133357,0.9495145631067962,1545,0.28811739138243053,0.25615358309088615,0.17540453074433657,0.3864054844133798,0.4130865642414411,0.3585760517799353
stock/PFE,2,2010-09-09..2012-05-19,2012-05-19..2014-01-26,14,54,1.7395924139918832,0.39197945023977115,1.4200684630573237,1.0441391749144489,1.0441391749144489,1.0441391749144489,1.1929640683474005,0.0006472491909385113,1545,0.25615358309088615,1.1678133745139208,0.8718446601941747,0.4130865642414411,1.3029617097171138,0.9365695792880259
stock/PFE,3,2012-05-19..2014-01-26,2014-01-26..2015-10-06,10,120,1.4200684630573237,-0.06693791828703265,0.6739093288979453,0.34315516184604583,0.19579469077321646,0.4507400492540461,0.6068277456276684,0.08220064724919093,1545,1.1678133745139208,0.6169301637148524,0.9106796116504854,1.3029617097171138,0.27358438977244137,0.3359223300970874
stock/PFE,4,2014-01-26..2015-10-06,2015-10-06..2017-06-14,10,150,0.6739093288979453,-0.23057752110816532,1.2281415476306454,-0.8046228778422251,-1.1846615649848213,-0.21204275007636508,-0.08570811308420985,0.7398058252427184,1545,0.6169301637148524,-0.2592497262613576,0.7359223300970874,0.27358438977244137,-0.4086649217290994,0.6809061488673139
stock/PFE,5,2015-10-06..2017-06-14,2017-06-14..2019-02-22,6,42,1.2281415476306454,0.6159839197940652,1.5086419072313626,1.5086419072313626,1.2388131024526152,1.5086419072313626,1.5086419072313626,0.08673139158576051,1545,-0.2592497262613576,1.0037120928922003,0.15922330097087378,-0.4086649217290994,1.0163291449174734,0.18511326860841423
stock/PG,1,2008-12-31..2010-09-09,2010-09-09..2012-05-19,50,150,1.2030128267908342,-0.19919865344809287,0.5294535932300642,0.12315089800842415,-0.37107325857718265,0.12315089800842415,0.12315089800842415,0.3559870550161812,1545,0.5462890141725992,-0.05861743788824504,0.42718446601941745,0.55712206468487,-0.14974306900584292,0.3864077669902913
stock/PG,2,2010-09-09..2012-05-19,2012-05-19..2014-01-26,82,138,0.5294535932300642,0.9710442062132546,1.196238993888503,1.130835776486857,1.130835776486857,1.130835776486857,1.130835776486857,0.13462783171521037,1545,-0.05861743788824504,0.9710442062132546,0.13462783171521037,-0.14974306900584292,1.0224933437216288,0.16893203883495145
stock/PG,3,2012-05-19..2014-01-26,2014-01-26..2015-10-06,18,150,1.196238993888503,0.1281335172816287,0.8680376427341729,-0.2966308035404348,-0.44531780093301493,-0.13258430515002767,0.34599381485421554,0.8504854368932039,1545,0.9710442062132546,0.33674299137201424,0.8951456310679612,1.0224933437216288,0.47151453445164576,0.9333333333333333
stock/PG,4,2014-01-26..2015-10-06,2015-10-06..2017-06-14,14,132,0.8680376427341729,0.20045321788600892,1.0236895361735583,0.8822100081441226,0.8822100081441226,0.8822100081441226,0.8822100081441226,0.03300970873786408,1545,0.33674299137201424,0.8526479263282241,0.22718446601941747,0.47151453445164576,0.7583450933589643,0.1941747572815534
stock/PG,5,2015-10-06..2017-06-14,2017-06-14..2019-02-22,30,156,1.0236895361735583,1.2904882733629852,1.6034606705603418,1.2525466495198152,0.9603559359880635,1.3262626072643096,1.3768937791839686,0.5831715210355987,1545,0.8526479263282241,0.9587577103972229,0.24919093851132687,0.7583450933589643,0.5143930380960611,0.013592233009708738
stock/UNH,1,2008-12-31..2010-09-09,2010-09-09..2012-05-19,74,150,0.985992630641729,0.7582552337970433,1.3057984485144771,0.4123797947281479,0.4123797947281479,0.4123797947281479,0.49490154654665314,0.9650485436893204,1545,0.26725597133769075,0.4578158085698884,0.8770226537216829,0.4929909895882709,0.5304718381621917,0.9132686084142395
stock/UNH,2,2010-09-09..2012-05-19,2012-05-19..2014-01-26,2,54,1.3057984485144771,0.4055573051665521,1.4449986081420223,1.163770155097343,1.093351592515593,1.227598721480234,1.2896932235892529,0.036893203883495145,1545,0.4578158085698884,1.3368169496882865,0.973462783171521,0.5304718381621917,1.1741708802213866,0.568284789644013
stock/UNH,3,2012-05-19..2014-01-26,2014-01-26..2015-10-06,2,162,1.4449986081420223,0.8277146498627427,1.5177885806320834,1.2803354185543143,1.2803354185543143,1.2803354185543143,1.3148297431528282,0.02912621359223301,1545,1.3368169496882865,1.5126336386212536,0.9857605177993527,1.1741708802213866,1.5087465298693257,0.9741100323624595
stock/UNH,4,2014-01-26..2015-10-06,2015-10-06..2017-06-14,46,78,1.5177885806320834,2.0862147068695323,2.186758600212394,1.934109403406893,1.934109403406893,1.934109403406893,2.054440054781415,0.9372168284789644,1545,1.5126336386212536,1.8817111318319224,0.0627831715210356,1.5087465298693257,2.093600899872975,0.9391585760517799
stock/UNH,5,2015-10-06..2017-06-14,2017-06-14..2019-02-22,18,96,2.186758600212394,0.6232964261323719,1.095178818524362,1.095178818524362,0.8523535702111945,1.095178818524362,1.095178818524362,0.14692556634304207,1545,1.8817111318319224,0.8914419264886054,0.2783171521035599,2.093600899872975,0.8714508730839047,0.2614886731391586
stock/VZ,1,2008-12-31..2010-09-09,2010-09-09..2012-05-19,2,12,1.195402313489277,0.05977130920489868,1.1439753295875772,1.003927424721779,1.003927424721779,1.003927424721779,1.003927424721779,0.0025889967637540453,1545,-0.7162311334988796,0.8483922590205777,0.16763754045307444,-0.7435787863529888,1.0848282107814078,0.9786407766990292
stock/VZ,2,2010-09-09..2012-05-19,2012-05-19..2014-01-26,18,54,1.1439753295875772,-0.3835033559305473,0.894232792176575,0.8651011834309833,0.4439926551528898,0.8651011834309833,0.8651011834309833,0.040776699029126215,1545,0.8483922590205777,0.22082081087733077,0.18381877022653723,1.0848282107814078,0.23434222153907075,0.18770226537216828
stock/VZ,3,2012-05-19..2014-01-26,2014-01-26..2015-10-06,82,126,0.894232792176575,-0.7974443343642464,0.004799591599873155,-0.6242917577522528,-0.9669030430623955,-0.3528746113941431,-0.22809092399379535,0.3812297734627832,1545,0.22082081087733077,-0.4791831483176954,0.6498381877022654,0.23434222153907075,-0.4199358848005395,0.6802588996763754
stock/VZ,4,2014-01-26..2015-10-06,2015-10-06..2017-06-14,102,162,0.004799591599873155,0.0602604161662552,1.1880423220628324,-0.394472467516361,-0.7311110619933336,-0.24946961446273913,-0.12847914423535628,0.9385113268608414,1545,-0.4791831483176954,-0.9596442820156412,0.0634304207119741,-0.4199358848005395,-1.0614706353823582,0.02394822006472492
stock/VZ,5,2015-10-06..2017-06-14,2017-06-14..2019-02-22,2,12,1.1880423220628324,0.883911549607122,1.1024687441919008,1.056222137760105,0.729012219714128,1.056222137760105,1.056222137760105,0.34110032362459547,1545,-0.9596442820156412,0.143612535532543,0.1145631067961165,-1.0614706353823582,0.6502478901104956,0.20906148867313915
stock/WMT,1,2008-12-31..2010-09-09,2010-09-09..2012-05-19,38,78,0.3616208555232763,0.23641229995475357,0.9496355472033201,0.4673801736995891,0.28689773183651507,0.5900756430520132,0.9496355472033201,0.15728155339805824,1545,-0.2908726485852499,0.4152775676556562,0.4084142394822006,-0.4158507584129794,0.4144425183908802,0.4077669902912621
stock/WMT,2,2010-09-09..2012-05-19,2012-05-19..2014-01-26,118,264,0.9496355472033201,0.898915174673841,1.492806770237513,0.898915174673841,0.6145977125508079,0.898915174673841,0.898915174673841,0.3080906148867314,1545,0.4152775676556562,-0.0829658281334131,0.1436893203883495,0.4144425183908802,0.04787774882186554,0.16245954692556636
stock/WMT,3,2012-05-19..2014-01-26,2014-01-26..2015-10-06,2,12,1.492806770237513,-0.8633783009821617,0.7248382984653707,-0.011243714060621954,-0.19496520691816796,0.21781363500352513,0.34657346798703015,0.0006472491909385113,1545,-0.0829658281334131,0.572020514795156,0.9896440129449838,0.04787774882186554,0.5751047102266833,0.9909385113268608
stock/WMT,4,2014-01-26..2015-10-06,2015-10-06..2017-06-14,50,132,0.7248382984653707,0.7806145383644024,1.5708806566056577,0.9825320315049585,0.7260096445191497,1.0937637969247316,1.0937637969247316,0.3093851132686084,1545,0.572020514795156,0.8648203823292235,0.4084142394822006,0.5751047102266833,0.8534479917330356,0.3941747572815534
stock/WMT,5,2015-10-06..2017-06-14,2017-06-14..2019-02-22,10,18,1.5708806566056577,1.0643628844355477,1.3480755059328358,0.018620179628464902,-0.10433517436310613,0.19451051651177936,0.19451051651177936,0.9980582524271845,1545,0.8648203823292235,-0.04454862094961485,0.37605177993527505,0.8534479917330356,-0.36060311489410407,0.07961165048543689
stock/XOM,1,2008-12-31..2010-09-09,2010-09-09..2012-05-19,62,168,-0.21289801343021397,-0.19187574282883,1.0636215058836298,-0.24989457109916258,-0.42943170492745353,0.15805237306478057,0.15805237306478057,0.5656401944894651,1234,-0.6236719686730767,-0.2404157690263051,0.5121555915721232,-0.5585233754381937,-0.2260932354186789,0.5307941653160454
stock/XOM,2,2010-09-09..2012-05-19,2012-05-19..2014-01-26,18,30,1.0636215058836298,0.018873208896828256,0.7611001203950314,0.5055803219281606,0.2088797993155772,0.6836131661424036,0.6836131661424036,0.08608414239482201,1545,-0.2404157690263051,0.26781821813458456,0.29902912621359223,-0.2260932354186789,0.2835208188535517,0.32427184466019415
stock/XOM,3,2012-05-19..2014-01-26,2014-01-26..2015-10-06,14,24,0.7611001203950314,-0.20209238715153188,0.2959956662445648,-0.8927076452823595,-1.1673594975186106,-0.5360521044350987,-0.2957434591983276,0.9405405405405406,1545,0.26781821813458456,-1.075736147209877,0.3013513513513513,0.2835208188535517,-0.7173288152979864,0.6155405405405405
stock/XOM,4,2014-01-26..2015-10-06,2015-10-06..2017-06-14,34,54,0.2959956662445648,0.5285234051298873,0.7339979695552225,-0.3123239101800389,-0.37365159896880323,-0.21679648438169116,-0.05847829835487647,0.9898648648648649,1480,-1.075736147209877,-0.48549217377617954,0.1304054054054054,-0.7173288152979864,0.01153268290947044,0.9168918918918919
stock/XOM,5,2015-10-06..2017-06-14,2017-06-14..2019-02-22,18,84,0.7339979695552225,-0.7752857983340211,0.6797179584403885,-0.7280774513213732,-1.14534954865842,-0.34442996058128456,-0.16645551835378355,0.4796116504854369,1545,-0.48549217377617954,-0.6481842698380043,0.540453074433657,0.01153268290947044,-0.47825615666616317,0.6653721682847896
