asset,fold,train,test,best_fast,best_slow,is_sharpe,oos_of_is_best,oos_oracle,oos_median,oos_p25,oos_p75,oos_p90,pctile_of_is_best,n_train,is_50x138,oos_50x138,pct_50x138,is_58x132,oos_58x132,pct_58x132
etf/GLD,1,2008-12-31..2010-09-09,2010-09-09..2012-05-19,2,162,1.6065902867921846,-0.08782703202831356,0.999252155301742,0.3236457689432691,0.17814711501954902,0.3236457689432691,0.3431120773976801,0.08090614886731391,1545,1.4537736049545515,0.8193022764484278,0.9896440129449838,1.592133761416548,0.7938809799540489,0.9812297734627832
etf/GLD,2,2010-09-09..2012-05-19,2012-05-19..2014-01-26,66,108,0.999252155301742,0.832162542983993,1.1611097471278553,0.713591431864203,0.6484659826727367,0.8293473124762507,0.9776894967789383,0.7728155339805826,1545,0.8193022764484278,0.9042513020156113,0.8478964401294499,0.7938809799540489,0.7975088211877208,0.6317152103559871
etf/GLD,3,2012-05-19..2014-01-26,2014-01-26..2015-10-06,38,150,1.1611097471278553,-0.34218487700708405,0.49909562006107716,0.3089848900295358,-0.26891230278590345,0.3152731973853385,0.3152731973853385,0.20064724919093851,1545,0.9042513020156113,0.3353325689372929,0.9495145631067962,0.7975088211877208,0.3130241634708492,0.511326860841424
etf/GLD,4,2014-01-26..2015-10-06,2015-10-06..2017-06-14,46,156,0.49909562006107716,-0.389908908951152,0.9523482669921012,-0.8020973437491803,-1.1433070379509067,-0.4298111926593342,0.03380001439522085,0.7631067961165049,1545,0.3353325689372929,-0.19425417528113126,0.8258899676375404,0.3130241634708492,-0.5150565850751997,0.7009708737864078
etf/GLD,5,2015-10-06..2017-06-14,2017-06-14..2019-02-22,6,12,0.9523482669921012,0.10409255384106882,1.0802474017323966,-0.32552689029175336,-0.9210661807505611,0.03211473481316423,0.39303563773639366,0.7805825242718447,1545,-0.19425417528113126,0.2414848576494347,0.8368932038834952,-0.5150565850751997,0.08746079492279656,0.772168284789644
etf/QQQ,1,2008-12-31..2010-09-09,2010-09-09..2012-05-19,38,60,1.3344144744667348,-0.9274015072948194,0.3119748761628607,0.30384334881686714,-0.8293569757866851,0.30384334881686714,0.30384334881686714,0.21359223300970873,1545,0.43401821154111186,-0.7627788861073695,0.26925566343042073,0.7318903406100344,-0.7816201353910917,0.2634304207119741
etf/QQQ,2,2010-09-09..2012-05-19,2012-05-19..2014-01-26,98,156,0.3119748761628607,2.2253130726957138,2.3454289622389295,2.1745907145243084,2.1745907145243084,2.1745907145243084,2.1745907145243084,0.9508090614886732,1545,-0.7627788861073695,2.2275682085047475,0.9676375404530745,-0.7816201353910917,2.0861809240210216,0.15987055016181229
etf/QQQ,3,2012-05-19..2014-01-26,2014-01-26..2015-10-06,26,150,2.3454289622389295,-0.035509582118296724,0.9321599638568051,0.42282076241877753,0.1644100390182381,0.42282076241877753,0.42282076241877753,0.1948220064724919,1545,2.2275682085047475,0.6374749629697044,0.9877022653721683,2.0861809240210216,0.5831663916282205,0.9792880258899677
etf/QQQ,4,2014-01-26..2015-10-06,2015-10-06..2017-06-14,46,78,0.9321599638568051,0.978405129580267,2.434026034201266,2.1102158805999514,1.8735094224778286,2.1102158805999514,2.1102158805999514,0.10097087378640776,1545,0.6374749629697044,2.005709826377626,0.2634304207119741,0.5831663916282205,1.8543325353496258,0.23689320388349513
etf/QQQ,5,2015-10-06..2017-06-14,2017-06-14..2019-02-22,26,156,2.434026034201266,-0.06482402349607888,0.7611684154940895,0.006646332420719354,-0.31099516536703825,0.35861445522469326,0.6616562950979666,0.4453074433656958,1545,2.005709826377626,-0.11982256962378497,0.40194174757281553,1.8543325353496258,-0.23197990578077304,0.29579288025889966
etf/SHY,1,2008-12-31..2010-09-09,2010-09-09..2012-05-19,2,156,1.8273917238251174,0.9564916728458842,1.9668560840373461,1.274066259424366,1.274066259424366,1.274066259424366,1.274066259424366,0.17605177993527507,1545,1.0402681211509108,1.1520148199208036,0.1786407766990291,0.8234023017175627,0.7851303285945486,0.1669902912621359
etf/SHY,2,2010-09-09..2012-05-19,2012-05-19..2014-01-26,62,144,1.9668560840373461,-1.721294489723992,0.5484867674875609,-0.7832238957750246,-1.6043330961963405,0.5484867674875609,0.5484867674875609,0.16116504854368932,1545,1.1520148199208036,-1.3165164446261837,0.37346278317152104,0.7851303285945486,-1.4566905172358293,0.3333333333333333
etf/SHY,3,2012-05-19..2014-01-26,2014-01-26..2015-10-06,110,168,0.5484867674875609,1.098283899053598,1.1408246876125991,1.098283899053598,1.098283899053598,1.098283899053598,1.098283899053598,0.23495145631067962,1545,-1.3165164446261837,0.9275364492793858,0.1313915857605178,-1.4566905172358293,0.9666438976398694,0.15857605177993528
etf/SHY,4,2014-01-26..2015-10-06,2015-10-06..2017-06-14,14,162,1.1408246876125991,-1.219030601599155,0.4274109803358434,-0.831655837778831,-1.1888747741630346,-0.4215694486775735,0.4274109803358434,0.23236245954692555,1545,0.9275364492793858,-0.4000480598969337,0.7669902912621359,0.9666438976398694,-0.5961394827388017,0.627831715210356
etf/SHY,5,2015-10-06..2017-06-14,2017-06-14..2019-02-22,118,246,0.4274109803358434,1.0730868081506424,2.0063642821139296,1.1472869222815214,0.9367643334953494,1.4523063025677017,1.582364510504196,0.39158576051779936,1545,-0.4000480598969337,1.5295371572082521,0.8343042071197411,-0.5961394827388017,1.4762723965044953,0.7799352750809061
etf/SPY,1,2008-12-31..2010-09-09,2010-09-09..2012-05-19,38,72,1.0360208474348018,-1.058405586221845,0.683145288398343,-0.9027524897768542,-1.219504528552278,-0.6111083334576874,0.041043198779748595,0.3851132686084142,1545,-0.2049959810403889,-1.0637269978614905,0.3812297734627832,0.024408372891743278,-0.6052420708825004,0.7566343042071197
etf/SPY,2,2010-09-09..2012-05-19,2012-05-19..2014-01-26,2,48,0.683145288398343,0.5636700250290045,2.179057503556069,1.9452205346368794,1.9452205346368794,1.9452205346368794,1.9623012291554647,0.008414239482200648,1545,-1.0637269978614905,2.0680124751671367,0.9462783171521035,-0.6052420708825004,2.058905611127461,0.9320388349514563
etf/SPY,3,2012-05-19..2014-01-26,2014-01-26..2015-10-06,18,126,2.179057503556069,-1.0061633809855048,0.38046418699676016,-0.101014392925503,-0.3404273905911271,0.14658695102275976,0.14658695102275976,0.02330097087378641,1545,2.0680124751671367,0.293774959491544,0.997411003236246,2.058905611127461,0.38046418699676016,0.9993527508090615
etf/SPY,4,2014-01-26..2015-10-06,2015-10-06..2017-06-14,58,132,0.38046418699676016,1.704956064053025,2.0348603104645435,1.7642123714964415,1.7642123714964415,1.7642123714964415,1.7642123714964415,0.15275080906148866,1545,0.293774959491544,1.6928741364630386,0.1268608414239482,0.38046418699676016,1.704956064053025,0.15275080906148866
etf/SPY,5,2015-10-06..2017-06-14,2017-06-14..2019-02-22,10,156,2.0348603104645435,-0.3831422963940549,1.1858446964300084,-0.24994899547126262,-0.6387846701061243,0.10880949552131831,0.6690307777425433,0.40129449838187703,1545,1.6928741364630386,-0.3565985382300251,0.41359223300970877,1.704956064053025,-0.16287319289575722,0.5501618122977346
fut_commodity/BRENT_W,1,1990-09-21..1996-04-22,1996-04-22..2001-11-22,50,84,0.7096928764497477,1.0586214467034905,1.4877871429771548,0.727632100853226,0.584221717563218,0.875600391773256,1.0090733653240789,0.9365695792880259,1545,0.497382563846984,0.9303349462469035,0.8187702265372169,0.4272700044086671,0.8522261117942515,0.7022653721682848
fut_commodity/BRENT_W,2,1996-04-22..2001-11-22,2001-11-22..2007-06-25,2,66,1.4877871429771548,0.6135073332874232,0.9274055199677584,0.6077029362964823,0.489908506344509,0.6861470998130801,0.7439782468405628,0.513915857605178,1545,0.9303349462469035,0.5714744712212095,0.3773462783171521,0.8522261117942515,0.6314064586564393,0.5728155339805825
fut_commodity/BRENT_W,3,2001-11-22..2007-06-25,2007-06-25..2013-01-24,6,360,0.9274055199677584,-0.13421192308719923,0.8511176135346035,-0.3244400909868991,-0.5217658515151697,-0.06452998835796137,0.0824469579139026,0.6815533980582524,1545,0.5714744712212095,-0.23840193301649482,0.5889967637540453,0.6314064586564393,-0.0032394835209301172,0.8245954692556634
fut_commodity/BRENT_W,4,2007-06-25..2013-01-24,2013-01-24..2018-08-26,6,18,0.8511176135346035,0.11569200961437927,0.561419362518665,0.13872764994703687,-0.088590764067673,0.335325865787095,0.43127509266601316,0.47508090614886733,1545,-0.23840193301649482,-0.09669489263575035,0.23883495145631067,-0.0032394835209301172,-0.21781093189120565,0.12427184466019417
fut_commodity/BRENT_W,5,2013-01-24..2018-08-26,2018-08-26..2024-03-28,66,396,0.561419362518665,0.03556036568419571,0.7039351795745167,0.34445296475835285,0.22491519738580976,0.4542526815725588,0.5389180169465246,0.141747572815534,1545,-0.09669489263575035,0.39989733576074304,0.6330097087378641,-0.21781093189120565,0.3865494237901926,0.6019417475728155
fut_commodity/COPPER,1,1995-09-01..2000-06-05,2000-06-05..2005-03-10,2,180,0.6049164934196777,0.6155363025330679,1.008247696883089,0.6043034358519319,0.5099759134542129,0.6918135784918688,0.7854570943924191,0.5352750809061488,1545,-0.031972352145907726,0.5876502266425562,0.4517799352750809,0.13432546433092507,0.6380450043804597,0.597411003236246
fut_commodity/COPPER,2,2000-06-05..2005-03-10,2005-03-10..2009-12-14,82,396,1.008247696883089,-0.4192060053694669,1.5765410275444045,0.18599359746598626,-0.11774923508666187,0.5810360684535667,1.0679934615423574,0.04724919093851133,1545,0.5876502266425562,0.5670288768306591,0.7417475728155339,0.6380450043804597,0.6610535534126638,0.7747572815533981
fut_commodity/COPPER,3,2005-03-10..2009-12-14,2009-12-14..2014-09-18,6,66,1.5765410275444045,-0.23820173404336628,0.13561414936395158,-0.45837611977738085,-0.6218775182393467,-0.32877207756793364,-0.2252571837469585,0.8822006472491909,1545,0.5670288768306591,-0.5341100062607507,0.37087378640776697,0.6610535534126638,-0.4951470392928098,0.41941747572815535
fut_commodity/COPPER,4,2009-12-14..2014-09-18,2014-09-18..2019-06-23,10,48,0.13561414936395158,-0.3027080216826244,0.45657811040733187,-0.14751345938494737,-0.3113718354485831,-0.0009931651291276013,0.160510220173736,0.25954692556634307,1545,-0.5341100062607507,-0.5557110229768484,0.04789644012944984,-0.4951470392928098,-0.6660075297986203,0.012297734627831715
fut_commodity/COPPER,5,2014-09-18..2019-06-23,2019-06-23..2024-03-28,2,306,0.45657811040733187,0.3559680721173937,0.567837863545942,0.006047984095055965,-0.13875900626706264,0.23523333197401936,0.36150599685539586,0.8919093851132686,1545,-0.5557110229768484,0.226081906089018,0.7404530744336569,-0.6660075297986203,0.32043019712718734,0.8478964401294499
fut_commodity/CORN,1,1972-10-18..1981-05-15,1981-05-15..1989-12-11,6,66,0.5478968001723964,0.43162366553711484,0.8595064559244884,0.2901907387659975,0.14476099337170553,0.4359761758700957,0.5944397504702477,0.7462783171521036,1545,-0.01966755213019463,0.4643332550038766,0.7851132686084142,-0.05653470062769887,0.4296363246723339,0.7404530744336569
fut_commodity/CORN,2,1981-05-15..1989-12-11,1989-12-11..1998-07-08,30,48,0.8595064559244884,0.0663493951165781,0.2495176348815297,-0.16743423504175436,-0.23054903877252073,-0.08705110970005854,-0.016535700078736712,0.9676375404530745,1545,0.4643332550038766,-0.23812996843812181,0.22588996763754046,0.4296363246723339,-0.19194902672145725,0.39741100323624595
fut_commodity/CORN,3,1989-12-11..1998-07-08,1998-07-08..2007-02-03,18,42,0.2495176348815297,0.29943917789745883,0.6108290383304342,-0.024101475316368748,-0.14553243282487532,0.07799356998080438,0.2142697099527771,0.9572815533980582,1545,-0.23812996843812181,0.087170775838795,0.7598705501618123,-0.19194902672145725,0.019179783642265632,0.6213592233009708
fut_commodity/CORN,4,1998-07-08..2007-02-03,2007-02-03..2015-08-31,10,24,0.6108290383304342,0.5087226714198938,0.9067296527874732,0.31366170131173693,0.09759463050580365,0.44352176082539896,0.5344144363038185,0.8627831715210356,1545,0.087170775838795,0.41388660494519686,0.6893203883495146,0.019179783642265632,0.4254531741583418,0.7100323624595469
fut_commodity/CORN,5,2007-02-03..2015-08-31,2015-08-31..2024-03-28,2,108,0.9067296527874732,0.17243261904120658,0.40401936020374823,0.16278329987962634,0.10111689126942733,0.23138173578553758,0.27693264335816137,0.541747572815534,1545,0.41388660494519686,0.05868518852802499,0.18122977346278318,0.4254531741583418,0.0019021837025142746,0.09773462783171522
fut_commodity/COTTON,1,2007-02-22..2009-12-28,2009-12-28..2012-11-03,6,54,0.49481503251663506,1.5540532447641613,1.8910894408318748,0.9772120229545328,-0.8846676719633587,1.5233615015190116,1.7202829902169707,0.7786407766990291,1545,-0.25141921508532805,1.7557630998617846,0.9326860841423948,0.19861925821799273,1.7661215922589235,0.9449838187702265
fut_commodity/COTTON,2,2009-12-28..2012-11-03,2012-11-03..2015-09-10,54,108,1.8910894408318748,-0.45798759379759196,0.7347107757652993,-0.21290142382707636,-0.49886606512678183,0.04252891385715338,0.24883943923383064,0.27702265372168283,1545,1.7557630998617846,-0.5521480218519821,0.20388349514563106,1.7661215922589235,-0.5802242073969568,0.1766990291262136
fut_commodity/COTTON,3,2012-11-03..2015-09-10,2015-09-10..2018-07-16,2,372,0.7347107757652993,-0.5860721116435713,0.722300847554908,0.0196677000451862,-0.22812030291207286,0.34800780634153605,0.5278231225542392,0.05177993527508091,1545,-0.5521480218519821,0.21768908448434396,0.6588996763754046,-0.5802242073969568,0.3321555790639287,0.7404530744336569
fut_commodity/COTTON,4,2015-09-10..2018-07-16,2018-07-16..2021-05-22,118,246,0.722300847554908,-0.0651074438583745,1.1183810104987777,0.3166347981166867,0.11560826496397361,0.6137854805316207,0.7473190912508133,0.07702265372168285,1545,0.21768908448434396,0.45991582203921055,0.6213592233009708,0.3321555790639287,0.7441260785700168,0.8925566343042072
fut_commodity/COTTON,5,2018-07-16..2021-05-22,2021-05-22..2024-03-28,10,36,1.1183810104987777,0.14155743995981715,0.7747022777964334,-0.3692970121422769,-0.6952060896578272,-0.0852644338948203,0.1099723156420017,0.917799352750809,1545,0.45991582203921055,0.06894999359207662,0.8796116504854369,0.7441260785700168,0.005498514976361663,0.8420711974110032
fut_commodity/CRUDE_W,1,2004-01-20..2007-06-01,2007-06-01..2010-10-12,6,108,1.4553468133099112,0.5400970612931393,1.3091599705889323,-0.8965930006556065,-1.2311619865909957,-0.14188344157638919,0.477862118221284,0.9106796116504854,1545,1.001973697133665,0.45773677976523314,0.8944983818770227,1.0265084570073038,0.43944460682195896,0.889967637540453
fut_commodity/CRUDE_W,2,2007-06-01..2010-10-12,2010-10-12..2014-02-22,2,24,1.3091599705889323,-0.3992797291297253,0.7028753638966482,-0.8906987230752028,-1.0514319235183185,-0.7363710906891255,-0.5328383616316316,0.9320388349514563,1545,0.45773677976523314,-0.938138225639252,0.42265372168284787,0.43944460682195896,-0.8530847812946611,0.566990291262136
fut_commodity/CRUDE_W,3,2010-10-12..2014-02-22,2014-02-22..2017-07-05,14,30,0.7028753638966482,-0.06279038086119747,0.7957279617822471,-0.18498259164695094,-0.4134591337365438,-0.01672040480886966,0.09659919124635406,0.6957928802588996,1545,-0.938138225639252,-0.4306065397232153,0.2284789644012945,-0.8530847812946611,-0.3294221402876292,0.3333333333333333
fut_commodity/CRUDE_W,4,2014-02-22..2017-07-05,2017-07-05..2020-11-15,6,12,0.7957279617822471,0.8876332019348735,0.9618732153984774,-0.22359360010857451,-0.39366523590076896,-0.01721211825886891,0.2360600939732372,0.9980582524271845,1545,-0.4306065397232153,-0.02662390828397239,0.7430420711974111,-0.3294221402876292,-0.10279595188006622,0.6524271844660194
fut_commodity/CRUDE_W,5,2017-07-05..2020-11-15,2020-11-15..2024-03-28,2,18,0.9618732153984774,-0.4485442668488093,0.91112970630576,0.08570728945914557,-0.15326255490659577,0.38581250898187053,0.5693887006550005,0.0686084142394822,1545,-0.02662390828397239,0.5608023517280505,0.8932038834951457,-0.10279595188006622,0.6257642000541138,0.9281553398058252
fut_commodity/GAS_US,1,1990-07-26..1996-03-05,1996-03-05..2001-10-15,10,18,1.1485445423299507,0.33545164692985124,0.7631657536363529,0.2712694822488944,0.16213361379678762,0.41649011298328503,0.5313855454763391,0.6097087378640776,1545,0.3564330961245552,0.4843463249719701,0.8530744336569579,0.2857848036203645,0.4189589421446394,0.7566343042071197
fut_commodity/GAS_US,2,1996-03-05..2001-10-15,2001-10-15..2007-05-27,26,66,0.7631657536363529,0.2102671118044566,0.4635374288885317,0.0393009991414087,-0.06086055319225832,0.15285888633312814,0.2306230478357967,0.8640776699029126,1545,0.4843463249719701,-0.01919486355807701,0.35016181229773463,0.4189589421446394,0.004157772446438402,0.4045307443365696
fut_commodity/GAS_US,3,2001-10-15..2007-05-27,2007-05-27..2013-01-05,2,216,0.4635374288885317,1.151515922994641,1.3950042481668812,0.9282953250850087,0.7499624250388588,1.196692264244711,1.2641711990965663,0.6990291262135923,1545,-0.01919486355807701,0.6822281638384998,0.1656957928802589,0.004157772446438402,0.6797031785688442,0.1650485436893204
fut_commodity/GAS_US,4,2007-05-27..2013-01-05,2013-01-05..2018-08-17,66,312,1.3950042481668812,0.5935064581398526,0.7788205295918637,0.12393307801739953,-0.02205519127199653,0.4691208075069408,0.5673750454757213,0.9333333333333333,1545,0.6822281638384998,0.053278277149338374,0.3877022653721683,0.6797031785688442,0.06861093384513445,0.42459546925566344
fut_commodity/GAS_US,5,2013-01-05..2018-08-17,2018-08-17..2024-03-28,54,384,0.7788205295918637,0.3931557263141084,0.7837482249070735,0.45534878001909795,0.38268208167461715,0.5645424765907006,0.6425181549204683,0.28996763754045307,1545,0.053278277149338374,0.5568555875434655,0.7313915857605178,0.06861093384513445,0.4574001426266882,0.5042071197411003
fut_commodity/GOLD,1,1975-04-01..1983-05-31,1983-05-31..1991-07-30,2,114,0.9008834292436252,-0.4093424969499457,0.5995512219796143,0.38654736901471143,0.1921618190251952,0.4637753293539975,0.5174027106212448,0.007119741100323625,1545,0.461022923311554,0.11527827688818808,0.17928802588996764,0.577082739044161,0.41534805925197593,0.597411003236246
fut_commodity/GOLD,2,1983-05-31..1991-07-30,1991-07-30..1999-09-29,110,318,0.5995512219796143,0.43531285666179154,0.5468004505293823,0.22586678541565328,0.12926561689168098,0.2976269018749115,0.3664177275298768,0.9870550161812298,1545,0.11527827688818808,0.1970236355219585,0.4181229773462783,0.41534805925197593,0.23890280301232536,0.5521035598705502
fut_commodity/GOLD,3,1991-07-30..1999-09-29,1999-09-29..2007-11-28,6,42,0.5468004505293823,-0.277781679492336,0.7861935063635032,0.6397490966662696,0.13388988859339715,0.7143459350868016,0.7374097723915091,0.08802588996763754,1545,0.1970236355219585,-0.08447285587332999,0.15145631067961166,0.23890280301232536,-0.09781748004654293,0.14563106796116504
fut_commodity/GOLD,4,1999-09-29..2007-11-28,2007-11-28..2016-01-27,118,360,0.7861935063635032,0.762893227178542,0.8602697170501912,0.5091927258499602,0.30228401507837666,0.700322424711396,0.7891211486975706,0.8368932038834952,1545,-0.08447285587332999,0.35246775516713624,0.30032362459546924,-0.09781748004654293,0.45007218706280816,0.42394822006472493
fut_commodity/GOLD,5,2007-11-28..2016-01-27,2016-01-27..2024-03-28,98,336,0.8602697170501912,-0.17422038684491087,0.36892036010189094,-0.24764435758925285,-0.35778013191304886,-0.15000461417397795,-0.06638323276507649,0.7029126213592233,1545,0.35246775516713624,-0.31599269047208234,0.32103559870550163,0.45007218706280816,-0.3176398744261501,0.31974110032362457
fut_commodity/SILVER,1,1970-06-15..1979-06-02,1979-06-02..1988-05-19,62,114,0.492138271821788,0.4324415710387154,1.5512601546846985,0.25257705291312754,0.030568676372798618,0.3936802806739423,0.542747916062729,0.8019417475728156,1545,0.34449026834358365,0.11709257861126146,0.3106796116504854,0.37543162211701914,0.2526950056988273,0.5003236245954693
fut_commodity/SILVER,2,1979-06-02..1988-05-19,1988-05-19..1997-05-06,2,12,1.5512601546846985,-1.0276694078057258,0.1760428574888238,-0.09407980436773171,-0.19178945606350262,0.009684370991031815,0.07215996392680579,0.0006472491909385113,1545,0.11709257861126146,-0.22953324576585257,0.14822006472491908,0.2526950056988273,-0.25029405150853534,0.11067961165048544
fut_commodity/SILVER,3,1988-05-19..1997-05-06,1997-05-06..2006-04-23,58,204,0.1760428574888238,0.25429104441512096,0.6536482970870502,0.33122886068507207,-0.06356511700186507,0.46990466553387084,0.5389775309365946,0.40129449838187703,1545,-0.22953324576585257,-0.15710899261814437,0.1935275080906149,-0.25029405150853534,-0.08283045593424823,0.23559870550161813
fut_commodity/SILVER,4,1997-05-06..2006-04-23,2006-04-23..2015-04-10,102,348,0.6536482970870502,0.22559115008190322,0.5350109186336263,0.23767084385382214,0.16982495239570458,0.3131390125934782,0.3769795670258545,0.4608414239482201,1545,-0.15710899261814437,0.28532333048973263,0.6660194174757281,-0.08283045593424823,0.24925212848040212,0.541747572815534
fut_commodity/SILVER,5,2006-04-23..2015-04-10,2015-04-10..2024-03-28,2,18,0.5350109186336263,-0.05430722149981023,0.12784249927484007,-0.550744844155911,-0.6310435190729794,-0.4575532819032309,-0.36732393829808757,0.997411003236246,1545,0.28532333048973263,-0.6211449446606205,0.2750809061488673,0.24925212848040212,-0.2831025549794598,0.9553398058252427
fut_commodity/SOYBEAN,1,1988-05-13..1994-05-05,1994-05-05..2000-04-27,2,6,-0.047642800055954004,-0.5431752367232403,0.717836311052561,0.004740078482350732,-0.2006744770255905,0.2283028334785883,0.38414604008080655,0.04271844660194175,1545,-0.25983249773312184,0.3106423403705893,0.8310679611650486,-0.28436240787934847,0.02053495080117047,0.5210355987055016
fut_commodity/SOYBEAN,2,1994-05-05..2000-04-27,2000-04-27..2006-04-20,22,120,0.717836311052561,-0.29435257284291627,0.9955126164920705,-0.897218201477599,-1.368994834464216,-0.32518969176268164,0.22865978971748444,0.7624595469255664,1545,0.3106423403705893,-0.5594784929118101,0.656957928802589,0.02053495080117047,-0.5912562744020419,0.6459546925566343
fut_commodity/SOYBEAN,3,2000-04-27..2006-04-20,2006-04-20..2012-04-12,6,84,0.9955126164920705,0.6542076764892026,0.9434455143363469,0.43356168784777227,0.24198049492935608,0.5620187933790279,0.699202159310102,0.8692556634304207,1545,-0.5594784929118101,0.23105207986567672,0.2401294498381877,-0.5912562744020419,0.3688173660799192,0.39935275080906146
fut_commodity/SOYBEAN,4,2006-04-20..2012-04-12,2012-04-12..2018-04-05,34,108,0.9434455143363469,-0.8269889859911264,0.06394691182419593,-0.4947281049535675,-0.6412197526104295,-0.2893275980422619,-0.13389342941911456,0.06537216828478964,1545,0.23105207986567672,-0.8647155689827138,0.04336569579288026,0.3688173660799192,-0.5471437212150793,0.4071197411003236
fut_commodity/SOYBEAN,5,2012-04-12..2018-04-05,2018-04-05..2024-03-28,6,24,0.06394691182419593,-0.30442706245079054,0.5615953567532128,0.3117513152929179,0.15582238307510843,0.39043991523666793,0.4438186892116159,0.012944983818770227,1545,-0.8647155689827138,-0.06495134875988567,0.0634304207119741,-0.5471437212150793,0.19466534086479054,0.28996763754045307
fut_commodity/WHEAT,1,1973-12-19..1982-05-06,1982-05-06..1990-09-21,110,288,0.6387408032727352,0.7783306491001816,0.9039903668216184,0.6680022768589372,0.5310915701707816,0.7508113119087756,0.8011726229254522,0.8258899676375404,1545,0.11848855026865263,0.5906467389473125,0.34433656957928804,0.19118343319227404,0.5489402168510724,0.2750809061488673
fut_commodity/WHEAT,2,1982-05-06..1990-09-21,1990-09-21..1999-02-07,50,330,0.9039903668216184,0.03045522815050681,0.7465743396894742,0.275437781824275,0.17035917936704872,0.3631572227099132,0.43961829069987723,0.12944983818770225,1545,0.5906467389473125,0.35584946172920723,0.7346278317152104,0.5489402168510724,0.3284516862412535,0.6595469255663431
fut_commodity/WHEAT,3,1990-09-21..1999-02-07,1999-02-07..2007-06-25,22,42,0.7465743396894742,-0.46850848127158956,0.45405268898801376,0.1593573132040538,0.0648590839309475,0.25683175112513407,0.34652162016873456,0.032362459546925564,1545,0.35584946172920723,0.33040781390365825,0.8666666666666667,0.3284516862412535,0.3852823096437935,0.9650485436893204
fut_commodity/WHEAT,4,1999-02-07..2007-06-25,2007-06-25..2015-11-10,82,144,0.45405268898801376,-0.025315756314822347,0.5349653646974152,0.018628654619454888,-0.09318155504185317,0.16088820644681706,0.28784558610439825,0.39158576051779936,1545,0.33040781390365825,0.2551625902871465,0.8731391585760517,0.3852823096437935,0.20946046952146696,0.8194174757281554
fut_commodity/WHEAT,5,2007-06-25..2015-11-10,2015-11-10..2024-03-28,2,102,0.5349653646974152,-0.06201545473783226,0.41656429512924226,0.050111165835528076,-0.005660888117742575,0.11225174046178679,0.24190997993609067,0.12362459546925567,1545,0.2551625902871465,-0.0679894914201159,0.11779935275080906,0.20946046952146696,0.0037139007515366532,0.287378640776699
fut_equity/BOVESPA,1,2012-12-12..2014-10-30,2014-10-30..2016-09-16,10,36,1.0476896533711255,0.4496844255204832,0.9182837130969909,-0.3544842760493644,-0.4929883294255115,0.003810680384614873,0.3070362706434508,0.9475728155339805,1545,-1.228666150094162,0.20415231699986072,0.8375404530744337,-1.0572654700919242,0.104086322692326,0.7889967637540453
fut_equity/BOVESPA,2,2014-10-30..2016-09-16,2016-09-16..2018-08-05,34,156,0.9182837130969909,-0.5138925876205718,0.8968378218832991,-0.32079932980277287,-0.7775549134814363,0.4893679702899299,0.8968378218832991,0.40388349514563104,1545,0.20415231699986072,-0.7521569856117594,0.27184466019417475,0.104086322692326,-0.7640885155254244,0.2608414239482201
fut_equity/BOVESPA,3,2016-09-16..2018-08-05,2018-08-05..2020-06-22,118,210,0.8968378218832991,-1.4749509580841782,0.8534965971282886,-1.4722871190614688,-1.7811821269867472,-0.3989355861688014,0.12977983104922083,0.4284789644012945,1545,-0.7521569856117594,-0.9090030036464694,0.6647249190938511,-0.7640885155254244,-1.0482679901215848,0.6161812297734628
fut_equity/BOVESPA,4,2018-08-05..2020-06-22,2020-06-22..2022-05-10,14,30,0.8534965971282886,0.3068843566045601,0.8264291868291561,-0.154267661413907,-0.4128937133015249,-0.0005485672034143034,0.22384613036850848,0.941747572815534,1545,-0.9090030036464694,-0.3653026039788601,0.2744336569579288,-1.0482679901215848,0.1913282026648175,0.8601941747572815
fut_equity/BOVESPA,5,2020-06-22..2022-05-10,2022-05-10..2024-03-28,18,78,0.8264291868291561,-0.3268112982500402,0.0893549395823144,-1.0179177440018492,-1.2448955616809474,-0.7265294403140438,-0.5232243479085958,0.9598705501618123,1545,-0.3653026039788601,-0.7731015015991984,0.6511326860841424,0.1913282026648175,-1.0332943697706878,0.4867313915857605
fut_equity/CAC,1,2009-04-16..2011-10-13,2011-10-13..2014-04-10,6,348,0.6480947098873623,1.0951091629430223,1.4342054442076277,1.0610316879578434,0.7871058965906126,1.2101783301870894,1.2640903950968085,0.5281553398058253,1545,-0.18456923668357883,0.45996944992900124,0.1145631067961165,-0.22520396027192482,0.3476211644248137,0.08608414239482201
fut_equity/CAC,2,2011-10-13..2014-04-10,2014-04-10..2016-10-06,2,282,1.4342054442076277,-1.680999752671071,0.10952773427299956,-0.789065791060502,-1.0983573385046246,-0.5786052941369585,-0.4256642914303823,0.07378640776699029,1545,0.45996944992900124,-0.413793225326996,0.9158576051779935,0.3476211644248137,-0.5142503628463544,0.8239482200647249
fut_equity/CAC,3,2014-04-10..2016-10-06,2016-10-06..2019-04-04,2,12,0.10952773427299956,-0.11907652273047531,0.7836718238383786,-0.2287025730257437,-0.48066093288469797,-0.044779553795138476,0.10483584496160593,0.6504854368932039,1545,-0.413793225326996,-0.2522101224970271,0.47249190938511326,-0.5142503628463544,-0.30392207514858,0.4084142394822006
fut_equity/CAC,4,2016-10-06..2019-04-04,2019-04-04..2021-09-30,6,384,0.7836718238383786,0.6103784955475218,1.0762287141575804,0.05218322829462718,-0.33702035998426105,0.4210838984373836,0.6077677051203578,0.9022653721682848,1545,-0.2522101224970271,-0.33022274878419017,0.2511326860841424,-0.30392207514858,-0.27073698639291277,0.27249190938511325
fut_equity/CAC,5,2019-04-04..2021-09-30,2021-09-30..2024-03-28,14,360,1.0762287141575804,0.1898280891989299,1.2172185089115284,0.3941976520416195,0.07001872847127011,0.700864975593003,1.0033839390156436,0.3423948220064725,1545,-0.33022274878419017,0.13365775885780173,0.29644012944983816,-0.27073698639291277,0.1474588483824409,0.3087378640776699
fut_equity/DAX,1,2000-03-13..2004-03-15,2004-03-15..2008-03-18,34,162,1.0616238155950006,0.574360338681392,1.2519105740939591,0.8207835854657386,0.6716153536202947,0.8929085193948133,0.9520832635863827,0.1372168284789644,1545,0.8226628926720934,0.5898968339165223,0.14951456310679612,0.8739520964205146,0.5862943964349108,0.14627831715210357
fut_equity/DAX,2,2004-03-15..2008-03-18,2008-03-18..2012-03-20,6,288,1.2519105740939591,0.2628913835746142,0.843763040228277,-0.17112828458400037,-0.4189424658862984,0.07401637044584593,0.36104042130438807,0.858252427184466,1545,0.5898968339165223,0.19649510091902758,0.8265372168284789,0.5862943964349108,0.05544535929046716,0.7339805825242719
fut_equity/DAX,3,2008-03-18..2012-03-20,2012-03-20..2016-03-23,38,102,0.843763040228277,0.11073319820183654,0.4503836928710748,-0.03976192892513567,-0.1613663567144918,0.12630711799408956,0.2459711669987148,0.7275080906148867,1545,0.19649510091902758,-0.22143167579515016,0.13980582524271845,0.05544535929046716,0.17119945146580245,0.8129449838187702
fut_equity/DAX,4,2012-03-20..2016-03-23,2016-03-23..2020-03-25,114,318,0.4503836928710748,-1.012879903393713,0.7013658156825072,-0.6497928919713246,-0.8763891779483242,-0.16735730296193121,0.13547260941826508,0.11132686084142394,1545,-0.22143167579515016,-0.019186428065843034,0.8090614886731392,0.17119945146580245,-0.3060511132206393,0.6990291262135923
fut_equity/DAX,5,2016-03-23..2020-03-25,2020-03-25..2024-03-28,2,78,0.7013658156825072,0.24095662827719908,0.9130480894802755,0.09271684666801613,-0.09840727924016515,0.3048498242676322,0.4875198568361126,0.6660194174757281,1545,-0.019186428065843034,0.2614400024886112,0.6919093851132686,-0.3060511132206393,0.3020200367393534,0.7469255663430421
fut_equity/EUROSTX200-LARGE,1,2013-03-12..2015-01-13,2015-01-13..2016-11-15,70,120,0.999776071384596,-0.3627373004552023,0.29160490777862447,-0.69258449770671,-0.9879352218126222,-0.4754668548168591,-0.21181830733696744,0.8110032362459547,1545,0.3886868084574527,-1.061663992906693,0.19741100323624594,0.5412744246088173,-0.47846866852402303,0.7449838187702266
fut_equity/EUROSTX200-LARGE,2,2015-01-13..2016-11-15,2016-11-15..2018-09-19,74,156,0.29160490777862447,-0.27433945492551104,0.08962588437623795,0.03485026260012181,-0.5547127329322665,0.03485026260012181,0.03485026260012181,0.37411003236245954,1545,-1.061663992906693,-0.7019608047621548,0.14692556634304207,-0.47846866852402303,-0.7570044850229396,0.1268608414239482
fut_equity/EUROSTX200-LARGE,3,2016-11-15..2018-09-19,2018-09-19..2020-07-22,10,18,0.08962588437623795,0.8282130260301629,0.9922335109366975,-1.2044780128418326,-1.5140601720212403,-0.6554081828792134,-0.19320015265731685,0.9941747572815534,1545,-0.7019608047621548,-1.5140601720212403,0.24271844660194175,-0.7570044850229396,-2.0066724978989754,0.003883495145631068
fut_equity/EUROSTX200-LARGE,4,2018-09-19..2020-07-22,2020-07-22..2022-05-25,2,12,0.9922335109366975,-0.3363999433461107,1.0288357432470614,0.32863692128380273,0.2421488951726158,0.32863692128380273,0.46658132841808553,0.0970873786407767,1545,-1.5140601720212403,0.05643437185944524,0.1779935275080906,-2.0066724978989754,-0.04012353749005835,0.15016181229773462
fut_equity/EUROSTX200-LARGE,5,2020-07-22..2022-05-25,2022-05-25..2024-03-28,30,78,1.0288357432470614,0.33604507595034605,1.5699935156331524,0.6764138260220899,0.3602582406883704,1.3546148332348618,1.3546148332348618,0.2336569579288026,1545,0.05643437185944524,0.49406291388583606,0.3656957928802589,-0.04012353749005835,0.5514686406018274,0.4077669902912621
fut_equity/FTSE100,1,1984-05-21..1991-01-11,1991-01-11..1997-09-02,6,12,0.743900143962787,-0.7117048338766869,0.46126313579848105,0.14679512049665577,0.06268053172303349,0.24786036498149241,0.32648979678450213,0.0,1545,-0.2374157227880397,0.18111582285901665,0.6084142394822006,-0.16476374837819446,0.20520411831533392,0.6686084142394823
fut_equity/FTSE100,2,1991-01-11..1997-09-02,1997-09-02..2004-04-24,10,354,0.46126313579848105,-0.10731854487216055,0.4406664296704125,0.008047736943856524,-0.0844954786858421,0.1140989080759221,0.2045991916110615,0.2058252427184466,1545,0.18111582285901665,0.057779815627065585,0.6200647249190938,0.20520411831533392,0.003536966885323875,0.4899676375404531
fut_equity/FTSE100,3,1997-09-02..2004-04-24,2004-04-24..2010-12-15,18,90,0.4406664296704125,0.5122121241451277,0.6029728063961531,0.3182296332402559,0.19476396791619519,0.43046327693247977,0.5012258665432636,0.9158576051779935,1545,0.057779815627065585,0.355449390868182,0.5857605177993528,0.003536966885323875,0.3512032133095815,0.5754045307443366
fut_equity/FTSE100,4,2004-04-24..2010-12-15,2010-12-15..2017-08-06,78,156,0.6029728063961531,-0.061924335047204966,0.33662311929716004,-0.035355550695630664,-0.27058394482247805,0.10935423807376639,0.18740540306488926,0.4634304207119741,1545,0.355449390868182,-0.03428158867297478,0.5016181229773463,0.3512032133095815,-0.11185808686190907,0.39546925566343044
fut_equity/FTSE100,5,2010-12-15..2017-08-06,2017-08-06..2024-03-28,86,378,0.33662311929716004,-0.29867598148973473,0.1822527547744983,-0.3833361762402601,-0.4967616562757873,-0.2811423740495812,-0.1557195917020466,0.7152103559870551,1545,-0.03428158867297478,-0.30379926481014646,0.7029126213592233,-0.11185808686190907,-0.4261790712366259,0.3851132686084142
fut_equity/HANG,1,1993-12-09..1998-12-27,1998-12-27..2004-01-15,10,36,0.5200836278257283,0.9274986995387304,0.9912415078916812,0.5875655878621912,0.3995480287741543,0.6963484434580527,0.785925498808484,0.9877022653721683,1545,0.07797749183900135,0.5038398914693988,0.3650485436893204,0.2150820493244163,0.42466495271335386,0.26990291262135924
fut_equity/HANG,2,1998-12-27..2004-01-15,2004-01-15..2009-02-01,18,30,0.9912415078916812,0.3254334039275935,0.9598758919679439,0.7657284152875421,0.6677303233912136,0.8279600545737551,0.872028263303085,0.02394822006472492,1545,0.5038398914693988,0.7513546773240526,0.45372168284789643,0.42466495271335386,0.774910004251848,0.5326860841423948
fut_equity/HANG,3,2004-01-15..2009-02-01,2009-02-01..2014-02-20,94,192,0.9598758919679439,-0.2880392176285892,0.6152518594845229,-0.2611656162257462,-0.3604791017574496,-0.15764081330246887,-0.040036670850843135,0.42459546925566344,1545,0.7513546773240526,-0.40745688130826363,0.1488673139158576,0.774910004251848,-0.3694668974725678,0.2226537216828479
fut_equity/HANG,4,2009-02-01..2014-02-20,2014-02-20..2019-03-10,26,48,0.6152518594845229,0.50798642453083,0.7312148130427971,0.1328055002101225,-0.10133930613218946,0.338106507790965,0.5282705555332994,0.887378640776699,1545,-0.40745688130826363,0.44027792727297216,0.8394822006472492,-0.3694668974725678,0.4661495087041417,0.8621359223300971
fut_equity/HANG,5,2014-02-20..2019-03-10,2019-03-10..2024-03-28,62,96,0.7312148130427971,-0.11207567325843398,0.5274875522864284,0.1524555311350744,-0.033509071580002964,0.2657006827368021,0.3271479238036115,0.1262135922330097,1545,0.44027792727297216,-0.0859268037144972,0.16245954692556636,0.4661495087041417,-0.056293005871629914,0.21229773462783172
fut_equity/IBEX,1,1997-05-09..2001-10-31,2001-10-31..2006-04-25,86,348,0.8973535143829684,0.3462820535097552,1.2347494639443195,0.3982629716820471,0.28616286257813106,0.5891028633330282,0.7351419365914486,0.3864077669902913,1545,0.16896593735865287,0.782049413638775,0.9423948220064725,0.06266171077485869,0.7213977008578286,0.887378640776699
fut_equity/IBEX,2,2001-10-31..2006-04-25,2006-04-25..2010-10-18,34,396,1.2347494639443195,-0.6866629255904918,0.9153512588490057,-0.24953727258579078,-0.4877971271708317,0.0423010002076133,0.3856304371001962,0.04854368932038835,1545,0.782049413638775,0.09802584692198468,0.7812297734627832,0.7213977008578286,0.0422988391328598,0.7488673139158576
fut_equity/IBEX,3,2006-04-25..2010-10-18,2010-10-18..2015-04-11,10,72,0.9153512588490057,-0.004907596353243008,0.877834763072818,0.5678414139908683,0.3617675918546009,0.6697553257835798,0.7403959415698552,0.0627831715210356,1545,0.09802584692198468,0.49430356308438433,0.3779935275080906,0.0422988391328598,0.5210059402737339,0.4168284789644013
fut_equity/IBEX,4,2010-10-18..2015-04-11,2015-04-11..2019-10-04,50,264,0.877834763072818,-0.5273016875280845,0.3056851480270721,-0.4645005262144151,-0.6032277689154102,-0.32488616519264246,-0.07938756122598899,0.3851132686084142,1545,0.49430356308438433,0.03837415256261737,0.9488673139158577,0.5210059402737339,0.16678118054585023,0.9792880258899677
fut_equity/IBEX,5,2015-04-11..2019-10-04,2019-10-04..2024-03-28,74,150,0.3056851480270721,0.011627396417946554,0.7374358578859129,-0.03148515005144464,-0.19842125188623777,0.23163544847624098,0.3860816341441594,0.5501618122977346,1545,0.03837415256261737,-0.27626741799344967,0.15210355987055016,0.16678118054585023,-0.12393822147133766,0.3592233009708738
fut_equity/KOSPI,1,2014-03-13..2015-11-14,2015-11-14..2017-07-18,14,30,0.49084724397346613,0.5815628137516295,2.763878845975707,2.763878845975707,2.763878845975707,2.763878845975707,2.763878845975707,0.02330097087378641,1545,-0.3102382815045538,2.182109397315011,0.13009708737864079,-0.35749732853020355,2.3188942278054876,0.16116504854368932
fut_equity/KOSPI,2,2015-11-14..2017-07-18,2017-07-18..2019-03-21,14,150,2.763878845975707,0.36865944468169076,0.8561743956712722,0.41448008848875184,0.1310115502643605,0.5429333889244361,0.7135327399888826,0.44401294498381877,1545,2.182109397315011,0.39183649146940974,0.44983818770226536,2.3188942278054876,-0.0393333775817861,0.1307443365695793
fut_equity/KOSPI,3,2017-07-18..2019-03-21,2019-03-21..2020-11-22,42,144,0.8561743956712722,-0.2663361494535728,1.1373320032974437,-0.7604797478971469,-1.4305464309138896,-0.14632051190305478,0.6002773415602944,0.7288025889967638,1545,0.39183649146940974,-0.668480899226763,0.540453074433657,-0.0393333775817861,-0.8962210668316097,0.4679611650485437
fut_equity/KOSPI,4,2019-03-21..2020-11-22,2020-11-22..2022-07-26,6,78,1.1373320032974437,0.9814362329849688,1.2056626006737998,0.19455350246446973,-0.31681564046514243,0.43629439715932783,0.8513313434835763,0.9592233009708738,1545,-0.668480899226763,0.4550522175162045,0.7812297734627832,-0.8962210668316097,0.3100979038916255,0.6478964401294498
fut_equity/KOSPI,5,2020-11-22..2022-07-26,2022-07-26..2024-03-29,14,72,1.2056626006737998,-1.1399483689988508,1.2017890869432137,0.42851291207465636,0.09223993720238795,0.6840008305685921,0.959370945396997,0.009061488673139158,1545,0.4550522175162045,0.41740273485945034,0.487378640776699,0.3100979038916255,0.3531457402936356,0.40388349514563104
fut_equity/NIKKEI,1,2011-06-10..2013-07-28,2013-07-28..2015-09-15,118,282,1.6900019314177956,0.8982902648215128,1.218831628282903,0.8982902648215128,0.550763995729861,0.8982902648215128,0.9642087037185026,0.40388349514563104,1545,0.38781951109493606,0.44043358393849474,0.19741100323624594,0.21694021546985257,0.42003085070541946,0.18446601941747573
fut_equity/NIKKEI,2,2013-07-28..2015-09-15,2015-09-15..2017-11-03,18,234,1.218831628282903,1.7145267274437777,1.9851854456916553,0.9755489017587179,0.6945135973276252,1.165979307024819,1.4452679981161343,0.968284789644013,1545,0.44043358393849474,1.0758567119627906,0.6776699029126214,0.42003085070541946,0.8954718890041433,0.4174757281553398
fut_equity/NIKKEI,3,2015-09-15..2017-11-03,2017-11-03..2019-12-22,10,258,1.9851854456916553,-0.676981574054696,0.8158356883590772,-0.5743337266858011,-0.9432619034191414,-0.075539818586365,0.29470014148159285,0.459546925566343,1545,1.0758567119627906,-0.8254017535254999,0.34757281553398056,0.8954718890041433,-0.9432619034191414,0.24983818770226537
fut_equity/NIKKEI,4,2017-11-03..2019-12-22,2019-12-22..2022-02-08,62,324,0.8158356883590772,-0.29250542762093806,1.011746911855309,-0.029882260721617496,-0.29250542762093806,0.5446228554518865,0.8344797825320943,0.08220064724919093,1545,-0.8254017535254999,0.8878691602838071,0.9521035598705502,-0.9432619034191414,0.9323195638770472,0.9864077669902913
fut_equity/NIKKEI,5,2019-12-22..2022-02-08,2022-02-08..2024-03-29,58,150,1.011746911855309,1.1883480141978124,2.4430817760082273,1.470431981313145,1.1159417117680421,2.177537204856978,2.254596058484419,0.3029126213592233,1545,0.8878691602838071,0.6334876065160593,0.11650485436893204,0.9323195638770472,1.0486825098923245,0.22135922330097088
fut_equity/TOPIX,1,2010-03-11..2012-07-13,2012-07-13..2014-11-15,6,30,0.8639949599836992,0.010136654161292481,1.5239970705086328,0.9376258545260985,0.625389934603822,0.9795922225699167,1.103973233011555,0.030420711974110032,1545,-1.1091617075155757,0.6195108051087639,0.24789644012944984,-1.0665118490193402,0.8207689664984668,0.37928802588996763
fut_equity/TOPIX,2,2012-07-13..2014-11-15,2014-11-15..2017-03-20,34,84,1.5239970705086328,0.24889371835036966,0.7938317578338591,-0.31196921391492893,-0.49645810499651893,-0.00555643071616271,0.20299938819656324,0.917799352750809,1545,0.6195108051087639,-0.19984308101619086,0.597411003236246,0.8207689664984668,-0.3362302306821475,0.4446601941747573
fut_equity/TOPIX,3,2014-11-15..2017-03-20,2017-03-20..2019-07-23,10,294,0.7938317578338591,-0.6526219400652822,0.4726335421516076,-0.4825792792747376,-0.9148854822928547,-0.24883315635447043,-0.09513147782321708,0.39223300970873787,1545,-0.19984308101619086,-0.5445975230322656,0.45501618122977344,-0.3362302306821475,-0.469850876914714,0.515210355987055
fut_equity/TOPIX,4,2017-03-20..2019-07-23,2019-07-23..2021-11-24,2,6,0.4726335421516076,-0.39199127588437627,1.7049646435351866,1.236790499908954,0.636569521622176,1.4286870399839968,1.4980561425081889,0.009708737864077669,1545,-0.5445975230322656,-0.04711904810749344,0.036893203883495145,-0.469850876914714,0.08268152361606032,0.0627831715210356
fut_equity/TOPIX,5,2019-07-23..2021-11-24,2021-11-24..2024-03-29,46,210,1.7049646435351866,1.075895739994349,2.495951464832712,1.5196962811613506,0.9793219210739406,2.1214768996765425,2.3533830333052737,0.2906148867313916,1545,-0.04711904810749344,0.5791061207703615,0.14498381877022654,0.08268152361606032,0.6447455312845378,0.15728155339805824
fut_rates/BOBL,1,2008-03-05..2010-11-07,2010-11-07..2013-07-12,2,318,2.2374268376364967,0.5550142627818083,1.535807447180589,0.8609260846475343,0.7202457329596418,0.9992213272411584,1.1380300402442873,0.11132686084142394,1545,1.2623596595252593,0.9710408378094526,0.7003236245954693,1.273331396088739,1.1309573980839058,0.8770226537216829
fut_rates/BOBL,2,2010-11-07..2013-07-12,2013-07-12..2016-03-16,70,162,1.535807447180589,1.5610346543638085,1.9059105161780618,1.2352515551516303,1.1107949815242582,1.4472643540266836,1.610038217512802,0.801294498381877,1545,0.9710408378094526,1.6966203405170979,0.9372168284789644,1.1309573980839058,1.8174641701545085,0.9818770226537217
fut_rates/BOBL,3,2013-07-12..2016-03-16,2016-03-16..2018-11-19,58,120,1.9059105161780618,-0.2257530072966746,0.8604683760677382,-0.2014855210649546,-0.4006301666668738,-0.03344597723535781,0.25796761191569245,0.4692556634304207,1545,1.6966203405170979,-0.4032919930941105,0.24724919093851133,1.8174641701545085,-0.2685554746913339,0.40323624595469254
fut_rates/BOBL,4,2016-03-16..2018-11-19,2018-11-19..2021-07-24,102,336,0.8604683760677382,-0.42082608892182094,0.33246211945073484,-0.47507296731956333,-0.7117494186716725,-0.28799812897948635,-0.1369112118932571,0.5896440129449838,1545,-0.4032919930941105,-0.42552102609653425,0.5812297734627832,-0.2685554746913339,-0.416312513842529,0.596116504854369
fut_rates/BOBL,5,2018-11-19..2021-07-24,2021-07-24..2024-03-28,118,396,0.33246211945073484,0.08236507825652077,0.8689187984585058,0.21667410713564345,0.054654330027362974,0.42907309669005195,0.6052444534676552,0.30032362459546924,1545,-0.42552102609653425,0.4799340884803665,0.7870550161812297,-0.416312513842529,0.6660954045795447,0.9339805825242719
fut_rates/BUND,1,2006-12-01..2009-10-20,2009-10-20..2012-09-09,14,360,0.9790926900019578,1.3551679080566108,1.808137680815978,0.9514674997668027,0.6696093937847075,1.2522299019986813,1.457591812115207,0.8330097087378641,1545,0.01947355517020183,0.862871753432902,0.42006472491909386,0.2143650064178769,1.0347051775625198,0.5766990291262136
fut_rates/BUND,2,2009-10-20..2012-09-09,2012-09-09..2015-07-30,90,378,1.808137680815978,1.4547304239000949,2.1473556689291855,1.4425556393927788,0.6514307016490326,1.7513264533602393,1.8624500750676785,0.5022653721682848,1545,0.862871753432902,-0.16506246731902685,0.06019417475728155,1.0347051775625198,-0.020447490689708508,0.10485436893203884
fut_rates/BUND,3,2012-09-09..2015-07-30,2015-07-30..2018-06-19,82,264,2.1473556689291855,-0.11553283432834448,0.8059929607960405,-0.09179941150555339,-0.4159265009438084,0.21901051311077058,0.5816971789435972,0.48220064724919093,1545,-0.16506246731902685,-0.5361825652077137,0.15598705501618124,-0.020447490689708508,-0.7615789720964696,0.07702265372168285
fut_rates/BUND,4,2015-07-30..2018-06-19,2018-06-19..2021-05-08,46,378,0.8059929607960405,0.12639342395310088,0.9947422498371175,0.15723017017040208,-0.039058539576128336,0.35266040755069655,0.5379556295790716,0.45307443365695793,1545,-0.5361825652077137,0.3507007849405654,0.7436893203883496,-0.7615789720964696,0.3506807715259276,0.7430420711974111
fut_rates/BUND,5,2018-06-19..2021-05-08,2021-05-08..2024-03-28,42,84,0.9947422498371175,0.35089856010674075,0.9880502900228145,0.43755003328149805,0.14676149184898046,0.6024855044353752,0.7377569148967269,0.41877022653721685,1545,0.3507007849405654,0.5944287240370529,0.7404530744336569,0.3506807715259276,0.5202721101466327,0.601294498381877
fut_rates/GILT,1,1993-10-20..1998-11-15,1998-11-15..2003-12-12,98,384,1.074723037111069,-0.6572025143791637,0.3249625597537005,-0.4147158833515019,-0.5337859163358881,-0.23144691058218547,-0.011286753106009458,0.08090614886731391,1545,0.39135007108846415,0.1746159401940835,0.9644012944983819,0.3790263887468696,0.1656863192363111,0.9605177993527508
fut_rates/GILT,2,1998-11-15..2003-12-12,2003-12-12..2009-01-07,2,36,0.3249625597537005,0.35326918728645484,0.7558519211962571,0.257556445398894,0.0604665967747928,0.4263533020014049,0.5173212274145037,0.6084142394822006,1545,0.1746159401940835,0.4466343239174674,0.7857605177993527,0.1656863192363111,0.49036682830052086,0.8634304207119741
fut_rates/GILT,3,2003-12-12..2009-01-07,2009-01-07..2014-02-03,6,330,0.7558519211962571,0.8611426485598073,1.1295318149821667,0.6567237067669836,0.4065637640247617,0.7932628561955896,0.8993676313976766,0.8537216828478964,1545,0.4466343239174674,0.2065104781898137,0.042071197411003236,0.49036682830052086,0.22517541285652115,0.05436893203883495
fut_rates/GILT,4,2009-01-07..2014-02-03,2014-02-03..2019-03-02,42,318,1.1295318149821667,0.27577049254278146,0.6892984184920866,0.21167638554784687,0.03261770517203726,0.3610964469282455,0.5490184383623524,0.6194174757281553,1545,0.2065104781898137,-0.21058316659733362,0.0912621359223301,0.22517541285652115,-0.1038935042003096,0.13980582524271845
fut_rates/GILT,5,2014-02-03..2019-03-02,2019-03-02..2024-03-28,82,354,0.6892984184920866,0.2441028352513009,0.5368670399152247,0.26761538060667384,0.16138247002894823,0.3273380594808072,0.3953245701193847,0.39288025889967637,1545,-0.21058316659733362,0.34102291908332855,0.7825242718446602,-0.1038935042003096,0.3613612502501215,0.8233009708737864
fut_rates/JGB,1,2001-12-04..2005-08-23,2005-08-23..2009-05-13,14,36,1.1608775972176346,-0.26994153902795337,0.603249959141004,-0.034023760307204574,-0.3174725448463528,0.2167323038028849,0.4291839551585591,0.28932038834951457,1545,0.252422568789825,-0.6427222561202296,0.031067961165048542,-0.03546826958349943,-0.6438107912311721,0.030420711974110032
fut_rates/JGB,2,2005-08-23..2009-05-13,2009-05-13..2013-01-30,110,270,0.603249959141004,0.9655531533651588,1.45626118224829,0.7794920307941655,0.6094328067604527,0.9583904838101226,1.1627468610454414,0.7611650485436893,1545,-0.6427222561202296,0.7562081059408469,0.4576051779935275,-0.6438107912311721,0.7681973768831739,0.47184466019417476
fut_rates/JGB,3,2009-05-13..2013-01-30,2013-01-30..2016-10-20,2,390,1.45626118224829,1.1984241821578248,1.5544669905112782,1.2911743757032905,1.211758204256503,1.336415189155176,1.387850742897306,0.17216828478964402,1545,0.7562081059408469,1.353843659685286,0.8142394822006472,0.7681973768831739,1.3604427151547192,0.8349514563106796
fut_rates/JGB,4,2013-01-30..2016-10-20,2016-10-20..2020-07-09,66,144,1.5544669905112782,-0.11991953638776212,0.49054162599316303,-0.43590649449369073,-0.8172685481295136,-0.08588393618232644,0.2771667034899821,0.7262135922330097,1545,1.353843659685286,-0.7827913895882104,0.27313915857605175,1.3604427151547192,0.025962879073388814,0.7967637540453074
fut_rates/JGB,5,2016-10-20..2020-07-09,2020-07-09..2024-03-29,106,312,0.49054162599316303,-0.45847395453917444,0.29643963804175333,-0.6348506052834507,-0.7965408962125521,-0.5368191120494114,-0.44907891393851546,0.8841423948220065,1545,-0.7827913895882104,-1.121392272061151,0.056957928802589,0.025962879073388814,-1.1134123097226185,0.06407766990291262
fut_rates/OAT,1,2012-09-05..2014-08-09,2014-08-09..2016-07-13,82,204,2.7881071646658877,1.9362572110835634,2.1836400431229577,1.3920812201802537,0.7413148873631984,2.125106303627122,2.125106303627122,0.6187702265372168,1545,1.1463685565990147,0.15685403115826227,0.09514563106796116,0.9840250693386293,0.13589943457620443,0.08996763754045307
fut_rates/OAT,2,2014-08-09..2016-07-13,2016-07-13..2018-06-17,70,222,2.1836400431229577,0.2544146984832404,1.2398541959202387,0.23659395742112765,-0.11385157425187696,0.4939072319274073,0.6691798124738413,0.5262135922330097,1545,0.15685403115826227,-0.5140374039845099,0.045307443365695796,0.13589943457620443,-0.37311488257845526,0.10420711974110032
fut_rates/OAT,3,2016-07-13..2018-06-17,2018-06-17..2020-05-20,10,72,1.2398541959202387,-0.17650241498077876,0.9492064717049645,0.676683339851526,0.6028596473678043,0.676683339851526,0.676683339851526,0.05760517799352751,1545,-0.5140374039845099,0.5350771445967827,0.23624595469255663,-0.37311488257845526,0.571589798003477,0.24142394822006472
fut_rates/OAT,4,2018-06-17..2020-05-20,2020-05-20..2022-04-24,70,126,0.9492064717049645,0.29938422937835923,1.4693506224848958,0.23795161306913185,0.0009482997427369675,0.41479428008619634,0.5353820093486861,0.5741100323624595,1545,0.5350771445967827,0.5315365320531458,0.8932038834951457,0.571589798003477,0.332297238256215,0.6187702265372168
fut_rates/OAT,5,2020-05-20..2022-04-24,2022-04-24..2024-03-28,10,24,1.4693506224848958,-1.6063944040926235,0.5061081628093262,-0.3359285245834131,-0.6986556956620152,-0.06816597826280679,-0.017616092958400966,0.007766990291262136,1545,0.5315365320531458,0.022589300063615238,0.913915857605178,0.332297238256215,-0.18565674389174977,0.6220064724919094
fut_rates/US10,1,1992-07-02..1997-10-16,1997-10-16..2003-01-30,6,126,1.1627347691065062,0.47921474375401313,1.1711176700489117,0.7582042554927959,0.6121978476176455,0.8890362953317869,0.9894166530177394,0.08478964401294499,1545,0.6518081046492561,0.5781258042627526,0.19546925566343043,0.7170237036396323,0.6084064445910407,0.24401294498381876
fut_rates/US10,2,1997-10-16..2003-01-30,2003-01-30..2008-05-15,54,342,1.1711176700489117,-0.17942350409277028,0.7032794269771205,-0.1899730625838346,-0.32679566673626076,-0.03976538446918621,0.0743034908919018,0.5216828478964401,1545,0.5781258042627526,-0.30548834696669586,0.28867313915857606,0.6084064445910407,-0.3228309378937965,0.258252427184466
fut_rates/US10,3,2003-01-30..2008-05-15,2008-05-15..2013-08-29,6,30,0.7032794269771205,-0.07174140062059113,1.1715181378905501,0.7647083020503149,0.39159689788603974,0.9692937971892511,1.0418579080882424,0.01488673139158576,1545,-0.30548834696669586,0.2329342611082796,0.141747572815534,-0.3228309378937965,0.5123464158911032,0.3255663430420712
fut_rates/US10,4,2008-05-15..2013-08-29,2013-08-29..2018-12-13,102,264,1.1715181378905501,-0.007648038398602023,0.6243812647156609,0.12004796965632242,-0.028430075664124328,0.25287332606347823,0.34001162462866125,0.283495145631068,1545,0.2329342611082796,0.2044828878770377,0.6446601941747573,0.5123464158911032,0.18635714804099696,0.6142394822006473
fut_rates/US10,5,2013-08-29..2018-12-13,2018-12-13..2024-03-28,14,96,0.6243812647156609,0.673847041435525,1.0402331314705096,0.7034775927063722,0.6171267925716013,0.7883984448583221,0.8708066949328471,0.39546925566343044,1545,0.2044828878770377,0.7580232950990544,0.6705501618122978,0.18635714804099696,0.6548927835400166,0.34110032362459547
fut_rates/US20,1,1993-06-21..1998-08-07,1998-08-07..2003-09-23,6,162,0.9279108638739114,0.08166802757432255,0.6939763005247942,0.17679962388499224,-0.09479608221492508,0.40026455017797274,0.490454534533325,0.42200647249190937,1545,0.7076779712984963,-0.013072615536255052,0.31585760517799355,0.5838154568158507,0.09988369612651037,0.4388349514563107
fut_rates/US20,2,1998-08-07..2003-09-23,2003-09-23..2008-11-08,2,12,0.6939763005247942,0.0475741126726359,0.28207023200683434,-0.13692738009422922,-0.2396437781256234,-0.029148159751338786,0.06617115840414729,0.883495145631068,1545,-0.013072615536255052,-0.01490713541135957,0.7792880258899676,0.09988369612651037,-0.20257062845420237,0.3352750809061489
fut_rates/US20,3,2003-09-23..2008-11-08,2008-11-08..2013-12-25,98,210,0.28207023200683434,0.14124126380543148,0.8639221091238598,0.2420157981343926,0.0672334923623496,0.48228582105201323,0.627899928652812,0.3585760517799353,1545,-0.01490713541135957,0.007614339517077986,0.1825242718446602,-0.20257062845420237,0.05306785983422023,0.23236245954692555
fut_rates/US20,4,2008-11-08..2013-12-25,2013-12-25..2019-02-10,14,360,0.8639221091238598,-0.14570103595485223,0.6993634897347925,-0.2331051643790614,-0.39254585566583683,-0.03759523870158659,0.18324963287270873,0.6220064724919094,1545,0.007614339517077986,0.1556718311641784,0.886084142394822,0.05306785983422023,0.09644311199473478,0.8498381877022654
fut_rates/US20,5,2013-12-25..2019-02-10,2019-02-10..2024-03-28,18,48,0.6993634897347925,0.37544424583559466,0.8819933806193638,0.412872228203554,0.15205329125894476,0.5445738148201377,0.6238587325699315,0.45436893203883494,1545,0.1556718311641784,0.4631144575894129,0.5889967637540453,0.09644311199473478,0.5252340937389186,0.7119741100323624
fx_futures/AUD,1,1987-06-16..1993-08-02,1993-08-02..1999-09-19,14,168,0.7779865349777539,0.2187666234802009,0.7870729964788642,0.17451335511537397,0.027426240508442123,0.3044157889596288,0.42704065541530045,0.5831715210355987,1545,0.49739119446368946,0.3926001264819334,0.8660194174757282,0.5527692116945071,0.5548783988608024,0.9650485436893204
fx_futures/AUD,2,1993-08-02..1999-09-19,1999-09-19..2005-11-05,62,96,0.7870729964788642,0.5140500724715259,1.08890747749767,0.797230175325865,0.6070715885257892,0.9120944667273884,0.9809045347419699,0.20776699029126214,1545,0.3926001264819334,0.7989449418747485,0.5035598705501618,0.5548783988608024,0.7792484662424727,0.4614886731391586
fx_futures/AUD,3,1999-09-19..2005-11-05,2005-11-05..2011-12-23,74,186,1.08890747749767,0.458928626366178,0.8238731943400497,0.5219436318807107,0.36303188433266315,0.6040229352680313,0.6669242173980185,0.33980582524271846,1545,0.7989449418747485,0.31150013971842044,0.21229773462783172,0.7792484662424727,0.32326051718664367,0.22394822006472492
fx_futures/AUD,4,2005-11-05..2011-12-23,2011-12-23..2018-02-08,6,144,0.8238731943400497,0.2505876914288343,0.6491324312090277,-0.23433524071254694,-0.35138689345120105,-0.1129605834304296,0.04073464905698806,0.9786407766990292,1545,0.31150013971842044,-0.2164764040541823,0.537864077669903,0.32326051718664367,-0.2864922714354715,0.37411003236245954
fx_futures/AUD,5,2011-12-23..2018-02-08,2018-02-08..2024-03-28,2,36,0.6491324312090277,-0.1270510182797474,0.4885859592599941,0.001689308418745433,-0.10463051925204225,0.17193330026163947,0.28099610570339206,0.20388349514563106,1545,-0.2164764040541823,-0.32806673557691307,0.01423948220064725,-0.2864922714354715,-0.3027555514281637,0.022006472491909384
fx_futures/CAD,1,1972-09-14..1981-04-17,1981-04-17..1989-11-18,2,18,1.1985367153275834,0.1377766179408734,1.0705614560300776,0.8708090904547652,0.7906952656800086,0.9340451888602149,0.9923422555337686,0.018770226537216828,1545,0.2558358265321884,0.8551267222884719,0.4375404530744337,0.24464274063852823,0.8246946200594601,0.31909385113268607
fx_futures/CAD,2,1981-04-17..1989-11-18,1989-11-18..1998-06-21,38,252,1.0705614560300776,0.05864717484355023,0.648698035203854,0.25734374216890166,0.1483670478335424,0.4241788595600568,0.5009544985070271,0.10097087378640776,1545,0.8551267222884719,-0.009500900042408512,0.04724919093851133,0.8246946200594601,0.07462054280073742,0.13009708737864079
fx_futures/CAD,3,1989-11-18..1998-06-21,1998-06-21..2007-01-22,106,246,0.648698035203854,0.4994836235681653,0.7384908753992605,0.4886963724970259,0.3719888737217176,0.5809455861326196,0.6339502911151745,0.5216828478964401,1545,-0.009500900042408512,0.5080737382318848,0.5385113268608415,0.07462054280073742,0.4891375477677112,0.5016181229773463
fx_futures/CAD,4,1998-06-21..2007-01-22,2007-01-22..2015-08-25,38,228,0.7384908753992605,0.2527837766328677,0.47692022469780593,0.13063386900067736,0.05384958123537389,0.21883719061987095,0.3003345457213487,0.8323624595469256,1545,0.5080737382318848,0.39342182195744696,0.9851132686084142,0.4891375477677112,0.4219582006621488,0.9935275080906149
fx_futures/CAD,5,2007-01-22..2015-08-25,2015-08-25..2024-03-28,18,228,0.47692022469780593,-0.3579439205626353,0.16618032385413833,-0.3254969181232031,-0.4377167596187203,-0.21662162208750754,-0.1226662405911191,0.4174757281553398,1545,0.39342182195744696,-0.533509619565359,0.10614886731391586,0.4219582006621488,-0.5237169327564909,0.11844660194174757
fx_futures/CHF,1,1972-09-14..1981-04-17,1981-04-17..1989-11-18,6,18,1.3292522860631761,0.3388735672417152,1.1816421514748625,0.8593354670874687,0.6866788655014998,0.9785367684912807,1.0555851955582458,0.0006472491909385113,1545,0.6778435616701655,0.9043531222063881,0.602588996763754,0.6204381603038917,0.9643787321171253,0.7307443365695793
fx_futures/CHF,2,1981-04-17..1989-11-18,1989-11-18..1998-06-21,34,222,1.1816421514748625,0.07419444317966796,0.6919340584442454,0.07473664650429897,-0.0694473671200643,0.19455100819351012,0.2954656854199537,0.4970873786407767,1545,0.9043531222063881,0.13089623133462674,0.6122977346278318,0.9643787321171253,0.21272315500442218,0.7883495145631068
fx_futures/CHF,3,1989-11-18..1998-06-21,1998-06-21..2007-01-22,10,36,0.6919340584442454,-0.1417721103116192,0.4982689565807509,0.23600446552076676,0.08454153725987547,0.3443260963107048,0.3995510505387824,0.05566343042071197,1545,0.13089623133462674,0.04014671264405497,0.19223300970873786,0.21272315500442218,0.024383350586883686,0.1715210355987055
fx_futures/CHF,4,1998-06-21..2007-01-22,2007-01-22..2015-08-25,118,228,0.4982689565807509,-0.022305165912624898,0.20298050312396088,-0.08859771311871284,-0.20085465727647844,-0.007373600273297076,0.04436207038181321,0.7029126213592233,1545,0.04014671264405497,0.05452793540269792,0.915210355987055,0.024383350586883686,0.04537591530157607,0.9022653721682848
fx_futures/CHF,5,2007-01-22..2015-08-25,2015-08-25..2024-03-28,82,180,0.20298050312396088,-0.5803183878557296,-0.19782836687206637,-0.5154176384204066,-0.607744540651588,-0.41786759393585376,-0.3447797513045613,0.312621359223301,1545,0.05452793540269792,-0.7096933836064125,0.1029126213592233,0.04537591530157607,-0.6474683549800565,0.1825242718446602
fx_futures/CLP,1,2014-12-31..2016-07-15,2016-07-15..2018-01-29,2,126,1.1320284521766135,-0.047780869790136106,0.8398120465288773,0.3218719703820214,0.11171794671244713,0.5108304170954739,0.6091339564406085,0.15080906148867315,1545,0.6978617741972111,0.49830015229250746,0.7320388349514563,0.516627476612375,0.16931839494231682,0.3016181229773463
fx_futures/CLP,2,2016-07-15..2018-01-29,2018-01-29..2019-08-14,114,180,0.8398120465288773,1.0840450205594256,1.2058052144618763,1.0840450205594256,1.0840450205594256,1.0840450205594256,1.0840450205594256,0.1883495145631068,1545,0.49830015229250746,1.0840450205594256,0.1883495145631068,0.16931839494231682,1.0840450205594256,0.1883495145631068
fx_futures/CLP,3,2018-01-29..2019-08-14,2019-08-14..2021-02-27,42,126,1.2058052144618763,0.3300864275511957,0.9536275219496811,-0.20467602284850622,-0.5392546234557538,0.06846978814616343,0.28530370498138274,0.9184466019417475,1545,1.0840450205594256,0.2606548627250865,0.8841423948220065,1.0840450205594256,0.19616214948665536,0.8433656957928802
fx_futures/CLP,4,2019-08-14..2021-02-27,2021-02-27..2022-09-12,50,90,0.9536275219496811,0.36469289252775194,0.9330733556879948,0.9330733556879948,0.5103876944372167,0.9330733556879948,0.9330733556879948,0.113915857605178,1545,0.2606548627250865,0.30174365014053356,0.07508090614886731,0.19616214948665536,0.25158310251955035,0.05177993527508091
fx_futures/CLP,5,2021-02-27..2022-09-12,2022-09-12..2024-03-28,86,138,0.9330733556879948,-0.1491722852159658,1.1786314341773891,-0.5165602773251239,-0.8591461245841908,-0.06064018086283341,0.3071564762649792,0.6932038834951456,1545,0.30174365014053356,0.15693331979720226,0.8407766990291262,0.25158310251955035,0.529913967736883,0.9533980582524272
fx_futures/CNH,1,2013-05-07..2015-03-01,2015-03-01..2016-12-23,14,30,1.7519222248224633,0.04800079201399647,1.1703662677378919,-0.07225371938671847,-0.4514500625545804,0.23808951046612156,0.4509591356496424,0.6110032362459547,1545,-1.116398436982428,-0.3271197901236626,0.3074433656957929,-1.1758664267791674,-0.3414637512999495,0.3055016181229773
fx_futures/CNH,2,2015-03-01..2016-12-23,2016-12-23..2018-10-17,10,180,1.1703662677378919,1.218910198273213,3.0810951256280936,0.02919589402762538,-0.2870047535228419,1.0881930072992239,2.1719602412950074,0.7728155339805826,1545,-0.3271197901236626,1.3112301121041035,0.7993527508090615,-0.3414637512999495,1.5986240716018953,0.8511326860841424
fx_futures/CNH,3,2016-12-23..2018-10-17,2018-10-17..2020-08-10,6,72,3.0810951256280936,0.004467815641686534,0.8965729015503378,-1.1470819090005424,-1.3881703362403588,-0.7839968864282384,-0.37782273402660493,0.9546925566343042,1545,1.3112301121041035,-0.8663715362473091,0.7003236245954693,1.5986240716018953,-1.3082060220488663,0.3262135922330097
fx_futures/CNH,4,2018-10-17..2020-08-10,2020-08-10..2022-06-04,14,30,0.8965729015503378,1.171310542321991,1.6388214691471692,0.24615440494693744,-0.25283668437991463,0.24615440494693744,0.6419315463399301,0.9702265372168285,1545,-0.8663715362473091,-0.19752551453389866,0.2737864077669903,-1.3082060220488663,-0.4666432248231241,0.18511326860841423
fx_futures/CNH,5,2020-08-10..2022-06-04,2022-06-04..2024-03-29,6,24,1.6388214691471692,0.6967540349487782,1.941214784620455,1.048888820760452,0.5283636028968335,1.4051535964741906,1.8531490976396665,0.3074433656957929,1545,-0.19752551453389866,0.10901079428066845,0.1145631067961165,-0.4666432248231241,-0.44936701276876945,0.012944983818770227
fx_futures/CZK,1,2004-09-13..2007-12-16,2007-12-16..2011-03-19,2,396,1.697254042837194,-0.48748182415830354,1.0855603075294735,-0.4237280747620966,-0.6797068663232682,0.029481049865331163,0.38868588577940627,0.4388349514563107,1545,0.6070218844470637,0.07572054968783165,0.7682847896440129,0.5338672649538677,0.3552135622563716,0.8841423948220065
fx_futures/CZK,2,2007-12-16..2011-03-19,2011-03-19..2014-06-21,2,48,1.0855603075294735,-0.22959702194334866,0.4662156805001071,-0.6290510657895864,-0.8146309763061107,-0.46196665835584544,-0.3205246311802797,0.9631067961165048,1545,0.07572054968783165,-0.24274759629413709,0.9559870550161812,0.3552135622563716,-0.19454270624852496,0.9741100323624595
fx_futures/CZK,3,2011-03-19..2014-06-21,2014-06-21..2017-09-22,110,396,0.4662156805001071,-0.2034642184161962,0.7807011046442389,0.13020953016835113,-0.06306166307695228,0.2933133575364755,0.42338955590641386,0.12362459546925567,1545,-0.24274759629413709,0.07264175248922446,0.4148867313915858,-0.19454270624852496,0.12468409294525391,0.4925566343042071
fx_futures/CZK,4,2014-06-21..2017-09-22,2017-09-22..2020-12-24,18,330,0.7807011046442389,-0.05281566762984042,0.6304202384513479,0.054701740486500276,-0.12239001758689211,0.17617923175114011,0.2652065872549293,0.315210355987055,1545,0.07264175248922446,-0.190942995078443,0.19805825242718447,0.12468409294525391,-0.35072525425720097,0.09449838187702266
fx_futures/CZK,5,2017-09-22..2020-12-24,2020-12-24..2024-03-28,22,216,0.6304202384513479,-0.43137574348771524,0.4927525518363279,-0.46824745225840747,-0.6900981373818319,-0.2550325660257353,0.019478133892871,0.5423948220064725,1545,-0.190942995078443,-0.4547292844402853,0.516504854368932,-0.35072525425720097,-0.5945889490193076,0.34368932038834954
fx_futures/EUR,1,1999-06-15..2003-08-01,2003-08-01..2007-09-18,10,396,1.1551616481362463,-0.16199015467791872,0.7254363665187546,0.07831850806888907,-0.1556127842814381,0.2556645761422626,0.4244197193673797,0.2459546925566343,1545,0.5671569500866281,0.16251676654712868,0.6181229773462783,0.508357951894461,0.2516394043894419,0.7449838187702266
fx_futures/EUR,2,2003-08-01..2007-09-18,2007-09-18..2011-11-05,2,252,0.7254363665187546,-0.033375278703426575,0.6085690276380226,-0.5224257269998495,-0.67612340001665,-0.2376704981954451,0.06287305088437882,0.8427184466019417,1545,0.16251676654712868,-0.22610785822066398,0.7572815533980582,0.2516394043894419,-0.429606433443265,0.6213592233009708
fx_futures/EUR,3,2007-09-18..2011-11-05,2011-11-05..2015-12-23,2,36,0.6085690276380226,0.10689592499497355,0.8776511248667141,0.25864093854690823,0.08474569521582079,0.40707527096506535,0.5055887037248425,0.28802588996763756,1545,-0.22610785822066398,0.34462460575556514,0.6310679611650486,-0.429606433443265,0.3187420558815424,0.5883495145631068
fx_futures/EUR,4,2011-11-05..2015-12-23,2015-12-23..2020-02-09,2,396,0.8776511248667141,0.7738233130503936,1.1209919035001872,0.4864235337285808,0.3317598182311735,0.6720202057182283,0.8285150294112353,0.8537216828478964,1545,0.34462460575556514,0.5371864628865,0.5786407766990291,0.3187420558815424,0.4205513517278971,0.3851132686084142
fx_futures/EUR,5,2015-12-23..2020-02-09,2020-02-09..2024-03-28,10,186,1.1209919035001872,-0.14538794727480175,0.6038207520179334,-0.002260046850019673,-0.16148494463168825,0.16835791378054396,0.3578325931682471,0.27184466019417475,1545,0.5371864628865,0.2319272879345828,0.8116504854368932,0.4205513517278971,0.17192305866548793,0.7553398058252427
fx_futures/GBP,1,1975-12-16..1984-01-02,1984-01-02..1992-01-19,34,366,1.4197087813587947,0.7582914656364282,1.048206740248095,0.4387588275657733,0.3019427974713115,0.604918526721168,0.7246624190492196,0.9288025889967637,1545,1.130534098476764,0.7163528078084364,0.8938511326860842,1.0852487638560695,0.6785626663848663,0.8504854368932039
fx_futures/GBP,2,1984-01-02..1992-01-19,1992-01-19..2000-02-05,2,18,1.048206740248095,-0.535850190380054,0.030789250730777776,-0.2536088501968921,-0.5003865917343291,-0.1567458709507575,-0.0754042588360404,0.22653721682847897,1545,0.7163528078084364,-0.44046862229363526,0.29255663430420714,0.6785626663848663,-0.3725610093574054,0.3359223300970874
fx_futures/GBP,3,1992-01-19..2000-02-05,2000-02-05..2008-02-22,94,222,0.030789250730777776,0.4926297218517102,0.7453564248015182,0.4232099921507784,0.3040911845330623,0.4959212185887187,0.5659410662945329,0.7378640776699029,1545,-0.44046862229363526,0.6754279883997543,0.9805825242718447,-0.3725610093574054,0.6558443441984426,0.9702265372168285
fx_futures/GBP,4,2000-02-05..2008-02-22,2008-02-22..2016-03-10,50,114,0.7453564248015182,-0.0858680210168508,0.7032735583724371,-0.4594808826929005,-0.6492820868328795,-0.18733769705530356,0.11803053690904423,0.7889967637540453,1545,0.6754279883997543,0.009516785468271295,0.8420711974110032,0.6558443441984426,-0.024799602465111554,0.8194174757281554
fx_futures/GBP,5,2008-02-22..2016-03-10,2016-03-10..2024-03-28,6,72,0.7032735583724371,0.1935187247925296,0.5570928078711547,-0.2425155638130583,-0.3809196299449625,-0.10492381340925785,0.1492059536841651,0.919093851132686,1545,0.009516785468271295,0.10101634482661184,0.8841423948220065,-0.024799602465111554,-0.03669092855849886,0.8245954692556634
fx_futures/INR,1,2015-11-09..2017-04-02,2017-04-02..2018-08-25,46,96,1.5694353732973203,0.6008525625621279,0.7742495588829201,0.038433626567227444,-0.18844867842072052,0.26055922567772555,0.3562137724968819,0.9948220064724919,1545,1.3924677677824968,0.274430880567321,0.7559870550161812,1.3924677677824968,0.274430880567321,0.7559870550161812
fx_futures/INR,2,2017-04-02..2018-08-25,2018-08-25..2020-01-18,42,96,0.7742495588829201,0.08042853032210882,0.8243536778312044,0.8243536778312044,0.44556139002500555,0.8243536778312044,0.8243536778312044,0.12815533980582525,1545,0.274430880567321,0.8243536778312044,0.27119741100323624,0.274430880567321,0.8243536778312044,0.27119741100323624
fx_futures/INR,3,2018-08-25..2020-01-18,2020-01-18..2021-06-11,70,108,0.8243536778312044,0.8672629549954758,1.2065287574579424,0.021485911619874426,-0.08983855265405122,0.4260365263462421,0.756174080174281,0.9812297734627832,1545,0.8243536778312044,0.8558542523662491,0.9754045307443365,0.8243536778312044,0.6923448940797109,0.8433656957928802
fx_futures/INR,4,2020-01-18..2021-06-11,2021-06-11..2022-11-03,38,102,1.2065287574579424,-0.2932659114696287,0.48992928936099545,-0.14903319524336311,-0.3110249979689666,0.014298982740950978,0.2555705464107854,0.2841423948220065,1545,0.8558542523662491,0.0069135648422988215,0.7216828478964401,0.6923448940797109,-0.05206226429459468,0.6414239482200648
fx_futures/INR,5,2021-06-11..2022-11-03,2022-11-03..2024-03-28,106,390,0.48992928936099545,0.06354049603005194,0.1277571166042225,-0.4153712986834157,-0.7230650982619212,0.06354049603005194,0.06354049603005194,0.7482200647249191,1545,0.0069135648422988215,-0.4726527826033454,0.4401294498381877,-0.05206226429459468,-0.27971680859905884,0.6330097087378641
fx_futures/JPY,1,1977-06-14..1985-04-01,1985-04-01..1993-01-17,6,48,1.405365399162873,0.7569899189474203,1.111933832567679,0.36521165830805785,0.21469544618824365,0.5098633297734514,0.6315876219031655,0.9411003236245955,1545,0.844595734080393,0.456570006483074,0.6563106796116505,0.7279942743195471,0.47441134978797467,0.686084142394822
fx_futures/JPY,2,1985-04-01..1993-01-17,1993-01-17..2000-11-04,26,60,1.111933832567679,0.6808760076559719,0.8713128930113435,0.2014467969638487,0.0767880894449619,0.2962043281784614,0.388663991419284,0.96957928802589,1545,0.456570006483074,-0.15418010158500342,0.008414239482200648,0.47441134978797467,-0.1660832827013514,0.005177993527508091
fx_futures/JPY,3,1993-01-17..2000-11-04,2000-11-04..2008-08-22,6,78,0.8713128930113435,-0.07490903531807643,0.4054998760417955,-0.06310943729804186,-0.1629018942997315,0.04845642039734907,0.13011612786220905,0.4647249190938511,1545,-0.15418010158500342,0.1143601502607354,0.8737864077669902,-0.1660832827013514,0.2050421278979728,0.9663430420711974
fx_futures/JPY,4,2000-11-04..2008-08-22,2008-08-22..2016-06-09,26,78,0.4054998760417955,0.14120496386551212,0.957489195511852,0.6066300864445439,0.508666595601374,0.6768943716310986,0.7382883954455803,0.07249190938511327,1545,0.1143601502607354,0.45687702824038295,0.18446601941747573,0.2050421278979728,0.558327041063881,0.34757281553398056
fx_futures/JPY,5,2008-08-22..2016-06-09,2016-06-09..2024-03-28,10,396,0.957489195511852,0.3073296840318673,0.7519863583460122,0.38798845909890994,0.20714496515035427,0.46509626289968886,0.5444224721592845,0.3423948220064725,1545,0.45687702824038295,-0.16691193189417883,0.021359223300970873,0.558327041063881,-0.11751736793566918,0.036245954692556634
fx_futures/NOK,1,2002-06-14..2006-01-30,2006-01-30..2009-09-17,62,300,0.7212404046481061,0.1411452805746073,0.8053811422428525,0.2767632386866601,0.026655412639030814,0.4739384360492308,0.5789299732135011,0.3378640776699029,1545,0.09947145041258276,0.3542094314623773,0.5928802588996763,0.020246295835336752,0.13713532230590006,0.3339805825242718
fx_futures/NOK,2,2006-01-30..2009-09-17,2009-09-17..2013-05-06,14,132,0.8053811422428525,-0.4740509401699453,0.34682181170595616,-0.5570062005946973,-0.7737662279412948,-0.37159669990975175,-0.19028567049727854,0.6155339805825243,1545,0.3542094314623773,-0.2267934399174293,0.8718446601941747,0.13713532230590006,-0.35452278511950897,0.7676375404530744
fx_futures/NOK,3,2009-09-17..2013-05-06,2013-05-06..2016-12-22,2,6,0.34682181170595616,-0.22979388295145484,1.144130689672592,0.5775858823739208,0.3160584294485457,0.9444978977726781,1.071608362996479,0.02330097087378641,1545,-0.2267934399174293,0.3606557120776195,0.3035598705501618,-0.35452278511950897,0.2958996583764878,0.23171521035598705
fx_futures/NOK,4,2013-05-06..2016-12-22,2016-12-22..2020-08-09,30,330,1.144130689672592,0.2671895871215367,0.7794971104592986,0.22949268669925119,0.1515030762038774,0.31757828609973454,0.3790830998424515,0.6077669902912621,1545,0.3606557120776195,0.3081807234028702,0.7210355987055016,0.2958996583764878,0.2418056852133362,0.5352750809061488
fx_futures/NOK,5,2016-12-22..2020-08-09,2020-08-09..2024-03-28,14,24,0.7794971104592986,0.024301675757150396,0.7974432606128568,0.17381567223222585,-0.017602707036099875,0.4517368058954192,0.6691535696574951,0.2796116504854369,1545,0.3081807234028702,-0.07500747337874572,0.2181229773462783,0.2418056852133362,0.1434976562001764,0.45372168284789643
fx_futures/NZD,1,2003-03-11..2006-09-12,2006-09-12..2010-03-16,78,132,0.9649479225937936,0.5886415512851885,1.1907040742716948,0.30487062726090053,-0.03703020029522832,0.5763290786670153,0.7590704487987696,0.7611650485436893,1545,0.2983541391047266,0.7292025698472253,0.8841423948220065,0.36507391331770567,0.7297239136902516,0.884789644012945
fx_futures/NZD,2,2006-09-12..2010-03-16,2010-03-16..2013-09-18,38,114,1.1907040742716948,-0.4065542267288789,0.6602049706696316,-0.35033924687312734,-0.6259553997479034,-0.014911880182880265,0.17616607369858364,0.4459546925566343,1545,0.7292025698472253,-0.4685988416357474,0.4,0.7297239136902516,-0.5415128535473709,0.32880258899676373
fx_futures/NZD,3,2010-03-16..2013-09-18,2013-09-18..2017-03-22,70,390,0.6602049706696316,0.037766042820370264,0.6689985893593546,0.06797247565279849,-0.07092844758769325,0.21398607875965409,0.34061241656314645,0.4336569579288026,1545,-0.4685988416357474,0.2572217596710021,0.8084142394822007,-0.5415128535473709,0.3363340968881874,0.8951456310679612
fx_futures/NZD,4,2013-09-18..2017-03-22,2017-03-22..2020-09-23,26,240,0.6689985893593546,-0.2560924730400272,0.5402500424259574,-0.10776706021302376,-0.4266151625480963,0.059372071371953626,0.19876165134856624,0.36763754045307445,1545,0.2572217596710021,-0.623623970546594,0.09514563106796116,0.3363340968881874,-0.6106539220321067,0.10420711974110032
fx_futures/NZD,5,2017-03-22..2020-09-23,2020-09-23..2024-03-28,2,120,0.5402500424259574,-0.7154981098398406,0.7074801400682178,-0.15478703880173086,-0.687609365187008,0.27664650975843696,0.4786973880860243,0.23883495145631067,1545,-0.623623970546594,-0.8853503194237224,0.16116504854368932,-0.6106539220321067,-1.233362974424389,0.037540453074433655
fx_futures/PLN,1,2004-09-08..2007-12-12,2007-12-12..2011-03-16,6,396,1.7044500891985448,-1.7432968911553148,0.9943693512110932,-0.7770244535946366,-1.2142575819086945,-0.2780945901081217,0.21769243253537487,0.040129449838187704,1545,-0.01847070638062783,-0.3061184512281335,0.7411003236245954,0.01180691452322807,-0.1366157489276466,0.7909385113268609
fx_futures/PLN,2,2007-12-12..2011-03-16,2011-03-16..2014-06-18,18,30,0.9943693512110932,-0.2528508960892135,0.6266833770694021,-0.18016135873924127,-0.4221389878472988,0.02497312278083656,0.21094393533355466,0.42330097087378643,1545,-0.3061184512281335,-0.7199283065052381,0.05825242718446602,-0.1366157489276466,-0.7181937733692627,0.06019417475728155
fx_futures/PLN,3,2011-03-16..2014-06-18,2014-06-18..2017-09-20,66,378,0.6266833770694021,-0.039449394367745805,0.6176993716100715,0.035329342978892946,-0.19940791931328247,0.1487710303781248,0.27519683793383415,0.39093851132686086,1545,-0.7199283065052381,0.20599301673592232,0.8284789644012945,-0.7181937733692627,0.32792939352202244,0.9255663430420712
fx_futures/PLN,4,2014-06-18..2017-09-20,2017-09-20..2020-12-23,30,228,0.6176993716100715,0.3012510284582907,0.7102879157604868,-0.06537784973466489,-0.3137091352601042,0.06865610728510625,0.22667931490227647,0.9423948220064725,1545,0.20599301673592232,0.4225347450430595,0.968284789644013,0.32792939352202244,0.31905474625839897,0.9475728155339805
fx_futures/PLN,5,2017-09-20..2020-12-23,2020-12-23..2024-03-28,30,168,0.7102879157604868,0.5168179268383787,0.7453628348918757,0.3548513950046954,0.16425673019495515,0.4890006169658647,0.5861208221477308,0.7883495145631068,1545,0.4225347450430595,0.3603048989935388,0.510032362459547,0.31905474625839897,0.3895904309677931,0.5482200647249191
fx_futures/SEK,1,2002-06-14..2006-01-30,2006-01-30..2009-09-17,66,114,1.0325639227460301,0.7549342119655837,0.850552164259118,0.26064834101702344,0.014655987302537168,0.47364820814762526,0.6161030591949901,0.9805825242718447,1545,0.9188718504423112,0.7558973003702852,0.9818770226537217,0.9108426175210618,0.5989819676660127,0.8854368932038835
fx_futures/SEK,2,2006-01-30..2009-09-17,2009-09-17..2013-05-06,2,186,0.850552164259118,-0.4145525727476827,0.4473702319807567,-0.38586902305703014,-0.6115352908847386,-0.15730081424548478,0.00582169930804215,0.4621359223300971,1545,0.7558973003702852,-0.07686367955205235,0.8330097087378641,0.5989819676660127,-0.18031551344340555,0.7307443365695793
fx_futures/SEK,3,2009-09-17..2013-05-06,2013-05-06..2016-12-22,18,186,0.4473702319807567,0.727697832456093,1.3307790706632476,0.8583106758252682,0.6465427223446908,1.1004994553010539,1.2333817314435895,0.3650485436893204,1545,-0.07686367955205235,0.8296142941710535,0.4692556634304207,-0.18031551344340555,0.7241171721222638,0.3585760517799353
fx_futures/SEK,4,2013-05-06..2016-12-22,2016-12-22..2020-08-09,114,282,1.3307790706632476,-0.12995441541353306,1.1142613156810992,0.5228852316776795,0.2634306384819864,0.7120805188694358,0.8295425497972756,0.01488673139158576,1545,0.8296142941710535,0.21095116903557018,0.19805825242718447,0.7241171721222638,0.33735971177446,0.3093851132686084
fx_futures/SEK,5,2016-12-22..2020-08-09,2020-08-09..2024-03-28,2,330,1.1142613156810992,0.20033952161334936,0.858122974850723,0.3567720772120875,0.11063596933003932,0.6598553513082991,0.7768774829912981,0.31650485436893205,1545,0.21095116903557018,-0.018076615362694767,0.1779935275080906,0.33735971177446,-0.06754018073349193,0.1533980582524272
fx_futures/ZAR,1,1997-06-10..2001-11-27,2001-11-27..2006-05-16,6,204,0.7908903646634663,0.4559333668614098,1.1172734716545099,0.28472181898684645,0.07985387486369146,0.49479740183438065,0.6511489940784858,0.7061488673139159,1545,0.3988357573826516,0.7236043983391846,0.945631067961165,0.26778760567998344,0.7591913011854585,0.9663430420711974
fx_futures/ZAR,2,2001-11-27..2006-05-16,2006-05-16..2010-11-03,38,66,1.1172734716545099,0.374450729353853,0.6437903906964647,0.17827053566293558,0.04098810355206099,0.28989333171586956,0.41933943206266217,0.8530744336569579,1545,0.7236043983391846,0.04828509233144277,0.26990291262135924,0.7591913011854585,0.22071635987470797,0.6116504854368932
fx_futures/ZAR,3,2006-05-16..2010-11-03,2010-11-03..2015-04-22,6,384,0.6437903906964647,0.6499365314441904,0.7717083228463354,0.41174434511539715,0.07784045488013207,0.6087847230847083,0.7328560303628823,0.7889967637540453,1545,0.04828509233144277,0.07784045488013207,0.24983818770226537,0.22071635987470797,0.1213920149874523,0.29449838187702265
fx_futures/ZAR,4,2010-11-03..2015-04-22,2015-04-22..2019-10-09,2,378,0.7717083228463354,-0.15606279477359114,0.6603761946128457,-0.3363595533260507,-0.44971726603518575,-0.21474309799615862,-0.08250067379391902,0.8245954692556634,1545,0.07784045488013207,-0.5600038829860431,0.08802588996763754,0.1213920149874523,-0.5479807707952007,0.10161812297734628
fx_futures/ZAR,5,2015-04-22..2019-10-09,2019-10-09..2024-03-28,2,6,0.6603761946128457,-0.18259817651846796,0.37722573025818606,-0.014042145966841045,-0.18321416430782445,0.07778998284002225,0.15154321694690107,0.2511326860841424,1545,-0.5600038829860431,-0.6011664673189036,0.09320388349514563,-0.5479807707952007,-0.1048538956552002,0.34110032362459547
index/^DJI,1,2008-12-31..2010-09-09,2010-09-09..2012-05-19,78,132,1.2341384422163497,-0.8424736337135673,0.45702391678231763,-0.8663505199907078,-1.1745645742507902,-0.525258221403945,-0.01536114416338779,0.5145631067961165,1545,-0.5229241450597097,-0.6782492258396579,0.6588996763754046,-0.0808568206434064,-0.41063855209786815,0.7967637540453074
index/^DJI,2,2010-09-09..2012-05-19,2012-05-19..2014-01-26,2,54,0.45702391678231763,0.2808291081629708,1.8473709276149837,1.6059525564674226,1.6059525564674226,1.6059525564674226,1.6059525564674226,0.05436893203883495,1545,-0.6782492258396579,1.6724678467730865,0.9495145631067962,-0.41063855209786815,1.7351353273085581,0.9605177993527508
index/^DJI,3,2012-05-19..2014-01-26,2014-01-26..2015-10-06,38,126,1.8473709276149837,0.48514792581751365,0.7012235422161399,-0.40672705725236324,-0.636059601842749,-0.2013006780070455,0.3071081095826251,0.976051779935275,1545,1.6724678467730865,0.6303191903402221,0.996116504854369,1.7351353273085581,0.5590513042936873,0.9902912621359223
index/^DJI,4,2014-01-26..2015-10-06,2015-10-06..2017-06-14,54,132,0.7012235422161399,1.6981084191015317,2.143366490250132,1.966193638917092,1.966193638917092,1.966193638917092,1.966193638917092,0.14563106796116504,1545,0.6303191903402221,1.680997836221887,0.1313915857605178,0.5590513042936873,1.6981084191015317,0.14563106796116504
index/^DJI,5,2015-10-06..2017-06-14,2017-06-14..2019-02-22,10,156,2.143366490250132,-1.1227373905191567,0.9057473299965623,-0.29521421020902916,-0.6904075059564939,0.271748069237654,0.5811236633895853,0.08155339805825243,1545,1.680997836221887,-0.31813104178345136,0.4815533980582524,1.6981084191015317,-0.2783966209172806,0.515210355987055
index/^GSPC,1,2008-12-31..2010-09-09,2010-09-09..2012-05-19,26,132,0.9577754431116441,-0.7689721442673061,0.49458940745419705,-1.0390182337820486,-1.3181269648372416,-0.7860317016977795,-0.48043084335974,0.7669902912621359,1545,0.1850955945369587,-0.7972381782670541,0.7346278317152104,0.35537162662617805,-1.0752855331597073,0.4634304207119741
index/^GSPC,2,2010-09-09..2012-05-19,2012-05-19..2014-01-26,2,54,0.49458940745419705,0.26556236948338224,2.004964366007612,1.7733598945703855,1.7733598945703855,1.7733598945703855,1.7733598945703855,0.009061488673139158,1545,-0.7972381782670541,1.8971076009607164,0.9488673139158577,-1.0752855331597073,1.8860017714106223,0.9346278317152104
index/^GSPC,3,2012-05-19..2014-01-26,2014-01-26..2015-10-06,22,126,2.004964366007612,-0.7778831729700181,0.26990228399437854,-0.2638482700397686,-0.5441860118724287,-0.0676028531897909,0.018514592474196342,0.04466019417475728,1545,1.8971076009607164,-0.5631038621694794,0.23818770226537217,1.8860017714106223,-0.47444950863437,0.26019417475728157
index/^GSPC,4,2014-01-26..2015-10-06,2015-10-06..2017-06-14,78,132,0.26990228399437854,1.488157547005137,1.8198142378122046,1.553322465526885,1.553322465526885,1.553322465526885,1.553322465526885,0.1715210355987055,1545,-0.5631038621694794,1.4778764698681963,0.15598705501618124,-0.47444950863437,1.488157547005137,0.1715210355987055
index/^GSPC,5,2015-10-06..2017-06-14,2017-06-14..2019-02-22,14,156,1.8198142378122046,-0.5090580674397083,1.1247737231583201,-0.3984477179062309,-0.7790948621475277,-0.12686392265400828,0.13994954482548114,0.43106796116504853,1545,1.4778764698681963,-0.18561763063025546,0.6822006472491909,1.488157547005137,-0.34852470628168647,0.5495145631067961
index/^IXIC,1,2008-12-31..2010-09-09,2010-09-09..2012-05-19,22,66,1.2092442139428605,-1.2196651149771331,0.38912879482582446,-0.946924039153168,-1.3604322927019186,-0.4930524250441372,0.03511730105728857,0.3339805825242718,1545,-0.22497123728503704,-0.6407776733822329,0.6815533980582524,0.4078777506020091,-0.46375107062154247,0.7585760517799353
index/^IXIC,2,2010-09-09..2012-05-19,2012-05-19..2014-01-26,2,54,0.38912879482582446,0.659133154083774,2.4567600390433117,2.2628485591578267,2.2628485591578267,2.2628485591578267,2.2628485591578267,0.018122977346278317,1545,-0.6407776733822329,2.379313831258872,0.9605177993527508,-0.46375107062154247,2.266029299151192,0.9210355987055017
index/^IXIC,3,2012-05-19..2014-01-26,2014-01-26..2015-10-06,6,150,2.4567600390433117,-0.5022390204943293,0.7668286696707983,0.32247287137667857,-0.0686992477751367,0.32247287137667857,0.32247287137667857,0.0970873786407767,1545,2.379313831258872,0.27477498964548014,0.39029126213592236,2.266029299151192,0.5366058924131113,0.9799352750809062
index/^IXIC,4,2014-01-26..2015-10-06,2015-10-06..2017-06-14,66,132,0.7668286696707983,1.3781338936749628,2.2686318272554717,1.9035986586367108,1.5051992523684632,1.9035986586367108,1.9035986586367108,0.20906148867313915,1545,0.27477498964548014,1.8241890882626404,0.2912621359223301,0.5366058924131113,1.6593232005043903,0.2789644012944984
index/^IXIC,5,2015-10-06..2017-06-14,2017-06-14..2019-02-22,26,156,2.2686318272554717,-0.5339013011344054,0.8079238023736488,-0.13176478501502564,-0.4922276844374208,0.12414236391487392,0.5235205859869932,0.23754045307443367,1545,1.8241890882626404,-0.05062602844416562,0.601294498381877,1.6593232005043903,-0.09931749264774131,0.543042071197411
index/^RUT,1,2008-12-31..2010-09-09,2010-09-09..2012-05-19,26,72,1.0544850789181601,-0.5556882741127014,0.29232214683188973,-1.1476256553692652,-1.3438437958159934,-0.8888264299522207,-0.5563370467734097,0.8996763754045307,1545,-0.013794798036588875,-0.9756087857400179,0.6647249190938511,0.1423222961774014,-1.2170162334012329,0.4174757281553398
index/^RUT,2,2010-09-09..2012-05-19,2012-05-19..2014-01-26,22,36,0.29232214683188973,1.45899863145225,2.2205096800421273,1.7928707709370897,1.7928707709370897,1.7928707709370897,1.7932906904436972,0.07961165048543689,1545,-0.9756087857400179,2.067207646078651,0.9676375404530745,-1.2170162334012329,2.0380002769735714,0.9546925566343042
index/^RUT,3,2012-05-19..2014-01-26,2014-01-26..2015-10-06,30,126,2.2205096800421273,-0.3655869239939822,0.46876533742795595,-0.6249160840479246,-0.888376960547091,-0.3957566439190426,-0.12461332876623973,0.7760517799352751,1545,2.067207646078651,-0.7255553796145323,0.40388349514563104,2.0380002769735714,-0.6595417974152481,0.4517799352750809
index/^RUT,4,2014-01-26..2015-10-06,2015-10-06..2017-06-14,10,180,0.46876533742795595,1.2862388658350001,1.6551594149623674,1.2862388658350001,1.1613739583685923,1.2862388658350001,1.4926977895333493,0.4148867313915858,1545,-0.7255553796145323,1.19822739649017,0.3255663430420712,-0.6595417974152481,1.2447421751810621,0.37022653721682847
index/^RUT,5,2015-10-06..2017-06-14,2017-06-14..2019-02-22,14,156,1.6551594149623674,-0.28566990536373366,1.0845279079031325,-0.20085257214670693,-0.502729772134749,0.05050466236141415,0.25103122362475594,0.42524271844660194,1545,1.19822739649017,-0.6536498686546056,0.1488673139158576,1.2447421751810621,-0.533915475680627,0.2453074433656958
index_pkg/NDX,1,1999-01-04..2002-05-04,2002-05-04..2005-09-02,54,150,0.932411105246396,0.04228711467690229,1.0848760373766784,0.27684955907258485,-0.013050576893664812,0.5286778252677465,0.7170010526549662,0.3048543689320388,1545,0.5226294521118805,-0.0028407205451497896,0.26019417475728157,0.49610824788692665,-0.39493382038726327,0.010355987055016181
index_pkg/NDX,2,2002-05-04..2005-09-02,2005-09-02..2009-01-01,98,258,1.0848760373766784,0.3652687198587224,0.6160146106372382,0.3800789226976743,0.2966424438462645,0.448795156345084,0.49597213624478964,0.45372168284789643,1545,-0.0028407205451497896,0.453304373697998,0.7650485436893204,-0.39493382038726327,0.42497204937344807,0.6524271844660194
index_pkg/NDX,3,2005-09-02..2009-01-01,2009-01-01..2012-05-02,10,264,0.6160146106372382,-0.43995132687424,1.0763171632442479,0.19523170313635346,-0.08295723863457939,0.5842150757866372,0.8567502597004792,0.06666666666666667,1545,0.453304373697998,-0.08390192673019914,0.24919093851132687,0.42497204937344807,0.20453010402645985,0.5087378640776699
index_pkg/NDX,4,2009-01-01..2012-05-02,2012-05-02..2015-09-01,42,378,1.0763171632442479,0.6810021633332085,1.3542153374253452,0.93596770524824,0.7160142958280394,1.0817623404491892,1.1329302367712568,0.18122977346278318,1545,-0.08390192673019914,0.9150443008217959,0.46537216828478967,0.20453010402645985,0.9126737602627393,0.4627831715210356
index_pkg/NDX,5,2012-05-02..2015-09-01,2015-09-01..2018-12-31,14,228,1.3542153374253452,0.7839238483448638,1.452620897405948,0.7377043728120358,0.5815268574158684,0.9572722892306325,1.0958610597517489,0.570873786407767,1545,0.9150443008217959,1.055640983632226,0.8504854368932039,0.9126737602627393,0.9525093359326372,0.7462783171521036
index_pkg/SPX,1,1999-01-04..2002-05-04,2002-05-04..2005-09-02,74,198,0.7071031658616549,0.21659852085310008,1.1746625760120255,0.6223328578434144,0.2756045301997218,0.8648654389482641,0.9473724099821167,0.20323624595469256,1545,-0.0012089984322161925,0.3718964190979067,0.32880258899676373,0.08741997570127434,0.22561456056508078,0.21035598705501618
index_pkg/SPX,2,2002-05-04..2005-09-02,2005-09-02..2009-01-01,30,258,1.1746625760120255,0.6602238658389172,0.7249610451423825,0.4805942399657308,0.4121225873288922,0.5525171358793064,0.6160842959563866,0.9611650485436893,1545,0.3718964190979067,0.4896266165814565,0.5339805825242718,0.22561456056508078,0.4610807898812916,0.42006472491909386
index_pkg/SPX,3,2005-09-02..2009-01-01,2009-01-01..2012-05-02,70,198,0.7249610451423825,0.10813180395219513,0.966190783664727,0.054753035134846265,-0.1931014022063701,0.24967090562021907,0.5178239169310569,0.5579288025889968,1545,0.4896266165814565,-0.1258985939484705,0.3145631067961165,0.4610807898812916,-0.04546652403722903,0.3812297734627832
index_pkg/SPX,4,2009-01-01..2012-05-02,2012-05-02..2015-09-01,74,378,0.966190783664727,0.4057917941523668,1.229625393711424,0.6535723165750315,0.5418542921926367,0.7793678942384543,0.9233367045037707,0.10032362459546926,1545,-0.1258985939484705,0.8480878675176323,0.8336569579288026,-0.04546652403722903,0.855444927468991,0.8453074433656957
index_pkg/SPX,5,2012-05-02..2015-09-01,2015-09-01..2018-12-31,74,132,1.229625393711424,0.9504777559959012,1.2455834888167814,0.5545503679614886,0.39520510353512345,0.7986447912768132,0.9559664311334736,0.8944983818770227,1545,0.8480878675176323,1.0719222553354544,0.976051779935275,0.855444927468991,0.9135023550440682,0.8491909385113269
stock/AAPL,1,2008-12-31..2010-09-09,2010-09-09..2012-05-19,42,66,2.1958599985692,0.9873048804688545,1.6301610217746652,1.5462153219340737,1.5462153219340737,1.5462153219340737,1.5462153219340737,0.1203883495145631,1545,1.8837933031101877,1.419841512532413,0.1928802588996764,2.042186261476907,1.504783208478041,0.2174757281553398
stock/AAPL,2,2010-09-09..2012-05-19,2012-05-19..2014-01-26,26,150,1.6301610217746652,0.5063374825727912,1.4696172051381218,0.06526006294563717,-0.0023930001746504262,0.4061401822279958,0.779396191971373,0.7922330097087379,1545,1.419841512532413,0.22428061750926323,0.7061488673139159,1.504783208478041,-0.21556888248156292,0.10614886731391586
stock/AAPL,3,2012-05-19..2014-01-26,2014-01-26..2015-10-06,6,48,1.4696172051381218,0.4050351498221999,1.8517931841852227,0.5284423830731534,0.5284423830731534,0.5566850072793487,0.8661358734735732,0.17346278317152103,1545,0.22428061750926323,0.24417631373036733,0.12815533980582525,-0.21556888248156292,0.16357350060090103,0.11715210355987055
stock/AAPL,4,2014-01-26..2015-10-06,2015-10-06..2017-06-14,38,60,1.8517931841852227,0.012987705488030127,1.8195788630714025,0.9785719241879095,0.5509998671767306,1.1360641987122115,1.319897512424769,0.05501618122977346,1545,0.24417631373036733,1.232938284647909,0.8537216828478964,0.16357350060090103,1.2795210493109697,0.8724919093851132
stock/AAPL,5,2015-10-06..2017-06-14,2017-06-14..2019-02-22,2,162,1.8195788630714025,0.6991741871525315,1.061734523642927,-0.09435535695258995,-0.2760374332317017,0.29766330845311967,0.538600229527896,0.9883495145631068,1545,1.232938284647909,0.21390651967521931,0.6660194174757281,1.2795210493109697,-0.10186326938943674,0.49773462783171524
stock/AXP,1,2008-12-31..2010-09-09,2010-09-09..2012-05-19,26,126,1.5980344164982057,-1.2999674909326902,0.869107539981902,0.5172003260406912,-0.33121293825190257,0.5172003260406912,0.5172003260406912,0.05307443365695793,1545,1.0366638887145894,-0.21535619700720027,0.2796116504854369,1.4180143912511793,-0.06737760989908298,0.30097087378640774
stock/AXP,2,2010-09-09..2012-05-19,2012-05-19..2014-01-26,74,132,0.869107539981902,1.9838309204820352,2.3284306342103513,2.0035728460479634,2.0035728460479634,2.0035728460479634,2.0035728460479634,0.143042071197411,1545,-0.21535619700720027,2.0924143337547565,0.9391585760517799,-0.06737760989908298,2.0037186173552994,0.9197411003236245
stock/AXP,3,2012-05-19..2014-01-26,2014-01-26..2015-10-06,22,144,2.3284306342103513,-0.2611744082928879,0.37056341473230103,-0.558642652694811,-0.8716850420105741,-0.3673795636617314,-0.15551184581303568,0.8336569579288026,1545,2.0924143337547565,-0.3708610091597213,0.7469255663430421,2.0037186173552994,-0.3045892127558824,0.8187702265372169
stock/AXP,4,2014-01-26..2015-10-06,2015-10-06..2017-06-14,2,210,0.37056341473230103,0.1571745940343381,1.3354145330049945,0.14434642624075492,-0.005300226822020033,0.3773245897895786,0.6870508676536179,0.5436893203883495,1545,-0.3708610091597213,0.06934899532735872,0.4181229773462783,-0.3045892127558824,-0.24489990921620955,0.17993527508090615
stock/AXP,5,2015-10-06..2017-06-14,2017-06-14..2019-02-22,6,18,1.3354145330049945,0.09250477957570218,1.0099900509810038,1.0099900509810038,0.057265785137721174,1.0099900509810038,1.0099900509810038,0.26019417475728157,1545,0.06934899532735872,-0.44413806598944333,0.15080906148867315,-0.24489990921620955,-0.2320887426281225,0.1941747572815534
stock/BA,1,2008-12-31..2010-09-09,2010-09-09..2012-05-19,34,132,1.5002610461506851,-0.4221063733866404,0.2634727757028041,-1.3363911824499504,-1.6360708827982275,-1.095480743705307,-0.43050765564221616,0.9022653721682848,1545,1.350920716281294,-0.9924087460367494,0.7799352750809061,1.5002610461506851,-1.1860509283906684,0.6990291262135923
stock/BA,2,2010-09-09..2012-05-19,2012-05-19..2014-01-26,10,48,0.2634727757028041,1.4918081728299866,3.0155126108242944,3.0155126108242944,3.0155126108242944,3.0155126108242944,3.0155126108242944,0.016828478964401296,1545,-0.9924087460367494,2.786655241366785,0.1831715210355987,-1.1860509283906684,2.7845954859852213,0.15275080906148866
stock/BA,3,2012-05-19..2014-01-26,2014-01-26..2015-10-06,2,162,3.0155126108242944,-0.6144197197100786,0.19923591464419382,-0.6151879154299285,-0.910643976564548,-0.18901911064917343,-0.02221410540672026,0.5003236245954693,1545,2.786655241366785,-0.6867292830769292,0.4394822006472492,2.7845954859852213,-0.5639615904955502,0.5313915857605178
stock/BA,4,2014-01-26..2015-10-06,2015-10-06..2017-06-14,118,186,0.19923591464419382,1.807019041436795,2.233319894432626,1.7780374868379352,0.9958449747619069,1.9481680944996353,2.0434204901874584,0.5792880258899676,1545,-0.6867292830769292,0.9990469413435066,0.2511326860841424,-0.5639615904955502,1.0953682211646374,0.2977346278317152
stock/BA,5,2015-10-06..2017-06-14,2017-06-14..2019-02-22,102,162,2.233319894432626,0.9160133368023612,1.1863442641140485,1.020572537340147,0.3538338498541924,1.020572537340147,1.020572537340147,0.42653721682847895,1545,0.9990469413435066,0.5733592155928703,0.33980582524271846,1.0953682211646374,0.5347236340065581,0.3294498381877023
stock/CAT,1,2008-12-31..2010-09-09,2010-09-09..2012-05-19,118,348,1.8083639346785139,-0.35891136802377327,1.1532887952775264,-1.3340153223928746,-1.644602235033675,-0.9407295729994516,-0.35891136802377327,0.8699029126213592,1545,1.2500052152683996,-0.802272096521816,0.801294498381877,0.6235821376555541,-1.0653347531367532,0.6977346278317152
stock/CAT,2,2010-09-09..2012-05-19,2012-05-19..2014-01-26,10,30,1.1532887952775264,-1.7709965216186216,-0.0033580677802920395,-1.502786629318011,-1.7340147010469562,-1.2249570694801084,-0.9716745910847218,0.21100323624595468,1545,-0.802272096521816,-1.032510579293231,0.8673139158576052,-1.0653347531367532,-0.37486743447507276,0.9909385113268608
stock/CAT,3,2012-05-19..2014-01-26,2014-01-26..2015-10-06,2,6,-0.0033580677802920395,0.011027184686715251,1.226965985852983,0.15388714291922004,-0.10112363276118458,0.4564653524693542,0.5615405609990076,0.32103559870550163,1545,-1.032510579293231,-0.1650323594349153,0.18381877022653723,-0.37486743447507276,-0.14704814796673232,0.19870550161812298
stock/CAT,4,2014-01-26..2015-10-06,2015-10-06..2017-06-14,6,36,1.226965985852983,-0.4061424367604312,1.8846281346578175,1.6916604247114388,1.6916604247114388,1.6916604247114388,1.6916604247114388,0.005177993527508091,1545,-0.1650323594349153,1.3879164531527433,0.1313915857605178,-0.14704814796673232,1.291683613467674,0.08932038834951456
stock/CAT,5,2015-10-06..2017-06-14,2017-06-14..2019-02-22,6,156,1.8846281346578175,-1.0782722024865141,0.41828072908918706,-1.0499224708367767,-1.3791262430617288,-0.6730305298410765,-0.5480968436624164,0.4647249190938511,1545,1.3879164531527433,-1.843488269161351,0.09190938511326861,1.291683613467674,-1.7257225043699582,0.12297734627831715
stock/CSCO,1,2008-12-31..2010-09-09,2010-09-09..2012-05-19,30,126,1.2441104152932565,-0.12935561330757536,0.7953325544757174,-0.5945702889641634,-0.7628219344921565,-0.3909884144295061,-0.0771465201159893,0.8731391585760517,1545,0.6464076989870319,-0.5381510860985702,0.597411003236246,1.0510393542720926,-0.2699318590290013,0.8135922330097087
stock/CSCO,2,2010-09-09..2012-05-19,2012-05-19..2014-01-26,2,144,0.7953325544757174,-0.05368287501497488,1.2564645059439659,0.5561132425991208,0.09632320372522696,0.5561132425991208,0.5561132425991208,0.141747572815534,1545,-0.5381510860985702,0.3297648010344859,0.4362459546925566,-0.2699318590290013,0.47019709270639987,0.47249190938511326
stock/CSCO,3,2012-05-19..2014-01-26,2014-01-26..2015-10-06,26,114,1.2564645059439659,-0.8436647618178896,0.6423101974364929,0.13073384415042377,-0.1325885889830237,0.6423101974364929,0.6423101974364929,0.02977346278317152,1545,0.3297648010344859,0.09791161495718696,0.44401294498381877,0.47019709270639987,0.09690474403604989,0.44336569579288027
stock/CSCO,4,2014-01-26..2015-10-06,2015-10-06..2017-06-14,110,168,0.6423101974364929,0.8006611265472173,1.285877502686874,0.8006611265472173,0.8006611265472173,0.8006611265472173,0.8286636927342568,0.13462783171521037,1545,0.09791161495718696,0.8729675936155757,0.9145631067961165,0.09690474403604989,0.9239335296495884,0.9313915857605178
stock/CSCO,5,2015-10-06..2017-06-14,2017-06-14..2019-02-22,10,150,1.285877502686874,0.23527223006483228,1.313114309716787,1.2105384495594458,0.9291438869840628,1.2105384495594458,1.2105384495594458,0.0634304207119741,1545,0.8729675936155757,1.1222644829352557,0.2854368932038835,0.9239335296495884,1.137883227076048,0.29255663430420714
stock/CVX,1,2008-12-31..2010-09-09,2010-09-09..2012-05-19,118,216,0.8607661738587505,0.08141288164798993,0.08141288164798993,0.08141288164798993,-0.5533577122736432,0.08141288164798993,0.08141288164798993,0.4,1545,-0.9739820270066187,-1.147288748544933,0.06925566343042071,-1.2649062395994275,-1.065142358915478,0.07896440129449839
stock/CVX,2,2010-09-09..2012-05-19,2012-05-19..2014-01-26,66,168,0.08141288164798993,0.5933883784409643,1.004286768141519,0.5933883784409643,0.5933883784409643,0.5933883784409643,0.5933883784409643,0.1669902912621359,1545,-1.147288748544933,0.8374098885022557,0.9702265372168285,-1.065142358915478,0.8947050179874368,0.9857605177993527
stock/CVX,3,2012-05-19..2014-01-26,2014-01-26..2015-10-06,46,126,1.004286768141519,0.38181099227626175,0.9064868982347443,0.4401531687680549,0.2084806560093235,0.607062623348058,0.6809161545135058,0.4343042071197411,1545,0.8374098885022557,0.3017984531641816,0.34563106796116505,0.8947050179874368,0.2586126548177156,0.29255663430420714
stock/CVX,4,2014-01-26..2015-10-06,2015-10-06..2017-06-14,6,186,0.9064868982347443,-0.4160588617080161,1.1403990265703334,0.673483040657655,0.6554619751496835,0.673483040657655,0.673483040657655,0.02977346278317152,1545,0.3017984531641816,0.4816999327389734,0.2045307443365696,0.2586126548177156,0.6301949031211072,0.23818770226537217
stock/CVX,5,2015-10-06..2017-06-14,2017-06-14..2019-02-22,14,102,1.1403990265703334,-0.6507165575693773,0.5819802143829862,-0.6501661630486142,-0.9610332257672487,-0.288028843852254,0.06918136026623863,0.49902912621359224,1545,0.4816999327389734,-1.1759308395157735,0.11521035598705502,0.6301949031211072,-0.8136487903509807,0.3566343042071197
stock/DIS,1,2008-12-31..2010-09-09,2010-09-09..2012-05-19,26,132,1.4926047276835914,0.37997139971428334,1.381124091922861,-0.9785497544139482,-1.244198076255978,-0.36162821907989384,0.29876546802286374,0.913915857605178,1545,1.1875721796098817,0.1935322500106476,0.8815533980582524,1.4926047276835914,-0.3154328957350987,0.772168284789644
stock/DIS,2,2010-09-09..2012-05-19,2012-05-19..2014-01-26,14,60,1.381124091922861,0.7974672120036609,2.2311065127065337,2.1202837023484884,2.1202837023484884,2.1202837023484884,2.1202837023484884,0.05436893203883495,1545,0.1935322500106476,2.0768116648590307,0.15275080906148866,-0.3154328957350987,2.0791033587619867,0.1663430420711974
stock/DIS,3,2012-05-19..2014-01-26,2014-01-26..2015-10-06,26,120,2.2311065127065337,0.26874483100549873,1.1926445137829564,0.8501055796034308,0.762253511334753,0.8501055796034308,0.8501055796034308,0.08220064724919093,1545,2.0768116648590307,0.7682781887833191,0.255663430420712,2.0791033587619867,0.647325125527207,0.19805825242718447
stock/DIS,4,2014-01-26..2015-10-06,2015-10-06..2017-06-14,6,72,1.1926445137829564,0.18443356388217425,1.4290932693016314,-0.441228690387437,-0.6241562311266469,0.03502169654757029,0.4664334615403635,0.8006472491909385,1545,0.7682781887833191,0.4278501935958848,0.8938511326860842,0.647325125527207,-0.2768498951646925,0.6776699029126214
stock/DIS,5,2015-10-06..2017-06-14,2017-06-14..2019-02-22,6,18,1.4290932693016314,-1.1128795524996196,0.41701731960024163,0.06810890437375124,-0.24615889499788648,0.1797674264133486,0.24819031363086044,0.021359223300970873,1545,0.4278501935958848,-0.23338603353656864,0.2543689320388349,-0.2768498951646925,-0.07968801809515583,0.3106796116504854
stock/GE,1,2008-12-31..2010-09-09,2010-09-09..2012-05-19,2,12,1.0328117326265214,-0.2799358056011107,1.1282206104865657,-1.2696081942232256,-1.5259084058242562,-0.5648213956784285,-0.11234552314339244,0.8517799352750809,1545,-0.6058437582895861,-0.45147981807526766,0.7896440129449838,-0.8015050464804404,-0.4367536749818744,0.7954692556634304
stock/GE,2,2010-09-09..2012-05-19,2012-05-19..2014-01-26,10,60,1.1282206104865657,-0.2981089221338515,1.2398108684773086,1.196304102030781,1.196304102030781,1.196304102030781,1.196304102030781,0.032362459546925564,1545,-0.45147981807526766,1.0648575834614742,0.15210355987055016,-0.4367536749818744,1.1241083190159602,0.1656957928802589
stock/GE,3,2012-05-19..2014-01-26,2014-01-26..2015-10-06,6,150,1.2398108684773086,-0.7904056000746594,0.48751308189491976,-1.2927273816943845,-1.8529519512234947,-0.3521984116429821,-0.17509096612989716,0.6763754045307443,1545,1.0648575834614742,-2.000879664967112,0.17993527508090615,1.1241083190159602,-1.8316795638668046,0.26472491909385115
stock/GE,4,2014-01-26..2015-10-06,2015-10-06..2017-06-14,118,348,0.48751308189491976,-0.4038011521998415,0.5778143212093902,-0.633051858040845,-0.7653925070363021,-0.35887165118114295,-0.10340999794623838,0.6776699029126214,1545,-2.000879664967112,-0.9049483195209337,0.12944983818770225,-1.8316795638668046,-0.8115737390705495,0.19805825242718447
stock/GE,5,2015-10-06..2017-06-14,2017-06-14..2019-02-22,10,18,0.5778143212093902,0.916407926773491,1.461188782277651,0.5418480610814383,0.5418480610814383,0.5418480610814383,0.9402068297983317,0.8919093851132686,1545,-0.9049483195209337,0.9402068297983317,0.8944983818770227,-0.8115737390705495,0.8524243410992617,0.8284789644012945
stock/GS,1,2008-12-31..2010-09-09,2010-09-09..2012-05-19,2,48,1.014350981097591,0.660851207426235,1.207973324313198,0.5424987864173195,0.3605428971194466,0.6712858358228698,0.8225393284386214,0.7449838187702266,1545,-0.84299580394225,-0.09033935855526032,0.05954692556634304,-0.6277557736897789,-0.08949558717377669,0.06019417475728155
stock/GS,2,2010-09-09..2012-05-19,2012-05-19..2014-01-26,14,54,1.207973324313198,0.09330496905557281,1.7009332632800052,1.0872634778298367,1.0872634778298367,1.0872634778298367,1.3705988870288541,0.004530744336569579,1545,-0.09033935855526032,1.6673283386947786,0.9818770226537217,-0.08949558717377669,1.568864150539502,0.940453074433657
stock/GS,3,2012-05-19..2014-01-26,2014-01-26..2015-10-06,34,60,1.7009332632800052,0.5196805805800434,1.0628710183321748,-0.02470594413233647,-0.09370107770387456,0.12840852359758342,0.44237860904166426,0.919093851132686,1545,1.6673283386947786,0.3337157676200506,0.8550161812297734,1.568864150539502,0.6543530787184793,0.9579288025889967
stock/GS,4,2014-01-26..2015-10-06,2015-10-06..2017-06-14,6,72,1.0628710183321748,0.2540259962815478,1.4205652307185566,0.7465788332918926,0.5926377280312909,1.0159970979079282,1.17170381944455,0.06407766990291262,1545,0.3337157676200506,1.2153980390016201,0.9339805825242719,0.6543530787184793,1.0426917664023476,0.8252427184466019
stock/GS,5,2015-10-06..2017-06-14,2017-06-14..2019-02-22,14,180,1.4205652307185566,0.48505653988303776,0.8402172715088848,0.19073694610198516,-0.002966962031143841,0.33100982828139114,0.4445028628544789,0.9488673139158577,1545,1.2153980390016201,0.48188369936963654,0.948220064724919,1.0426917664023476,0.2803577325228671,0.6809061488673139
stock/HD,1,2008-12-31..2010-09-09,2010-09-09..2012-05-19,70,126,0.9619167569927325,-0.3709101568963379,1.2745426778384543,0.27056477330982215,-0.26255429590310575,1.1526968314221,1.1526968314221,0.19870550161812298,1545,0.23335964873546056,-0.8237598077451703,0.036245954692556634,0.6555176099364395,-0.8093222189905331,0.040129449838187704
stock/HD,2,2010-09-09..2012-05-19,2012-05-19..2014-01-26,26,54,1.2745426778384543,1.3262257691793178,1.6058818949419986,1.4352885848145844,1.4352885848145844,1.4352885848145844,1.4352885848145844,0.12427184466019417,1545,-0.8237598077451703,1.2607349524854445,0.0964401294498382,-0.8093222189905331,1.2588444261889125,0.08349514563106795
stock/HD,3,2012-05-19..2014-01-26,2014-01-26..2015-10-06,6,150,1.6058818949419986,1.294739693723672,1.855673262284233,1.3722529682497684,1.3722529682497684,1.3722529682497684,1.6776393366125304,0.04336569579288026,1545,1.2607349524854445,1.723473345423082,0.9236245954692557,1.2588444261889125,1.855673262284233,0.9857605177993527
stock/HD,4,2014-01-26..2015-10-06,2015-10-06..2017-06-14,2,132,1.855673262284233,0.3302989365880276,1.4128284500617363,0.6175324038077982,0.2525049465704782,1.3759317298480032,1.3759317298480032,0.3100323624595469,1545,1.723473345423082,-0.004808206251820818,0.1022653721682848,1.855673262284233,0.06624172995940655,0.13333333333333333
stock/HD,5,2015-10-06..2017-06-14,2017-06-14..2019-02-22,2,96,1.4128284500617363,0.6947668153167574,1.2969072732088458,-0.39752729790304364,-0.6297664827651984,0.011700084208050326,0.48337625489170327,0.9702265372168285,1545,-0.004808206251820818,-0.3477820887675718,0.5359223300970873,0.06624172995940655,-0.2688843940519139,0.5993527508090615
stock/IBM,1,2008-12-31..2010-09-09,2010-09-09..2012-05-19,26,126,1.167247498683176,0.9372108977839296,1.2171920237780207,0.8366653050999999,0.8366653050999999,0.8366653050999999,0.8927763148577748,0.9300970873786408,1545,0.5801274165723284,0.9625615440747148,0.9644012944983819,1.1105388863444823,1.0839074791553702,0.9818770226537217
stock/IBM,2,2010-09-09..2012-05-19,2012-05-19..2014-01-26,46,72,1.2171920237780207,-0.698383427361931,0.09307530964165942,-0.33514906416218354,-0.6105927169944021,-0.2208170178831389,-0.0822721261857088,0.15145631067961166,1545,0.9625615440747148,-0.23468209290368927,0.7184466019417476,1.0839074791553702,-0.15764760913556944,0.7766990291262136
stock/IBM,3,2012-05-19..2014-01-26,2014-01-26..2015-10-06,66,192,0.09307530964165942,-1.2322502886198339,0.4553838850097804,-0.6450949081601509,-1.2531504171876997,-0.5026525906927843,-0.16281771061513942,0.26537216828478966,1545,-0.23468209290368927,-1.191493112716908,0.29514563106796116,-0.15764760913556944,-1.1218287291889861,0.3365695792880259
stock/IBM,4,2014-01-26..2015-10-06,2015-10-06..2017-06-14,14,114,0.4553838850097804,0.34471272274556136,1.4284418914165464,0.3121675367222658,0.19962240732385303,0.3121675367222658,0.6606805342768707,0.7889967637540453,1545,-1.191493112716908,0.2975455223900158,0.3275080906148867,-1.1218287291889861,0.2640884642630651,0.29579288025889966
stock/IBM,5,2015-10-06..2017-06-14,2017-06-14..2019-02-22,2,96,1.4284418914165464,-0.7356120703451062,0.7211381346200098,-0.9893255296261091,-1.1609054414034934,-0.7969748837023071,-0.4720211426376161,0.7954692556634304,1545,0.2975455223900158,-1.1360894015566474,0.29255663430420714,0.2640884642630651,-1.180282793831363,0.2336569579288026
stock/INTC,1,2008-12-31..2010-09-09,2010-09-09..2012-05-19,26,60,1.517969245580856,-0.4603535487485544,1.2665414125325596,0.7707025581854846,0.0013086754788705888,0.7707025581854846,0.7707025581854846,0.07184466019417475,1545,0.48714186180486374,0.07817521837438016,0.3016181229773463,1.0182694530143956,0.4782914399704524,0.42394822006472493
stock/INTC,2,2010-09-09..2012-05-19,2012-05-19..2014-01-26,78,150,1.2665414125325596,-0.6054375855540409,0.42887080205609146,-0.5154899042385068,-0.7946033141676576,-0.2931106695948706,-0.17513852151810438,0.43042071197411,1545,0.07817521837438016,-0.3001285767361112,0.7255663430420712,0.4782914399704524,-0.5602122163692331,0.4524271844660194
stock/INTC,3,2012-05-19..2014-01-26,2014-01-26..2015-10-06,46,72,0.42887080205609146,0.700361745093317,1.2002935652684124,-0.8571103213764454,-0.9796171817193727,-0.6489017918996697,-0.051854933448992134,0.9851132686084142,1545,-0.3001285767361112,-0.7049696303717813,0.683495145631068,-0.5602122163692331,-0.24220312349515116,0.8724919093851132
stock/INTC,4,2014-01-26..2015-10-06,2015-10-06..2017-06-14,6,18,1.2002935652684124,-0.3285555085363904,0.9122842448361909,0.4924554938474647,0.43367763705440443,0.7187706711721464,0.8602134237275617,0.08284789644012945,1545,-0.7049696303717813,0.6644261368037022,0.6097087378640776,-0.24220312349515116,0.5369851476486012,0.5877022653721683
stock/INTC,5,2015-10-06..2017-06-14,2017-06-14..2019-02-22,42,168,0.9122842448361909,0.23208990903997706,0.9241336834233526,0.46789515652938757,-0.034830721583826406,0.8488596793220087,0.8488596793220087,0.3948220064724919,1545,0.6644261368037022,0.06808917728525761,0.3048543689320388,0.5369851476486012,-0.052796837195739584,0.23948220064724918
stock/JNJ,1,2008-12-31..2010-09-09,2010-09-09..2012-05-19,2,120,1.1407685713049183,-1.6104631788229897,0.21870644202330472,0.07925327524041871,-0.31583591639950354,0.07925327524041871,0.07925327524041871,0.09255663430420712,1545,-0.20255115733614426,-0.39926785955691707,0.21229773462783172,0.14196738010856902,-0.4311350900460751,0.20194174757281552
stock/JNJ,2,2010-09-09..2012-05-19,2012-05-19..2014-01-26,22,156,0.21870644202330472,2.0384650397819635,2.1511130855753104,1.9774201584259434,1.9774201584259434,1.9774201584259434,2.0357256140991664,0.9003236245954692,1545,-0.39926785955691707,2.053237218304186,0.919093851132686,-0.4311350900460751,2.1511130855753104,0.9857605177993527
stock/JNJ,3,2012-05-19..2014-01-26,2014-01-26..2015-10-06,2,132,2.1511130855753104,-1.4514916343581603,0.4738540994065454,-0.6530957738445743,-0.8639113704505956,-0.3923603259790135,0.016598647575340186,0.056957928802589,1545,2.053237218304186,0.20318487613672148,0.9566343042071197,2.1511130855753104,0.40388942902088865,0.9928802588996763
stock/JNJ,4,2014-01-26..2015-10-06,2015-10-06..2017-06-14,50,78,0.4738540994065454,1.3500876756144775,1.7554049592817365,1.5086381156889295,1.5086381156889295,1.5086381156889295,1.5086381156889295,0.229126213592233,1545,0.20318487613672148,0.6489279424436176,0.11197411003236246,0.40388942902088865,0.968283446364714,0.1766990291262136
stock/JNJ,5,2015-10-06..2017-06-14,2017-06-14..2019-02-22,82,126,1.7554049592817365,-0.6848539963496135,0.6984285631614394,-0.3626856076396088,-0.5421534012902809,-0.21673826519841477,-0.06873744276405132,0.13915857605177995,1545,0.6489279424436176,-0.7304556193873922,0.12168284789644013,0.968283446364714,-1.0292201718483271,0.02912621359223301
stock/JPM,1,2008-12-31..2010-09-09,2010-09-09..2012-05-19,54,126,0.6829237338974099,-0.44992503638820375,1.0597146793870953,-0.6957349920857764,-1.4396594764090958,-0.44952500118870137,0.025397350401957675,0.7417475728155339,1545,0.2338357598894515,-0.4761664146349864,0.7035598705501618,0.25782502389520523,-0.5841638617539873,0.5870550161812298
stock/JPM,2,2010-09-09..2012-05-19,2012-05-19..2014-01-26,10,42,1.0597146793870953,0.5269455983510645,1.6095503258842971,1.1217183906218786,1.1217183906218786,1.1217183906218786,1.3463819736204747,0.03365695792880259,1545,-0.4761664146349864,1.4559121864246003,0.948220064724919,-0.5841638617539873,1.5715070677912713,0.9637540453074434
stock/JPM,3,2012-05-19..2014-01-26,2014-01-26..2015-10-06,10,126,1.6095503258842971,-0.8978565139416483,0.6600636621626681,0.2881379751497616,-0.3162215665414283,0.2881379751497616,0.2881379751497616,0.05631067961165048,1545,1.4559121864246003,-0.2893203922204726,0.2627831715210356,1.5715070677912713,0.44560182025050776,0.972168284789644
stock/JPM,4,2014-01-26..2015-10-06,2015-10-06..2017-06-14,66,132,0.6600636621626681,1.8514371232197815,1.9758203722406689,1.6573366318238067,1.3639487322079231,1.6573366318238067,1.6573366318238067,0.9851132686084142,1545,-0.2893203922204726,1.7233309114128719,0.9618122977346278,0.44560182025050776,1.4790255489779691,0.26925566343042073
stock/JPM,5,2015-10-06..2017-06-14,2017-06-14..2019-02-22,62,144,1.9758203722406689,-0.3871464362573936,0.9226339512603065,-0.515689604633829,-0.7610632119791353,-0.2166436875716253,0.0982906062040604,0.5941747572815534,1545,1.7233309114128719,-0.18066790710189856,0.7611650485436893,1.4790255489779691,-0.127960030918765,0.7851132686084142
stock/KO,1,2008-12-31..2010-09-09,2010-09-09..2012-05-19,66,156,1.5098167035085373,0.8908610988945094,1.2215293619604246,0.9788753497242046,0.9788753497242046,0.9788753497242046,0.9788753497242046,0.14563106796116504,1545,0.6873787238051944,1.0124824073826129,0.9236245954692557,0.3176875945126551,1.1701736127329345,0.9702265372168285
stock/KO,2,2010-09-09..2012-05-19,2012-05-19..2014-01-26,34,102,1.2215293619604246,-0.5003513943588523,0.5712547560940401,-0.12641129665665715,-0.46175725896476705,0.5712547560940401,0.5712547560940401,0.22200647249190938,1545,1.0124824073826129,-0.7039380965546792,0.1029126213592233,1.1701736127329345,-0.5328290006479984,0.19870550161812298
stock/KO,3,2012-05-19..2014-01-26,2014-01-26..2015-10-06,106,168,0.5712547560940401,-1.303885816606881,0.08149997863572257,-1.164282245641022,-1.4657726718681723,-0.8293536798384817,-0.609761964272883,0.36699029126213595,1545,-0.7039380965546792,-1.052454749906438,0.5754045307443366,-0.5328290006479984,-0.9662315128173681,0.6122977346278318
stock/KO,4,2014-01-26..2015-10-06,2015-10-06..2017-06-14,118,312,0.08149997863572257,-0.09522286921595056,0.9764824682322835,-0.08274636181193101,-0.28458723855010654,0.12439738968080537,0.4118666577154998,0.484789644012945,1545,-1.052454749906438,0.3574900093391419,0.8841423948220065,-0.9662315128173681,-0.10108897527457886,0.47637540453074434
stock/KO,5,2015-10-06..2017-06-14,2017-06-14..2019-02-22,46,72,0.9764824682322835,0.010717950861081448,0.4503950174628847,-0.25191773069897344,-0.45275761028688966,-0.09070416427847436,0.044427930583163126,0.8724919093851132,1545,0.3574900093391419,-0.2874393321360651,0.44207119741100326,-0.10108897527457886,-0.2634513429116875,0.47313915857605177
stock/MCD,1,2008-12-31..2010-09-09,2010-09-09..2012-05-19,18,192,1.8911953376822737,0.9733238583784418,1.5559343742362362,0.9733238583784418,0.9733238583784418,0.9733238583784418,1.0100286242747463,0.15857605177993528,1545,0.9918332968637907,0.994370619066178,0.8944983818770227,1.0275157248745794,0.8661959883273573,0.1145631067961165
stock/MCD,2,2010-09-09..2012-05-19,2012-05-19..2014-01-26,2,156,1.5559343742362362,-0.2595043891380596,0.6612577787107223,0.563488179754212,0.129460861319125,0.563488179754212,0.5861521563634976,0.19676375404530744,1545,0.994370619066178,-0.2129550449443835,0.20258899676375405,0.8661959883273573,-0.15489021849457166,0.20711974110032363
stock/MCD,3,2012-05-19..2014-01-26,2014-01-26..2015-10-06,118,282,0.6612577787107223,-0.02716855171871979,0.6510142521906558,-0.6482952245506097,-0.9120364530479386,-0.388143986795208,-0.004845496267020482,0.8912621359223301,1545,-0.2129550449443835,-0.7159757668377167,0.42265372168284787,-0.15489021849457166,-0.6988349051749259,0.4336569579288026
stock/MCD,4,2014-01-26..2015-10-06,2015-10-06..2017-06-14,118,312,0.6510142521906558,1.8501706026722007,1.8501706026722007,1.1151738728471872,0.8729965722761205,1.8501706026722007,1.8501706026722007,0.6504854368932039,1545,-0.7159757668377167,0.6295606352055868,0.09061488673139159,-0.6988349051749259,0.34997560106020537,0.007766990291262136
stock/MCD,5,2015-10-06..2017-06-14,2017-06-14..2019-02-22,114,186,1.8501706026722007,0.9077346117827353,0.9077346117827353,0.5066398381662172,-0.5331182838442144,0.9077346117827353,0.9077346117827353,0.5838187702265372,1545,0.6295606352055868,-0.6552418923662163,0.19611650485436893,0.34997560106020537,-0.6187104908143842,0.20841423948220064
stock/MMM,1,2008-12-31..2010-09-09,2010-09-09..2012-05-19,46,120,1.643561456344732,-0.948411412800618,0.2531319391419457,-1.0721963926310634,-1.271855175821124,-0.7469494023615317,-0.29135720923141445,0.625242718446602,1545,1.288801011063617,-0.7088181194376088,0.7598705501618123,1.5019505489245175,-1.076618265787466,0.4867313915857605
stock/MMM,2,2010-09-09..2012-05-19,2012-05-19..2014-01-26,34,72,0.2531319391419457,1.5491645819359428,2.5356735460070072,2.293929964867178,2.293929964867178,2.293929964867178,2.3293227924369573,0.04983818770226537,1545,-0.7088181194376088,2.436409499743682,0.944336569579288,-1.076618265787466,2.4625555032619513,0.9592233009708738
stock/MMM,3,2012-05-19..2014-01-26,2014-01-26..2015-10-06,26,126,2.5356735460070072,-0.22593565009490127,0.9759438485085807,0.04837677448157687,-0.1896599512512616,0.3221372335201484,0.510509996916739,0.19223300970873786,1545,2.436409499743682,0.7716771945875179,0.9766990291262136,2.4625555032619513,0.9759438485085807,0.9993527508090615
stock/MMM,4,2014-01-26..2015-10-06,2015-10-06..2017-06-14,58,132,0.9759438485085807,1.9518696187899605,2.24599468252171,2.1503729270013276,2.092571265961172,2.1503729270013276,2.1503729270013276,0.17993527508090615,1545,0.7716771945875179,1.9936214550458196,0.19935275080906148,0.9759438485085807,1.9518696187899605,0.17993527508090615
stock/MMM,5,2015-10-06..2017-06-14,2017-06-14..2019-02-22,62,96,2.24599468252171,-0.5712342336871277,0.3333221996764782,-0.8011562750403289,-0.9795488901910144,-0.6967833974090522,-0.5391541483089894,0.8498381877022654,1545,1.9936214550458196,-0.9549952502529893,0.30032362459546924,1.9518696187899605,-0.8558639168660216,0.4284789644012945
stock/MRK,1,2008-12-31..2010-09-09,2010-09-09..2012-05-19,2,6,1.2588712324160958,-1.0154171016633615,0.681113423694472,-1.136337317072925,-1.39504799828281,-0.6228266679018989,-0.17223519803078619,0.5857605177993528,1545,0.03386673584811021,-1.465476667897952,0.16181229773462782,-0.4291244089136776,-1.8812691484540311,0.0006472491909385113
stock/MRK,2,2010-09-09..2012-05-19,2012-05-19..2014-01-26,6,90,0.681113423694472,-0.24888558800973723,1.5230878907845669,1.3290819699224037,1.1877826691717208,1.3290819699224037,1.3290819699224037,0.060841423948220064,1545,-1.465476667897952,0.9696637877232378,0.22006472491909385,-1.8812691484540311,1.07543019863766,0.2284789644012945
stock/MRK,3,2012-05-19..2014-01-26,2014-01-26..2015-10-06,46,150,1.5230878907845669,-0.7826969956273152,0.39426092127455803,-0.3365031291405289,-0.6820056710336745,-0.19044773484753535,0.06415642339762362,0.2336569579288026,1545,0.9696637877232378,-0.5852275228552695,0.2841423948220065,1.07543019863766,-0.4709442235903234,0.37475728155339805
stock/MRK,4,2014-01-26..2015-10-06,2015-10-06..2017-06-14,82,132,0.39426092127455803,0.8064024280084096,1.0488183304748262,0.814513563938477,0.814513563938477,0.814513563938477,0.8383968258996874,0.10550161812297734,1545,-0.5852275228552695,0.8097292337113596,0.11844660194174757,-0.4709442235903234,0.8064024280084096,0.10550161812297734
stock/MRK,5,2015-10-06..2017-06-14,2017-06-14..2019-02-22,22,102,1.0488183304748262,0.3437707778727044,1.8834820525470146,0.7919219353637983,0.6909542427586555,0.9863703658294194,1.2209678764612029,0.06731391585760518,1545,0.8097292337113596,1.1137170620207408,0.8148867313915857,0.8064024280084096,1.2195359524729998,0.8983818770226537
stock/MSFT,1,2008-12-31..2010-09-09,2010-09-09..2012-05-19,2,90,1.7269126594853628,-0.324694434639988,0.8497948475915794,-0.09451327824966703,-0.463865886235979,0.16732546624661926,0.7560666658613261,0.2906148867313916,1545,0.37561632803966094,-0.546701008680247,0.22588996763754046,0.4674635477682137,-0.4949694107736247,0.24142394822006472
stock/MSFT,2,2010-09-09..2012-05-19,2012-05-19..2014-01-26,2,12,0.8497948475915794,-1.762274065188661,1.1895681363473247,0.33861086736495244,0.0011210909945627181,0.8205996514320033,0.8870543491046794,0.0,1545,-0.546701008680247,0.7709272508678109,0.6970873786407767,-0.4949694107736247,0.5706259897576026,0.6200647249190938
stock/MSFT,3,2012-05-19..2014-01-26,2014-01-26..2015-10-06,22,114,1.1895681363473247,-1.1490832517330123,0.2032180578376722,-0.6599912817370354,-1.2172194285216495,0.2032180578376722,0.2032180578376722,0.2822006472491909,1545,0.7709272508678109,-0.910938976327173,0.4174757281553398,0.5706259897576026,-0.7909000918226424,0.47184466019417476
stock/MSFT,4,2014-01-26..2015-10-06,2015-10-06..2017-06-14,110,168,0.2032180578376722,1.9663038359310736,2.136407618388472,1.9663038359310736,1.2667357513977695,1.9663038359310736,1.9663038359310736,0.32427184466019415,1545,-0.910938976327173,1.0414605377388662,0.20129449838187702,-0.7909000918226424,0.3760743703179771,0.07637540453074433
stock/MSFT,5,2015-10-06..2017-06-14,2017-06-14..2019-02-22,62,144,2.136407618388472,0.9510589183741757,1.139716688301767,1.139716688301767,0.9086619839269854,1.139716688301767,1.139716688301767,0.2511326860841424,1545,1.0414605377388662,1.0076719063542945,0.26666666666666666,0.3760743703179771,1.013423984517951,0.2744336569579288
stock/NKE,1,2008-12-31..2010-09-09,2010-09-09..2012-05-19,10,126,1.693315252998286,-0.2769376414550965,1.3355249088505932,1.1451368246741638,1.1451368246741638,1.1451368246741638,1.1451368246741638,0.04789644012944984,1545,1.6741973567545545,1.0441824777935682,0.23300970873786409,1.6838001237151747,1.2960703801698847,0.9883495145631068
stock/NKE,2,2010-09-09..2012-05-19,2012-05-19..2014-01-26,54,138,1.3355249088505932,1.1918167554648738,1.9542135221820964,1.6565938796796942,1.5328222996761074,1.6565938796796942,1.6565938796796942,0.056957928802589,1545,1.0441824777935682,1.233976925662153,0.09061488673139159,1.2960703801698847,1.1109910731059491,0.04660194174757282
stock/NKE,3,2012-05-19..2014-01-26,2014-01-26..2015-10-06,10,132,1.9542135221820964,1.9769912450341764,1.9851466836210254,1.8930719544474321,1.8930719544474321,1.8930719544474321,1.8930719544474321,0.972168284789644,1545,1.233976925662153,1.9851466836210254,0.9857605177993527,1.1109910731059491,1.9769912450341764,0.972168284789644
stock/NKE,4,2014-01-26..2015-10-06,2015-10-06..2017-06-14,6,138,1.9851466836210254,-0.4957191913695222,-0.0437612423019726,-0.6161459547895614,-0.8705559102870194,-0.18701398887319728,-0.18701398887319728,0.6116504854368932,1545,1.9851466836210254,-0.7618690819351853,0.3372168284789644,1.9769912450341764,-0.6313296040052153,0.47702265372168284
stock/NKE,5,2015-10-06..2017-06-14,2017-06-14..2019-02-22,50,114,-0.0437612423019726,0.6301645267032124,1.3009300007418267,1.230257909755903,0.7294992041451546,1.230257909755903,1.230257909755903,0.2058252427184466,1545,-0.7618690819351853,0.3462152634222167,0.09320388349514563,-0.6313296040052153,0.0915195517194483,0.02524271844660194
stock/PFE,1,2008-12-31..2010-09-09,2010-09-09..2012-05-19,14,30,1.0365711235482309,1.0740526309395537,1.414781751759565,0.23158040698849872,-0.16135459162892968,0.7262725549268702,0.7262725549268702,0.9792880258899677,1545,-0.14110710329929374,-0.29537433763644044,0.1831715210355987,-0.23584735945518612,-0.0979575760924174,0.29320388349514565
stock/PFE,2,2010-09-09..2012-05-19,2012-05-19..2014-01-26,6,78,1.414781751759565,-0.23150782124048122,1.4200684630573237,1.0441391749144489,1.0441391749144489,1.0441391749144489,1.1929640683474005,0.010355987055016181,1545,-0.29537433763644044,1.1678133745139208,0.8750809061488674,-0.0979575760924174,1.3029617097171138,0.9378640776699029
stock/PFE,3,2012-05-19..2014-01-26,2014-01-26..2015-10-06,10,120,1.4200684630573237,-0.6896963536207494,0.5615072062230058,-0.060676040847739095,-0.34870440217138265,0.15478183427305264,0.4667194224570918,0.10032362459546926,1545,1.1678133745139208,0.0741602863139243,0.63042071197411,1.3029617097171138,-0.4572777134916501,0.19611650485436893
stock/PFE,4,2014-01-26..2015-10-06,2015-10-06..2017-06-14,70,168,0.5615072062230058,-1.9280416122819786,1.0687069795375181,-1.2254570139155658,-1.754587329027989,-0.6584989912822619,-0.08570811308420985,0.1423948220064725,1545,0.0741602863139243,-0.6032831795548361,0.7637540453074434,-0.4572777134916501,-0.9281192021184123,0.6724919093851133
stock/PFE,5,2015-10-06..2017-06-14,2017-06-14..2019-02-22,6,42,1.0687069795375181,-0.15861460081365958,1.5086419072313626,1.5086419072313626,1.2388131024526152,1.5086419072313626,1.5086419072313626,0.061488673139158574,1545,-0.6032831795548361,1.0037120928922003,0.16440129449838187,-0.9281192021184123,1.0163291449174734,0.19029126213592232
stock/PG,1,2008-12-31..2010-09-09,2010-09-09..2012-05-19,50,150,1.2030128267908342,-0.6909281133713902,0.5294535932300642,0.12315089800842415,-0.8711523768781848,0.12315089800842415,0.12315089800842415,0.3313915857605178,1545,0.34066015521982707,-0.6295207545663936,0.34757281553398056,0.1150844229137477,-0.7796327506101858,0.2854368932038835
stock/PG,2,2010-09-09..2012-05-19,2012-05-19..2014-01-26,82,138,0.5294535932300642,0.9710442062132546,1.196238993888503,1.130835776486857,1.130835776486857,1.130835776486857,1.130835776486857,0.13980582524271845,1545,-0.6295207545663936,0.9710442062132546,0.13980582524271845,-0.7796327506101858,1.0224933437216288,0.17281553398058253
stock/PG,3,2012-05-19..2014-01-26,2014-01-26..2015-10-06,18,150,1.196238993888503,0.649213998300616,1.2593496127147799,0.23006834725283898,-0.005994103784980486,0.4297461776853185,0.7515102424988664,0.8601941747572815,1545,0.9710442062132546,0.8126146152131163,0.9197411003236245,1.0224933437216288,0.8454831635744945,0.9307443365695793
stock/PG,4,2014-01-26..2015-10-06,2015-10-06..2017-06-14,14,132,1.2593496127147799,-0.37426784691642606,1.0236895361735583,0.8822100081441226,0.8822100081441226,0.8822100081441226,0.8822100081441226,0.04271844660194175,1545,0.8126146152131163,0.8526479263282241,0.2284789644012945,0.8454831635744945,0.7583450933589643,0.20258899676375405
stock/PG,5,2015-10-06..2017-06-14,2017-06-14..2019-02-22,30,156,1.0236895361735583,1.094448982061127,1.6128042910266929,0.6102123013203508,0.047186850067242866,0.7637676522723803,0.9553423811085442,0.9462783171521035,1545,0.8526479263282241,0.7994763137463753,0.7851132686084142,0.7583450933589643,0.157262623738217,0.34692556634304206
stock/UNH,1,2008-12-31..2010-09-09,2010-09-09..2012-05-19,74,150,0.985992630641729,0.7582552337970433,0.8389389940923505,0.4123797947281479,0.3641789983037874,0.4123797947281479,0.4123797947281479,0.9799352750809062,1545,-0.4834946790280853,0.12851577610469167,0.2045307443365696,-0.09128007834786152,0.19379308808645065,0.2174757281553398
stock/UNH,2,2010-09-09..2012-05-19,2012-05-19..2014-01-26,66,132,0.8389389940923505,0.7828847018625817,1.242875398569565,0.6181613181785172,0.4578483912258708,0.7640398695078162,0.881104887968316,0.7766990291262136,1545,0.12851577610469167,1.0860214698043396,0.976051779935275,0.19379308808645065,0.7828847018625817,0.7766990291262136
stock/UNH,3,2012-05-19..2014-01-26,2014-01-26..2015-10-06,38,150,1.242875398569565,1.3148297431528282,1.5177885806320834,1.2803354185543143,1.2803354185543143,1.2803354185543143,1.3148297431528282,0.8964401294498382,1545,1.0860214698043396,1.5126336386212536,0.9857605177993527,0.7828847018625817,1.5087465298693257,0.9741100323624595
stock/UNH,4,2014-01-26..2015-10-06,2015-10-06..2017-06-14,46,78,1.5177885806320834,1.5336039625354891,2.186758600212394,1.934109403406893,1.934109403406893,1.934109403406893,2.00824841742536,0.07313915857605179,1545,1.5126336386212536,1.8817111318319224,0.08932038834951456,1.5087465298693257,2.093600899872975,0.9553398058252427
stock/UNH,5,2015-10-06..2017-06-14,2017-06-14..2019-02-22,18,96,2.186758600212394,0.18084240776988714,1.095178818524362,1.095178818524362,0.5414204475139983,1.095178818524362,1.095178818524362,0.13203883495145632,1545,1.8817111318319224,0.8914419264886054,0.29967637540453074,2.093600899872975,0.8714508730839047,0.28996763754045307
stock/VZ,1,2008-12-31..2010-09-09,2010-09-09..2012-05-19,2,12,0.9606138942919311,-1.1944840140576711,1.1292504960980487,1.003927424721779,1.003927424721779,1.003927424721779,1.003927424721779,0.0006472491909385113,1545,-1.8792906875451711,0.8483922590205777,0.1889967637540453,-2.116487091059231,1.0848282107814078,0.9799352750809062
stock/VZ,2,2010-09-09..2012-05-19,2012-05-19..2014-01-26,42,126,1.1292504960980487,-0.1941282703190249,0.894232792176575,0.8651011834309833,-0.017149815209190674,0.8651011834309833,0.8651011834309833,0.22330097087378642,1545,0.8483922590205777,-0.3152881522589304,0.19611650485436893,1.0848282107814078,-0.3227552068401341,0.19546925566343043
stock/VZ,3,2012-05-19..2014-01-26,2014-01-26..2015-10-06,82,126,0.894232792176575,-0.6092661983701365,0.3184021475665304,-0.6257206276249211,-0.9439389335189452,-0.24252701793279074,-0.014415891849871913,0.5521035598705502,1545,-0.3152881522589304,-0.392867249962917,0.6673139158576051,-0.3227552068401341,-0.23754655192484633,0.7689320388349514
stock/VZ,4,2014-01-26..2015-10-06,2015-10-06..2017-06-14,102,162,0.3184021475665304,0.27192752595074704,1.1915873948927218,-0.5439891145610369,-0.9746077384787671,-0.28873470241094623,-0.0965760145614405,0.9663430420711974,1545,-0.392867249962917,-1.2902587674754575,0.08414239482200647,-0.23754655192484633,-1.4193293374010099,0.036245954692556634
stock/VZ,5,2015-10-06..2017-06-14,2017-06-14..2019-02-22,2,12,1.1915873948927218,0.30409417909550074,1.056222137760105,1.056222137760105,0.49398154450851867,1.056222137760105,1.056222137760105,0.21553398058252426,1545,-1.2902587674754575,-0.33664113070865975,0.13980582524271845,-1.4193293374010099,0.6502478901104956,0.29967637540453074
stock/WMT,1,2008-12-31..2010-09-09,2010-09-09..2012-05-19,42,72,0.11896298924159869,-0.4636500434133828,0.9496355472033201,-0.19973105261454724,-0.44331522021170877,0.014257396258616868,0.9496355472033201,0.23559870550161813,1545,-1.0479357818091122,-0.5035829154591754,0.18964401294498381,-1.3692974172526016,-0.5238302902769892,0.16893203883495145
stock/WMT,2,2010-09-09..2012-05-19,2012-05-19..2014-01-26,118,264,0.9496355472033201,0.898915174673841,1.6149668584996144,0.898915174673841,0.40392970623556446,0.898915174673841,0.898915174673841,0.3080906148867314,1545,-0.5035829154591754,-0.6000506396800849,0.15080906148867315,-0.5238302902769892,-0.5214941471800612,0.15857605177993528
stock/WMT,3,2012-05-19..2014-01-26,2014-01-26..2015-10-06,2,12,1.6149668584996144,-0.9004400194745575,1.4108162292824524,0.5922131694605516,0.3094683324268294,0.8292113657881144,1.0441625897141862,0.0006472491909385113,1545,-0.6000506396800849,1.2384892736028599,0.9779935275080907,-0.5214941471800612,1.1659053550470242,0.9592233009708738
stock/WMT,4,2014-01-26..2015-10-06,2015-10-06..2017-06-14,14,150,1.4108162292824524,0.20367486777084337,1.23855598344068,0.7233782705484215,0.19598607240820037,1.0937637969247316,1.0937637969247316,0.2543689320388349,1545,1.2384892736028599,0.6595757821238742,0.4809061488673139,1.1659053550470242,0.6254844127581749,0.4634304207119741
stock/WMT,5,2015-10-06..2017-06-14,2017-06-14..2019-02-22,102,156,1.23855598344068,-0.9603121281980147,0.9727747625071086,-0.18220625696647072,-0.39141758683871003,0.19451051651177936,0.19451051651177936,0.04983818770226537,1545,0.6595757821238742,-0.3242127217238553,0.3313915857605178,0.6254844127581749,-0.867624647364538,0.07055016181229773
stock/XOM,1,2008-12-31..2010-09-09,2010-09-09..2012-05-19,118,216,0.5245836590638346,0.15805237306478057,0.7012540514336484,-0.4357050729658872,-0.7826542774484019,0.15805237306478057,0.15805237306478057,0.5928802588996763,1545,-0.12115962066782199,-0.5320985543195205,0.4297734627831715,-0.3816222943076576,-0.5219021962690629,0.4388349514563107
stock/XOM,2,2010-09-09..2012-05-19,2012-05-19..2014-01-26,18,30,0.7012540514336484,-0.6791728881421658,0.6836131661424036,0.2968176619233903,-0.28590613775243334,0.6836131661424036,0.6836131661424036,0.08025889967637541,1545,-0.5320985543195205,-0.18955633484229792,0.3042071197411003,-0.5219021962690629,-0.18315074988972116,0.3119741100323625
stock/XOM,3,2012-05-19..2014-01-26,2014-01-26..2015-10-06,102,162,0.6836131661424036,0.11849576261084606,0.7450543202607125,0.34911585602501394,0.17865664947535603,0.5104837151622691,0.6201412564542722,0.15145631067961166,1545,-0.18955633484229792,0.37218666291244734,0.5242718446601942,-0.18315074988972116,0.40099701871919424,0.5844660194174758
stock/XOM,4,2014-01-26..2015-10-06,2015-10-06..2017-06-14,34,54,0.7450543202607125,0.0997187749626967,0.6061598083416903,-0.40968165897527786,-0.5445188889773162,-0.2828448969069922,-0.18099561029571967,0.9818770226537217,1545,0.37218666291244734,-0.8110307339465519,0.13915857605177995,0.40099701871919424,-0.10797883775840554,0.9508090614886732
stock/XOM,5,2015-10-06..2017-06-14,2017-06-14..2019-02-22,18,84,0.6061598083416903,-1.1603122420487681,0.6726606895484892,-1.3198690531776203,-2.1389202522797968,-0.8942411945247615,-0.6520345647216699,0.5773462783171521,1545,-0.8110307339465519,-0.9239633852906848,0.7171521035598706,-0.10797883775840554,-0.7363311111814753,0.8427184466019417
